[2025-07-11 01:35:04] local.ERROR: Method App\Http\Controllers\Migration\RegistrarMigration::downloadTorMasterlist does not exist. {"userId":1,"exception":"[object] (BadMethodCallException(code: 0): Method App\\Http\\Controllers\\Migration\\RegistrarMigration::downloadTorMasterlist does not exist. at C:\\laragon\\www\\es_ldcu2\\vendor\\laravel\\framework\\src\\Illuminate\\Routing\\Controller.php:68)
[stacktrace]
#0 C:\\laragon\\www\\es_ldcu2\\vendor\\laravel\\framework\\src\\Illuminate\\Routing\\Controller.php(54): Illuminate\\Routing\\Controller->__call('downloadTorMast...', Array)
#1 C:\\laragon\\www\\es_ldcu2\\vendor\\laravel\\framework\\src\\Illuminate\\Routing\\ControllerDispatcher.php(45): Illuminate\\Routing\\Controller->callAction('downloadTorMast...', Array)
#2 C:\\laragon\\www\\es_ldcu2\\vendor\\laravel\\framework\\src\\Illuminate\\Routing\\Route.php(219): Illuminate\\Routing\\ControllerDispatcher->dispatch(Object(Illuminate\\Routing\\Route), Object(App\\Http\\Controllers\\Migration\\RegistrarMigration), 'downloadTorMast...')
#3 C:\\laragon\\www\\es_ldcu2\\vendor\\laravel\\framework\\src\\Illuminate\\Routing\\Route.php(176): Illuminate\\Routing\\Route->runController()
#4 C:\\laragon\\www\\es_ldcu2\\vendor\\laravel\\framework\\src\\Illuminate\\Routing\\Router.php(681): Illuminate\\Routing\\Route->run()
#5 C:\\laragon\\www\\es_ldcu2\\vendor\\laravel\\framework\\src\\Illuminate\\Pipeline\\Pipeline.php(130): Illuminate\\Routing\\Router->Illuminate\\Routing\\{closure}(Object(Illuminate\\Http\\Request))
#6 C:\\laragon\\www\\es_ldcu2\\vendor\\laravel\\framework\\src\\Illuminate\\Routing\\Middleware\\SubstituteBindings.php(41): Illuminate\\Pipeline\\Pipeline->Illuminate\\Pipeline\\{closure}(Object(Illuminate\\Http\\Request))
#7 C:\\laragon\\www\\es_ldcu2\\vendor\\laravel\\framework\\src\\Illuminate\\Pipeline\\Pipeline.php(171): Illuminate\\Routing\\Middleware\\SubstituteBindings->handle(Object(Illuminate\\Http\\Request), Object(Closure))
#8 C:\\laragon\\www\\es_ldcu2\\vendor\\laravel\\framework\\src\\Illuminate\\Foundation\\Http\\Middleware\\VerifyCsrfToken.php(78): Illuminate\\Pipeline\\Pipeline->Illuminate\\Pipeline\\{closure}(Object(Illuminate\\Http\\Request))
#9 C:\\laragon\\www\\es_ldcu2\\vendor\\laravel\\framework\\src\\Illuminate\\Pipeline\\Pipeline.php(171): Illuminate\\Foundation\\Http\\Middleware\\VerifyCsrfToken->handle(Object(Illuminate\\Http\\Request), Object(Closure))
#10 C:\\laragon\\www\\es_ldcu2\\vendor\\laravel\\framework\\src\\Illuminate\\View\\Middleware\\ShareErrorsFromSession.php(49): Illuminate\\Pipeline\\Pipeline->Illuminate\\Pipeline\\{closure}(Object(Illuminate\\Http\\Request))
#11 C:\\laragon\\www\\es_ldcu2\\vendor\\laravel\\framework\\src\\Illuminate\\Pipeline\\Pipeline.php(171): Illuminate\\View\\Middleware\\ShareErrorsFromSession->handle(Object(Illuminate\\Http\\Request), Object(Closure))
#12 C:\\laragon\\www\\es_ldcu2\\vendor\\laravel\\framework\\src\\Illuminate\\Session\\Middleware\\StartSession.php(56): Illuminate\\Pipeline\\Pipeline->Illuminate\\Pipeline\\{closure}(Object(Illuminate\\Http\\Request))
#13 C:\\laragon\\www\\es_ldcu2\\vendor\\laravel\\framework\\src\\Illuminate\\Pipeline\\Pipeline.php(171): Illuminate\\Session\\Middleware\\StartSession->handle(Object(Illuminate\\Http\\Request), Object(Closure))
#14 C:\\laragon\\www\\es_ldcu2\\vendor\\laravel\\framework\\src\\Illuminate\\Cookie\\Middleware\\AddQueuedCookiesToResponse.php(37): Illuminate\\Pipeline\\Pipeline->Illuminate\\Pipeline\\{closure}(Object(Illuminate\\Http\\Request))
#15 C:\\laragon\\www\\es_ldcu2\\vendor\\laravel\\framework\\src\\Illuminate\\Pipeline\\Pipeline.php(171): Illuminate\\Cookie\\Middleware\\AddQueuedCookiesToResponse->handle(Object(Illuminate\\Http\\Request), Object(Closure))
#16 C:\\laragon\\www\\es_ldcu2\\vendor\\laravel\\framework\\src\\Illuminate\\Cookie\\Middleware\\EncryptCookies.php(67): Illuminate\\Pipeline\\Pipeline->Illuminate\\Pipeline\\{closure}(Object(Illuminate\\Http\\Request))
#17 C:\\laragon\\www\\es_ldcu2\\vendor\\laravel\\framework\\src\\Illuminate\\Pipeline\\Pipeline.php(171): Illuminate\\Cookie\\Middleware\\EncryptCookies->handle(Object(Illuminate\\Http\\Request), Object(Closure))
#18 C:\\laragon\\www\\es_ldcu2\\vendor\\laravel\\framework\\src\\Illuminate\\Pipeline\\Pipeline.php(105): Illuminate\\Pipeline\\Pipeline->Illuminate\\Pipeline\\{closure}(Object(Illuminate\\Http\\Request))
#19 C:\\laragon\\www\\es_ldcu2\\vendor\\laravel\\framework\\src\\Illuminate\\Routing\\Router.php(683): Illuminate\\Pipeline\\Pipeline->then(Object(Closure))
#20 C:\\laragon\\www\\es_ldcu2\\vendor\\laravel\\framework\\src\\Illuminate\\Routing\\Router.php(658): Illuminate\\Routing\\Router->runRouteWithinStack(Object(Illuminate\\Routing\\Route), Object(Illuminate\\Http\\Request))
#21 C:\\laragon\\www\\es_ldcu2\\vendor\\laravel\\framework\\src\\Illuminate\\Routing\\Router.php(624): Illuminate\\Routing\\Router->runRoute(Object(Illuminate\\Http\\Request), Object(Illuminate\\Routing\\Route))
#22 C:\\laragon\\www\\es_ldcu2\\vendor\\laravel\\framework\\src\\Illuminate\\Routing\\Router.php(613): Illuminate\\Routing\\Router->dispatchToRoute(Object(Illuminate\\Http\\Request))
#23 C:\\laragon\\www\\es_ldcu2\\vendor\\laravel\\framework\\src\\Illuminate\\Foundation\\Http\\Kernel.php(170): Illuminate\\Routing\\Router->dispatch(Object(Illuminate\\Http\\Request))
#24 C:\\laragon\\www\\es_ldcu2\\vendor\\laravel\\framework\\src\\Illuminate\\Pipeline\\Pipeline.php(130): Illuminate\\Foundation\\Http\\Kernel->Illuminate\\Foundation\\Http\\{closure}(Object(Illuminate\\Http\\Request))
#25 C:\\laragon\\www\\es_ldcu2\\vendor\\laravel\\framework\\src\\Illuminate\\Foundation\\Http\\Middleware\\TransformsRequest.php(21): Illuminate\\Pipeline\\Pipeline->Illuminate\\Pipeline\\{closure}(Object(Illuminate\\Http\\Request))
#26 C:\\laragon\\www\\es_ldcu2\\vendor\\laravel\\framework\\src\\Illuminate\\Pipeline\\Pipeline.php(171): Illuminate\\Foundation\\Http\\Middleware\\TransformsRequest->handle(Object(Illuminate\\Http\\Request), Object(Closure))
#27 C:\\laragon\\www\\es_ldcu2\\vendor\\laravel\\framework\\src\\Illuminate\\Foundation\\Http\\Middleware\\TransformsRequest.php(21): Illuminate\\Pipeline\\Pipeline->Illuminate\\Pipeline\\{closure}(Object(Illuminate\\Http\\Request))
#28 C:\\laragon\\www\\es_ldcu2\\vendor\\laravel\\framework\\src\\Illuminate\\Pipeline\\Pipeline.php(171): Illuminate\\Foundation\\Http\\Middleware\\TransformsRequest->handle(Object(Illuminate\\Http\\Request), Object(Closure))
#29 C:\\laragon\\www\\es_ldcu2\\vendor\\laravel\\framework\\src\\Illuminate\\Foundation\\Http\\Middleware\\ValidatePostSize.php(27): Illuminate\\Pipeline\\Pipeline->Illuminate\\Pipeline\\{closure}(Object(Illuminate\\Http\\Request))
#30 C:\\laragon\\www\\es_ldcu2\\vendor\\laravel\\framework\\src\\Illuminate\\Pipeline\\Pipeline.php(171): Illuminate\\Foundation\\Http\\Middleware\\ValidatePostSize->handle(Object(Illuminate\\Http\\Request), Object(Closure))
#31 C:\\laragon\\www\\es_ldcu2\\vendor\\laravel\\framework\\src\\Illuminate\\Foundation\\Http\\Middleware\\CheckForMaintenanceMode.php(63): Illuminate\\Pipeline\\Pipeline->Illuminate\\Pipeline\\{closure}(Object(Illuminate\\Http\\Request))
#32 C:\\laragon\\www\\es_ldcu2\\vendor\\laravel\\framework\\src\\Illuminate\\Pipeline\\Pipeline.php(171): Illuminate\\Foundation\\Http\\Middleware\\CheckForMaintenanceMode->handle(Object(Illuminate\\Http\\Request), Object(Closure))
#33 C:\\laragon\\www\\es_ldcu2\\vendor\\fideloper\\proxy\\src\\TrustProxies.php(57): Illuminate\\Pipeline\\Pipeline->Illuminate\\Pipeline\\{closure}(Object(Illuminate\\Http\\Request))
#34 C:\\laragon\\www\\es_ldcu2\\vendor\\laravel\\framework\\src\\Illuminate\\Pipeline\\Pipeline.php(171): Fideloper\\Proxy\\TrustProxies->handle(Object(Illuminate\\Http\\Request), Object(Closure))
#35 C:\\laragon\\www\\es_ldcu2\\vendor\\laravel\\framework\\src\\Illuminate\\Pipeline\\Pipeline.php(105): Illuminate\\Pipeline\\Pipeline->Illuminate\\Pipeline\\{closure}(Object(Illuminate\\Http\\Request))
#36 C:\\laragon\\www\\es_ldcu2\\vendor\\laravel\\framework\\src\\Illuminate\\Foundation\\Http\\Kernel.php(145): Illuminate\\Pipeline\\Pipeline->then(Object(Closure))
#37 C:\\laragon\\www\\es_ldcu2\\vendor\\laravel\\framework\\src\\Illuminate\\Foundation\\Http\\Kernel.php(110): Illuminate\\Foundation\\Http\\Kernel->sendRequestThroughRouter(Object(Illuminate\\Http\\Request))
#38 C:\\laragon\\www\\es_ldcu2\\public\\index.php(55): Illuminate\\Foundation\\Http\\Kernel->handle(Object(Illuminate\\Http\\Request))
#39 C:\\laragon\\www\\es_ldcu2\\server.php(21): require_once('C:\\\\laragon\\\\www\\\\...')
#40 {main}
"} 
[2025-07-11 01:36:02] local.ERROR: Undefined variable: assistantreg (View: C:\laragon\www\es_ldcu2\resources\views\registrar\forms\tor\pdf\pdf_tor_gbbc_dompdf.blade.php) {"userId":1,"exception":"[object] (Facade\\Ignition\\Exceptions\\ViewException(code: 0): Undefined variable: assistantreg (View: C:\\laragon\\www\\es_ldcu2\\resources\\views\\registrar\\forms\\tor\\pdf\\pdf_tor_gbbc_dompdf.blade.php) at C:\\laragon\\www\\es_ldcu2\\resources\\views/registrar/forms/tor/pdf/pdf_tor_gbbc_dompdf.blade.php:203)
[stacktrace]
#0 C:\\laragon\\www\\es_ldcu2\\resources\\views/registrar/forms/tor/pdf/pdf_tor_gbbc_dompdf.blade.php(203): Illuminate\\Foundation\\Bootstrap\\HandleExceptions->handleError(8, 'Undefined varia...', 'C:\\\\laragon\\\\www\\\\...', 203, Array)
#1 C:\\laragon\\www\\es_ldcu2\\vendor\\laravel\\framework\\src\\Illuminate\\View\\Engines\\PhpEngine.php(43): include('C:\\\\laragon\\\\www\\\\...')
#2 C:\\laragon\\www\\es_ldcu2\\vendor\\laravel\\framework\\src\\Illuminate\\View\\Engines\\CompilerEngine.php(59): Illuminate\\View\\Engines\\PhpEngine->evaluatePath('C:\\\\laragon\\\\www\\\\...', Array)
#3 C:\\laragon\\www\\es_ldcu2\\vendor\\facade\\ignition\\src\\Views\\Engines\\CompilerEngine.php(36): Illuminate\\View\\Engines\\CompilerEngine->get('C:\\\\laragon\\\\www\\\\...', Array)
#4 C:\\laragon\\www\\es_ldcu2\\vendor\\laravel\\framework\\src\\Illuminate\\View\\View.php(143): Facade\\Ignition\\Views\\Engines\\CompilerEngine->get('C:\\\\laragon\\\\www\\\\...', Array)
#5 C:\\laragon\\www\\es_ldcu2\\vendor\\laravel\\framework\\src\\Illuminate\\View\\View.php(126): Illuminate\\View\\View->getContents()
#6 C:\\laragon\\www\\es_ldcu2\\vendor\\laravel\\framework\\src\\Illuminate\\View\\View.php(91): Illuminate\\View\\View->renderContents()
#7 C:\\laragon\\www\\es_ldcu2\\vendor\\barryvdh\\laravel-dompdf\\src\\PDF.php(132): Illuminate\\View\\View->render()
#8 C:\\laragon\\www\\es_ldcu2\\vendor\\barryvdh\\laravel-dompdf\\src\\Facade.php(31): Barryvdh\\DomPDF\\PDF->loadView('registrar/forms...', Array)
#9 C:\\laragon\\www\\es_ldcu2\\app\\Http\\Controllers\\Migration\\RegistrarMigration.php(447): Barryvdh\\DomPDF\\Facade::__callStatic('loadview', Array)
#10 C:\\laragon\\www\\es_ldcu2\\vendor\\laravel\\framework\\src\\Illuminate\\Routing\\Controller.php(54): App\\Http\\Controllers\\Migration\\RegistrarMigration->downloadTorMasterlistBatch(Object(Illuminate\\Http\\Request))
#11 C:\\laragon\\www\\es_ldcu2\\vendor\\laravel\\framework\\src\\Illuminate\\Routing\\ControllerDispatcher.php(45): Illuminate\\Routing\\Controller->callAction('downloadTorMast...', Array)
#12 C:\\laragon\\www\\es_ldcu2\\vendor\\laravel\\framework\\src\\Illuminate\\Routing\\Route.php(219): Illuminate\\Routing\\ControllerDispatcher->dispatch(Object(Illuminate\\Routing\\Route), Object(App\\Http\\Controllers\\Migration\\RegistrarMigration), 'downloadTorMast...')
#13 C:\\laragon\\www\\es_ldcu2\\vendor\\laravel\\framework\\src\\Illuminate\\Routing\\Route.php(176): Illuminate\\Routing\\Route->runController()
#14 C:\\laragon\\www\\es_ldcu2\\vendor\\laravel\\framework\\src\\Illuminate\\Routing\\Router.php(681): Illuminate\\Routing\\Route->run()
#15 C:\\laragon\\www\\es_ldcu2\\vendor\\laravel\\framework\\src\\Illuminate\\Pipeline\\Pipeline.php(130): Illuminate\\Routing\\Router->Illuminate\\Routing\\{closure}(Object(Illuminate\\Http\\Request))
#16 C:\\laragon\\www\\es_ldcu2\\vendor\\laravel\\framework\\src\\Illuminate\\Routing\\Middleware\\SubstituteBindings.php(41): Illuminate\\Pipeline\\Pipeline->Illuminate\\Pipeline\\{closure}(Object(Illuminate\\Http\\Request))
#17 C:\\laragon\\www\\es_ldcu2\\vendor\\laravel\\framework\\src\\Illuminate\\Pipeline\\Pipeline.php(171): Illuminate\\Routing\\Middleware\\SubstituteBindings->handle(Object(Illuminate\\Http\\Request), Object(Closure))
#18 C:\\laragon\\www\\es_ldcu2\\vendor\\laravel\\framework\\src\\Illuminate\\Foundation\\Http\\Middleware\\VerifyCsrfToken.php(78): Illuminate\\Pipeline\\Pipeline->Illuminate\\Pipeline\\{closure}(Object(Illuminate\\Http\\Request))
#19 C:\\laragon\\www\\es_ldcu2\\vendor\\laravel\\framework\\src\\Illuminate\\Pipeline\\Pipeline.php(171): Illuminate\\Foundation\\Http\\Middleware\\VerifyCsrfToken->handle(Object(Illuminate\\Http\\Request), Object(Closure))
#20 C:\\laragon\\www\\es_ldcu2\\vendor\\laravel\\framework\\src\\Illuminate\\View\\Middleware\\ShareErrorsFromSession.php(49): Illuminate\\Pipeline\\Pipeline->Illuminate\\Pipeline\\{closure}(Object(Illuminate\\Http\\Request))
#21 C:\\laragon\\www\\es_ldcu2\\vendor\\laravel\\framework\\src\\Illuminate\\Pipeline\\Pipeline.php(171): Illuminate\\View\\Middleware\\ShareErrorsFromSession->handle(Object(Illuminate\\Http\\Request), Object(Closure))
#22 C:\\laragon\\www\\es_ldcu2\\vendor\\laravel\\framework\\src\\Illuminate\\Session\\Middleware\\StartSession.php(56): Illuminate\\Pipeline\\Pipeline->Illuminate\\Pipeline\\{closure}(Object(Illuminate\\Http\\Request))
#23 C:\\laragon\\www\\es_ldcu2\\vendor\\laravel\\framework\\src\\Illuminate\\Pipeline\\Pipeline.php(171): Illuminate\\Session\\Middleware\\StartSession->handle(Object(Illuminate\\Http\\Request), Object(Closure))
#24 C:\\laragon\\www\\es_ldcu2\\vendor\\laravel\\framework\\src\\Illuminate\\Cookie\\Middleware\\AddQueuedCookiesToResponse.php(37): Illuminate\\Pipeline\\Pipeline->Illuminate\\Pipeline\\{closure}(Object(Illuminate\\Http\\Request))
#25 C:\\laragon\\www\\es_ldcu2\\vendor\\laravel\\framework\\src\\Illuminate\\Pipeline\\Pipeline.php(171): Illuminate\\Cookie\\Middleware\\AddQueuedCookiesToResponse->handle(Object(Illuminate\\Http\\Request), Object(Closure))
#26 C:\\laragon\\www\\es_ldcu2\\vendor\\laravel\\framework\\src\\Illuminate\\Cookie\\Middleware\\EncryptCookies.php(67): Illuminate\\Pipeline\\Pipeline->Illuminate\\Pipeline\\{closure}(Object(Illuminate\\Http\\Request))
#27 C:\\laragon\\www\\es_ldcu2\\vendor\\laravel\\framework\\src\\Illuminate\\Pipeline\\Pipeline.php(171): Illuminate\\Cookie\\Middleware\\EncryptCookies->handle(Object(Illuminate\\Http\\Request), Object(Closure))
#28 C:\\laragon\\www\\es_ldcu2\\vendor\\laravel\\framework\\src\\Illuminate\\Pipeline\\Pipeline.php(105): Illuminate\\Pipeline\\Pipeline->Illuminate\\Pipeline\\{closure}(Object(Illuminate\\Http\\Request))
#29 C:\\laragon\\www\\es_ldcu2\\vendor\\laravel\\framework\\src\\Illuminate\\Routing\\Router.php(683): Illuminate\\Pipeline\\Pipeline->then(Object(Closure))
#30 C:\\laragon\\www\\es_ldcu2\\vendor\\laravel\\framework\\src\\Illuminate\\Routing\\Router.php(658): Illuminate\\Routing\\Router->runRouteWithinStack(Object(Illuminate\\Routing\\Route), Object(Illuminate\\Http\\Request))
#31 C:\\laragon\\www\\es_ldcu2\\vendor\\laravel\\framework\\src\\Illuminate\\Routing\\Router.php(624): Illuminate\\Routing\\Router->runRoute(Object(Illuminate\\Http\\Request), Object(Illuminate\\Routing\\Route))
#32 C:\\laragon\\www\\es_ldcu2\\vendor\\laravel\\framework\\src\\Illuminate\\Routing\\Router.php(613): Illuminate\\Routing\\Router->dispatchToRoute(Object(Illuminate\\Http\\Request))
#33 C:\\laragon\\www\\es_ldcu2\\vendor\\laravel\\framework\\src\\Illuminate\\Foundation\\Http\\Kernel.php(170): Illuminate\\Routing\\Router->dispatch(Object(Illuminate\\Http\\Request))
#34 C:\\laragon\\www\\es_ldcu2\\vendor\\laravel\\framework\\src\\Illuminate\\Pipeline\\Pipeline.php(130): Illuminate\\Foundation\\Http\\Kernel->Illuminate\\Foundation\\Http\\{closure}(Object(Illuminate\\Http\\Request))
#35 C:\\laragon\\www\\es_ldcu2\\vendor\\laravel\\framework\\src\\Illuminate\\Foundation\\Http\\Middleware\\TransformsRequest.php(21): Illuminate\\Pipeline\\Pipeline->Illuminate\\Pipeline\\{closure}(Object(Illuminate\\Http\\Request))
#36 C:\\laragon\\www\\es_ldcu2\\vendor\\laravel\\framework\\src\\Illuminate\\Pipeline\\Pipeline.php(171): Illuminate\\Foundation\\Http\\Middleware\\TransformsRequest->handle(Object(Illuminate\\Http\\Request), Object(Closure))
#37 C:\\laragon\\www\\es_ldcu2\\vendor\\laravel\\framework\\src\\Illuminate\\Foundation\\Http\\Middleware\\TransformsRequest.php(21): Illuminate\\Pipeline\\Pipeline->Illuminate\\Pipeline\\{closure}(Object(Illuminate\\Http\\Request))
#38 C:\\laragon\\www\\es_ldcu2\\vendor\\laravel\\framework\\src\\Illuminate\\Pipeline\\Pipeline.php(171): Illuminate\\Foundation\\Http\\Middleware\\TransformsRequest->handle(Object(Illuminate\\Http\\Request), Object(Closure))
#39 C:\\laragon\\www\\es_ldcu2\\vendor\\laravel\\framework\\src\\Illuminate\\Foundation\\Http\\Middleware\\ValidatePostSize.php(27): Illuminate\\Pipeline\\Pipeline->Illuminate\\Pipeline\\{closure}(Object(Illuminate\\Http\\Request))
#40 C:\\laragon\\www\\es_ldcu2\\vendor\\laravel\\framework\\src\\Illuminate\\Pipeline\\Pipeline.php(171): Illuminate\\Foundation\\Http\\Middleware\\ValidatePostSize->handle(Object(Illuminate\\Http\\Request), Object(Closure))
#41 C:\\laragon\\www\\es_ldcu2\\vendor\\laravel\\framework\\src\\Illuminate\\Foundation\\Http\\Middleware\\CheckForMaintenanceMode.php(63): Illuminate\\Pipeline\\Pipeline->Illuminate\\Pipeline\\{closure}(Object(Illuminate\\Http\\Request))
#42 C:\\laragon\\www\\es_ldcu2\\vendor\\laravel\\framework\\src\\Illuminate\\Pipeline\\Pipeline.php(171): Illuminate\\Foundation\\Http\\Middleware\\CheckForMaintenanceMode->handle(Object(Illuminate\\Http\\Request), Object(Closure))
#43 C:\\laragon\\www\\es_ldcu2\\vendor\\fideloper\\proxy\\src\\TrustProxies.php(57): Illuminate\\Pipeline\\Pipeline->Illuminate\\Pipeline\\{closure}(Object(Illuminate\\Http\\Request))
#44 C:\\laragon\\www\\es_ldcu2\\vendor\\laravel\\framework\\src\\Illuminate\\Pipeline\\Pipeline.php(171): Fideloper\\Proxy\\TrustProxies->handle(Object(Illuminate\\Http\\Request), Object(Closure))
#45 C:\\laragon\\www\\es_ldcu2\\vendor\\laravel\\framework\\src\\Illuminate\\Pipeline\\Pipeline.php(105): Illuminate\\Pipeline\\Pipeline->Illuminate\\Pipeline\\{closure}(Object(Illuminate\\Http\\Request))
#46 C:\\laragon\\www\\es_ldcu2\\vendor\\laravel\\framework\\src\\Illuminate\\Foundation\\Http\\Kernel.php(145): Illuminate\\Pipeline\\Pipeline->then(Object(Closure))
#47 C:\\laragon\\www\\es_ldcu2\\vendor\\laravel\\framework\\src\\Illuminate\\Foundation\\Http\\Kernel.php(110): Illuminate\\Foundation\\Http\\Kernel->sendRequestThroughRouter(Object(Illuminate\\Http\\Request))
#48 C:\\laragon\\www\\es_ldcu2\\public\\index.php(55): Illuminate\\Foundation\\Http\\Kernel->handle(Object(Illuminate\\Http\\Request))
#49 C:\\laragon\\www\\es_ldcu2\\server.php(21): require_once('C:\\\\laragon\\\\www\\\\...')
#50 {main}

[previous exception] [object] (ErrorException(code: 0): Undefined variable: assistantreg at C:\\laragon\\www\\es_ldcu2\\storage\\framework\\views\\207429f329b38448eec31657a688ab8c42a8fe1f.php:203)
[stacktrace]
#0 C:\\laragon\\www\\es_ldcu2\\storage\\framework\\views\\207429f329b38448eec31657a688ab8c42a8fe1f.php(203): Illuminate\\Foundation\\Bootstrap\\HandleExceptions->handleError(8, 'Undefined varia...', 'C:\\\\laragon\\\\www\\\\...', 203, Array)
#1 C:\\laragon\\www\\es_ldcu2\\vendor\\laravel\\framework\\src\\Illuminate\\View\\Engines\\PhpEngine.php(43): include('C:\\\\laragon\\\\www\\\\...')
#2 C:\\laragon\\www\\es_ldcu2\\vendor\\laravel\\framework\\src\\Illuminate\\View\\Engines\\CompilerEngine.php(59): Illuminate\\View\\Engines\\PhpEngine->evaluatePath('C:\\\\laragon\\\\www\\\\...', Array)
#3 C:\\laragon\\www\\es_ldcu2\\vendor\\facade\\ignition\\src\\Views\\Engines\\CompilerEngine.php(36): Illuminate\\View\\Engines\\CompilerEngine->get('C:\\\\laragon\\\\www\\\\...', Array)
#4 C:\\laragon\\www\\es_ldcu2\\vendor\\laravel\\framework\\src\\Illuminate\\View\\View.php(143): Facade\\Ignition\\Views\\Engines\\CompilerEngine->get('C:\\\\laragon\\\\www\\\\...', Array)
#5 C:\\laragon\\www\\es_ldcu2\\vendor\\laravel\\framework\\src\\Illuminate\\View\\View.php(126): Illuminate\\View\\View->getContents()
#6 C:\\laragon\\www\\es_ldcu2\\vendor\\laravel\\framework\\src\\Illuminate\\View\\View.php(91): Illuminate\\View\\View->renderContents()
#7 C:\\laragon\\www\\es_ldcu2\\vendor\\barryvdh\\laravel-dompdf\\src\\PDF.php(132): Illuminate\\View\\View->render()
#8 C:\\laragon\\www\\es_ldcu2\\vendor\\barryvdh\\laravel-dompdf\\src\\Facade.php(31): Barryvdh\\DomPDF\\PDF->loadView('registrar/forms...', Array)
#9 C:\\laragon\\www\\es_ldcu2\\app\\Http\\Controllers\\Migration\\RegistrarMigration.php(447): Barryvdh\\DomPDF\\Facade::__callStatic('loadview', Array)
#10 C:\\laragon\\www\\es_ldcu2\\vendor\\laravel\\framework\\src\\Illuminate\\Routing\\Controller.php(54): App\\Http\\Controllers\\Migration\\RegistrarMigration->downloadTorMasterlistBatch(Object(Illuminate\\Http\\Request))
#11 C:\\laragon\\www\\es_ldcu2\\vendor\\laravel\\framework\\src\\Illuminate\\Routing\\ControllerDispatcher.php(45): Illuminate\\Routing\\Controller->callAction('downloadTorMast...', Array)
#12 C:\\laragon\\www\\es_ldcu2\\vendor\\laravel\\framework\\src\\Illuminate\\Routing\\Route.php(219): Illuminate\\Routing\\ControllerDispatcher->dispatch(Object(Illuminate\\Routing\\Route), Object(App\\Http\\Controllers\\Migration\\RegistrarMigration), 'downloadTorMast...')
#13 C:\\laragon\\www\\es_ldcu2\\vendor\\laravel\\framework\\src\\Illuminate\\Routing\\Route.php(176): Illuminate\\Routing\\Route->runController()
#14 C:\\laragon\\www\\es_ldcu2\\vendor\\laravel\\framework\\src\\Illuminate\\Routing\\Router.php(681): Illuminate\\Routing\\Route->run()
#15 C:\\laragon\\www\\es_ldcu2\\vendor\\laravel\\framework\\src\\Illuminate\\Pipeline\\Pipeline.php(130): Illuminate\\Routing\\Router->Illuminate\\Routing\\{closure}(Object(Illuminate\\Http\\Request))
#16 C:\\laragon\\www\\es_ldcu2\\vendor\\laravel\\framework\\src\\Illuminate\\Routing\\Middleware\\SubstituteBindings.php(41): Illuminate\\Pipeline\\Pipeline->Illuminate\\Pipeline\\{closure}(Object(Illuminate\\Http\\Request))
#17 C:\\laragon\\www\\es_ldcu2\\vendor\\laravel\\framework\\src\\Illuminate\\Pipeline\\Pipeline.php(171): Illuminate\\Routing\\Middleware\\SubstituteBindings->handle(Object(Illuminate\\Http\\Request), Object(Closure))
#18 C:\\laragon\\www\\es_ldcu2\\vendor\\laravel\\framework\\src\\Illuminate\\Foundation\\Http\\Middleware\\VerifyCsrfToken.php(78): Illuminate\\Pipeline\\Pipeline->Illuminate\\Pipeline\\{closure}(Object(Illuminate\\Http\\Request))
#19 C:\\laragon\\www\\es_ldcu2\\vendor\\laravel\\framework\\src\\Illuminate\\Pipeline\\Pipeline.php(171): Illuminate\\Foundation\\Http\\Middleware\\VerifyCsrfToken->handle(Object(Illuminate\\Http\\Request), Object(Closure))
#20 C:\\laragon\\www\\es_ldcu2\\vendor\\laravel\\framework\\src\\Illuminate\\View\\Middleware\\ShareErrorsFromSession.php(49): Illuminate\\Pipeline\\Pipeline->Illuminate\\Pipeline\\{closure}(Object(Illuminate\\Http\\Request))
#21 C:\\laragon\\www\\es_ldcu2\\vendor\\laravel\\framework\\src\\Illuminate\\Pipeline\\Pipeline.php(171): Illuminate\\View\\Middleware\\ShareErrorsFromSession->handle(Object(Illuminate\\Http\\Request), Object(Closure))
#22 C:\\laragon\\www\\es_ldcu2\\vendor\\laravel\\framework\\src\\Illuminate\\Session\\Middleware\\StartSession.php(56): Illuminate\\Pipeline\\Pipeline->Illuminate\\Pipeline\\{closure}(Object(Illuminate\\Http\\Request))
#23 C:\\laragon\\www\\es_ldcu2\\vendor\\laravel\\framework\\src\\Illuminate\\Pipeline\\Pipeline.php(171): Illuminate\\Session\\Middleware\\StartSession->handle(Object(Illuminate\\Http\\Request), Object(Closure))
#24 C:\\laragon\\www\\es_ldcu2\\vendor\\laravel\\framework\\src\\Illuminate\\Cookie\\Middleware\\AddQueuedCookiesToResponse.php(37): Illuminate\\Pipeline\\Pipeline->Illuminate\\Pipeline\\{closure}(Object(Illuminate\\Http\\Request))
#25 C:\\laragon\\www\\es_ldcu2\\vendor\\laravel\\framework\\src\\Illuminate\\Pipeline\\Pipeline.php(171): Illuminate\\Cookie\\Middleware\\AddQueuedCookiesToResponse->handle(Object(Illuminate\\Http\\Request), Object(Closure))
#26 C:\\laragon\\www\\es_ldcu2\\vendor\\laravel\\framework\\src\\Illuminate\\Cookie\\Middleware\\EncryptCookies.php(67): Illuminate\\Pipeline\\Pipeline->Illuminate\\Pipeline\\{closure}(Object(Illuminate\\Http\\Request))
#27 C:\\laragon\\www\\es_ldcu2\\vendor\\laravel\\framework\\src\\Illuminate\\Pipeline\\Pipeline.php(171): Illuminate\\Cookie\\Middleware\\EncryptCookies->handle(Object(Illuminate\\Http\\Request), Object(Closure))
#28 C:\\laragon\\www\\es_ldcu2\\vendor\\laravel\\framework\\src\\Illuminate\\Pipeline\\Pipeline.php(105): Illuminate\\Pipeline\\Pipeline->Illuminate\\Pipeline\\{closure}(Object(Illuminate\\Http\\Request))
#29 C:\\laragon\\www\\es_ldcu2\\vendor\\laravel\\framework\\src\\Illuminate\\Routing\\Router.php(683): Illuminate\\Pipeline\\Pipeline->then(Object(Closure))
#30 C:\\laragon\\www\\es_ldcu2\\vendor\\laravel\\framework\\src\\Illuminate\\Routing\\Router.php(658): Illuminate\\Routing\\Router->runRouteWithinStack(Object(Illuminate\\Routing\\Route), Object(Illuminate\\Http\\Request))
#31 C:\\laragon\\www\\es_ldcu2\\vendor\\laravel\\framework\\src\\Illuminate\\Routing\\Router.php(624): Illuminate\\Routing\\Router->runRoute(Object(Illuminate\\Http\\Request), Object(Illuminate\\Routing\\Route))
#32 C:\\laragon\\www\\es_ldcu2\\vendor\\laravel\\framework\\src\\Illuminate\\Routing\\Router.php(613): Illuminate\\Routing\\Router->dispatchToRoute(Object(Illuminate\\Http\\Request))
#33 C:\\laragon\\www\\es_ldcu2\\vendor\\laravel\\framework\\src\\Illuminate\\Foundation\\Http\\Kernel.php(170): Illuminate\\Routing\\Router->dispatch(Object(Illuminate\\Http\\Request))
#34 C:\\laragon\\www\\es_ldcu2\\vendor\\laravel\\framework\\src\\Illuminate\\Pipeline\\Pipeline.php(130): Illuminate\\Foundation\\Http\\Kernel->Illuminate\\Foundation\\Http\\{closure}(Object(Illuminate\\Http\\Request))
#35 C:\\laragon\\www\\es_ldcu2\\vendor\\laravel\\framework\\src\\Illuminate\\Foundation\\Http\\Middleware\\TransformsRequest.php(21): Illuminate\\Pipeline\\Pipeline->Illuminate\\Pipeline\\{closure}(Object(Illuminate\\Http\\Request))
#36 C:\\laragon\\www\\es_ldcu2\\vendor\\laravel\\framework\\src\\Illuminate\\Pipeline\\Pipeline.php(171): Illuminate\\Foundation\\Http\\Middleware\\TransformsRequest->handle(Object(Illuminate\\Http\\Request), Object(Closure))
#37 C:\\laragon\\www\\es_ldcu2\\vendor\\laravel\\framework\\src\\Illuminate\\Foundation\\Http\\Middleware\\TransformsRequest.php(21): Illuminate\\Pipeline\\Pipeline->Illuminate\\Pipeline\\{closure}(Object(Illuminate\\Http\\Request))
#38 C:\\laragon\\www\\es_ldcu2\\vendor\\laravel\\framework\\src\\Illuminate\\Pipeline\\Pipeline.php(171): Illuminate\\Foundation\\Http\\Middleware\\TransformsRequest->handle(Object(Illuminate\\Http\\Request), Object(Closure))
#39 C:\\laragon\\www\\es_ldcu2\\vendor\\laravel\\framework\\src\\Illuminate\\Foundation\\Http\\Middleware\\ValidatePostSize.php(27): Illuminate\\Pipeline\\Pipeline->Illuminate\\Pipeline\\{closure}(Object(Illuminate\\Http\\Request))
#40 C:\\laragon\\www\\es_ldcu2\\vendor\\laravel\\framework\\src\\Illuminate\\Pipeline\\Pipeline.php(171): Illuminate\\Foundation\\Http\\Middleware\\ValidatePostSize->handle(Object(Illuminate\\Http\\Request), Object(Closure))
#41 C:\\laragon\\www\\es_ldcu2\\vendor\\laravel\\framework\\src\\Illuminate\\Foundation\\Http\\Middleware\\CheckForMaintenanceMode.php(63): Illuminate\\Pipeline\\Pipeline->Illuminate\\Pipeline\\{closure}(Object(Illuminate\\Http\\Request))
#42 C:\\laragon\\www\\es_ldcu2\\vendor\\laravel\\framework\\src\\Illuminate\\Pipeline\\Pipeline.php(171): Illuminate\\Foundation\\Http\\Middleware\\CheckForMaintenanceMode->handle(Object(Illuminate\\Http\\Request), Object(Closure))
#43 C:\\laragon\\www\\es_ldcu2\\vendor\\fideloper\\proxy\\src\\TrustProxies.php(57): Illuminate\\Pipeline\\Pipeline->Illuminate\\Pipeline\\{closure}(Object(Illuminate\\Http\\Request))
#44 C:\\laragon\\www\\es_ldcu2\\vendor\\laravel\\framework\\src\\Illuminate\\Pipeline\\Pipeline.php(171): Fideloper\\Proxy\\TrustProxies->handle(Object(Illuminate\\Http\\Request), Object(Closure))
#45 C:\\laragon\\www\\es_ldcu2\\vendor\\laravel\\framework\\src\\Illuminate\\Pipeline\\Pipeline.php(105): Illuminate\\Pipeline\\Pipeline->Illuminate\\Pipeline\\{closure}(Object(Illuminate\\Http\\Request))
#46 C:\\laragon\\www\\es_ldcu2\\vendor\\laravel\\framework\\src\\Illuminate\\Foundation\\Http\\Kernel.php(145): Illuminate\\Pipeline\\Pipeline->then(Object(Closure))
#47 C:\\laragon\\www\\es_ldcu2\\vendor\\laravel\\framework\\src\\Illuminate\\Foundation\\Http\\Kernel.php(110): Illuminate\\Foundation\\Http\\Kernel->sendRequestThroughRouter(Object(Illuminate\\Http\\Request))
#48 C:\\laragon\\www\\es_ldcu2\\public\\index.php(55): Illuminate\\Foundation\\Http\\Kernel->handle(Object(Illuminate\\Http\\Request))
#49 C:\\laragon\\www\\es_ldcu2\\server.php(21): require_once('C:\\\\laragon\\\\www\\\\...')
#50 {main}
"} 
[2025-07-11 01:36:36] local.ERROR: Undefined variable: registrar (View: C:\laragon\www\es_ldcu2\resources\views\registrar\forms\tor\pdf\pdf_tor_gbbc_dompdf.blade.php) {"userId":1,"exception":"[object] (Facade\\Ignition\\Exceptions\\ViewException(code: 0): Undefined variable: registrar (View: C:\\laragon\\www\\es_ldcu2\\resources\\views\\registrar\\forms\\tor\\pdf\\pdf_tor_gbbc_dompdf.blade.php) at C:\\laragon\\www\\es_ldcu2\\resources\\views/registrar/forms/tor/pdf/pdf_tor_gbbc_dompdf.blade.php:211)
[stacktrace]
#0 C:\\laragon\\www\\es_ldcu2\\resources\\views/registrar/forms/tor/pdf/pdf_tor_gbbc_dompdf.blade.php(211): Illuminate\\Foundation\\Bootstrap\\HandleExceptions->handleError(8, 'Undefined varia...', 'C:\\\\laragon\\\\www\\\\...', 211, Array)
#1 C:\\laragon\\www\\es_ldcu2\\vendor\\laravel\\framework\\src\\Illuminate\\View\\Engines\\PhpEngine.php(43): include('C:\\\\laragon\\\\www\\\\...')
#2 C:\\laragon\\www\\es_ldcu2\\vendor\\laravel\\framework\\src\\Illuminate\\View\\Engines\\CompilerEngine.php(59): Illuminate\\View\\Engines\\PhpEngine->evaluatePath('C:\\\\laragon\\\\www\\\\...', Array)
#3 C:\\laragon\\www\\es_ldcu2\\vendor\\facade\\ignition\\src\\Views\\Engines\\CompilerEngine.php(36): Illuminate\\View\\Engines\\CompilerEngine->get('C:\\\\laragon\\\\www\\\\...', Array)
#4 C:\\laragon\\www\\es_ldcu2\\vendor\\laravel\\framework\\src\\Illuminate\\View\\View.php(143): Facade\\Ignition\\Views\\Engines\\CompilerEngine->get('C:\\\\laragon\\\\www\\\\...', Array)
#5 C:\\laragon\\www\\es_ldcu2\\vendor\\laravel\\framework\\src\\Illuminate\\View\\View.php(126): Illuminate\\View\\View->getContents()
#6 C:\\laragon\\www\\es_ldcu2\\vendor\\laravel\\framework\\src\\Illuminate\\View\\View.php(91): Illuminate\\View\\View->renderContents()
#7 C:\\laragon\\www\\es_ldcu2\\vendor\\barryvdh\\laravel-dompdf\\src\\PDF.php(132): Illuminate\\View\\View->render()
#8 C:\\laragon\\www\\es_ldcu2\\vendor\\barryvdh\\laravel-dompdf\\src\\Facade.php(31): Barryvdh\\DomPDF\\PDF->loadView('registrar/forms...', Array)
#9 C:\\laragon\\www\\es_ldcu2\\app\\Http\\Controllers\\Migration\\RegistrarMigration.php(447): Barryvdh\\DomPDF\\Facade::__callStatic('loadview', Array)
#10 C:\\laragon\\www\\es_ldcu2\\vendor\\laravel\\framework\\src\\Illuminate\\Routing\\Controller.php(54): App\\Http\\Controllers\\Migration\\RegistrarMigration->downloadTorMasterlistBatch(Object(Illuminate\\Http\\Request))
#11 C:\\laragon\\www\\es_ldcu2\\vendor\\laravel\\framework\\src\\Illuminate\\Routing\\ControllerDispatcher.php(45): Illuminate\\Routing\\Controller->callAction('downloadTorMast...', Array)
#12 C:\\laragon\\www\\es_ldcu2\\vendor\\laravel\\framework\\src\\Illuminate\\Routing\\Route.php(219): Illuminate\\Routing\\ControllerDispatcher->dispatch(Object(Illuminate\\Routing\\Route), Object(App\\Http\\Controllers\\Migration\\RegistrarMigration), 'downloadTorMast...')
#13 C:\\laragon\\www\\es_ldcu2\\vendor\\laravel\\framework\\src\\Illuminate\\Routing\\Route.php(176): Illuminate\\Routing\\Route->runController()
#14 C:\\laragon\\www\\es_ldcu2\\vendor\\laravel\\framework\\src\\Illuminate\\Routing\\Router.php(681): Illuminate\\Routing\\Route->run()
#15 C:\\laragon\\www\\es_ldcu2\\vendor\\laravel\\framework\\src\\Illuminate\\Pipeline\\Pipeline.php(130): Illuminate\\Routing\\Router->Illuminate\\Routing\\{closure}(Object(Illuminate\\Http\\Request))
#16 C:\\laragon\\www\\es_ldcu2\\vendor\\laravel\\framework\\src\\Illuminate\\Routing\\Middleware\\SubstituteBindings.php(41): Illuminate\\Pipeline\\Pipeline->Illuminate\\Pipeline\\{closure}(Object(Illuminate\\Http\\Request))
#17 C:\\laragon\\www\\es_ldcu2\\vendor\\laravel\\framework\\src\\Illuminate\\Pipeline\\Pipeline.php(171): Illuminate\\Routing\\Middleware\\SubstituteBindings->handle(Object(Illuminate\\Http\\Request), Object(Closure))
#18 C:\\laragon\\www\\es_ldcu2\\vendor\\laravel\\framework\\src\\Illuminate\\Foundation\\Http\\Middleware\\VerifyCsrfToken.php(78): Illuminate\\Pipeline\\Pipeline->Illuminate\\Pipeline\\{closure}(Object(Illuminate\\Http\\Request))
#19 C:\\laragon\\www\\es_ldcu2\\vendor\\laravel\\framework\\src\\Illuminate\\Pipeline\\Pipeline.php(171): Illuminate\\Foundation\\Http\\Middleware\\VerifyCsrfToken->handle(Object(Illuminate\\Http\\Request), Object(Closure))
#20 C:\\laragon\\www\\es_ldcu2\\vendor\\laravel\\framework\\src\\Illuminate\\View\\Middleware\\ShareErrorsFromSession.php(49): Illuminate\\Pipeline\\Pipeline->Illuminate\\Pipeline\\{closure}(Object(Illuminate\\Http\\Request))
#21 C:\\laragon\\www\\es_ldcu2\\vendor\\laravel\\framework\\src\\Illuminate\\Pipeline\\Pipeline.php(171): Illuminate\\View\\Middleware\\ShareErrorsFromSession->handle(Object(Illuminate\\Http\\Request), Object(Closure))
#22 C:\\laragon\\www\\es_ldcu2\\vendor\\laravel\\framework\\src\\Illuminate\\Session\\Middleware\\StartSession.php(56): Illuminate\\Pipeline\\Pipeline->Illuminate\\Pipeline\\{closure}(Object(Illuminate\\Http\\Request))
#23 C:\\laragon\\www\\es_ldcu2\\vendor\\laravel\\framework\\src\\Illuminate\\Pipeline\\Pipeline.php(171): Illuminate\\Session\\Middleware\\StartSession->handle(Object(Illuminate\\Http\\Request), Object(Closure))
#24 C:\\laragon\\www\\es_ldcu2\\vendor\\laravel\\framework\\src\\Illuminate\\Cookie\\Middleware\\AddQueuedCookiesToResponse.php(37): Illuminate\\Pipeline\\Pipeline->Illuminate\\Pipeline\\{closure}(Object(Illuminate\\Http\\Request))
#25 C:\\laragon\\www\\es_ldcu2\\vendor\\laravel\\framework\\src\\Illuminate\\Pipeline\\Pipeline.php(171): Illuminate\\Cookie\\Middleware\\AddQueuedCookiesToResponse->handle(Object(Illuminate\\Http\\Request), Object(Closure))
#26 C:\\laragon\\www\\es_ldcu2\\vendor\\laravel\\framework\\src\\Illuminate\\Cookie\\Middleware\\EncryptCookies.php(67): Illuminate\\Pipeline\\Pipeline->Illuminate\\Pipeline\\{closure}(Object(Illuminate\\Http\\Request))
#27 C:\\laragon\\www\\es_ldcu2\\vendor\\laravel\\framework\\src\\Illuminate\\Pipeline\\Pipeline.php(171): Illuminate\\Cookie\\Middleware\\EncryptCookies->handle(Object(Illuminate\\Http\\Request), Object(Closure))
#28 C:\\laragon\\www\\es_ldcu2\\vendor\\laravel\\framework\\src\\Illuminate\\Pipeline\\Pipeline.php(105): Illuminate\\Pipeline\\Pipeline->Illuminate\\Pipeline\\{closure}(Object(Illuminate\\Http\\Request))
#29 C:\\laragon\\www\\es_ldcu2\\vendor\\laravel\\framework\\src\\Illuminate\\Routing\\Router.php(683): Illuminate\\Pipeline\\Pipeline->then(Object(Closure))
#30 C:\\laragon\\www\\es_ldcu2\\vendor\\laravel\\framework\\src\\Illuminate\\Routing\\Router.php(658): Illuminate\\Routing\\Router->runRouteWithinStack(Object(Illuminate\\Routing\\Route), Object(Illuminate\\Http\\Request))
#31 C:\\laragon\\www\\es_ldcu2\\vendor\\laravel\\framework\\src\\Illuminate\\Routing\\Router.php(624): Illuminate\\Routing\\Router->runRoute(Object(Illuminate\\Http\\Request), Object(Illuminate\\Routing\\Route))
#32 C:\\laragon\\www\\es_ldcu2\\vendor\\laravel\\framework\\src\\Illuminate\\Routing\\Router.php(613): Illuminate\\Routing\\Router->dispatchToRoute(Object(Illuminate\\Http\\Request))
#33 C:\\laragon\\www\\es_ldcu2\\vendor\\laravel\\framework\\src\\Illuminate\\Foundation\\Http\\Kernel.php(170): Illuminate\\Routing\\Router->dispatch(Object(Illuminate\\Http\\Request))
#34 C:\\laragon\\www\\es_ldcu2\\vendor\\laravel\\framework\\src\\Illuminate\\Pipeline\\Pipeline.php(130): Illuminate\\Foundation\\Http\\Kernel->Illuminate\\Foundation\\Http\\{closure}(Object(Illuminate\\Http\\Request))
#35 C:\\laragon\\www\\es_ldcu2\\vendor\\laravel\\framework\\src\\Illuminate\\Foundation\\Http\\Middleware\\TransformsRequest.php(21): Illuminate\\Pipeline\\Pipeline->Illuminate\\Pipeline\\{closure}(Object(Illuminate\\Http\\Request))
#36 C:\\laragon\\www\\es_ldcu2\\vendor\\laravel\\framework\\src\\Illuminate\\Pipeline\\Pipeline.php(171): Illuminate\\Foundation\\Http\\Middleware\\TransformsRequest->handle(Object(Illuminate\\Http\\Request), Object(Closure))
#37 C:\\laragon\\www\\es_ldcu2\\vendor\\laravel\\framework\\src\\Illuminate\\Foundation\\Http\\Middleware\\TransformsRequest.php(21): Illuminate\\Pipeline\\Pipeline->Illuminate\\Pipeline\\{closure}(Object(Illuminate\\Http\\Request))
#38 C:\\laragon\\www\\es_ldcu2\\vendor\\laravel\\framework\\src\\Illuminate\\Pipeline\\Pipeline.php(171): Illuminate\\Foundation\\Http\\Middleware\\TransformsRequest->handle(Object(Illuminate\\Http\\Request), Object(Closure))
#39 C:\\laragon\\www\\es_ldcu2\\vendor\\laravel\\framework\\src\\Illuminate\\Foundation\\Http\\Middleware\\ValidatePostSize.php(27): Illuminate\\Pipeline\\Pipeline->Illuminate\\Pipeline\\{closure}(Object(Illuminate\\Http\\Request))
#40 C:\\laragon\\www\\es_ldcu2\\vendor\\laravel\\framework\\src\\Illuminate\\Pipeline\\Pipeline.php(171): Illuminate\\Foundation\\Http\\Middleware\\ValidatePostSize->handle(Object(Illuminate\\Http\\Request), Object(Closure))
#41 C:\\laragon\\www\\es_ldcu2\\vendor\\laravel\\framework\\src\\Illuminate\\Foundation\\Http\\Middleware\\CheckForMaintenanceMode.php(63): Illuminate\\Pipeline\\Pipeline->Illuminate\\Pipeline\\{closure}(Object(Illuminate\\Http\\Request))
#42 C:\\laragon\\www\\es_ldcu2\\vendor\\laravel\\framework\\src\\Illuminate\\Pipeline\\Pipeline.php(171): Illuminate\\Foundation\\Http\\Middleware\\CheckForMaintenanceMode->handle(Object(Illuminate\\Http\\Request), Object(Closure))
#43 C:\\laragon\\www\\es_ldcu2\\vendor\\fideloper\\proxy\\src\\TrustProxies.php(57): Illuminate\\Pipeline\\Pipeline->Illuminate\\Pipeline\\{closure}(Object(Illuminate\\Http\\Request))
#44 C:\\laragon\\www\\es_ldcu2\\vendor\\laravel\\framework\\src\\Illuminate\\Pipeline\\Pipeline.php(171): Fideloper\\Proxy\\TrustProxies->handle(Object(Illuminate\\Http\\Request), Object(Closure))
#45 C:\\laragon\\www\\es_ldcu2\\vendor\\laravel\\framework\\src\\Illuminate\\Pipeline\\Pipeline.php(105): Illuminate\\Pipeline\\Pipeline->Illuminate\\Pipeline\\{closure}(Object(Illuminate\\Http\\Request))
#46 C:\\laragon\\www\\es_ldcu2\\vendor\\laravel\\framework\\src\\Illuminate\\Foundation\\Http\\Kernel.php(145): Illuminate\\Pipeline\\Pipeline->then(Object(Closure))
#47 C:\\laragon\\www\\es_ldcu2\\vendor\\laravel\\framework\\src\\Illuminate\\Foundation\\Http\\Kernel.php(110): Illuminate\\Foundation\\Http\\Kernel->sendRequestThroughRouter(Object(Illuminate\\Http\\Request))
#48 C:\\laragon\\www\\es_ldcu2\\public\\index.php(55): Illuminate\\Foundation\\Http\\Kernel->handle(Object(Illuminate\\Http\\Request))
#49 C:\\laragon\\www\\es_ldcu2\\server.php(21): require_once('C:\\\\laragon\\\\www\\\\...')
#50 {main}

[previous exception] [object] (ErrorException(code: 0): Undefined variable: registrar at C:\\laragon\\www\\es_ldcu2\\storage\\framework\\views\\207429f329b38448eec31657a688ab8c42a8fe1f.php:211)
[stacktrace]
#0 C:\\laragon\\www\\es_ldcu2\\storage\\framework\\views\\207429f329b38448eec31657a688ab8c42a8fe1f.php(211): Illuminate\\Foundation\\Bootstrap\\HandleExceptions->handleError(8, 'Undefined varia...', 'C:\\\\laragon\\\\www\\\\...', 211, Array)
#1 C:\\laragon\\www\\es_ldcu2\\vendor\\laravel\\framework\\src\\Illuminate\\View\\Engines\\PhpEngine.php(43): include('C:\\\\laragon\\\\www\\\\...')
#2 C:\\laragon\\www\\es_ldcu2\\vendor\\laravel\\framework\\src\\Illuminate\\View\\Engines\\CompilerEngine.php(59): Illuminate\\View\\Engines\\PhpEngine->evaluatePath('C:\\\\laragon\\\\www\\\\...', Array)
#3 C:\\laragon\\www\\es_ldcu2\\vendor\\facade\\ignition\\src\\Views\\Engines\\CompilerEngine.php(36): Illuminate\\View\\Engines\\CompilerEngine->get('C:\\\\laragon\\\\www\\\\...', Array)
#4 C:\\laragon\\www\\es_ldcu2\\vendor\\laravel\\framework\\src\\Illuminate\\View\\View.php(143): Facade\\Ignition\\Views\\Engines\\CompilerEngine->get('C:\\\\laragon\\\\www\\\\...', Array)
#5 C:\\laragon\\www\\es_ldcu2\\vendor\\laravel\\framework\\src\\Illuminate\\View\\View.php(126): Illuminate\\View\\View->getContents()
#6 C:\\laragon\\www\\es_ldcu2\\vendor\\laravel\\framework\\src\\Illuminate\\View\\View.php(91): Illuminate\\View\\View->renderContents()
#7 C:\\laragon\\www\\es_ldcu2\\vendor\\barryvdh\\laravel-dompdf\\src\\PDF.php(132): Illuminate\\View\\View->render()
#8 C:\\laragon\\www\\es_ldcu2\\vendor\\barryvdh\\laravel-dompdf\\src\\Facade.php(31): Barryvdh\\DomPDF\\PDF->loadView('registrar/forms...', Array)
#9 C:\\laragon\\www\\es_ldcu2\\app\\Http\\Controllers\\Migration\\RegistrarMigration.php(447): Barryvdh\\DomPDF\\Facade::__callStatic('loadview', Array)
#10 C:\\laragon\\www\\es_ldcu2\\vendor\\laravel\\framework\\src\\Illuminate\\Routing\\Controller.php(54): App\\Http\\Controllers\\Migration\\RegistrarMigration->downloadTorMasterlistBatch(Object(Illuminate\\Http\\Request))
#11 C:\\laragon\\www\\es_ldcu2\\vendor\\laravel\\framework\\src\\Illuminate\\Routing\\ControllerDispatcher.php(45): Illuminate\\Routing\\Controller->callAction('downloadTorMast...', Array)
#12 C:\\laragon\\www\\es_ldcu2\\vendor\\laravel\\framework\\src\\Illuminate\\Routing\\Route.php(219): Illuminate\\Routing\\ControllerDispatcher->dispatch(Object(Illuminate\\Routing\\Route), Object(App\\Http\\Controllers\\Migration\\RegistrarMigration), 'downloadTorMast...')
#13 C:\\laragon\\www\\es_ldcu2\\vendor\\laravel\\framework\\src\\Illuminate\\Routing\\Route.php(176): Illuminate\\Routing\\Route->runController()
#14 C:\\laragon\\www\\es_ldcu2\\vendor\\laravel\\framework\\src\\Illuminate\\Routing\\Router.php(681): Illuminate\\Routing\\Route->run()
#15 C:\\laragon\\www\\es_ldcu2\\vendor\\laravel\\framework\\src\\Illuminate\\Pipeline\\Pipeline.php(130): Illuminate\\Routing\\Router->Illuminate\\Routing\\{closure}(Object(Illuminate\\Http\\Request))
#16 C:\\laragon\\www\\es_ldcu2\\vendor\\laravel\\framework\\src\\Illuminate\\Routing\\Middleware\\SubstituteBindings.php(41): Illuminate\\Pipeline\\Pipeline->Illuminate\\Pipeline\\{closure}(Object(Illuminate\\Http\\Request))
#17 C:\\laragon\\www\\es_ldcu2\\vendor\\laravel\\framework\\src\\Illuminate\\Pipeline\\Pipeline.php(171): Illuminate\\Routing\\Middleware\\SubstituteBindings->handle(Object(Illuminate\\Http\\Request), Object(Closure))
#18 C:\\laragon\\www\\es_ldcu2\\vendor\\laravel\\framework\\src\\Illuminate\\Foundation\\Http\\Middleware\\VerifyCsrfToken.php(78): Illuminate\\Pipeline\\Pipeline->Illuminate\\Pipeline\\{closure}(Object(Illuminate\\Http\\Request))
#19 C:\\laragon\\www\\es_ldcu2\\vendor\\laravel\\framework\\src\\Illuminate\\Pipeline\\Pipeline.php(171): Illuminate\\Foundation\\Http\\Middleware\\VerifyCsrfToken->handle(Object(Illuminate\\Http\\Request), Object(Closure))
#20 C:\\laragon\\www\\es_ldcu2\\vendor\\laravel\\framework\\src\\Illuminate\\View\\Middleware\\ShareErrorsFromSession.php(49): Illuminate\\Pipeline\\Pipeline->Illuminate\\Pipeline\\{closure}(Object(Illuminate\\Http\\Request))
#21 C:\\laragon\\www\\es_ldcu2\\vendor\\laravel\\framework\\src\\Illuminate\\Pipeline\\Pipeline.php(171): Illuminate\\View\\Middleware\\ShareErrorsFromSession->handle(Object(Illuminate\\Http\\Request), Object(Closure))
#22 C:\\laragon\\www\\es_ldcu2\\vendor\\laravel\\framework\\src\\Illuminate\\Session\\Middleware\\StartSession.php(56): Illuminate\\Pipeline\\Pipeline->Illuminate\\Pipeline\\{closure}(Object(Illuminate\\Http\\Request))
#23 C:\\laragon\\www\\es_ldcu2\\vendor\\laravel\\framework\\src\\Illuminate\\Pipeline\\Pipeline.php(171): Illuminate\\Session\\Middleware\\StartSession->handle(Object(Illuminate\\Http\\Request), Object(Closure))
#24 C:\\laragon\\www\\es_ldcu2\\vendor\\laravel\\framework\\src\\Illuminate\\Cookie\\Middleware\\AddQueuedCookiesToResponse.php(37): Illuminate\\Pipeline\\Pipeline->Illuminate\\Pipeline\\{closure}(Object(Illuminate\\Http\\Request))
#25 C:\\laragon\\www\\es_ldcu2\\vendor\\laravel\\framework\\src\\Illuminate\\Pipeline\\Pipeline.php(171): Illuminate\\Cookie\\Middleware\\AddQueuedCookiesToResponse->handle(Object(Illuminate\\Http\\Request), Object(Closure))
#26 C:\\laragon\\www\\es_ldcu2\\vendor\\laravel\\framework\\src\\Illuminate\\Cookie\\Middleware\\EncryptCookies.php(67): Illuminate\\Pipeline\\Pipeline->Illuminate\\Pipeline\\{closure}(Object(Illuminate\\Http\\Request))
#27 C:\\laragon\\www\\es_ldcu2\\vendor\\laravel\\framework\\src\\Illuminate\\Pipeline\\Pipeline.php(171): Illuminate\\Cookie\\Middleware\\EncryptCookies->handle(Object(Illuminate\\Http\\Request), Object(Closure))
#28 C:\\laragon\\www\\es_ldcu2\\vendor\\laravel\\framework\\src\\Illuminate\\Pipeline\\Pipeline.php(105): Illuminate\\Pipeline\\Pipeline->Illuminate\\Pipeline\\{closure}(Object(Illuminate\\Http\\Request))
#29 C:\\laragon\\www\\es_ldcu2\\vendor\\laravel\\framework\\src\\Illuminate\\Routing\\Router.php(683): Illuminate\\Pipeline\\Pipeline->then(Object(Closure))
#30 C:\\laragon\\www\\es_ldcu2\\vendor\\laravel\\framework\\src\\Illuminate\\Routing\\Router.php(658): Illuminate\\Routing\\Router->runRouteWithinStack(Object(Illuminate\\Routing\\Route), Object(Illuminate\\Http\\Request))
#31 C:\\laragon\\www\\es_ldcu2\\vendor\\laravel\\framework\\src\\Illuminate\\Routing\\Router.php(624): Illuminate\\Routing\\Router->runRoute(Object(Illuminate\\Http\\Request), Object(Illuminate\\Routing\\Route))
#32 C:\\laragon\\www\\es_ldcu2\\vendor\\laravel\\framework\\src\\Illuminate\\Routing\\Router.php(613): Illuminate\\Routing\\Router->dispatchToRoute(Object(Illuminate\\Http\\Request))
#33 C:\\laragon\\www\\es_ldcu2\\vendor\\laravel\\framework\\src\\Illuminate\\Foundation\\Http\\Kernel.php(170): Illuminate\\Routing\\Router->dispatch(Object(Illuminate\\Http\\Request))
#34 C:\\laragon\\www\\es_ldcu2\\vendor\\laravel\\framework\\src\\Illuminate\\Pipeline\\Pipeline.php(130): Illuminate\\Foundation\\Http\\Kernel->Illuminate\\Foundation\\Http\\{closure}(Object(Illuminate\\Http\\Request))
#35 C:\\laragon\\www\\es_ldcu2\\vendor\\laravel\\framework\\src\\Illuminate\\Foundation\\Http\\Middleware\\TransformsRequest.php(21): Illuminate\\Pipeline\\Pipeline->Illuminate\\Pipeline\\{closure}(Object(Illuminate\\Http\\Request))
#36 C:\\laragon\\www\\es_ldcu2\\vendor\\laravel\\framework\\src\\Illuminate\\Pipeline\\Pipeline.php(171): Illuminate\\Foundation\\Http\\Middleware\\TransformsRequest->handle(Object(Illuminate\\Http\\Request), Object(Closure))
#37 C:\\laragon\\www\\es_ldcu2\\vendor\\laravel\\framework\\src\\Illuminate\\Foundation\\Http\\Middleware\\TransformsRequest.php(21): Illuminate\\Pipeline\\Pipeline->Illuminate\\Pipeline\\{closure}(Object(Illuminate\\Http\\Request))
#38 C:\\laragon\\www\\es_ldcu2\\vendor\\laravel\\framework\\src\\Illuminate\\Pipeline\\Pipeline.php(171): Illuminate\\Foundation\\Http\\Middleware\\TransformsRequest->handle(Object(Illuminate\\Http\\Request), Object(Closure))
#39 C:\\laragon\\www\\es_ldcu2\\vendor\\laravel\\framework\\src\\Illuminate\\Foundation\\Http\\Middleware\\ValidatePostSize.php(27): Illuminate\\Pipeline\\Pipeline->Illuminate\\Pipeline\\{closure}(Object(Illuminate\\Http\\Request))
#40 C:\\laragon\\www\\es_ldcu2\\vendor\\laravel\\framework\\src\\Illuminate\\Pipeline\\Pipeline.php(171): Illuminate\\Foundation\\Http\\Middleware\\ValidatePostSize->handle(Object(Illuminate\\Http\\Request), Object(Closure))
#41 C:\\laragon\\www\\es_ldcu2\\vendor\\laravel\\framework\\src\\Illuminate\\Foundation\\Http\\Middleware\\CheckForMaintenanceMode.php(63): Illuminate\\Pipeline\\Pipeline->Illuminate\\Pipeline\\{closure}(Object(Illuminate\\Http\\Request))
#42 C:\\laragon\\www\\es_ldcu2\\vendor\\laravel\\framework\\src\\Illuminate\\Pipeline\\Pipeline.php(171): Illuminate\\Foundation\\Http\\Middleware\\CheckForMaintenanceMode->handle(Object(Illuminate\\Http\\Request), Object(Closure))
#43 C:\\laragon\\www\\es_ldcu2\\vendor\\fideloper\\proxy\\src\\TrustProxies.php(57): Illuminate\\Pipeline\\Pipeline->Illuminate\\Pipeline\\{closure}(Object(Illuminate\\Http\\Request))
#44 C:\\laragon\\www\\es_ldcu2\\vendor\\laravel\\framework\\src\\Illuminate\\Pipeline\\Pipeline.php(171): Fideloper\\Proxy\\TrustProxies->handle(Object(Illuminate\\Http\\Request), Object(Closure))
#45 C:\\laragon\\www\\es_ldcu2\\vendor\\laravel\\framework\\src\\Illuminate\\Pipeline\\Pipeline.php(105): Illuminate\\Pipeline\\Pipeline->Illuminate\\Pipeline\\{closure}(Object(Illuminate\\Http\\Request))
#46 C:\\laragon\\www\\es_ldcu2\\vendor\\laravel\\framework\\src\\Illuminate\\Foundation\\Http\\Kernel.php(145): Illuminate\\Pipeline\\Pipeline->then(Object(Closure))
#47 C:\\laragon\\www\\es_ldcu2\\vendor\\laravel\\framework\\src\\Illuminate\\Foundation\\Http\\Kernel.php(110): Illuminate\\Foundation\\Http\\Kernel->sendRequestThroughRouter(Object(Illuminate\\Http\\Request))
#48 C:\\laragon\\www\\es_ldcu2\\public\\index.php(55): Illuminate\\Foundation\\Http\\Kernel->handle(Object(Illuminate\\Http\\Request))
#49 C:\\laragon\\www\\es_ldcu2\\server.php(21): require_once('C:\\\\laragon\\\\www\\\\...')
#50 {main}
"} 
[2025-07-11 01:38:56] local.ERROR: Undefined variable: registrar (View: C:\laragon\www\es_ldcu2\resources\views\registrar\forms\tor\pdf\pdf_tor_gbbc_dompdf.blade.php) {"userId":1,"exception":"[object] (Facade\\Ignition\\Exceptions\\ViewException(code: 0): Undefined variable: registrar (View: C:\\laragon\\www\\es_ldcu2\\resources\\views\\registrar\\forms\\tor\\pdf\\pdf_tor_gbbc_dompdf.blade.php) at C:\\laragon\\www\\es_ldcu2\\resources\\views/registrar/forms/tor/pdf/pdf_tor_gbbc_dompdf.blade.php:211)
[stacktrace]
#0 C:\\laragon\\www\\es_ldcu2\\resources\\views/registrar/forms/tor/pdf/pdf_tor_gbbc_dompdf.blade.php(211): Illuminate\\Foundation\\Bootstrap\\HandleExceptions->handleError(8, 'Undefined varia...', 'C:\\\\laragon\\\\www\\\\...', 211, Array)
#1 C:\\laragon\\www\\es_ldcu2\\vendor\\laravel\\framework\\src\\Illuminate\\View\\Engines\\PhpEngine.php(43): include('C:\\\\laragon\\\\www\\\\...')
#2 C:\\laragon\\www\\es_ldcu2\\vendor\\laravel\\framework\\src\\Illuminate\\View\\Engines\\CompilerEngine.php(59): Illuminate\\View\\Engines\\PhpEngine->evaluatePath('C:\\\\laragon\\\\www\\\\...', Array)
#3 C:\\laragon\\www\\es_ldcu2\\vendor\\facade\\ignition\\src\\Views\\Engines\\CompilerEngine.php(36): Illuminate\\View\\Engines\\CompilerEngine->get('C:\\\\laragon\\\\www\\\\...', Array)
#4 C:\\laragon\\www\\es_ldcu2\\vendor\\laravel\\framework\\src\\Illuminate\\View\\View.php(143): Facade\\Ignition\\Views\\Engines\\CompilerEngine->get('C:\\\\laragon\\\\www\\\\...', Array)
#5 C:\\laragon\\www\\es_ldcu2\\vendor\\laravel\\framework\\src\\Illuminate\\View\\View.php(126): Illuminate\\View\\View->getContents()
#6 C:\\laragon\\www\\es_ldcu2\\vendor\\laravel\\framework\\src\\Illuminate\\View\\View.php(91): Illuminate\\View\\View->renderContents()
#7 C:\\laragon\\www\\es_ldcu2\\vendor\\barryvdh\\laravel-dompdf\\src\\PDF.php(132): Illuminate\\View\\View->render()
#8 C:\\laragon\\www\\es_ldcu2\\vendor\\barryvdh\\laravel-dompdf\\src\\Facade.php(31): Barryvdh\\DomPDF\\PDF->loadView('registrar/forms...', Array)
#9 C:\\laragon\\www\\es_ldcu2\\app\\Http\\Controllers\\Migration\\RegistrarMigration.php(447): Barryvdh\\DomPDF\\Facade::__callStatic('loadview', Array)
#10 C:\\laragon\\www\\es_ldcu2\\vendor\\laravel\\framework\\src\\Illuminate\\Routing\\Controller.php(54): App\\Http\\Controllers\\Migration\\RegistrarMigration->downloadTorMasterlistBatch(Object(Illuminate\\Http\\Request))
#11 C:\\laragon\\www\\es_ldcu2\\vendor\\laravel\\framework\\src\\Illuminate\\Routing\\ControllerDispatcher.php(45): Illuminate\\Routing\\Controller->callAction('downloadTorMast...', Array)
#12 C:\\laragon\\www\\es_ldcu2\\vendor\\laravel\\framework\\src\\Illuminate\\Routing\\Route.php(219): Illuminate\\Routing\\ControllerDispatcher->dispatch(Object(Illuminate\\Routing\\Route), Object(App\\Http\\Controllers\\Migration\\RegistrarMigration), 'downloadTorMast...')
#13 C:\\laragon\\www\\es_ldcu2\\vendor\\laravel\\framework\\src\\Illuminate\\Routing\\Route.php(176): Illuminate\\Routing\\Route->runController()
#14 C:\\laragon\\www\\es_ldcu2\\vendor\\laravel\\framework\\src\\Illuminate\\Routing\\Router.php(681): Illuminate\\Routing\\Route->run()
#15 C:\\laragon\\www\\es_ldcu2\\vendor\\laravel\\framework\\src\\Illuminate\\Pipeline\\Pipeline.php(130): Illuminate\\Routing\\Router->Illuminate\\Routing\\{closure}(Object(Illuminate\\Http\\Request))
#16 C:\\laragon\\www\\es_ldcu2\\vendor\\laravel\\framework\\src\\Illuminate\\Routing\\Middleware\\SubstituteBindings.php(41): Illuminate\\Pipeline\\Pipeline->Illuminate\\Pipeline\\{closure}(Object(Illuminate\\Http\\Request))
#17 C:\\laragon\\www\\es_ldcu2\\vendor\\laravel\\framework\\src\\Illuminate\\Pipeline\\Pipeline.php(171): Illuminate\\Routing\\Middleware\\SubstituteBindings->handle(Object(Illuminate\\Http\\Request), Object(Closure))
#18 C:\\laragon\\www\\es_ldcu2\\vendor\\laravel\\framework\\src\\Illuminate\\Foundation\\Http\\Middleware\\VerifyCsrfToken.php(78): Illuminate\\Pipeline\\Pipeline->Illuminate\\Pipeline\\{closure}(Object(Illuminate\\Http\\Request))
#19 C:\\laragon\\www\\es_ldcu2\\vendor\\laravel\\framework\\src\\Illuminate\\Pipeline\\Pipeline.php(171): Illuminate\\Foundation\\Http\\Middleware\\VerifyCsrfToken->handle(Object(Illuminate\\Http\\Request), Object(Closure))
#20 C:\\laragon\\www\\es_ldcu2\\vendor\\laravel\\framework\\src\\Illuminate\\View\\Middleware\\ShareErrorsFromSession.php(49): Illuminate\\Pipeline\\Pipeline->Illuminate\\Pipeline\\{closure}(Object(Illuminate\\Http\\Request))
#21 C:\\laragon\\www\\es_ldcu2\\vendor\\laravel\\framework\\src\\Illuminate\\Pipeline\\Pipeline.php(171): Illuminate\\View\\Middleware\\ShareErrorsFromSession->handle(Object(Illuminate\\Http\\Request), Object(Closure))
#22 C:\\laragon\\www\\es_ldcu2\\vendor\\laravel\\framework\\src\\Illuminate\\Session\\Middleware\\StartSession.php(56): Illuminate\\Pipeline\\Pipeline->Illuminate\\Pipeline\\{closure}(Object(Illuminate\\Http\\Request))
#23 C:\\laragon\\www\\es_ldcu2\\vendor\\laravel\\framework\\src\\Illuminate\\Pipeline\\Pipeline.php(171): Illuminate\\Session\\Middleware\\StartSession->handle(Object(Illuminate\\Http\\Request), Object(Closure))
#24 C:\\laragon\\www\\es_ldcu2\\vendor\\laravel\\framework\\src\\Illuminate\\Cookie\\Middleware\\AddQueuedCookiesToResponse.php(37): Illuminate\\Pipeline\\Pipeline->Illuminate\\Pipeline\\{closure}(Object(Illuminate\\Http\\Request))
#25 C:\\laragon\\www\\es_ldcu2\\vendor\\laravel\\framework\\src\\Illuminate\\Pipeline\\Pipeline.php(171): Illuminate\\Cookie\\Middleware\\AddQueuedCookiesToResponse->handle(Object(Illuminate\\Http\\Request), Object(Closure))
#26 C:\\laragon\\www\\es_ldcu2\\vendor\\laravel\\framework\\src\\Illuminate\\Cookie\\Middleware\\EncryptCookies.php(67): Illuminate\\Pipeline\\Pipeline->Illuminate\\Pipeline\\{closure}(Object(Illuminate\\Http\\Request))
#27 C:\\laragon\\www\\es_ldcu2\\vendor\\laravel\\framework\\src\\Illuminate\\Pipeline\\Pipeline.php(171): Illuminate\\Cookie\\Middleware\\EncryptCookies->handle(Object(Illuminate\\Http\\Request), Object(Closure))
#28 C:\\laragon\\www\\es_ldcu2\\vendor\\laravel\\framework\\src\\Illuminate\\Pipeline\\Pipeline.php(105): Illuminate\\Pipeline\\Pipeline->Illuminate\\Pipeline\\{closure}(Object(Illuminate\\Http\\Request))
#29 C:\\laragon\\www\\es_ldcu2\\vendor\\laravel\\framework\\src\\Illuminate\\Routing\\Router.php(683): Illuminate\\Pipeline\\Pipeline->then(Object(Closure))
#30 C:\\laragon\\www\\es_ldcu2\\vendor\\laravel\\framework\\src\\Illuminate\\Routing\\Router.php(658): Illuminate\\Routing\\Router->runRouteWithinStack(Object(Illuminate\\Routing\\Route), Object(Illuminate\\Http\\Request))
#31 C:\\laragon\\www\\es_ldcu2\\vendor\\laravel\\framework\\src\\Illuminate\\Routing\\Router.php(624): Illuminate\\Routing\\Router->runRoute(Object(Illuminate\\Http\\Request), Object(Illuminate\\Routing\\Route))
#32 C:\\laragon\\www\\es_ldcu2\\vendor\\laravel\\framework\\src\\Illuminate\\Routing\\Router.php(613): Illuminate\\Routing\\Router->dispatchToRoute(Object(Illuminate\\Http\\Request))
#33 C:\\laragon\\www\\es_ldcu2\\vendor\\laravel\\framework\\src\\Illuminate\\Foundation\\Http\\Kernel.php(170): Illuminate\\Routing\\Router->dispatch(Object(Illuminate\\Http\\Request))
#34 C:\\laragon\\www\\es_ldcu2\\vendor\\laravel\\framework\\src\\Illuminate\\Pipeline\\Pipeline.php(130): Illuminate\\Foundation\\Http\\Kernel->Illuminate\\Foundation\\Http\\{closure}(Object(Illuminate\\Http\\Request))
#35 C:\\laragon\\www\\es_ldcu2\\vendor\\laravel\\framework\\src\\Illuminate\\Foundation\\Http\\Middleware\\TransformsRequest.php(21): Illuminate\\Pipeline\\Pipeline->Illuminate\\Pipeline\\{closure}(Object(Illuminate\\Http\\Request))
#36 C:\\laragon\\www\\es_ldcu2\\vendor\\laravel\\framework\\src\\Illuminate\\Pipeline\\Pipeline.php(171): Illuminate\\Foundation\\Http\\Middleware\\TransformsRequest->handle(Object(Illuminate\\Http\\Request), Object(Closure))
#37 C:\\laragon\\www\\es_ldcu2\\vendor\\laravel\\framework\\src\\Illuminate\\Foundation\\Http\\Middleware\\TransformsRequest.php(21): Illuminate\\Pipeline\\Pipeline->Illuminate\\Pipeline\\{closure}(Object(Illuminate\\Http\\Request))
#38 C:\\laragon\\www\\es_ldcu2\\vendor\\laravel\\framework\\src\\Illuminate\\Pipeline\\Pipeline.php(171): Illuminate\\Foundation\\Http\\Middleware\\TransformsRequest->handle(Object(Illuminate\\Http\\Request), Object(Closure))
#39 C:\\laragon\\www\\es_ldcu2\\vendor\\laravel\\framework\\src\\Illuminate\\Foundation\\Http\\Middleware\\ValidatePostSize.php(27): Illuminate\\Pipeline\\Pipeline->Illuminate\\Pipeline\\{closure}(Object(Illuminate\\Http\\Request))
#40 C:\\laragon\\www\\es_ldcu2\\vendor\\laravel\\framework\\src\\Illuminate\\Pipeline\\Pipeline.php(171): Illuminate\\Foundation\\Http\\Middleware\\ValidatePostSize->handle(Object(Illuminate\\Http\\Request), Object(Closure))
#41 C:\\laragon\\www\\es_ldcu2\\vendor\\laravel\\framework\\src\\Illuminate\\Foundation\\Http\\Middleware\\CheckForMaintenanceMode.php(63): Illuminate\\Pipeline\\Pipeline->Illuminate\\Pipeline\\{closure}(Object(Illuminate\\Http\\Request))
#42 C:\\laragon\\www\\es_ldcu2\\vendor\\laravel\\framework\\src\\Illuminate\\Pipeline\\Pipeline.php(171): Illuminate\\Foundation\\Http\\Middleware\\CheckForMaintenanceMode->handle(Object(Illuminate\\Http\\Request), Object(Closure))
#43 C:\\laragon\\www\\es_ldcu2\\vendor\\fideloper\\proxy\\src\\TrustProxies.php(57): Illuminate\\Pipeline\\Pipeline->Illuminate\\Pipeline\\{closure}(Object(Illuminate\\Http\\Request))
#44 C:\\laragon\\www\\es_ldcu2\\vendor\\laravel\\framework\\src\\Illuminate\\Pipeline\\Pipeline.php(171): Fideloper\\Proxy\\TrustProxies->handle(Object(Illuminate\\Http\\Request), Object(Closure))
#45 C:\\laragon\\www\\es_ldcu2\\vendor\\laravel\\framework\\src\\Illuminate\\Pipeline\\Pipeline.php(105): Illuminate\\Pipeline\\Pipeline->Illuminate\\Pipeline\\{closure}(Object(Illuminate\\Http\\Request))
#46 C:\\laragon\\www\\es_ldcu2\\vendor\\laravel\\framework\\src\\Illuminate\\Foundation\\Http\\Kernel.php(145): Illuminate\\Pipeline\\Pipeline->then(Object(Closure))
#47 C:\\laragon\\www\\es_ldcu2\\vendor\\laravel\\framework\\src\\Illuminate\\Foundation\\Http\\Kernel.php(110): Illuminate\\Foundation\\Http\\Kernel->sendRequestThroughRouter(Object(Illuminate\\Http\\Request))
#48 C:\\laragon\\www\\es_ldcu2\\public\\index.php(55): Illuminate\\Foundation\\Http\\Kernel->handle(Object(Illuminate\\Http\\Request))
#49 C:\\laragon\\www\\es_ldcu2\\server.php(21): require_once('C:\\\\laragon\\\\www\\\\...')
#50 {main}

[previous exception] [object] (ErrorException(code: 0): Undefined variable: registrar at C:\\laragon\\www\\es_ldcu2\\storage\\framework\\views\\207429f329b38448eec31657a688ab8c42a8fe1f.php:211)
[stacktrace]
#0 C:\\laragon\\www\\es_ldcu2\\storage\\framework\\views\\207429f329b38448eec31657a688ab8c42a8fe1f.php(211): Illuminate\\Foundation\\Bootstrap\\HandleExceptions->handleError(8, 'Undefined varia...', 'C:\\\\laragon\\\\www\\\\...', 211, Array)
#1 C:\\laragon\\www\\es_ldcu2\\vendor\\laravel\\framework\\src\\Illuminate\\View\\Engines\\PhpEngine.php(43): include('C:\\\\laragon\\\\www\\\\...')
#2 C:\\laragon\\www\\es_ldcu2\\vendor\\laravel\\framework\\src\\Illuminate\\View\\Engines\\CompilerEngine.php(59): Illuminate\\View\\Engines\\PhpEngine->evaluatePath('C:\\\\laragon\\\\www\\\\...', Array)
#3 C:\\laragon\\www\\es_ldcu2\\vendor\\facade\\ignition\\src\\Views\\Engines\\CompilerEngine.php(36): Illuminate\\View\\Engines\\CompilerEngine->get('C:\\\\laragon\\\\www\\\\...', Array)
#4 C:\\laragon\\www\\es_ldcu2\\vendor\\laravel\\framework\\src\\Illuminate\\View\\View.php(143): Facade\\Ignition\\Views\\Engines\\CompilerEngine->get('C:\\\\laragon\\\\www\\\\...', Array)
#5 C:\\laragon\\www\\es_ldcu2\\vendor\\laravel\\framework\\src\\Illuminate\\View\\View.php(126): Illuminate\\View\\View->getContents()
#6 C:\\laragon\\www\\es_ldcu2\\vendor\\laravel\\framework\\src\\Illuminate\\View\\View.php(91): Illuminate\\View\\View->renderContents()
#7 C:\\laragon\\www\\es_ldcu2\\vendor\\barryvdh\\laravel-dompdf\\src\\PDF.php(132): Illuminate\\View\\View->render()
#8 C:\\laragon\\www\\es_ldcu2\\vendor\\barryvdh\\laravel-dompdf\\src\\Facade.php(31): Barryvdh\\DomPDF\\PDF->loadView('registrar/forms...', Array)
#9 C:\\laragon\\www\\es_ldcu2\\app\\Http\\Controllers\\Migration\\RegistrarMigration.php(447): Barryvdh\\DomPDF\\Facade::__callStatic('loadview', Array)
#10 C:\\laragon\\www\\es_ldcu2\\vendor\\laravel\\framework\\src\\Illuminate\\Routing\\Controller.php(54): App\\Http\\Controllers\\Migration\\RegistrarMigration->downloadTorMasterlistBatch(Object(Illuminate\\Http\\Request))
#11 C:\\laragon\\www\\es_ldcu2\\vendor\\laravel\\framework\\src\\Illuminate\\Routing\\ControllerDispatcher.php(45): Illuminate\\Routing\\Controller->callAction('downloadTorMast...', Array)
#12 C:\\laragon\\www\\es_ldcu2\\vendor\\laravel\\framework\\src\\Illuminate\\Routing\\Route.php(219): Illuminate\\Routing\\ControllerDispatcher->dispatch(Object(Illuminate\\Routing\\Route), Object(App\\Http\\Controllers\\Migration\\RegistrarMigration), 'downloadTorMast...')
#13 C:\\laragon\\www\\es_ldcu2\\vendor\\laravel\\framework\\src\\Illuminate\\Routing\\Route.php(176): Illuminate\\Routing\\Route->runController()
#14 C:\\laragon\\www\\es_ldcu2\\vendor\\laravel\\framework\\src\\Illuminate\\Routing\\Router.php(681): Illuminate\\Routing\\Route->run()
#15 C:\\laragon\\www\\es_ldcu2\\vendor\\laravel\\framework\\src\\Illuminate\\Pipeline\\Pipeline.php(130): Illuminate\\Routing\\Router->Illuminate\\Routing\\{closure}(Object(Illuminate\\Http\\Request))
#16 C:\\laragon\\www\\es_ldcu2\\vendor\\laravel\\framework\\src\\Illuminate\\Routing\\Middleware\\SubstituteBindings.php(41): Illuminate\\Pipeline\\Pipeline->Illuminate\\Pipeline\\{closure}(Object(Illuminate\\Http\\Request))
#17 C:\\laragon\\www\\es_ldcu2\\vendor\\laravel\\framework\\src\\Illuminate\\Pipeline\\Pipeline.php(171): Illuminate\\Routing\\Middleware\\SubstituteBindings->handle(Object(Illuminate\\Http\\Request), Object(Closure))
#18 C:\\laragon\\www\\es_ldcu2\\vendor\\laravel\\framework\\src\\Illuminate\\Foundation\\Http\\Middleware\\VerifyCsrfToken.php(78): Illuminate\\Pipeline\\Pipeline->Illuminate\\Pipeline\\{closure}(Object(Illuminate\\Http\\Request))
#19 C:\\laragon\\www\\es_ldcu2\\vendor\\laravel\\framework\\src\\Illuminate\\Pipeline\\Pipeline.php(171): Illuminate\\Foundation\\Http\\Middleware\\VerifyCsrfToken->handle(Object(Illuminate\\Http\\Request), Object(Closure))
#20 C:\\laragon\\www\\es_ldcu2\\vendor\\laravel\\framework\\src\\Illuminate\\View\\Middleware\\ShareErrorsFromSession.php(49): Illuminate\\Pipeline\\Pipeline->Illuminate\\Pipeline\\{closure}(Object(Illuminate\\Http\\Request))
#21 C:\\laragon\\www\\es_ldcu2\\vendor\\laravel\\framework\\src\\Illuminate\\Pipeline\\Pipeline.php(171): Illuminate\\View\\Middleware\\ShareErrorsFromSession->handle(Object(Illuminate\\Http\\Request), Object(Closure))
#22 C:\\laragon\\www\\es_ldcu2\\vendor\\laravel\\framework\\src\\Illuminate\\Session\\Middleware\\StartSession.php(56): Illuminate\\Pipeline\\Pipeline->Illuminate\\Pipeline\\{closure}(Object(Illuminate\\Http\\Request))
#23 C:\\laragon\\www\\es_ldcu2\\vendor\\laravel\\framework\\src\\Illuminate\\Pipeline\\Pipeline.php(171): Illuminate\\Session\\Middleware\\StartSession->handle(Object(Illuminate\\Http\\Request), Object(Closure))
#24 C:\\laragon\\www\\es_ldcu2\\vendor\\laravel\\framework\\src\\Illuminate\\Cookie\\Middleware\\AddQueuedCookiesToResponse.php(37): Illuminate\\Pipeline\\Pipeline->Illuminate\\Pipeline\\{closure}(Object(Illuminate\\Http\\Request))
#25 C:\\laragon\\www\\es_ldcu2\\vendor\\laravel\\framework\\src\\Illuminate\\Pipeline\\Pipeline.php(171): Illuminate\\Cookie\\Middleware\\AddQueuedCookiesToResponse->handle(Object(Illuminate\\Http\\Request), Object(Closure))
#26 C:\\laragon\\www\\es_ldcu2\\vendor\\laravel\\framework\\src\\Illuminate\\Cookie\\Middleware\\EncryptCookies.php(67): Illuminate\\Pipeline\\Pipeline->Illuminate\\Pipeline\\{closure}(Object(Illuminate\\Http\\Request))
#27 C:\\laragon\\www\\es_ldcu2\\vendor\\laravel\\framework\\src\\Illuminate\\Pipeline\\Pipeline.php(171): Illuminate\\Cookie\\Middleware\\EncryptCookies->handle(Object(Illuminate\\Http\\Request), Object(Closure))
#28 C:\\laragon\\www\\es_ldcu2\\vendor\\laravel\\framework\\src\\Illuminate\\Pipeline\\Pipeline.php(105): Illuminate\\Pipeline\\Pipeline->Illuminate\\Pipeline\\{closure}(Object(Illuminate\\Http\\Request))
#29 C:\\laragon\\www\\es_ldcu2\\vendor\\laravel\\framework\\src\\Illuminate\\Routing\\Router.php(683): Illuminate\\Pipeline\\Pipeline->then(Object(Closure))
#30 C:\\laragon\\www\\es_ldcu2\\vendor\\laravel\\framework\\src\\Illuminate\\Routing\\Router.php(658): Illuminate\\Routing\\Router->runRouteWithinStack(Object(Illuminate\\Routing\\Route), Object(Illuminate\\Http\\Request))
#31 C:\\laragon\\www\\es_ldcu2\\vendor\\laravel\\framework\\src\\Illuminate\\Routing\\Router.php(624): Illuminate\\Routing\\Router->runRoute(Object(Illuminate\\Http\\Request), Object(Illuminate\\Routing\\Route))
#32 C:\\laragon\\www\\es_ldcu2\\vendor\\laravel\\framework\\src\\Illuminate\\Routing\\Router.php(613): Illuminate\\Routing\\Router->dispatchToRoute(Object(Illuminate\\Http\\Request))
#33 C:\\laragon\\www\\es_ldcu2\\vendor\\laravel\\framework\\src\\Illuminate\\Foundation\\Http\\Kernel.php(170): Illuminate\\Routing\\Router->dispatch(Object(Illuminate\\Http\\Request))
#34 C:\\laragon\\www\\es_ldcu2\\vendor\\laravel\\framework\\src\\Illuminate\\Pipeline\\Pipeline.php(130): Illuminate\\Foundation\\Http\\Kernel->Illuminate\\Foundation\\Http\\{closure}(Object(Illuminate\\Http\\Request))
#35 C:\\laragon\\www\\es_ldcu2\\vendor\\laravel\\framework\\src\\Illuminate\\Foundation\\Http\\Middleware\\TransformsRequest.php(21): Illuminate\\Pipeline\\Pipeline->Illuminate\\Pipeline\\{closure}(Object(Illuminate\\Http\\Request))
#36 C:\\laragon\\www\\es_ldcu2\\vendor\\laravel\\framework\\src\\Illuminate\\Pipeline\\Pipeline.php(171): Illuminate\\Foundation\\Http\\Middleware\\TransformsRequest->handle(Object(Illuminate\\Http\\Request), Object(Closure))
#37 C:\\laragon\\www\\es_ldcu2\\vendor\\laravel\\framework\\src\\Illuminate\\Foundation\\Http\\Middleware\\TransformsRequest.php(21): Illuminate\\Pipeline\\Pipeline->Illuminate\\Pipeline\\{closure}(Object(Illuminate\\Http\\Request))
#38 C:\\laragon\\www\\es_ldcu2\\vendor\\laravel\\framework\\src\\Illuminate\\Pipeline\\Pipeline.php(171): Illuminate\\Foundation\\Http\\Middleware\\TransformsRequest->handle(Object(Illuminate\\Http\\Request), Object(Closure))
#39 C:\\laragon\\www\\es_ldcu2\\vendor\\laravel\\framework\\src\\Illuminate\\Foundation\\Http\\Middleware\\ValidatePostSize.php(27): Illuminate\\Pipeline\\Pipeline->Illuminate\\Pipeline\\{closure}(Object(Illuminate\\Http\\Request))
#40 C:\\laragon\\www\\es_ldcu2\\vendor\\laravel\\framework\\src\\Illuminate\\Pipeline\\Pipeline.php(171): Illuminate\\Foundation\\Http\\Middleware\\ValidatePostSize->handle(Object(Illuminate\\Http\\Request), Object(Closure))
#41 C:\\laragon\\www\\es_ldcu2\\vendor\\laravel\\framework\\src\\Illuminate\\Foundation\\Http\\Middleware\\CheckForMaintenanceMode.php(63): Illuminate\\Pipeline\\Pipeline->Illuminate\\Pipeline\\{closure}(Object(Illuminate\\Http\\Request))
#42 C:\\laragon\\www\\es_ldcu2\\vendor\\laravel\\framework\\src\\Illuminate\\Pipeline\\Pipeline.php(171): Illuminate\\Foundation\\Http\\Middleware\\CheckForMaintenanceMode->handle(Object(Illuminate\\Http\\Request), Object(Closure))
#43 C:\\laragon\\www\\es_ldcu2\\vendor\\fideloper\\proxy\\src\\TrustProxies.php(57): Illuminate\\Pipeline\\Pipeline->Illuminate\\Pipeline\\{closure}(Object(Illuminate\\Http\\Request))
#44 C:\\laragon\\www\\es_ldcu2\\vendor\\laravel\\framework\\src\\Illuminate\\Pipeline\\Pipeline.php(171): Fideloper\\Proxy\\TrustProxies->handle(Object(Illuminate\\Http\\Request), Object(Closure))
#45 C:\\laragon\\www\\es_ldcu2\\vendor\\laravel\\framework\\src\\Illuminate\\Pipeline\\Pipeline.php(105): Illuminate\\Pipeline\\Pipeline->Illuminate\\Pipeline\\{closure}(Object(Illuminate\\Http\\Request))
#46 C:\\laragon\\www\\es_ldcu2\\vendor\\laravel\\framework\\src\\Illuminate\\Foundation\\Http\\Kernel.php(145): Illuminate\\Pipeline\\Pipeline->then(Object(Closure))
#47 C:\\laragon\\www\\es_ldcu2\\vendor\\laravel\\framework\\src\\Illuminate\\Foundation\\Http\\Kernel.php(110): Illuminate\\Foundation\\Http\\Kernel->sendRequestThroughRouter(Object(Illuminate\\Http\\Request))
#48 C:\\laragon\\www\\es_ldcu2\\public\\index.php(55): Illuminate\\Foundation\\Http\\Kernel->handle(Object(Illuminate\\Http\\Request))
#49 C:\\laragon\\www\\es_ldcu2\\server.php(21): require_once('C:\\\\laragon\\\\www\\\\...')
#50 {main}
"} 
[2025-07-11 01:39:32] local.ERROR: Undefined variable: registrar (View: C:\laragon\www\es_ldcu2\resources\views\registrar\forms\tor\pdf\pdf_tor_gbbc_dompdf.blade.php) {"userId":1,"exception":"[object] (Facade\\Ignition\\Exceptions\\ViewException(code: 0): Undefined variable: registrar (View: C:\\laragon\\www\\es_ldcu2\\resources\\views\\registrar\\forms\\tor\\pdf\\pdf_tor_gbbc_dompdf.blade.php) at C:\\laragon\\www\\es_ldcu2\\resources\\views/registrar/forms/tor/pdf/pdf_tor_gbbc_dompdf.blade.php:211)
[stacktrace]
#0 C:\\laragon\\www\\es_ldcu2\\resources\\views/registrar/forms/tor/pdf/pdf_tor_gbbc_dompdf.blade.php(211): Illuminate\\Foundation\\Bootstrap\\HandleExceptions->handleError(8, 'Undefined varia...', 'C:\\\\laragon\\\\www\\\\...', 211, Array)
#1 C:\\laragon\\www\\es_ldcu2\\vendor\\laravel\\framework\\src\\Illuminate\\View\\Engines\\PhpEngine.php(43): include('C:\\\\laragon\\\\www\\\\...')
#2 C:\\laragon\\www\\es_ldcu2\\vendor\\laravel\\framework\\src\\Illuminate\\View\\Engines\\CompilerEngine.php(59): Illuminate\\View\\Engines\\PhpEngine->evaluatePath('C:\\\\laragon\\\\www\\\\...', Array)
#3 C:\\laragon\\www\\es_ldcu2\\vendor\\facade\\ignition\\src\\Views\\Engines\\CompilerEngine.php(36): Illuminate\\View\\Engines\\CompilerEngine->get('C:\\\\laragon\\\\www\\\\...', Array)
#4 C:\\laragon\\www\\es_ldcu2\\vendor\\laravel\\framework\\src\\Illuminate\\View\\View.php(143): Facade\\Ignition\\Views\\Engines\\CompilerEngine->get('C:\\\\laragon\\\\www\\\\...', Array)
#5 C:\\laragon\\www\\es_ldcu2\\vendor\\laravel\\framework\\src\\Illuminate\\View\\View.php(126): Illuminate\\View\\View->getContents()
#6 C:\\laragon\\www\\es_ldcu2\\vendor\\laravel\\framework\\src\\Illuminate\\View\\View.php(91): Illuminate\\View\\View->renderContents()
#7 C:\\laragon\\www\\es_ldcu2\\vendor\\barryvdh\\laravel-dompdf\\src\\PDF.php(132): Illuminate\\View\\View->render()
#8 C:\\laragon\\www\\es_ldcu2\\vendor\\barryvdh\\laravel-dompdf\\src\\Facade.php(31): Barryvdh\\DomPDF\\PDF->loadView('registrar/forms...', Array)
#9 C:\\laragon\\www\\es_ldcu2\\app\\Http\\Controllers\\Migration\\RegistrarMigration.php(447): Barryvdh\\DomPDF\\Facade::__callStatic('loadview', Array)
#10 C:\\laragon\\www\\es_ldcu2\\vendor\\laravel\\framework\\src\\Illuminate\\Routing\\Controller.php(54): App\\Http\\Controllers\\Migration\\RegistrarMigration->downloadTorMasterlistBatch(Object(Illuminate\\Http\\Request))
#11 C:\\laragon\\www\\es_ldcu2\\vendor\\laravel\\framework\\src\\Illuminate\\Routing\\ControllerDispatcher.php(45): Illuminate\\Routing\\Controller->callAction('downloadTorMast...', Array)
#12 C:\\laragon\\www\\es_ldcu2\\vendor\\laravel\\framework\\src\\Illuminate\\Routing\\Route.php(219): Illuminate\\Routing\\ControllerDispatcher->dispatch(Object(Illuminate\\Routing\\Route), Object(App\\Http\\Controllers\\Migration\\RegistrarMigration), 'downloadTorMast...')
#13 C:\\laragon\\www\\es_ldcu2\\vendor\\laravel\\framework\\src\\Illuminate\\Routing\\Route.php(176): Illuminate\\Routing\\Route->runController()
#14 C:\\laragon\\www\\es_ldcu2\\vendor\\laravel\\framework\\src\\Illuminate\\Routing\\Router.php(681): Illuminate\\Routing\\Route->run()
#15 C:\\laragon\\www\\es_ldcu2\\vendor\\laravel\\framework\\src\\Illuminate\\Pipeline\\Pipeline.php(130): Illuminate\\Routing\\Router->Illuminate\\Routing\\{closure}(Object(Illuminate\\Http\\Request))
#16 C:\\laragon\\www\\es_ldcu2\\vendor\\laravel\\framework\\src\\Illuminate\\Routing\\Middleware\\SubstituteBindings.php(41): Illuminate\\Pipeline\\Pipeline->Illuminate\\Pipeline\\{closure}(Object(Illuminate\\Http\\Request))
#17 C:\\laragon\\www\\es_ldcu2\\vendor\\laravel\\framework\\src\\Illuminate\\Pipeline\\Pipeline.php(171): Illuminate\\Routing\\Middleware\\SubstituteBindings->handle(Object(Illuminate\\Http\\Request), Object(Closure))
#18 C:\\laragon\\www\\es_ldcu2\\vendor\\laravel\\framework\\src\\Illuminate\\Foundation\\Http\\Middleware\\VerifyCsrfToken.php(78): Illuminate\\Pipeline\\Pipeline->Illuminate\\Pipeline\\{closure}(Object(Illuminate\\Http\\Request))
#19 C:\\laragon\\www\\es_ldcu2\\vendor\\laravel\\framework\\src\\Illuminate\\Pipeline\\Pipeline.php(171): Illuminate\\Foundation\\Http\\Middleware\\VerifyCsrfToken->handle(Object(Illuminate\\Http\\Request), Object(Closure))
#20 C:\\laragon\\www\\es_ldcu2\\vendor\\laravel\\framework\\src\\Illuminate\\View\\Middleware\\ShareErrorsFromSession.php(49): Illuminate\\Pipeline\\Pipeline->Illuminate\\Pipeline\\{closure}(Object(Illuminate\\Http\\Request))
#21 C:\\laragon\\www\\es_ldcu2\\vendor\\laravel\\framework\\src\\Illuminate\\Pipeline\\Pipeline.php(171): Illuminate\\View\\Middleware\\ShareErrorsFromSession->handle(Object(Illuminate\\Http\\Request), Object(Closure))
#22 C:\\laragon\\www\\es_ldcu2\\vendor\\laravel\\framework\\src\\Illuminate\\Session\\Middleware\\StartSession.php(56): Illuminate\\Pipeline\\Pipeline->Illuminate\\Pipeline\\{closure}(Object(Illuminate\\Http\\Request))
#23 C:\\laragon\\www\\es_ldcu2\\vendor\\laravel\\framework\\src\\Illuminate\\Pipeline\\Pipeline.php(171): Illuminate\\Session\\Middleware\\StartSession->handle(Object(Illuminate\\Http\\Request), Object(Closure))
#24 C:\\laragon\\www\\es_ldcu2\\vendor\\laravel\\framework\\src\\Illuminate\\Cookie\\Middleware\\AddQueuedCookiesToResponse.php(37): Illuminate\\Pipeline\\Pipeline->Illuminate\\Pipeline\\{closure}(Object(Illuminate\\Http\\Request))
#25 C:\\laragon\\www\\es_ldcu2\\vendor\\laravel\\framework\\src\\Illuminate\\Pipeline\\Pipeline.php(171): Illuminate\\Cookie\\Middleware\\AddQueuedCookiesToResponse->handle(Object(Illuminate\\Http\\Request), Object(Closure))
#26 C:\\laragon\\www\\es_ldcu2\\vendor\\laravel\\framework\\src\\Illuminate\\Cookie\\Middleware\\EncryptCookies.php(67): Illuminate\\Pipeline\\Pipeline->Illuminate\\Pipeline\\{closure}(Object(Illuminate\\Http\\Request))
#27 C:\\laragon\\www\\es_ldcu2\\vendor\\laravel\\framework\\src\\Illuminate\\Pipeline\\Pipeline.php(171): Illuminate\\Cookie\\Middleware\\EncryptCookies->handle(Object(Illuminate\\Http\\Request), Object(Closure))
#28 C:\\laragon\\www\\es_ldcu2\\vendor\\laravel\\framework\\src\\Illuminate\\Pipeline\\Pipeline.php(105): Illuminate\\Pipeline\\Pipeline->Illuminate\\Pipeline\\{closure}(Object(Illuminate\\Http\\Request))
#29 C:\\laragon\\www\\es_ldcu2\\vendor\\laravel\\framework\\src\\Illuminate\\Routing\\Router.php(683): Illuminate\\Pipeline\\Pipeline->then(Object(Closure))
#30 C:\\laragon\\www\\es_ldcu2\\vendor\\laravel\\framework\\src\\Illuminate\\Routing\\Router.php(658): Illuminate\\Routing\\Router->runRouteWithinStack(Object(Illuminate\\Routing\\Route), Object(Illuminate\\Http\\Request))
#31 C:\\laragon\\www\\es_ldcu2\\vendor\\laravel\\framework\\src\\Illuminate\\Routing\\Router.php(624): Illuminate\\Routing\\Router->runRoute(Object(Illuminate\\Http\\Request), Object(Illuminate\\Routing\\Route))
#32 C:\\laragon\\www\\es_ldcu2\\vendor\\laravel\\framework\\src\\Illuminate\\Routing\\Router.php(613): Illuminate\\Routing\\Router->dispatchToRoute(Object(Illuminate\\Http\\Request))
#33 C:\\laragon\\www\\es_ldcu2\\vendor\\laravel\\framework\\src\\Illuminate\\Foundation\\Http\\Kernel.php(170): Illuminate\\Routing\\Router->dispatch(Object(Illuminate\\Http\\Request))
#34 C:\\laragon\\www\\es_ldcu2\\vendor\\laravel\\framework\\src\\Illuminate\\Pipeline\\Pipeline.php(130): Illuminate\\Foundation\\Http\\Kernel->Illuminate\\Foundation\\Http\\{closure}(Object(Illuminate\\Http\\Request))
#35 C:\\laragon\\www\\es_ldcu2\\vendor\\laravel\\framework\\src\\Illuminate\\Foundation\\Http\\Middleware\\TransformsRequest.php(21): Illuminate\\Pipeline\\Pipeline->Illuminate\\Pipeline\\{closure}(Object(Illuminate\\Http\\Request))
#36 C:\\laragon\\www\\es_ldcu2\\vendor\\laravel\\framework\\src\\Illuminate\\Pipeline\\Pipeline.php(171): Illuminate\\Foundation\\Http\\Middleware\\TransformsRequest->handle(Object(Illuminate\\Http\\Request), Object(Closure))
#37 C:\\laragon\\www\\es_ldcu2\\vendor\\laravel\\framework\\src\\Illuminate\\Foundation\\Http\\Middleware\\TransformsRequest.php(21): Illuminate\\Pipeline\\Pipeline->Illuminate\\Pipeline\\{closure}(Object(Illuminate\\Http\\Request))
#38 C:\\laragon\\www\\es_ldcu2\\vendor\\laravel\\framework\\src\\Illuminate\\Pipeline\\Pipeline.php(171): Illuminate\\Foundation\\Http\\Middleware\\TransformsRequest->handle(Object(Illuminate\\Http\\Request), Object(Closure))
#39 C:\\laragon\\www\\es_ldcu2\\vendor\\laravel\\framework\\src\\Illuminate\\Foundation\\Http\\Middleware\\ValidatePostSize.php(27): Illuminate\\Pipeline\\Pipeline->Illuminate\\Pipeline\\{closure}(Object(Illuminate\\Http\\Request))
#40 C:\\laragon\\www\\es_ldcu2\\vendor\\laravel\\framework\\src\\Illuminate\\Pipeline\\Pipeline.php(171): Illuminate\\Foundation\\Http\\Middleware\\ValidatePostSize->handle(Object(Illuminate\\Http\\Request), Object(Closure))
#41 C:\\laragon\\www\\es_ldcu2\\vendor\\laravel\\framework\\src\\Illuminate\\Foundation\\Http\\Middleware\\CheckForMaintenanceMode.php(63): Illuminate\\Pipeline\\Pipeline->Illuminate\\Pipeline\\{closure}(Object(Illuminate\\Http\\Request))
#42 C:\\laragon\\www\\es_ldcu2\\vendor\\laravel\\framework\\src\\Illuminate\\Pipeline\\Pipeline.php(171): Illuminate\\Foundation\\Http\\Middleware\\CheckForMaintenanceMode->handle(Object(Illuminate\\Http\\Request), Object(Closure))
#43 C:\\laragon\\www\\es_ldcu2\\vendor\\fideloper\\proxy\\src\\TrustProxies.php(57): Illuminate\\Pipeline\\Pipeline->Illuminate\\Pipeline\\{closure}(Object(Illuminate\\Http\\Request))
#44 C:\\laragon\\www\\es_ldcu2\\vendor\\laravel\\framework\\src\\Illuminate\\Pipeline\\Pipeline.php(171): Fideloper\\Proxy\\TrustProxies->handle(Object(Illuminate\\Http\\Request), Object(Closure))
#45 C:\\laragon\\www\\es_ldcu2\\vendor\\laravel\\framework\\src\\Illuminate\\Pipeline\\Pipeline.php(105): Illuminate\\Pipeline\\Pipeline->Illuminate\\Pipeline\\{closure}(Object(Illuminate\\Http\\Request))
#46 C:\\laragon\\www\\es_ldcu2\\vendor\\laravel\\framework\\src\\Illuminate\\Foundation\\Http\\Kernel.php(145): Illuminate\\Pipeline\\Pipeline->then(Object(Closure))
#47 C:\\laragon\\www\\es_ldcu2\\vendor\\laravel\\framework\\src\\Illuminate\\Foundation\\Http\\Kernel.php(110): Illuminate\\Foundation\\Http\\Kernel->sendRequestThroughRouter(Object(Illuminate\\Http\\Request))
#48 C:\\laragon\\www\\es_ldcu2\\public\\index.php(55): Illuminate\\Foundation\\Http\\Kernel->handle(Object(Illuminate\\Http\\Request))
#49 C:\\laragon\\www\\es_ldcu2\\server.php(21): require_once('C:\\\\laragon\\\\www\\\\...')
#50 {main}

[previous exception] [object] (ErrorException(code: 0): Undefined variable: registrar at C:\\laragon\\www\\es_ldcu2\\storage\\framework\\views\\207429f329b38448eec31657a688ab8c42a8fe1f.php:211)
[stacktrace]
#0 C:\\laragon\\www\\es_ldcu2\\storage\\framework\\views\\207429f329b38448eec31657a688ab8c42a8fe1f.php(211): Illuminate\\Foundation\\Bootstrap\\HandleExceptions->handleError(8, 'Undefined varia...', 'C:\\\\laragon\\\\www\\\\...', 211, Array)
#1 C:\\laragon\\www\\es_ldcu2\\vendor\\laravel\\framework\\src\\Illuminate\\View\\Engines\\PhpEngine.php(43): include('C:\\\\laragon\\\\www\\\\...')
#2 C:\\laragon\\www\\es_ldcu2\\vendor\\laravel\\framework\\src\\Illuminate\\View\\Engines\\CompilerEngine.php(59): Illuminate\\View\\Engines\\PhpEngine->evaluatePath('C:\\\\laragon\\\\www\\\\...', Array)
#3 C:\\laragon\\www\\es_ldcu2\\vendor\\facade\\ignition\\src\\Views\\Engines\\CompilerEngine.php(36): Illuminate\\View\\Engines\\CompilerEngine->get('C:\\\\laragon\\\\www\\\\...', Array)
#4 C:\\laragon\\www\\es_ldcu2\\vendor\\laravel\\framework\\src\\Illuminate\\View\\View.php(143): Facade\\Ignition\\Views\\Engines\\CompilerEngine->get('C:\\\\laragon\\\\www\\\\...', Array)
#5 C:\\laragon\\www\\es_ldcu2\\vendor\\laravel\\framework\\src\\Illuminate\\View\\View.php(126): Illuminate\\View\\View->getContents()
#6 C:\\laragon\\www\\es_ldcu2\\vendor\\laravel\\framework\\src\\Illuminate\\View\\View.php(91): Illuminate\\View\\View->renderContents()
#7 C:\\laragon\\www\\es_ldcu2\\vendor\\barryvdh\\laravel-dompdf\\src\\PDF.php(132): Illuminate\\View\\View->render()
#8 C:\\laragon\\www\\es_ldcu2\\vendor\\barryvdh\\laravel-dompdf\\src\\Facade.php(31): Barryvdh\\DomPDF\\PDF->loadView('registrar/forms...', Array)
#9 C:\\laragon\\www\\es_ldcu2\\app\\Http\\Controllers\\Migration\\RegistrarMigration.php(447): Barryvdh\\DomPDF\\Facade::__callStatic('loadview', Array)
#10 C:\\laragon\\www\\es_ldcu2\\vendor\\laravel\\framework\\src\\Illuminate\\Routing\\Controller.php(54): App\\Http\\Controllers\\Migration\\RegistrarMigration->downloadTorMasterlistBatch(Object(Illuminate\\Http\\Request))
#11 C:\\laragon\\www\\es_ldcu2\\vendor\\laravel\\framework\\src\\Illuminate\\Routing\\ControllerDispatcher.php(45): Illuminate\\Routing\\Controller->callAction('downloadTorMast...', Array)
#12 C:\\laragon\\www\\es_ldcu2\\vendor\\laravel\\framework\\src\\Illuminate\\Routing\\Route.php(219): Illuminate\\Routing\\ControllerDispatcher->dispatch(Object(Illuminate\\Routing\\Route), Object(App\\Http\\Controllers\\Migration\\RegistrarMigration), 'downloadTorMast...')
#13 C:\\laragon\\www\\es_ldcu2\\vendor\\laravel\\framework\\src\\Illuminate\\Routing\\Route.php(176): Illuminate\\Routing\\Route->runController()
#14 C:\\laragon\\www\\es_ldcu2\\vendor\\laravel\\framework\\src\\Illuminate\\Routing\\Router.php(681): Illuminate\\Routing\\Route->run()
#15 C:\\laragon\\www\\es_ldcu2\\vendor\\laravel\\framework\\src\\Illuminate\\Pipeline\\Pipeline.php(130): Illuminate\\Routing\\Router->Illuminate\\Routing\\{closure}(Object(Illuminate\\Http\\Request))
#16 C:\\laragon\\www\\es_ldcu2\\vendor\\laravel\\framework\\src\\Illuminate\\Routing\\Middleware\\SubstituteBindings.php(41): Illuminate\\Pipeline\\Pipeline->Illuminate\\Pipeline\\{closure}(Object(Illuminate\\Http\\Request))
#17 C:\\laragon\\www\\es_ldcu2\\vendor\\laravel\\framework\\src\\Illuminate\\Pipeline\\Pipeline.php(171): Illuminate\\Routing\\Middleware\\SubstituteBindings->handle(Object(Illuminate\\Http\\Request), Object(Closure))
#18 C:\\laragon\\www\\es_ldcu2\\vendor\\laravel\\framework\\src\\Illuminate\\Foundation\\Http\\Middleware\\VerifyCsrfToken.php(78): Illuminate\\Pipeline\\Pipeline->Illuminate\\Pipeline\\{closure}(Object(Illuminate\\Http\\Request))
#19 C:\\laragon\\www\\es_ldcu2\\vendor\\laravel\\framework\\src\\Illuminate\\Pipeline\\Pipeline.php(171): Illuminate\\Foundation\\Http\\Middleware\\VerifyCsrfToken->handle(Object(Illuminate\\Http\\Request), Object(Closure))
#20 C:\\laragon\\www\\es_ldcu2\\vendor\\laravel\\framework\\src\\Illuminate\\View\\Middleware\\ShareErrorsFromSession.php(49): Illuminate\\Pipeline\\Pipeline->Illuminate\\Pipeline\\{closure}(Object(Illuminate\\Http\\Request))
#21 C:\\laragon\\www\\es_ldcu2\\vendor\\laravel\\framework\\src\\Illuminate\\Pipeline\\Pipeline.php(171): Illuminate\\View\\Middleware\\ShareErrorsFromSession->handle(Object(Illuminate\\Http\\Request), Object(Closure))
#22 C:\\laragon\\www\\es_ldcu2\\vendor\\laravel\\framework\\src\\Illuminate\\Session\\Middleware\\StartSession.php(56): Illuminate\\Pipeline\\Pipeline->Illuminate\\Pipeline\\{closure}(Object(Illuminate\\Http\\Request))
#23 C:\\laragon\\www\\es_ldcu2\\vendor\\laravel\\framework\\src\\Illuminate\\Pipeline\\Pipeline.php(171): Illuminate\\Session\\Middleware\\StartSession->handle(Object(Illuminate\\Http\\Request), Object(Closure))
#24 C:\\laragon\\www\\es_ldcu2\\vendor\\laravel\\framework\\src\\Illuminate\\Cookie\\Middleware\\AddQueuedCookiesToResponse.php(37): Illuminate\\Pipeline\\Pipeline->Illuminate\\Pipeline\\{closure}(Object(Illuminate\\Http\\Request))
#25 C:\\laragon\\www\\es_ldcu2\\vendor\\laravel\\framework\\src\\Illuminate\\Pipeline\\Pipeline.php(171): Illuminate\\Cookie\\Middleware\\AddQueuedCookiesToResponse->handle(Object(Illuminate\\Http\\Request), Object(Closure))
#26 C:\\laragon\\www\\es_ldcu2\\vendor\\laravel\\framework\\src\\Illuminate\\Cookie\\Middleware\\EncryptCookies.php(67): Illuminate\\Pipeline\\Pipeline->Illuminate\\Pipeline\\{closure}(Object(Illuminate\\Http\\Request))
#27 C:\\laragon\\www\\es_ldcu2\\vendor\\laravel\\framework\\src\\Illuminate\\Pipeline\\Pipeline.php(171): Illuminate\\Cookie\\Middleware\\EncryptCookies->handle(Object(Illuminate\\Http\\Request), Object(Closure))
#28 C:\\laragon\\www\\es_ldcu2\\vendor\\laravel\\framework\\src\\Illuminate\\Pipeline\\Pipeline.php(105): Illuminate\\Pipeline\\Pipeline->Illuminate\\Pipeline\\{closure}(Object(Illuminate\\Http\\Request))
#29 C:\\laragon\\www\\es_ldcu2\\vendor\\laravel\\framework\\src\\Illuminate\\Routing\\Router.php(683): Illuminate\\Pipeline\\Pipeline->then(Object(Closure))
#30 C:\\laragon\\www\\es_ldcu2\\vendor\\laravel\\framework\\src\\Illuminate\\Routing\\Router.php(658): Illuminate\\Routing\\Router->runRouteWithinStack(Object(Illuminate\\Routing\\Route), Object(Illuminate\\Http\\Request))
#31 C:\\laragon\\www\\es_ldcu2\\vendor\\laravel\\framework\\src\\Illuminate\\Routing\\Router.php(624): Illuminate\\Routing\\Router->runRoute(Object(Illuminate\\Http\\Request), Object(Illuminate\\Routing\\Route))
#32 C:\\laragon\\www\\es_ldcu2\\vendor\\laravel\\framework\\src\\Illuminate\\Routing\\Router.php(613): Illuminate\\Routing\\Router->dispatchToRoute(Object(Illuminate\\Http\\Request))
#33 C:\\laragon\\www\\es_ldcu2\\vendor\\laravel\\framework\\src\\Illuminate\\Foundation\\Http\\Kernel.php(170): Illuminate\\Routing\\Router->dispatch(Object(Illuminate\\Http\\Request))
#34 C:\\laragon\\www\\es_ldcu2\\vendor\\laravel\\framework\\src\\Illuminate\\Pipeline\\Pipeline.php(130): Illuminate\\Foundation\\Http\\Kernel->Illuminate\\Foundation\\Http\\{closure}(Object(Illuminate\\Http\\Request))
#35 C:\\laragon\\www\\es_ldcu2\\vendor\\laravel\\framework\\src\\Illuminate\\Foundation\\Http\\Middleware\\TransformsRequest.php(21): Illuminate\\Pipeline\\Pipeline->Illuminate\\Pipeline\\{closure}(Object(Illuminate\\Http\\Request))
#36 C:\\laragon\\www\\es_ldcu2\\vendor\\laravel\\framework\\src\\Illuminate\\Pipeline\\Pipeline.php(171): Illuminate\\Foundation\\Http\\Middleware\\TransformsRequest->handle(Object(Illuminate\\Http\\Request), Object(Closure))
#37 C:\\laragon\\www\\es_ldcu2\\vendor\\laravel\\framework\\src\\Illuminate\\Foundation\\Http\\Middleware\\TransformsRequest.php(21): Illuminate\\Pipeline\\Pipeline->Illuminate\\Pipeline\\{closure}(Object(Illuminate\\Http\\Request))
#38 C:\\laragon\\www\\es_ldcu2\\vendor\\laravel\\framework\\src\\Illuminate\\Pipeline\\Pipeline.php(171): Illuminate\\Foundation\\Http\\Middleware\\TransformsRequest->handle(Object(Illuminate\\Http\\Request), Object(Closure))
#39 C:\\laragon\\www\\es_ldcu2\\vendor\\laravel\\framework\\src\\Illuminate\\Foundation\\Http\\Middleware\\ValidatePostSize.php(27): Illuminate\\Pipeline\\Pipeline->Illuminate\\Pipeline\\{closure}(Object(Illuminate\\Http\\Request))
#40 C:\\laragon\\www\\es_ldcu2\\vendor\\laravel\\framework\\src\\Illuminate\\Pipeline\\Pipeline.php(171): Illuminate\\Foundation\\Http\\Middleware\\ValidatePostSize->handle(Object(Illuminate\\Http\\Request), Object(Closure))
#41 C:\\laragon\\www\\es_ldcu2\\vendor\\laravel\\framework\\src\\Illuminate\\Foundation\\Http\\Middleware\\CheckForMaintenanceMode.php(63): Illuminate\\Pipeline\\Pipeline->Illuminate\\Pipeline\\{closure}(Object(Illuminate\\Http\\Request))
#42 C:\\laragon\\www\\es_ldcu2\\vendor\\laravel\\framework\\src\\Illuminate\\Pipeline\\Pipeline.php(171): Illuminate\\Foundation\\Http\\Middleware\\CheckForMaintenanceMode->handle(Object(Illuminate\\Http\\Request), Object(Closure))
#43 C:\\laragon\\www\\es_ldcu2\\vendor\\fideloper\\proxy\\src\\TrustProxies.php(57): Illuminate\\Pipeline\\Pipeline->Illuminate\\Pipeline\\{closure}(Object(Illuminate\\Http\\Request))
#44 C:\\laragon\\www\\es_ldcu2\\vendor\\laravel\\framework\\src\\Illuminate\\Pipeline\\Pipeline.php(171): Fideloper\\Proxy\\TrustProxies->handle(Object(Illuminate\\Http\\Request), Object(Closure))
#45 C:\\laragon\\www\\es_ldcu2\\vendor\\laravel\\framework\\src\\Illuminate\\Pipeline\\Pipeline.php(105): Illuminate\\Pipeline\\Pipeline->Illuminate\\Pipeline\\{closure}(Object(Illuminate\\Http\\Request))
#46 C:\\laragon\\www\\es_ldcu2\\vendor\\laravel\\framework\\src\\Illuminate\\Foundation\\Http\\Kernel.php(145): Illuminate\\Pipeline\\Pipeline->then(Object(Closure))
#47 C:\\laragon\\www\\es_ldcu2\\vendor\\laravel\\framework\\src\\Illuminate\\Foundation\\Http\\Kernel.php(110): Illuminate\\Foundation\\Http\\Kernel->sendRequestThroughRouter(Object(Illuminate\\Http\\Request))
#48 C:\\laragon\\www\\es_ldcu2\\public\\index.php(55): Illuminate\\Foundation\\Http\\Kernel->handle(Object(Illuminate\\Http\\Request))
#49 C:\\laragon\\www\\es_ldcu2\\server.php(21): require_once('C:\\\\laragon\\\\www\\\\...')
#50 {main}
"} 
[2025-07-11 01:40:29] local.ERROR: Undefined variable: registrar (View: C:\laragon\www\es_ldcu2\resources\views\registrar\forms\tor\pdf\pdf_tor_gbbc_dompdf.blade.php) {"userId":1,"exception":"[object] (Facade\\Ignition\\Exceptions\\ViewException(code: 0): Undefined variable: registrar (View: C:\\laragon\\www\\es_ldcu2\\resources\\views\\registrar\\forms\\tor\\pdf\\pdf_tor_gbbc_dompdf.blade.php) at C:\\laragon\\www\\es_ldcu2\\resources\\views/registrar/forms/tor/pdf/pdf_tor_gbbc_dompdf.blade.php:211)
[stacktrace]
#0 C:\\laragon\\www\\es_ldcu2\\resources\\views/registrar/forms/tor/pdf/pdf_tor_gbbc_dompdf.blade.php(211): Illuminate\\Foundation\\Bootstrap\\HandleExceptions->handleError(8, 'Undefined varia...', 'C:\\\\laragon\\\\www\\\\...', 211, Array)
#1 C:\\laragon\\www\\es_ldcu2\\vendor\\laravel\\framework\\src\\Illuminate\\View\\Engines\\PhpEngine.php(43): include('C:\\\\laragon\\\\www\\\\...')
#2 C:\\laragon\\www\\es_ldcu2\\vendor\\laravel\\framework\\src\\Illuminate\\View\\Engines\\CompilerEngine.php(59): Illuminate\\View\\Engines\\PhpEngine->evaluatePath('C:\\\\laragon\\\\www\\\\...', Array)
#3 C:\\laragon\\www\\es_ldcu2\\vendor\\facade\\ignition\\src\\Views\\Engines\\CompilerEngine.php(36): Illuminate\\View\\Engines\\CompilerEngine->get('C:\\\\laragon\\\\www\\\\...', Array)
#4 C:\\laragon\\www\\es_ldcu2\\vendor\\laravel\\framework\\src\\Illuminate\\View\\View.php(143): Facade\\Ignition\\Views\\Engines\\CompilerEngine->get('C:\\\\laragon\\\\www\\\\...', Array)
#5 C:\\laragon\\www\\es_ldcu2\\vendor\\laravel\\framework\\src\\Illuminate\\View\\View.php(126): Illuminate\\View\\View->getContents()
#6 C:\\laragon\\www\\es_ldcu2\\vendor\\laravel\\framework\\src\\Illuminate\\View\\View.php(91): Illuminate\\View\\View->renderContents()
#7 C:\\laragon\\www\\es_ldcu2\\vendor\\barryvdh\\laravel-dompdf\\src\\PDF.php(132): Illuminate\\View\\View->render()
#8 C:\\laragon\\www\\es_ldcu2\\vendor\\barryvdh\\laravel-dompdf\\src\\Facade.php(31): Barryvdh\\DomPDF\\PDF->loadView('registrar/forms...', Array)
#9 C:\\laragon\\www\\es_ldcu2\\app\\Http\\Controllers\\Migration\\RegistrarMigration.php(447): Barryvdh\\DomPDF\\Facade::__callStatic('loadview', Array)
#10 C:\\laragon\\www\\es_ldcu2\\vendor\\laravel\\framework\\src\\Illuminate\\Routing\\Controller.php(54): App\\Http\\Controllers\\Migration\\RegistrarMigration->downloadTorMasterlistBatch(Object(Illuminate\\Http\\Request))
#11 C:\\laragon\\www\\es_ldcu2\\vendor\\laravel\\framework\\src\\Illuminate\\Routing\\ControllerDispatcher.php(45): Illuminate\\Routing\\Controller->callAction('downloadTorMast...', Array)
#12 C:\\laragon\\www\\es_ldcu2\\vendor\\laravel\\framework\\src\\Illuminate\\Routing\\Route.php(219): Illuminate\\Routing\\ControllerDispatcher->dispatch(Object(Illuminate\\Routing\\Route), Object(App\\Http\\Controllers\\Migration\\RegistrarMigration), 'downloadTorMast...')
#13 C:\\laragon\\www\\es_ldcu2\\vendor\\laravel\\framework\\src\\Illuminate\\Routing\\Route.php(176): Illuminate\\Routing\\Route->runController()
#14 C:\\laragon\\www\\es_ldcu2\\vendor\\laravel\\framework\\src\\Illuminate\\Routing\\Router.php(681): Illuminate\\Routing\\Route->run()
#15 C:\\laragon\\www\\es_ldcu2\\vendor\\laravel\\framework\\src\\Illuminate\\Pipeline\\Pipeline.php(130): Illuminate\\Routing\\Router->Illuminate\\Routing\\{closure}(Object(Illuminate\\Http\\Request))
#16 C:\\laragon\\www\\es_ldcu2\\vendor\\laravel\\framework\\src\\Illuminate\\Routing\\Middleware\\SubstituteBindings.php(41): Illuminate\\Pipeline\\Pipeline->Illuminate\\Pipeline\\{closure}(Object(Illuminate\\Http\\Request))
#17 C:\\laragon\\www\\es_ldcu2\\vendor\\laravel\\framework\\src\\Illuminate\\Pipeline\\Pipeline.php(171): Illuminate\\Routing\\Middleware\\SubstituteBindings->handle(Object(Illuminate\\Http\\Request), Object(Closure))
#18 C:\\laragon\\www\\es_ldcu2\\vendor\\laravel\\framework\\src\\Illuminate\\Foundation\\Http\\Middleware\\VerifyCsrfToken.php(78): Illuminate\\Pipeline\\Pipeline->Illuminate\\Pipeline\\{closure}(Object(Illuminate\\Http\\Request))
#19 C:\\laragon\\www\\es_ldcu2\\vendor\\laravel\\framework\\src\\Illuminate\\Pipeline\\Pipeline.php(171): Illuminate\\Foundation\\Http\\Middleware\\VerifyCsrfToken->handle(Object(Illuminate\\Http\\Request), Object(Closure))
#20 C:\\laragon\\www\\es_ldcu2\\vendor\\laravel\\framework\\src\\Illuminate\\View\\Middleware\\ShareErrorsFromSession.php(49): Illuminate\\Pipeline\\Pipeline->Illuminate\\Pipeline\\{closure}(Object(Illuminate\\Http\\Request))
#21 C:\\laragon\\www\\es_ldcu2\\vendor\\laravel\\framework\\src\\Illuminate\\Pipeline\\Pipeline.php(171): Illuminate\\View\\Middleware\\ShareErrorsFromSession->handle(Object(Illuminate\\Http\\Request), Object(Closure))
#22 C:\\laragon\\www\\es_ldcu2\\vendor\\laravel\\framework\\src\\Illuminate\\Session\\Middleware\\StartSession.php(56): Illuminate\\Pipeline\\Pipeline->Illuminate\\Pipeline\\{closure}(Object(Illuminate\\Http\\Request))
#23 C:\\laragon\\www\\es_ldcu2\\vendor\\laravel\\framework\\src\\Illuminate\\Pipeline\\Pipeline.php(171): Illuminate\\Session\\Middleware\\StartSession->handle(Object(Illuminate\\Http\\Request), Object(Closure))
#24 C:\\laragon\\www\\es_ldcu2\\vendor\\laravel\\framework\\src\\Illuminate\\Cookie\\Middleware\\AddQueuedCookiesToResponse.php(37): Illuminate\\Pipeline\\Pipeline->Illuminate\\Pipeline\\{closure}(Object(Illuminate\\Http\\Request))
#25 C:\\laragon\\www\\es_ldcu2\\vendor\\laravel\\framework\\src\\Illuminate\\Pipeline\\Pipeline.php(171): Illuminate\\Cookie\\Middleware\\AddQueuedCookiesToResponse->handle(Object(Illuminate\\Http\\Request), Object(Closure))
#26 C:\\laragon\\www\\es_ldcu2\\vendor\\laravel\\framework\\src\\Illuminate\\Cookie\\Middleware\\EncryptCookies.php(67): Illuminate\\Pipeline\\Pipeline->Illuminate\\Pipeline\\{closure}(Object(Illuminate\\Http\\Request))
#27 C:\\laragon\\www\\es_ldcu2\\vendor\\laravel\\framework\\src\\Illuminate\\Pipeline\\Pipeline.php(171): Illuminate\\Cookie\\Middleware\\EncryptCookies->handle(Object(Illuminate\\Http\\Request), Object(Closure))
#28 C:\\laragon\\www\\es_ldcu2\\vendor\\laravel\\framework\\src\\Illuminate\\Pipeline\\Pipeline.php(105): Illuminate\\Pipeline\\Pipeline->Illuminate\\Pipeline\\{closure}(Object(Illuminate\\Http\\Request))
#29 C:\\laragon\\www\\es_ldcu2\\vendor\\laravel\\framework\\src\\Illuminate\\Routing\\Router.php(683): Illuminate\\Pipeline\\Pipeline->then(Object(Closure))
#30 C:\\laragon\\www\\es_ldcu2\\vendor\\laravel\\framework\\src\\Illuminate\\Routing\\Router.php(658): Illuminate\\Routing\\Router->runRouteWithinStack(Object(Illuminate\\Routing\\Route), Object(Illuminate\\Http\\Request))
#31 C:\\laragon\\www\\es_ldcu2\\vendor\\laravel\\framework\\src\\Illuminate\\Routing\\Router.php(624): Illuminate\\Routing\\Router->runRoute(Object(Illuminate\\Http\\Request), Object(Illuminate\\Routing\\Route))
#32 C:\\laragon\\www\\es_ldcu2\\vendor\\laravel\\framework\\src\\Illuminate\\Routing\\Router.php(613): Illuminate\\Routing\\Router->dispatchToRoute(Object(Illuminate\\Http\\Request))
#33 C:\\laragon\\www\\es_ldcu2\\vendor\\laravel\\framework\\src\\Illuminate\\Foundation\\Http\\Kernel.php(170): Illuminate\\Routing\\Router->dispatch(Object(Illuminate\\Http\\Request))
#34 C:\\laragon\\www\\es_ldcu2\\vendor\\laravel\\framework\\src\\Illuminate\\Pipeline\\Pipeline.php(130): Illuminate\\Foundation\\Http\\Kernel->Illuminate\\Foundation\\Http\\{closure}(Object(Illuminate\\Http\\Request))
#35 C:\\laragon\\www\\es_ldcu2\\vendor\\laravel\\framework\\src\\Illuminate\\Foundation\\Http\\Middleware\\TransformsRequest.php(21): Illuminate\\Pipeline\\Pipeline->Illuminate\\Pipeline\\{closure}(Object(Illuminate\\Http\\Request))
#36 C:\\laragon\\www\\es_ldcu2\\vendor\\laravel\\framework\\src\\Illuminate\\Pipeline\\Pipeline.php(171): Illuminate\\Foundation\\Http\\Middleware\\TransformsRequest->handle(Object(Illuminate\\Http\\Request), Object(Closure))
#37 C:\\laragon\\www\\es_ldcu2\\vendor\\laravel\\framework\\src\\Illuminate\\Foundation\\Http\\Middleware\\TransformsRequest.php(21): Illuminate\\Pipeline\\Pipeline->Illuminate\\Pipeline\\{closure}(Object(Illuminate\\Http\\Request))
#38 C:\\laragon\\www\\es_ldcu2\\vendor\\laravel\\framework\\src\\Illuminate\\Pipeline\\Pipeline.php(171): Illuminate\\Foundation\\Http\\Middleware\\TransformsRequest->handle(Object(Illuminate\\Http\\Request), Object(Closure))
#39 C:\\laragon\\www\\es_ldcu2\\vendor\\laravel\\framework\\src\\Illuminate\\Foundation\\Http\\Middleware\\ValidatePostSize.php(27): Illuminate\\Pipeline\\Pipeline->Illuminate\\Pipeline\\{closure}(Object(Illuminate\\Http\\Request))
#40 C:\\laragon\\www\\es_ldcu2\\vendor\\laravel\\framework\\src\\Illuminate\\Pipeline\\Pipeline.php(171): Illuminate\\Foundation\\Http\\Middleware\\ValidatePostSize->handle(Object(Illuminate\\Http\\Request), Object(Closure))
#41 C:\\laragon\\www\\es_ldcu2\\vendor\\laravel\\framework\\src\\Illuminate\\Foundation\\Http\\Middleware\\CheckForMaintenanceMode.php(63): Illuminate\\Pipeline\\Pipeline->Illuminate\\Pipeline\\{closure}(Object(Illuminate\\Http\\Request))
#42 C:\\laragon\\www\\es_ldcu2\\vendor\\laravel\\framework\\src\\Illuminate\\Pipeline\\Pipeline.php(171): Illuminate\\Foundation\\Http\\Middleware\\CheckForMaintenanceMode->handle(Object(Illuminate\\Http\\Request), Object(Closure))
#43 C:\\laragon\\www\\es_ldcu2\\vendor\\fideloper\\proxy\\src\\TrustProxies.php(57): Illuminate\\Pipeline\\Pipeline->Illuminate\\Pipeline\\{closure}(Object(Illuminate\\Http\\Request))
#44 C:\\laragon\\www\\es_ldcu2\\vendor\\laravel\\framework\\src\\Illuminate\\Pipeline\\Pipeline.php(171): Fideloper\\Proxy\\TrustProxies->handle(Object(Illuminate\\Http\\Request), Object(Closure))
#45 C:\\laragon\\www\\es_ldcu2\\vendor\\laravel\\framework\\src\\Illuminate\\Pipeline\\Pipeline.php(105): Illuminate\\Pipeline\\Pipeline->Illuminate\\Pipeline\\{closure}(Object(Illuminate\\Http\\Request))
#46 C:\\laragon\\www\\es_ldcu2\\vendor\\laravel\\framework\\src\\Illuminate\\Foundation\\Http\\Kernel.php(145): Illuminate\\Pipeline\\Pipeline->then(Object(Closure))
#47 C:\\laragon\\www\\es_ldcu2\\vendor\\laravel\\framework\\src\\Illuminate\\Foundation\\Http\\Kernel.php(110): Illuminate\\Foundation\\Http\\Kernel->sendRequestThroughRouter(Object(Illuminate\\Http\\Request))
#48 C:\\laragon\\www\\es_ldcu2\\public\\index.php(55): Illuminate\\Foundation\\Http\\Kernel->handle(Object(Illuminate\\Http\\Request))
#49 C:\\laragon\\www\\es_ldcu2\\server.php(21): require_once('C:\\\\laragon\\\\www\\\\...')
#50 {main}

[previous exception] [object] (ErrorException(code: 0): Undefined variable: registrar at C:\\laragon\\www\\es_ldcu2\\storage\\framework\\views\\207429f329b38448eec31657a688ab8c42a8fe1f.php:211)
[stacktrace]
#0 C:\\laragon\\www\\es_ldcu2\\storage\\framework\\views\\207429f329b38448eec31657a688ab8c42a8fe1f.php(211): Illuminate\\Foundation\\Bootstrap\\HandleExceptions->handleError(8, 'Undefined varia...', 'C:\\\\laragon\\\\www\\\\...', 211, Array)
#1 C:\\laragon\\www\\es_ldcu2\\vendor\\laravel\\framework\\src\\Illuminate\\View\\Engines\\PhpEngine.php(43): include('C:\\\\laragon\\\\www\\\\...')
#2 C:\\laragon\\www\\es_ldcu2\\vendor\\laravel\\framework\\src\\Illuminate\\View\\Engines\\CompilerEngine.php(59): Illuminate\\View\\Engines\\PhpEngine->evaluatePath('C:\\\\laragon\\\\www\\\\...', Array)
#3 C:\\laragon\\www\\es_ldcu2\\vendor\\facade\\ignition\\src\\Views\\Engines\\CompilerEngine.php(36): Illuminate\\View\\Engines\\CompilerEngine->get('C:\\\\laragon\\\\www\\\\...', Array)
#4 C:\\laragon\\www\\es_ldcu2\\vendor\\laravel\\framework\\src\\Illuminate\\View\\View.php(143): Facade\\Ignition\\Views\\Engines\\CompilerEngine->get('C:\\\\laragon\\\\www\\\\...', Array)
#5 C:\\laragon\\www\\es_ldcu2\\vendor\\laravel\\framework\\src\\Illuminate\\View\\View.php(126): Illuminate\\View\\View->getContents()
#6 C:\\laragon\\www\\es_ldcu2\\vendor\\laravel\\framework\\src\\Illuminate\\View\\View.php(91): Illuminate\\View\\View->renderContents()
#7 C:\\laragon\\www\\es_ldcu2\\vendor\\barryvdh\\laravel-dompdf\\src\\PDF.php(132): Illuminate\\View\\View->render()
#8 C:\\laragon\\www\\es_ldcu2\\vendor\\barryvdh\\laravel-dompdf\\src\\Facade.php(31): Barryvdh\\DomPDF\\PDF->loadView('registrar/forms...', Array)
#9 C:\\laragon\\www\\es_ldcu2\\app\\Http\\Controllers\\Migration\\RegistrarMigration.php(447): Barryvdh\\DomPDF\\Facade::__callStatic('loadview', Array)
#10 C:\\laragon\\www\\es_ldcu2\\vendor\\laravel\\framework\\src\\Illuminate\\Routing\\Controller.php(54): App\\Http\\Controllers\\Migration\\RegistrarMigration->downloadTorMasterlistBatch(Object(Illuminate\\Http\\Request))
#11 C:\\laragon\\www\\es_ldcu2\\vendor\\laravel\\framework\\src\\Illuminate\\Routing\\ControllerDispatcher.php(45): Illuminate\\Routing\\Controller->callAction('downloadTorMast...', Array)
#12 C:\\laragon\\www\\es_ldcu2\\vendor\\laravel\\framework\\src\\Illuminate\\Routing\\Route.php(219): Illuminate\\Routing\\ControllerDispatcher->dispatch(Object(Illuminate\\Routing\\Route), Object(App\\Http\\Controllers\\Migration\\RegistrarMigration), 'downloadTorMast...')
#13 C:\\laragon\\www\\es_ldcu2\\vendor\\laravel\\framework\\src\\Illuminate\\Routing\\Route.php(176): Illuminate\\Routing\\Route->runController()
#14 C:\\laragon\\www\\es_ldcu2\\vendor\\laravel\\framework\\src\\Illuminate\\Routing\\Router.php(681): Illuminate\\Routing\\Route->run()
#15 C:\\laragon\\www\\es_ldcu2\\vendor\\laravel\\framework\\src\\Illuminate\\Pipeline\\Pipeline.php(130): Illuminate\\Routing\\Router->Illuminate\\Routing\\{closure}(Object(Illuminate\\Http\\Request))
#16 C:\\laragon\\www\\es_ldcu2\\vendor\\laravel\\framework\\src\\Illuminate\\Routing\\Middleware\\SubstituteBindings.php(41): Illuminate\\Pipeline\\Pipeline->Illuminate\\Pipeline\\{closure}(Object(Illuminate\\Http\\Request))
#17 C:\\laragon\\www\\es_ldcu2\\vendor\\laravel\\framework\\src\\Illuminate\\Pipeline\\Pipeline.php(171): Illuminate\\Routing\\Middleware\\SubstituteBindings->handle(Object(Illuminate\\Http\\Request), Object(Closure))
#18 C:\\laragon\\www\\es_ldcu2\\vendor\\laravel\\framework\\src\\Illuminate\\Foundation\\Http\\Middleware\\VerifyCsrfToken.php(78): Illuminate\\Pipeline\\Pipeline->Illuminate\\Pipeline\\{closure}(Object(Illuminate\\Http\\Request))
#19 C:\\laragon\\www\\es_ldcu2\\vendor\\laravel\\framework\\src\\Illuminate\\Pipeline\\Pipeline.php(171): Illuminate\\Foundation\\Http\\Middleware\\VerifyCsrfToken->handle(Object(Illuminate\\Http\\Request), Object(Closure))
#20 C:\\laragon\\www\\es_ldcu2\\vendor\\laravel\\framework\\src\\Illuminate\\View\\Middleware\\ShareErrorsFromSession.php(49): Illuminate\\Pipeline\\Pipeline->Illuminate\\Pipeline\\{closure}(Object(Illuminate\\Http\\Request))
#21 C:\\laragon\\www\\es_ldcu2\\vendor\\laravel\\framework\\src\\Illuminate\\Pipeline\\Pipeline.php(171): Illuminate\\View\\Middleware\\ShareErrorsFromSession->handle(Object(Illuminate\\Http\\Request), Object(Closure))
#22 C:\\laragon\\www\\es_ldcu2\\vendor\\laravel\\framework\\src\\Illuminate\\Session\\Middleware\\StartSession.php(56): Illuminate\\Pipeline\\Pipeline->Illuminate\\Pipeline\\{closure}(Object(Illuminate\\Http\\Request))
#23 C:\\laragon\\www\\es_ldcu2\\vendor\\laravel\\framework\\src\\Illuminate\\Pipeline\\Pipeline.php(171): Illuminate\\Session\\Middleware\\StartSession->handle(Object(Illuminate\\Http\\Request), Object(Closure))
#24 C:\\laragon\\www\\es_ldcu2\\vendor\\laravel\\framework\\src\\Illuminate\\Cookie\\Middleware\\AddQueuedCookiesToResponse.php(37): Illuminate\\Pipeline\\Pipeline->Illuminate\\Pipeline\\{closure}(Object(Illuminate\\Http\\Request))
#25 C:\\laragon\\www\\es_ldcu2\\vendor\\laravel\\framework\\src\\Illuminate\\Pipeline\\Pipeline.php(171): Illuminate\\Cookie\\Middleware\\AddQueuedCookiesToResponse->handle(Object(Illuminate\\Http\\Request), Object(Closure))
#26 C:\\laragon\\www\\es_ldcu2\\vendor\\laravel\\framework\\src\\Illuminate\\Cookie\\Middleware\\EncryptCookies.php(67): Illuminate\\Pipeline\\Pipeline->Illuminate\\Pipeline\\{closure}(Object(Illuminate\\Http\\Request))
#27 C:\\laragon\\www\\es_ldcu2\\vendor\\laravel\\framework\\src\\Illuminate\\Pipeline\\Pipeline.php(171): Illuminate\\Cookie\\Middleware\\EncryptCookies->handle(Object(Illuminate\\Http\\Request), Object(Closure))
#28 C:\\laragon\\www\\es_ldcu2\\vendor\\laravel\\framework\\src\\Illuminate\\Pipeline\\Pipeline.php(105): Illuminate\\Pipeline\\Pipeline->Illuminate\\Pipeline\\{closure}(Object(Illuminate\\Http\\Request))
#29 C:\\laragon\\www\\es_ldcu2\\vendor\\laravel\\framework\\src\\Illuminate\\Routing\\Router.php(683): Illuminate\\Pipeline\\Pipeline->then(Object(Closure))
#30 C:\\laragon\\www\\es_ldcu2\\vendor\\laravel\\framework\\src\\Illuminate\\Routing\\Router.php(658): Illuminate\\Routing\\Router->runRouteWithinStack(Object(Illuminate\\Routing\\Route), Object(Illuminate\\Http\\Request))
#31 C:\\laragon\\www\\es_ldcu2\\vendor\\laravel\\framework\\src\\Illuminate\\Routing\\Router.php(624): Illuminate\\Routing\\Router->runRoute(Object(Illuminate\\Http\\Request), Object(Illuminate\\Routing\\Route))
#32 C:\\laragon\\www\\es_ldcu2\\vendor\\laravel\\framework\\src\\Illuminate\\Routing\\Router.php(613): Illuminate\\Routing\\Router->dispatchToRoute(Object(Illuminate\\Http\\Request))
#33 C:\\laragon\\www\\es_ldcu2\\vendor\\laravel\\framework\\src\\Illuminate\\Foundation\\Http\\Kernel.php(170): Illuminate\\Routing\\Router->dispatch(Object(Illuminate\\Http\\Request))
#34 C:\\laragon\\www\\es_ldcu2\\vendor\\laravel\\framework\\src\\Illuminate\\Pipeline\\Pipeline.php(130): Illuminate\\Foundation\\Http\\Kernel->Illuminate\\Foundation\\Http\\{closure}(Object(Illuminate\\Http\\Request))
#35 C:\\laragon\\www\\es_ldcu2\\vendor\\laravel\\framework\\src\\Illuminate\\Foundation\\Http\\Middleware\\TransformsRequest.php(21): Illuminate\\Pipeline\\Pipeline->Illuminate\\Pipeline\\{closure}(Object(Illuminate\\Http\\Request))
#36 C:\\laragon\\www\\es_ldcu2\\vendor\\laravel\\framework\\src\\Illuminate\\Pipeline\\Pipeline.php(171): Illuminate\\Foundation\\Http\\Middleware\\TransformsRequest->handle(Object(Illuminate\\Http\\Request), Object(Closure))
#37 C:\\laragon\\www\\es_ldcu2\\vendor\\laravel\\framework\\src\\Illuminate\\Foundation\\Http\\Middleware\\TransformsRequest.php(21): Illuminate\\Pipeline\\Pipeline->Illuminate\\Pipeline\\{closure}(Object(Illuminate\\Http\\Request))
#38 C:\\laragon\\www\\es_ldcu2\\vendor\\laravel\\framework\\src\\Illuminate\\Pipeline\\Pipeline.php(171): Illuminate\\Foundation\\Http\\Middleware\\TransformsRequest->handle(Object(Illuminate\\Http\\Request), Object(Closure))
#39 C:\\laragon\\www\\es_ldcu2\\vendor\\laravel\\framework\\src\\Illuminate\\Foundation\\Http\\Middleware\\ValidatePostSize.php(27): Illuminate\\Pipeline\\Pipeline->Illuminate\\Pipeline\\{closure}(Object(Illuminate\\Http\\Request))
#40 C:\\laragon\\www\\es_ldcu2\\vendor\\laravel\\framework\\src\\Illuminate\\Pipeline\\Pipeline.php(171): Illuminate\\Foundation\\Http\\Middleware\\ValidatePostSize->handle(Object(Illuminate\\Http\\Request), Object(Closure))
#41 C:\\laragon\\www\\es_ldcu2\\vendor\\laravel\\framework\\src\\Illuminate\\Foundation\\Http\\Middleware\\CheckForMaintenanceMode.php(63): Illuminate\\Pipeline\\Pipeline->Illuminate\\Pipeline\\{closure}(Object(Illuminate\\Http\\Request))
#42 C:\\laragon\\www\\es_ldcu2\\vendor\\laravel\\framework\\src\\Illuminate\\Pipeline\\Pipeline.php(171): Illuminate\\Foundation\\Http\\Middleware\\CheckForMaintenanceMode->handle(Object(Illuminate\\Http\\Request), Object(Closure))
#43 C:\\laragon\\www\\es_ldcu2\\vendor\\fideloper\\proxy\\src\\TrustProxies.php(57): Illuminate\\Pipeline\\Pipeline->Illuminate\\Pipeline\\{closure}(Object(Illuminate\\Http\\Request))
#44 C:\\laragon\\www\\es_ldcu2\\vendor\\laravel\\framework\\src\\Illuminate\\Pipeline\\Pipeline.php(171): Fideloper\\Proxy\\TrustProxies->handle(Object(Illuminate\\Http\\Request), Object(Closure))
#45 C:\\laragon\\www\\es_ldcu2\\vendor\\laravel\\framework\\src\\Illuminate\\Pipeline\\Pipeline.php(105): Illuminate\\Pipeline\\Pipeline->Illuminate\\Pipeline\\{closure}(Object(Illuminate\\Http\\Request))
#46 C:\\laragon\\www\\es_ldcu2\\vendor\\laravel\\framework\\src\\Illuminate\\Foundation\\Http\\Kernel.php(145): Illuminate\\Pipeline\\Pipeline->then(Object(Closure))
#47 C:\\laragon\\www\\es_ldcu2\\vendor\\laravel\\framework\\src\\Illuminate\\Foundation\\Http\\Kernel.php(110): Illuminate\\Foundation\\Http\\Kernel->sendRequestThroughRouter(Object(Illuminate\\Http\\Request))
#48 C:\\laragon\\www\\es_ldcu2\\public\\index.php(55): Illuminate\\Foundation\\Http\\Kernel->handle(Object(Illuminate\\Http\\Request))
#49 C:\\laragon\\www\\es_ldcu2\\server.php(21): require_once('C:\\\\laragon\\\\www\\\\...')
#50 {main}
"} 
[2025-07-11 01:42:21] local.ERROR: Undefined variable: registrar (View: C:\laragon\www\es_ldcu2\resources\views\registrar\forms\tor\pdf\pdf_tor_gbbc_dompdf.blade.php) {"userId":1,"exception":"[object] (Facade\\Ignition\\Exceptions\\ViewException(code: 0): Undefined variable: registrar (View: C:\\laragon\\www\\es_ldcu2\\resources\\views\\registrar\\forms\\tor\\pdf\\pdf_tor_gbbc_dompdf.blade.php) at C:\\laragon\\www\\es_ldcu2\\resources\\views/registrar/forms/tor/pdf/pdf_tor_gbbc_dompdf.blade.php:211)
[stacktrace]
#0 C:\\laragon\\www\\es_ldcu2\\resources\\views/registrar/forms/tor/pdf/pdf_tor_gbbc_dompdf.blade.php(211): Illuminate\\Foundation\\Bootstrap\\HandleExceptions->handleError(8, 'Undefined varia...', 'C:\\\\laragon\\\\www\\\\...', 211, Array)
#1 C:\\laragon\\www\\es_ldcu2\\vendor\\laravel\\framework\\src\\Illuminate\\View\\Engines\\PhpEngine.php(43): include('C:\\\\laragon\\\\www\\\\...')
#2 C:\\laragon\\www\\es_ldcu2\\vendor\\laravel\\framework\\src\\Illuminate\\View\\Engines\\CompilerEngine.php(59): Illuminate\\View\\Engines\\PhpEngine->evaluatePath('C:\\\\laragon\\\\www\\\\...', Array)
#3 C:\\laragon\\www\\es_ldcu2\\vendor\\facade\\ignition\\src\\Views\\Engines\\CompilerEngine.php(36): Illuminate\\View\\Engines\\CompilerEngine->get('C:\\\\laragon\\\\www\\\\...', Array)
#4 C:\\laragon\\www\\es_ldcu2\\vendor\\laravel\\framework\\src\\Illuminate\\View\\View.php(143): Facade\\Ignition\\Views\\Engines\\CompilerEngine->get('C:\\\\laragon\\\\www\\\\...', Array)
#5 C:\\laragon\\www\\es_ldcu2\\vendor\\laravel\\framework\\src\\Illuminate\\View\\View.php(126): Illuminate\\View\\View->getContents()
#6 C:\\laragon\\www\\es_ldcu2\\vendor\\laravel\\framework\\src\\Illuminate\\View\\View.php(91): Illuminate\\View\\View->renderContents()
#7 C:\\laragon\\www\\es_ldcu2\\vendor\\barryvdh\\laravel-dompdf\\src\\PDF.php(132): Illuminate\\View\\View->render()
#8 C:\\laragon\\www\\es_ldcu2\\vendor\\barryvdh\\laravel-dompdf\\src\\Facade.php(31): Barryvdh\\DomPDF\\PDF->loadView('registrar/forms...', Array)
#9 C:\\laragon\\www\\es_ldcu2\\app\\Http\\Controllers\\Migration\\RegistrarMigration.php(447): Barryvdh\\DomPDF\\Facade::__callStatic('loadview', Array)
#10 C:\\laragon\\www\\es_ldcu2\\vendor\\laravel\\framework\\src\\Illuminate\\Routing\\Controller.php(54): App\\Http\\Controllers\\Migration\\RegistrarMigration->downloadTorMasterlistBatch(Object(Illuminate\\Http\\Request))
#11 C:\\laragon\\www\\es_ldcu2\\vendor\\laravel\\framework\\src\\Illuminate\\Routing\\ControllerDispatcher.php(45): Illuminate\\Routing\\Controller->callAction('downloadTorMast...', Array)
#12 C:\\laragon\\www\\es_ldcu2\\vendor\\laravel\\framework\\src\\Illuminate\\Routing\\Route.php(219): Illuminate\\Routing\\ControllerDispatcher->dispatch(Object(Illuminate\\Routing\\Route), Object(App\\Http\\Controllers\\Migration\\RegistrarMigration), 'downloadTorMast...')
#13 C:\\laragon\\www\\es_ldcu2\\vendor\\laravel\\framework\\src\\Illuminate\\Routing\\Route.php(176): Illuminate\\Routing\\Route->runController()
#14 C:\\laragon\\www\\es_ldcu2\\vendor\\laravel\\framework\\src\\Illuminate\\Routing\\Router.php(681): Illuminate\\Routing\\Route->run()
#15 C:\\laragon\\www\\es_ldcu2\\vendor\\laravel\\framework\\src\\Illuminate\\Pipeline\\Pipeline.php(130): Illuminate\\Routing\\Router->Illuminate\\Routing\\{closure}(Object(Illuminate\\Http\\Request))
#16 C:\\laragon\\www\\es_ldcu2\\vendor\\laravel\\framework\\src\\Illuminate\\Routing\\Middleware\\SubstituteBindings.php(41): Illuminate\\Pipeline\\Pipeline->Illuminate\\Pipeline\\{closure}(Object(Illuminate\\Http\\Request))
#17 C:\\laragon\\www\\es_ldcu2\\vendor\\laravel\\framework\\src\\Illuminate\\Pipeline\\Pipeline.php(171): Illuminate\\Routing\\Middleware\\SubstituteBindings->handle(Object(Illuminate\\Http\\Request), Object(Closure))
#18 C:\\laragon\\www\\es_ldcu2\\vendor\\laravel\\framework\\src\\Illuminate\\Foundation\\Http\\Middleware\\VerifyCsrfToken.php(78): Illuminate\\Pipeline\\Pipeline->Illuminate\\Pipeline\\{closure}(Object(Illuminate\\Http\\Request))
#19 C:\\laragon\\www\\es_ldcu2\\vendor\\laravel\\framework\\src\\Illuminate\\Pipeline\\Pipeline.php(171): Illuminate\\Foundation\\Http\\Middleware\\VerifyCsrfToken->handle(Object(Illuminate\\Http\\Request), Object(Closure))
#20 C:\\laragon\\www\\es_ldcu2\\vendor\\laravel\\framework\\src\\Illuminate\\View\\Middleware\\ShareErrorsFromSession.php(49): Illuminate\\Pipeline\\Pipeline->Illuminate\\Pipeline\\{closure}(Object(Illuminate\\Http\\Request))
#21 C:\\laragon\\www\\es_ldcu2\\vendor\\laravel\\framework\\src\\Illuminate\\Pipeline\\Pipeline.php(171): Illuminate\\View\\Middleware\\ShareErrorsFromSession->handle(Object(Illuminate\\Http\\Request), Object(Closure))
#22 C:\\laragon\\www\\es_ldcu2\\vendor\\laravel\\framework\\src\\Illuminate\\Session\\Middleware\\StartSession.php(56): Illuminate\\Pipeline\\Pipeline->Illuminate\\Pipeline\\{closure}(Object(Illuminate\\Http\\Request))
#23 C:\\laragon\\www\\es_ldcu2\\vendor\\laravel\\framework\\src\\Illuminate\\Pipeline\\Pipeline.php(171): Illuminate\\Session\\Middleware\\StartSession->handle(Object(Illuminate\\Http\\Request), Object(Closure))
#24 C:\\laragon\\www\\es_ldcu2\\vendor\\laravel\\framework\\src\\Illuminate\\Cookie\\Middleware\\AddQueuedCookiesToResponse.php(37): Illuminate\\Pipeline\\Pipeline->Illuminate\\Pipeline\\{closure}(Object(Illuminate\\Http\\Request))
#25 C:\\laragon\\www\\es_ldcu2\\vendor\\laravel\\framework\\src\\Illuminate\\Pipeline\\Pipeline.php(171): Illuminate\\Cookie\\Middleware\\AddQueuedCookiesToResponse->handle(Object(Illuminate\\Http\\Request), Object(Closure))
#26 C:\\laragon\\www\\es_ldcu2\\vendor\\laravel\\framework\\src\\Illuminate\\Cookie\\Middleware\\EncryptCookies.php(67): Illuminate\\Pipeline\\Pipeline->Illuminate\\Pipeline\\{closure}(Object(Illuminate\\Http\\Request))
#27 C:\\laragon\\www\\es_ldcu2\\vendor\\laravel\\framework\\src\\Illuminate\\Pipeline\\Pipeline.php(171): Illuminate\\Cookie\\Middleware\\EncryptCookies->handle(Object(Illuminate\\Http\\Request), Object(Closure))
#28 C:\\laragon\\www\\es_ldcu2\\vendor\\laravel\\framework\\src\\Illuminate\\Pipeline\\Pipeline.php(105): Illuminate\\Pipeline\\Pipeline->Illuminate\\Pipeline\\{closure}(Object(Illuminate\\Http\\Request))
#29 C:\\laragon\\www\\es_ldcu2\\vendor\\laravel\\framework\\src\\Illuminate\\Routing\\Router.php(683): Illuminate\\Pipeline\\Pipeline->then(Object(Closure))
#30 C:\\laragon\\www\\es_ldcu2\\vendor\\laravel\\framework\\src\\Illuminate\\Routing\\Router.php(658): Illuminate\\Routing\\Router->runRouteWithinStack(Object(Illuminate\\Routing\\Route), Object(Illuminate\\Http\\Request))
#31 C:\\laragon\\www\\es_ldcu2\\vendor\\laravel\\framework\\src\\Illuminate\\Routing\\Router.php(624): Illuminate\\Routing\\Router->runRoute(Object(Illuminate\\Http\\Request), Object(Illuminate\\Routing\\Route))
#32 C:\\laragon\\www\\es_ldcu2\\vendor\\laravel\\framework\\src\\Illuminate\\Routing\\Router.php(613): Illuminate\\Routing\\Router->dispatchToRoute(Object(Illuminate\\Http\\Request))
#33 C:\\laragon\\www\\es_ldcu2\\vendor\\laravel\\framework\\src\\Illuminate\\Foundation\\Http\\Kernel.php(170): Illuminate\\Routing\\Router->dispatch(Object(Illuminate\\Http\\Request))
#34 C:\\laragon\\www\\es_ldcu2\\vendor\\laravel\\framework\\src\\Illuminate\\Pipeline\\Pipeline.php(130): Illuminate\\Foundation\\Http\\Kernel->Illuminate\\Foundation\\Http\\{closure}(Object(Illuminate\\Http\\Request))
#35 C:\\laragon\\www\\es_ldcu2\\vendor\\laravel\\framework\\src\\Illuminate\\Foundation\\Http\\Middleware\\TransformsRequest.php(21): Illuminate\\Pipeline\\Pipeline->Illuminate\\Pipeline\\{closure}(Object(Illuminate\\Http\\Request))
#36 C:\\laragon\\www\\es_ldcu2\\vendor\\laravel\\framework\\src\\Illuminate\\Pipeline\\Pipeline.php(171): Illuminate\\Foundation\\Http\\Middleware\\TransformsRequest->handle(Object(Illuminate\\Http\\Request), Object(Closure))
#37 C:\\laragon\\www\\es_ldcu2\\vendor\\laravel\\framework\\src\\Illuminate\\Foundation\\Http\\Middleware\\TransformsRequest.php(21): Illuminate\\Pipeline\\Pipeline->Illuminate\\Pipeline\\{closure}(Object(Illuminate\\Http\\Request))
#38 C:\\laragon\\www\\es_ldcu2\\vendor\\laravel\\framework\\src\\Illuminate\\Pipeline\\Pipeline.php(171): Illuminate\\Foundation\\Http\\Middleware\\TransformsRequest->handle(Object(Illuminate\\Http\\Request), Object(Closure))
#39 C:\\laragon\\www\\es_ldcu2\\vendor\\laravel\\framework\\src\\Illuminate\\Foundation\\Http\\Middleware\\ValidatePostSize.php(27): Illuminate\\Pipeline\\Pipeline->Illuminate\\Pipeline\\{closure}(Object(Illuminate\\Http\\Request))
#40 C:\\laragon\\www\\es_ldcu2\\vendor\\laravel\\framework\\src\\Illuminate\\Pipeline\\Pipeline.php(171): Illuminate\\Foundation\\Http\\Middleware\\ValidatePostSize->handle(Object(Illuminate\\Http\\Request), Object(Closure))
#41 C:\\laragon\\www\\es_ldcu2\\vendor\\laravel\\framework\\src\\Illuminate\\Foundation\\Http\\Middleware\\CheckForMaintenanceMode.php(63): Illuminate\\Pipeline\\Pipeline->Illuminate\\Pipeline\\{closure}(Object(Illuminate\\Http\\Request))
#42 C:\\laragon\\www\\es_ldcu2\\vendor\\laravel\\framework\\src\\Illuminate\\Pipeline\\Pipeline.php(171): Illuminate\\Foundation\\Http\\Middleware\\CheckForMaintenanceMode->handle(Object(Illuminate\\Http\\Request), Object(Closure))
#43 C:\\laragon\\www\\es_ldcu2\\vendor\\fideloper\\proxy\\src\\TrustProxies.php(57): Illuminate\\Pipeline\\Pipeline->Illuminate\\Pipeline\\{closure}(Object(Illuminate\\Http\\Request))
#44 C:\\laragon\\www\\es_ldcu2\\vendor\\laravel\\framework\\src\\Illuminate\\Pipeline\\Pipeline.php(171): Fideloper\\Proxy\\TrustProxies->handle(Object(Illuminate\\Http\\Request), Object(Closure))
#45 C:\\laragon\\www\\es_ldcu2\\vendor\\laravel\\framework\\src\\Illuminate\\Pipeline\\Pipeline.php(105): Illuminate\\Pipeline\\Pipeline->Illuminate\\Pipeline\\{closure}(Object(Illuminate\\Http\\Request))
#46 C:\\laragon\\www\\es_ldcu2\\vendor\\laravel\\framework\\src\\Illuminate\\Foundation\\Http\\Kernel.php(145): Illuminate\\Pipeline\\Pipeline->then(Object(Closure))
#47 C:\\laragon\\www\\es_ldcu2\\vendor\\laravel\\framework\\src\\Illuminate\\Foundation\\Http\\Kernel.php(110): Illuminate\\Foundation\\Http\\Kernel->sendRequestThroughRouter(Object(Illuminate\\Http\\Request))
#48 C:\\laragon\\www\\es_ldcu2\\public\\index.php(55): Illuminate\\Foundation\\Http\\Kernel->handle(Object(Illuminate\\Http\\Request))
#49 C:\\laragon\\www\\es_ldcu2\\server.php(21): require_once('C:\\\\laragon\\\\www\\\\...')
#50 {main}

[previous exception] [object] (ErrorException(code: 0): Undefined variable: registrar at C:\\laragon\\www\\es_ldcu2\\storage\\framework\\views\\207429f329b38448eec31657a688ab8c42a8fe1f.php:211)
[stacktrace]
#0 C:\\laragon\\www\\es_ldcu2\\storage\\framework\\views\\207429f329b38448eec31657a688ab8c42a8fe1f.php(211): Illuminate\\Foundation\\Bootstrap\\HandleExceptions->handleError(8, 'Undefined varia...', 'C:\\\\laragon\\\\www\\\\...', 211, Array)
#1 C:\\laragon\\www\\es_ldcu2\\vendor\\laravel\\framework\\src\\Illuminate\\View\\Engines\\PhpEngine.php(43): include('C:\\\\laragon\\\\www\\\\...')
#2 C:\\laragon\\www\\es_ldcu2\\vendor\\laravel\\framework\\src\\Illuminate\\View\\Engines\\CompilerEngine.php(59): Illuminate\\View\\Engines\\PhpEngine->evaluatePath('C:\\\\laragon\\\\www\\\\...', Array)
#3 C:\\laragon\\www\\es_ldcu2\\vendor\\facade\\ignition\\src\\Views\\Engines\\CompilerEngine.php(36): Illuminate\\View\\Engines\\CompilerEngine->get('C:\\\\laragon\\\\www\\\\...', Array)
#4 C:\\laragon\\www\\es_ldcu2\\vendor\\laravel\\framework\\src\\Illuminate\\View\\View.php(143): Facade\\Ignition\\Views\\Engines\\CompilerEngine->get('C:\\\\laragon\\\\www\\\\...', Array)
#5 C:\\laragon\\www\\es_ldcu2\\vendor\\laravel\\framework\\src\\Illuminate\\View\\View.php(126): Illuminate\\View\\View->getContents()
#6 C:\\laragon\\www\\es_ldcu2\\vendor\\laravel\\framework\\src\\Illuminate\\View\\View.php(91): Illuminate\\View\\View->renderContents()
#7 C:\\laragon\\www\\es_ldcu2\\vendor\\barryvdh\\laravel-dompdf\\src\\PDF.php(132): Illuminate\\View\\View->render()
#8 C:\\laragon\\www\\es_ldcu2\\vendor\\barryvdh\\laravel-dompdf\\src\\Facade.php(31): Barryvdh\\DomPDF\\PDF->loadView('registrar/forms...', Array)
#9 C:\\laragon\\www\\es_ldcu2\\app\\Http\\Controllers\\Migration\\RegistrarMigration.php(447): Barryvdh\\DomPDF\\Facade::__callStatic('loadview', Array)
#10 C:\\laragon\\www\\es_ldcu2\\vendor\\laravel\\framework\\src\\Illuminate\\Routing\\Controller.php(54): App\\Http\\Controllers\\Migration\\RegistrarMigration->downloadTorMasterlistBatch(Object(Illuminate\\Http\\Request))
#11 C:\\laragon\\www\\es_ldcu2\\vendor\\laravel\\framework\\src\\Illuminate\\Routing\\ControllerDispatcher.php(45): Illuminate\\Routing\\Controller->callAction('downloadTorMast...', Array)
#12 C:\\laragon\\www\\es_ldcu2\\vendor\\laravel\\framework\\src\\Illuminate\\Routing\\Route.php(219): Illuminate\\Routing\\ControllerDispatcher->dispatch(Object(Illuminate\\Routing\\Route), Object(App\\Http\\Controllers\\Migration\\RegistrarMigration), 'downloadTorMast...')
#13 C:\\laragon\\www\\es_ldcu2\\vendor\\laravel\\framework\\src\\Illuminate\\Routing\\Route.php(176): Illuminate\\Routing\\Route->runController()
#14 C:\\laragon\\www\\es_ldcu2\\vendor\\laravel\\framework\\src\\Illuminate\\Routing\\Router.php(681): Illuminate\\Routing\\Route->run()
#15 C:\\laragon\\www\\es_ldcu2\\vendor\\laravel\\framework\\src\\Illuminate\\Pipeline\\Pipeline.php(130): Illuminate\\Routing\\Router->Illuminate\\Routing\\{closure}(Object(Illuminate\\Http\\Request))
#16 C:\\laragon\\www\\es_ldcu2\\vendor\\laravel\\framework\\src\\Illuminate\\Routing\\Middleware\\SubstituteBindings.php(41): Illuminate\\Pipeline\\Pipeline->Illuminate\\Pipeline\\{closure}(Object(Illuminate\\Http\\Request))
#17 C:\\laragon\\www\\es_ldcu2\\vendor\\laravel\\framework\\src\\Illuminate\\Pipeline\\Pipeline.php(171): Illuminate\\Routing\\Middleware\\SubstituteBindings->handle(Object(Illuminate\\Http\\Request), Object(Closure))
#18 C:\\laragon\\www\\es_ldcu2\\vendor\\laravel\\framework\\src\\Illuminate\\Foundation\\Http\\Middleware\\VerifyCsrfToken.php(78): Illuminate\\Pipeline\\Pipeline->Illuminate\\Pipeline\\{closure}(Object(Illuminate\\Http\\Request))
#19 C:\\laragon\\www\\es_ldcu2\\vendor\\laravel\\framework\\src\\Illuminate\\Pipeline\\Pipeline.php(171): Illuminate\\Foundation\\Http\\Middleware\\VerifyCsrfToken->handle(Object(Illuminate\\Http\\Request), Object(Closure))
#20 C:\\laragon\\www\\es_ldcu2\\vendor\\laravel\\framework\\src\\Illuminate\\View\\Middleware\\ShareErrorsFromSession.php(49): Illuminate\\Pipeline\\Pipeline->Illuminate\\Pipeline\\{closure}(Object(Illuminate\\Http\\Request))
#21 C:\\laragon\\www\\es_ldcu2\\vendor\\laravel\\framework\\src\\Illuminate\\Pipeline\\Pipeline.php(171): Illuminate\\View\\Middleware\\ShareErrorsFromSession->handle(Object(Illuminate\\Http\\Request), Object(Closure))
#22 C:\\laragon\\www\\es_ldcu2\\vendor\\laravel\\framework\\src\\Illuminate\\Session\\Middleware\\StartSession.php(56): Illuminate\\Pipeline\\Pipeline->Illuminate\\Pipeline\\{closure}(Object(Illuminate\\Http\\Request))
#23 C:\\laragon\\www\\es_ldcu2\\vendor\\laravel\\framework\\src\\Illuminate\\Pipeline\\Pipeline.php(171): Illuminate\\Session\\Middleware\\StartSession->handle(Object(Illuminate\\Http\\Request), Object(Closure))
#24 C:\\laragon\\www\\es_ldcu2\\vendor\\laravel\\framework\\src\\Illuminate\\Cookie\\Middleware\\AddQueuedCookiesToResponse.php(37): Illuminate\\Pipeline\\Pipeline->Illuminate\\Pipeline\\{closure}(Object(Illuminate\\Http\\Request))
#25 C:\\laragon\\www\\es_ldcu2\\vendor\\laravel\\framework\\src\\Illuminate\\Pipeline\\Pipeline.php(171): Illuminate\\Cookie\\Middleware\\AddQueuedCookiesToResponse->handle(Object(Illuminate\\Http\\Request), Object(Closure))
#26 C:\\laragon\\www\\es_ldcu2\\vendor\\laravel\\framework\\src\\Illuminate\\Cookie\\Middleware\\EncryptCookies.php(67): Illuminate\\Pipeline\\Pipeline->Illuminate\\Pipeline\\{closure}(Object(Illuminate\\Http\\Request))
#27 C:\\laragon\\www\\es_ldcu2\\vendor\\laravel\\framework\\src\\Illuminate\\Pipeline\\Pipeline.php(171): Illuminate\\Cookie\\Middleware\\EncryptCookies->handle(Object(Illuminate\\Http\\Request), Object(Closure))
#28 C:\\laragon\\www\\es_ldcu2\\vendor\\laravel\\framework\\src\\Illuminate\\Pipeline\\Pipeline.php(105): Illuminate\\Pipeline\\Pipeline->Illuminate\\Pipeline\\{closure}(Object(Illuminate\\Http\\Request))
#29 C:\\laragon\\www\\es_ldcu2\\vendor\\laravel\\framework\\src\\Illuminate\\Routing\\Router.php(683): Illuminate\\Pipeline\\Pipeline->then(Object(Closure))
#30 C:\\laragon\\www\\es_ldcu2\\vendor\\laravel\\framework\\src\\Illuminate\\Routing\\Router.php(658): Illuminate\\Routing\\Router->runRouteWithinStack(Object(Illuminate\\Routing\\Route), Object(Illuminate\\Http\\Request))
#31 C:\\laragon\\www\\es_ldcu2\\vendor\\laravel\\framework\\src\\Illuminate\\Routing\\Router.php(624): Illuminate\\Routing\\Router->runRoute(Object(Illuminate\\Http\\Request), Object(Illuminate\\Routing\\Route))
#32 C:\\laragon\\www\\es_ldcu2\\vendor\\laravel\\framework\\src\\Illuminate\\Routing\\Router.php(613): Illuminate\\Routing\\Router->dispatchToRoute(Object(Illuminate\\Http\\Request))
#33 C:\\laragon\\www\\es_ldcu2\\vendor\\laravel\\framework\\src\\Illuminate\\Foundation\\Http\\Kernel.php(170): Illuminate\\Routing\\Router->dispatch(Object(Illuminate\\Http\\Request))
#34 C:\\laragon\\www\\es_ldcu2\\vendor\\laravel\\framework\\src\\Illuminate\\Pipeline\\Pipeline.php(130): Illuminate\\Foundation\\Http\\Kernel->Illuminate\\Foundation\\Http\\{closure}(Object(Illuminate\\Http\\Request))
#35 C:\\laragon\\www\\es_ldcu2\\vendor\\laravel\\framework\\src\\Illuminate\\Foundation\\Http\\Middleware\\TransformsRequest.php(21): Illuminate\\Pipeline\\Pipeline->Illuminate\\Pipeline\\{closure}(Object(Illuminate\\Http\\Request))
#36 C:\\laragon\\www\\es_ldcu2\\vendor\\laravel\\framework\\src\\Illuminate\\Pipeline\\Pipeline.php(171): Illuminate\\Foundation\\Http\\Middleware\\TransformsRequest->handle(Object(Illuminate\\Http\\Request), Object(Closure))
#37 C:\\laragon\\www\\es_ldcu2\\vendor\\laravel\\framework\\src\\Illuminate\\Foundation\\Http\\Middleware\\TransformsRequest.php(21): Illuminate\\Pipeline\\Pipeline->Illuminate\\Pipeline\\{closure}(Object(Illuminate\\Http\\Request))
#38 C:\\laragon\\www\\es_ldcu2\\vendor\\laravel\\framework\\src\\Illuminate\\Pipeline\\Pipeline.php(171): Illuminate\\Foundation\\Http\\Middleware\\TransformsRequest->handle(Object(Illuminate\\Http\\Request), Object(Closure))
#39 C:\\laragon\\www\\es_ldcu2\\vendor\\laravel\\framework\\src\\Illuminate\\Foundation\\Http\\Middleware\\ValidatePostSize.php(27): Illuminate\\Pipeline\\Pipeline->Illuminate\\Pipeline\\{closure}(Object(Illuminate\\Http\\Request))
#40 C:\\laragon\\www\\es_ldcu2\\vendor\\laravel\\framework\\src\\Illuminate\\Pipeline\\Pipeline.php(171): Illuminate\\Foundation\\Http\\Middleware\\ValidatePostSize->handle(Object(Illuminate\\Http\\Request), Object(Closure))
#41 C:\\laragon\\www\\es_ldcu2\\vendor\\laravel\\framework\\src\\Illuminate\\Foundation\\Http\\Middleware\\CheckForMaintenanceMode.php(63): Illuminate\\Pipeline\\Pipeline->Illuminate\\Pipeline\\{closure}(Object(Illuminate\\Http\\Request))
#42 C:\\laragon\\www\\es_ldcu2\\vendor\\laravel\\framework\\src\\Illuminate\\Pipeline\\Pipeline.php(171): Illuminate\\Foundation\\Http\\Middleware\\CheckForMaintenanceMode->handle(Object(Illuminate\\Http\\Request), Object(Closure))
#43 C:\\laragon\\www\\es_ldcu2\\vendor\\fideloper\\proxy\\src\\TrustProxies.php(57): Illuminate\\Pipeline\\Pipeline->Illuminate\\Pipeline\\{closure}(Object(Illuminate\\Http\\Request))
#44 C:\\laragon\\www\\es_ldcu2\\vendor\\laravel\\framework\\src\\Illuminate\\Pipeline\\Pipeline.php(171): Fideloper\\Proxy\\TrustProxies->handle(Object(Illuminate\\Http\\Request), Object(Closure))
#45 C:\\laragon\\www\\es_ldcu2\\vendor\\laravel\\framework\\src\\Illuminate\\Pipeline\\Pipeline.php(105): Illuminate\\Pipeline\\Pipeline->Illuminate\\Pipeline\\{closure}(Object(Illuminate\\Http\\Request))
#46 C:\\laragon\\www\\es_ldcu2\\vendor\\laravel\\framework\\src\\Illuminate\\Foundation\\Http\\Kernel.php(145): Illuminate\\Pipeline\\Pipeline->then(Object(Closure))
#47 C:\\laragon\\www\\es_ldcu2\\vendor\\laravel\\framework\\src\\Illuminate\\Foundation\\Http\\Kernel.php(110): Illuminate\\Foundation\\Http\\Kernel->sendRequestThroughRouter(Object(Illuminate\\Http\\Request))
#48 C:\\laragon\\www\\es_ldcu2\\public\\index.php(55): Illuminate\\Foundation\\Http\\Kernel->handle(Object(Illuminate\\Http\\Request))
#49 C:\\laragon\\www\\es_ldcu2\\server.php(21): require_once('C:\\\\laragon\\\\www\\\\...')
#50 {main}
"} 
[2025-07-11 01:44:21] local.ERROR: Undefined variable: registrar (View: C:\laragon\www\es_ldcu2\resources\views\registrar\forms\tor\pdf\pdf_tor_gbbc_dompdf.blade.php) {"userId":1,"exception":"[object] (Facade\\Ignition\\Exceptions\\ViewException(code: 0): Undefined variable: registrar (View: C:\\laragon\\www\\es_ldcu2\\resources\\views\\registrar\\forms\\tor\\pdf\\pdf_tor_gbbc_dompdf.blade.php) at C:\\laragon\\www\\es_ldcu2\\resources\\views/registrar/forms/tor/pdf/pdf_tor_gbbc_dompdf.blade.php:211)
[stacktrace]
#0 C:\\laragon\\www\\es_ldcu2\\resources\\views/registrar/forms/tor/pdf/pdf_tor_gbbc_dompdf.blade.php(211): Illuminate\\Foundation\\Bootstrap\\HandleExceptions->handleError(8, 'Undefined varia...', 'C:\\\\laragon\\\\www\\\\...', 211, Array)
#1 C:\\laragon\\www\\es_ldcu2\\vendor\\laravel\\framework\\src\\Illuminate\\View\\Engines\\PhpEngine.php(43): include('C:\\\\laragon\\\\www\\\\...')
#2 C:\\laragon\\www\\es_ldcu2\\vendor\\laravel\\framework\\src\\Illuminate\\View\\Engines\\CompilerEngine.php(59): Illuminate\\View\\Engines\\PhpEngine->evaluatePath('C:\\\\laragon\\\\www\\\\...', Array)
#3 C:\\laragon\\www\\es_ldcu2\\vendor\\facade\\ignition\\src\\Views\\Engines\\CompilerEngine.php(36): Illuminate\\View\\Engines\\CompilerEngine->get('C:\\\\laragon\\\\www\\\\...', Array)
#4 C:\\laragon\\www\\es_ldcu2\\vendor\\laravel\\framework\\src\\Illuminate\\View\\View.php(143): Facade\\Ignition\\Views\\Engines\\CompilerEngine->get('C:\\\\laragon\\\\www\\\\...', Array)
#5 C:\\laragon\\www\\es_ldcu2\\vendor\\laravel\\framework\\src\\Illuminate\\View\\View.php(126): Illuminate\\View\\View->getContents()
#6 C:\\laragon\\www\\es_ldcu2\\vendor\\laravel\\framework\\src\\Illuminate\\View\\View.php(91): Illuminate\\View\\View->renderContents()
#7 C:\\laragon\\www\\es_ldcu2\\vendor\\barryvdh\\laravel-dompdf\\src\\PDF.php(132): Illuminate\\View\\View->render()
#8 C:\\laragon\\www\\es_ldcu2\\vendor\\barryvdh\\laravel-dompdf\\src\\Facade.php(31): Barryvdh\\DomPDF\\PDF->loadView('registrar/forms...', Array)
#9 C:\\laragon\\www\\es_ldcu2\\app\\Http\\Controllers\\Migration\\RegistrarMigration.php(447): Barryvdh\\DomPDF\\Facade::__callStatic('loadview', Array)
#10 C:\\laragon\\www\\es_ldcu2\\vendor\\laravel\\framework\\src\\Illuminate\\Routing\\Controller.php(54): App\\Http\\Controllers\\Migration\\RegistrarMigration->downloadTorMasterlistBatch(Object(Illuminate\\Http\\Request))
#11 C:\\laragon\\www\\es_ldcu2\\vendor\\laravel\\framework\\src\\Illuminate\\Routing\\ControllerDispatcher.php(45): Illuminate\\Routing\\Controller->callAction('downloadTorMast...', Array)
#12 C:\\laragon\\www\\es_ldcu2\\vendor\\laravel\\framework\\src\\Illuminate\\Routing\\Route.php(219): Illuminate\\Routing\\ControllerDispatcher->dispatch(Object(Illuminate\\Routing\\Route), Object(App\\Http\\Controllers\\Migration\\RegistrarMigration), 'downloadTorMast...')
#13 C:\\laragon\\www\\es_ldcu2\\vendor\\laravel\\framework\\src\\Illuminate\\Routing\\Route.php(176): Illuminate\\Routing\\Route->runController()
#14 C:\\laragon\\www\\es_ldcu2\\vendor\\laravel\\framework\\src\\Illuminate\\Routing\\Router.php(681): Illuminate\\Routing\\Route->run()
#15 C:\\laragon\\www\\es_ldcu2\\vendor\\laravel\\framework\\src\\Illuminate\\Pipeline\\Pipeline.php(130): Illuminate\\Routing\\Router->Illuminate\\Routing\\{closure}(Object(Illuminate\\Http\\Request))
#16 C:\\laragon\\www\\es_ldcu2\\vendor\\laravel\\framework\\src\\Illuminate\\Routing\\Middleware\\SubstituteBindings.php(41): Illuminate\\Pipeline\\Pipeline->Illuminate\\Pipeline\\{closure}(Object(Illuminate\\Http\\Request))
#17 C:\\laragon\\www\\es_ldcu2\\vendor\\laravel\\framework\\src\\Illuminate\\Pipeline\\Pipeline.php(171): Illuminate\\Routing\\Middleware\\SubstituteBindings->handle(Object(Illuminate\\Http\\Request), Object(Closure))
#18 C:\\laragon\\www\\es_ldcu2\\vendor\\laravel\\framework\\src\\Illuminate\\Foundation\\Http\\Middleware\\VerifyCsrfToken.php(78): Illuminate\\Pipeline\\Pipeline->Illuminate\\Pipeline\\{closure}(Object(Illuminate\\Http\\Request))
#19 C:\\laragon\\www\\es_ldcu2\\vendor\\laravel\\framework\\src\\Illuminate\\Pipeline\\Pipeline.php(171): Illuminate\\Foundation\\Http\\Middleware\\VerifyCsrfToken->handle(Object(Illuminate\\Http\\Request), Object(Closure))
#20 C:\\laragon\\www\\es_ldcu2\\vendor\\laravel\\framework\\src\\Illuminate\\View\\Middleware\\ShareErrorsFromSession.php(49): Illuminate\\Pipeline\\Pipeline->Illuminate\\Pipeline\\{closure}(Object(Illuminate\\Http\\Request))
#21 C:\\laragon\\www\\es_ldcu2\\vendor\\laravel\\framework\\src\\Illuminate\\Pipeline\\Pipeline.php(171): Illuminate\\View\\Middleware\\ShareErrorsFromSession->handle(Object(Illuminate\\Http\\Request), Object(Closure))
#22 C:\\laragon\\www\\es_ldcu2\\vendor\\laravel\\framework\\src\\Illuminate\\Session\\Middleware\\StartSession.php(56): Illuminate\\Pipeline\\Pipeline->Illuminate\\Pipeline\\{closure}(Object(Illuminate\\Http\\Request))
#23 C:\\laragon\\www\\es_ldcu2\\vendor\\laravel\\framework\\src\\Illuminate\\Pipeline\\Pipeline.php(171): Illuminate\\Session\\Middleware\\StartSession->handle(Object(Illuminate\\Http\\Request), Object(Closure))
#24 C:\\laragon\\www\\es_ldcu2\\vendor\\laravel\\framework\\src\\Illuminate\\Cookie\\Middleware\\AddQueuedCookiesToResponse.php(37): Illuminate\\Pipeline\\Pipeline->Illuminate\\Pipeline\\{closure}(Object(Illuminate\\Http\\Request))
#25 C:\\laragon\\www\\es_ldcu2\\vendor\\laravel\\framework\\src\\Illuminate\\Pipeline\\Pipeline.php(171): Illuminate\\Cookie\\Middleware\\AddQueuedCookiesToResponse->handle(Object(Illuminate\\Http\\Request), Object(Closure))
#26 C:\\laragon\\www\\es_ldcu2\\vendor\\laravel\\framework\\src\\Illuminate\\Cookie\\Middleware\\EncryptCookies.php(67): Illuminate\\Pipeline\\Pipeline->Illuminate\\Pipeline\\{closure}(Object(Illuminate\\Http\\Request))
#27 C:\\laragon\\www\\es_ldcu2\\vendor\\laravel\\framework\\src\\Illuminate\\Pipeline\\Pipeline.php(171): Illuminate\\Cookie\\Middleware\\EncryptCookies->handle(Object(Illuminate\\Http\\Request), Object(Closure))
#28 C:\\laragon\\www\\es_ldcu2\\vendor\\laravel\\framework\\src\\Illuminate\\Pipeline\\Pipeline.php(105): Illuminate\\Pipeline\\Pipeline->Illuminate\\Pipeline\\{closure}(Object(Illuminate\\Http\\Request))
#29 C:\\laragon\\www\\es_ldcu2\\vendor\\laravel\\framework\\src\\Illuminate\\Routing\\Router.php(683): Illuminate\\Pipeline\\Pipeline->then(Object(Closure))
#30 C:\\laragon\\www\\es_ldcu2\\vendor\\laravel\\framework\\src\\Illuminate\\Routing\\Router.php(658): Illuminate\\Routing\\Router->runRouteWithinStack(Object(Illuminate\\Routing\\Route), Object(Illuminate\\Http\\Request))
#31 C:\\laragon\\www\\es_ldcu2\\vendor\\laravel\\framework\\src\\Illuminate\\Routing\\Router.php(624): Illuminate\\Routing\\Router->runRoute(Object(Illuminate\\Http\\Request), Object(Illuminate\\Routing\\Route))
#32 C:\\laragon\\www\\es_ldcu2\\vendor\\laravel\\framework\\src\\Illuminate\\Routing\\Router.php(613): Illuminate\\Routing\\Router->dispatchToRoute(Object(Illuminate\\Http\\Request))
#33 C:\\laragon\\www\\es_ldcu2\\vendor\\laravel\\framework\\src\\Illuminate\\Foundation\\Http\\Kernel.php(170): Illuminate\\Routing\\Router->dispatch(Object(Illuminate\\Http\\Request))
#34 C:\\laragon\\www\\es_ldcu2\\vendor\\laravel\\framework\\src\\Illuminate\\Pipeline\\Pipeline.php(130): Illuminate\\Foundation\\Http\\Kernel->Illuminate\\Foundation\\Http\\{closure}(Object(Illuminate\\Http\\Request))
#35 C:\\laragon\\www\\es_ldcu2\\vendor\\laravel\\framework\\src\\Illuminate\\Foundation\\Http\\Middleware\\TransformsRequest.php(21): Illuminate\\Pipeline\\Pipeline->Illuminate\\Pipeline\\{closure}(Object(Illuminate\\Http\\Request))
#36 C:\\laragon\\www\\es_ldcu2\\vendor\\laravel\\framework\\src\\Illuminate\\Pipeline\\Pipeline.php(171): Illuminate\\Foundation\\Http\\Middleware\\TransformsRequest->handle(Object(Illuminate\\Http\\Request), Object(Closure))
#37 C:\\laragon\\www\\es_ldcu2\\vendor\\laravel\\framework\\src\\Illuminate\\Foundation\\Http\\Middleware\\TransformsRequest.php(21): Illuminate\\Pipeline\\Pipeline->Illuminate\\Pipeline\\{closure}(Object(Illuminate\\Http\\Request))
#38 C:\\laragon\\www\\es_ldcu2\\vendor\\laravel\\framework\\src\\Illuminate\\Pipeline\\Pipeline.php(171): Illuminate\\Foundation\\Http\\Middleware\\TransformsRequest->handle(Object(Illuminate\\Http\\Request), Object(Closure))
#39 C:\\laragon\\www\\es_ldcu2\\vendor\\laravel\\framework\\src\\Illuminate\\Foundation\\Http\\Middleware\\ValidatePostSize.php(27): Illuminate\\Pipeline\\Pipeline->Illuminate\\Pipeline\\{closure}(Object(Illuminate\\Http\\Request))
#40 C:\\laragon\\www\\es_ldcu2\\vendor\\laravel\\framework\\src\\Illuminate\\Pipeline\\Pipeline.php(171): Illuminate\\Foundation\\Http\\Middleware\\ValidatePostSize->handle(Object(Illuminate\\Http\\Request), Object(Closure))
#41 C:\\laragon\\www\\es_ldcu2\\vendor\\laravel\\framework\\src\\Illuminate\\Foundation\\Http\\Middleware\\CheckForMaintenanceMode.php(63): Illuminate\\Pipeline\\Pipeline->Illuminate\\Pipeline\\{closure}(Object(Illuminate\\Http\\Request))
#42 C:\\laragon\\www\\es_ldcu2\\vendor\\laravel\\framework\\src\\Illuminate\\Pipeline\\Pipeline.php(171): Illuminate\\Foundation\\Http\\Middleware\\CheckForMaintenanceMode->handle(Object(Illuminate\\Http\\Request), Object(Closure))
#43 C:\\laragon\\www\\es_ldcu2\\vendor\\fideloper\\proxy\\src\\TrustProxies.php(57): Illuminate\\Pipeline\\Pipeline->Illuminate\\Pipeline\\{closure}(Object(Illuminate\\Http\\Request))
#44 C:\\laragon\\www\\es_ldcu2\\vendor\\laravel\\framework\\src\\Illuminate\\Pipeline\\Pipeline.php(171): Fideloper\\Proxy\\TrustProxies->handle(Object(Illuminate\\Http\\Request), Object(Closure))
#45 C:\\laragon\\www\\es_ldcu2\\vendor\\laravel\\framework\\src\\Illuminate\\Pipeline\\Pipeline.php(105): Illuminate\\Pipeline\\Pipeline->Illuminate\\Pipeline\\{closure}(Object(Illuminate\\Http\\Request))
#46 C:\\laragon\\www\\es_ldcu2\\vendor\\laravel\\framework\\src\\Illuminate\\Foundation\\Http\\Kernel.php(145): Illuminate\\Pipeline\\Pipeline->then(Object(Closure))
#47 C:\\laragon\\www\\es_ldcu2\\vendor\\laravel\\framework\\src\\Illuminate\\Foundation\\Http\\Kernel.php(110): Illuminate\\Foundation\\Http\\Kernel->sendRequestThroughRouter(Object(Illuminate\\Http\\Request))
#48 C:\\laragon\\www\\es_ldcu2\\public\\index.php(55): Illuminate\\Foundation\\Http\\Kernel->handle(Object(Illuminate\\Http\\Request))
#49 C:\\laragon\\www\\es_ldcu2\\server.php(21): require_once('C:\\\\laragon\\\\www\\\\...')
#50 {main}

[previous exception] [object] (ErrorException(code: 0): Undefined variable: registrar at C:\\laragon\\www\\es_ldcu2\\storage\\framework\\views\\207429f329b38448eec31657a688ab8c42a8fe1f.php:211)
[stacktrace]
#0 C:\\laragon\\www\\es_ldcu2\\storage\\framework\\views\\207429f329b38448eec31657a688ab8c42a8fe1f.php(211): Illuminate\\Foundation\\Bootstrap\\HandleExceptions->handleError(8, 'Undefined varia...', 'C:\\\\laragon\\\\www\\\\...', 211, Array)
#1 C:\\laragon\\www\\es_ldcu2\\vendor\\laravel\\framework\\src\\Illuminate\\View\\Engines\\PhpEngine.php(43): include('C:\\\\laragon\\\\www\\\\...')
#2 C:\\laragon\\www\\es_ldcu2\\vendor\\laravel\\framework\\src\\Illuminate\\View\\Engines\\CompilerEngine.php(59): Illuminate\\View\\Engines\\PhpEngine->evaluatePath('C:\\\\laragon\\\\www\\\\...', Array)
#3 C:\\laragon\\www\\es_ldcu2\\vendor\\facade\\ignition\\src\\Views\\Engines\\CompilerEngine.php(36): Illuminate\\View\\Engines\\CompilerEngine->get('C:\\\\laragon\\\\www\\\\...', Array)
#4 C:\\laragon\\www\\es_ldcu2\\vendor\\laravel\\framework\\src\\Illuminate\\View\\View.php(143): Facade\\Ignition\\Views\\Engines\\CompilerEngine->get('C:\\\\laragon\\\\www\\\\...', Array)
#5 C:\\laragon\\www\\es_ldcu2\\vendor\\laravel\\framework\\src\\Illuminate\\View\\View.php(126): Illuminate\\View\\View->getContents()
#6 C:\\laragon\\www\\es_ldcu2\\vendor\\laravel\\framework\\src\\Illuminate\\View\\View.php(91): Illuminate\\View\\View->renderContents()
#7 C:\\laragon\\www\\es_ldcu2\\vendor\\barryvdh\\laravel-dompdf\\src\\PDF.php(132): Illuminate\\View\\View->render()
#8 C:\\laragon\\www\\es_ldcu2\\vendor\\barryvdh\\laravel-dompdf\\src\\Facade.php(31): Barryvdh\\DomPDF\\PDF->loadView('registrar/forms...', Array)
#9 C:\\laragon\\www\\es_ldcu2\\app\\Http\\Controllers\\Migration\\RegistrarMigration.php(447): Barryvdh\\DomPDF\\Facade::__callStatic('loadview', Array)
#10 C:\\laragon\\www\\es_ldcu2\\vendor\\laravel\\framework\\src\\Illuminate\\Routing\\Controller.php(54): App\\Http\\Controllers\\Migration\\RegistrarMigration->downloadTorMasterlistBatch(Object(Illuminate\\Http\\Request))
#11 C:\\laragon\\www\\es_ldcu2\\vendor\\laravel\\framework\\src\\Illuminate\\Routing\\ControllerDispatcher.php(45): Illuminate\\Routing\\Controller->callAction('downloadTorMast...', Array)
#12 C:\\laragon\\www\\es_ldcu2\\vendor\\laravel\\framework\\src\\Illuminate\\Routing\\Route.php(219): Illuminate\\Routing\\ControllerDispatcher->dispatch(Object(Illuminate\\Routing\\Route), Object(App\\Http\\Controllers\\Migration\\RegistrarMigration), 'downloadTorMast...')
#13 C:\\laragon\\www\\es_ldcu2\\vendor\\laravel\\framework\\src\\Illuminate\\Routing\\Route.php(176): Illuminate\\Routing\\Route->runController()
#14 C:\\laragon\\www\\es_ldcu2\\vendor\\laravel\\framework\\src\\Illuminate\\Routing\\Router.php(681): Illuminate\\Routing\\Route->run()
#15 C:\\laragon\\www\\es_ldcu2\\vendor\\laravel\\framework\\src\\Illuminate\\Pipeline\\Pipeline.php(130): Illuminate\\Routing\\Router->Illuminate\\Routing\\{closure}(Object(Illuminate\\Http\\Request))
#16 C:\\laragon\\www\\es_ldcu2\\vendor\\laravel\\framework\\src\\Illuminate\\Routing\\Middleware\\SubstituteBindings.php(41): Illuminate\\Pipeline\\Pipeline->Illuminate\\Pipeline\\{closure}(Object(Illuminate\\Http\\Request))
#17 C:\\laragon\\www\\es_ldcu2\\vendor\\laravel\\framework\\src\\Illuminate\\Pipeline\\Pipeline.php(171): Illuminate\\Routing\\Middleware\\SubstituteBindings->handle(Object(Illuminate\\Http\\Request), Object(Closure))
#18 C:\\laragon\\www\\es_ldcu2\\vendor\\laravel\\framework\\src\\Illuminate\\Foundation\\Http\\Middleware\\VerifyCsrfToken.php(78): Illuminate\\Pipeline\\Pipeline->Illuminate\\Pipeline\\{closure}(Object(Illuminate\\Http\\Request))
#19 C:\\laragon\\www\\es_ldcu2\\vendor\\laravel\\framework\\src\\Illuminate\\Pipeline\\Pipeline.php(171): Illuminate\\Foundation\\Http\\Middleware\\VerifyCsrfToken->handle(Object(Illuminate\\Http\\Request), Object(Closure))
#20 C:\\laragon\\www\\es_ldcu2\\vendor\\laravel\\framework\\src\\Illuminate\\View\\Middleware\\ShareErrorsFromSession.php(49): Illuminate\\Pipeline\\Pipeline->Illuminate\\Pipeline\\{closure}(Object(Illuminate\\Http\\Request))
#21 C:\\laragon\\www\\es_ldcu2\\vendor\\laravel\\framework\\src\\Illuminate\\Pipeline\\Pipeline.php(171): Illuminate\\View\\Middleware\\ShareErrorsFromSession->handle(Object(Illuminate\\Http\\Request), Object(Closure))
#22 C:\\laragon\\www\\es_ldcu2\\vendor\\laravel\\framework\\src\\Illuminate\\Session\\Middleware\\StartSession.php(56): Illuminate\\Pipeline\\Pipeline->Illuminate\\Pipeline\\{closure}(Object(Illuminate\\Http\\Request))
#23 C:\\laragon\\www\\es_ldcu2\\vendor\\laravel\\framework\\src\\Illuminate\\Pipeline\\Pipeline.php(171): Illuminate\\Session\\Middleware\\StartSession->handle(Object(Illuminate\\Http\\Request), Object(Closure))
#24 C:\\laragon\\www\\es_ldcu2\\vendor\\laravel\\framework\\src\\Illuminate\\Cookie\\Middleware\\AddQueuedCookiesToResponse.php(37): Illuminate\\Pipeline\\Pipeline->Illuminate\\Pipeline\\{closure}(Object(Illuminate\\Http\\Request))
#25 C:\\laragon\\www\\es_ldcu2\\vendor\\laravel\\framework\\src\\Illuminate\\Pipeline\\Pipeline.php(171): Illuminate\\Cookie\\Middleware\\AddQueuedCookiesToResponse->handle(Object(Illuminate\\Http\\Request), Object(Closure))
#26 C:\\laragon\\www\\es_ldcu2\\vendor\\laravel\\framework\\src\\Illuminate\\Cookie\\Middleware\\EncryptCookies.php(67): Illuminate\\Pipeline\\Pipeline->Illuminate\\Pipeline\\{closure}(Object(Illuminate\\Http\\Request))
#27 C:\\laragon\\www\\es_ldcu2\\vendor\\laravel\\framework\\src\\Illuminate\\Pipeline\\Pipeline.php(171): Illuminate\\Cookie\\Middleware\\EncryptCookies->handle(Object(Illuminate\\Http\\Request), Object(Closure))
#28 C:\\laragon\\www\\es_ldcu2\\vendor\\laravel\\framework\\src\\Illuminate\\Pipeline\\Pipeline.php(105): Illuminate\\Pipeline\\Pipeline->Illuminate\\Pipeline\\{closure}(Object(Illuminate\\Http\\Request))
#29 C:\\laragon\\www\\es_ldcu2\\vendor\\laravel\\framework\\src\\Illuminate\\Routing\\Router.php(683): Illuminate\\Pipeline\\Pipeline->then(Object(Closure))
#30 C:\\laragon\\www\\es_ldcu2\\vendor\\laravel\\framework\\src\\Illuminate\\Routing\\Router.php(658): Illuminate\\Routing\\Router->runRouteWithinStack(Object(Illuminate\\Routing\\Route), Object(Illuminate\\Http\\Request))
#31 C:\\laragon\\www\\es_ldcu2\\vendor\\laravel\\framework\\src\\Illuminate\\Routing\\Router.php(624): Illuminate\\Routing\\Router->runRoute(Object(Illuminate\\Http\\Request), Object(Illuminate\\Routing\\Route))
#32 C:\\laragon\\www\\es_ldcu2\\vendor\\laravel\\framework\\src\\Illuminate\\Routing\\Router.php(613): Illuminate\\Routing\\Router->dispatchToRoute(Object(Illuminate\\Http\\Request))
#33 C:\\laragon\\www\\es_ldcu2\\vendor\\laravel\\framework\\src\\Illuminate\\Foundation\\Http\\Kernel.php(170): Illuminate\\Routing\\Router->dispatch(Object(Illuminate\\Http\\Request))
#34 C:\\laragon\\www\\es_ldcu2\\vendor\\laravel\\framework\\src\\Illuminate\\Pipeline\\Pipeline.php(130): Illuminate\\Foundation\\Http\\Kernel->Illuminate\\Foundation\\Http\\{closure}(Object(Illuminate\\Http\\Request))
#35 C:\\laragon\\www\\es_ldcu2\\vendor\\laravel\\framework\\src\\Illuminate\\Foundation\\Http\\Middleware\\TransformsRequest.php(21): Illuminate\\Pipeline\\Pipeline->Illuminate\\Pipeline\\{closure}(Object(Illuminate\\Http\\Request))
#36 C:\\laragon\\www\\es_ldcu2\\vendor\\laravel\\framework\\src\\Illuminate\\Pipeline\\Pipeline.php(171): Illuminate\\Foundation\\Http\\Middleware\\TransformsRequest->handle(Object(Illuminate\\Http\\Request), Object(Closure))
#37 C:\\laragon\\www\\es_ldcu2\\vendor\\laravel\\framework\\src\\Illuminate\\Foundation\\Http\\Middleware\\TransformsRequest.php(21): Illuminate\\Pipeline\\Pipeline->Illuminate\\Pipeline\\{closure}(Object(Illuminate\\Http\\Request))
#38 C:\\laragon\\www\\es_ldcu2\\vendor\\laravel\\framework\\src\\Illuminate\\Pipeline\\Pipeline.php(171): Illuminate\\Foundation\\Http\\Middleware\\TransformsRequest->handle(Object(Illuminate\\Http\\Request), Object(Closure))
#39 C:\\laragon\\www\\es_ldcu2\\vendor\\laravel\\framework\\src\\Illuminate\\Foundation\\Http\\Middleware\\ValidatePostSize.php(27): Illuminate\\Pipeline\\Pipeline->Illuminate\\Pipeline\\{closure}(Object(Illuminate\\Http\\Request))
#40 C:\\laragon\\www\\es_ldcu2\\vendor\\laravel\\framework\\src\\Illuminate\\Pipeline\\Pipeline.php(171): Illuminate\\Foundation\\Http\\Middleware\\ValidatePostSize->handle(Object(Illuminate\\Http\\Request), Object(Closure))
#41 C:\\laragon\\www\\es_ldcu2\\vendor\\laravel\\framework\\src\\Illuminate\\Foundation\\Http\\Middleware\\CheckForMaintenanceMode.php(63): Illuminate\\Pipeline\\Pipeline->Illuminate\\Pipeline\\{closure}(Object(Illuminate\\Http\\Request))
#42 C:\\laragon\\www\\es_ldcu2\\vendor\\laravel\\framework\\src\\Illuminate\\Pipeline\\Pipeline.php(171): Illuminate\\Foundation\\Http\\Middleware\\CheckForMaintenanceMode->handle(Object(Illuminate\\Http\\Request), Object(Closure))
#43 C:\\laragon\\www\\es_ldcu2\\vendor\\fideloper\\proxy\\src\\TrustProxies.php(57): Illuminate\\Pipeline\\Pipeline->Illuminate\\Pipeline\\{closure}(Object(Illuminate\\Http\\Request))
#44 C:\\laragon\\www\\es_ldcu2\\vendor\\laravel\\framework\\src\\Illuminate\\Pipeline\\Pipeline.php(171): Fideloper\\Proxy\\TrustProxies->handle(Object(Illuminate\\Http\\Request), Object(Closure))
#45 C:\\laragon\\www\\es_ldcu2\\vendor\\laravel\\framework\\src\\Illuminate\\Pipeline\\Pipeline.php(105): Illuminate\\Pipeline\\Pipeline->Illuminate\\Pipeline\\{closure}(Object(Illuminate\\Http\\Request))
#46 C:\\laragon\\www\\es_ldcu2\\vendor\\laravel\\framework\\src\\Illuminate\\Foundation\\Http\\Kernel.php(145): Illuminate\\Pipeline\\Pipeline->then(Object(Closure))
#47 C:\\laragon\\www\\es_ldcu2\\vendor\\laravel\\framework\\src\\Illuminate\\Foundation\\Http\\Kernel.php(110): Illuminate\\Foundation\\Http\\Kernel->sendRequestThroughRouter(Object(Illuminate\\Http\\Request))
#48 C:\\laragon\\www\\es_ldcu2\\public\\index.php(55): Illuminate\\Foundation\\Http\\Kernel->handle(Object(Illuminate\\Http\\Request))
#49 C:\\laragon\\www\\es_ldcu2\\server.php(21): require_once('C:\\\\laragon\\\\www\\\\...')
#50 {main}
"} 
[2025-07-11 01:44:34] local.ERROR: Undefined variable: registrar (View: C:\laragon\www\es_ldcu2\resources\views\registrar\forms\tor\pdf\pdf_tor_gbbc_dompdf.blade.php) {"userId":1,"exception":"[object] (Facade\\Ignition\\Exceptions\\ViewException(code: 0): Undefined variable: registrar (View: C:\\laragon\\www\\es_ldcu2\\resources\\views\\registrar\\forms\\tor\\pdf\\pdf_tor_gbbc_dompdf.blade.php) at C:\\laragon\\www\\es_ldcu2\\resources\\views/registrar/forms/tor/pdf/pdf_tor_gbbc_dompdf.blade.php:211)
[stacktrace]
#0 C:\\laragon\\www\\es_ldcu2\\resources\\views/registrar/forms/tor/pdf/pdf_tor_gbbc_dompdf.blade.php(211): Illuminate\\Foundation\\Bootstrap\\HandleExceptions->handleError(8, 'Undefined varia...', 'C:\\\\laragon\\\\www\\\\...', 211, Array)
#1 C:\\laragon\\www\\es_ldcu2\\vendor\\laravel\\framework\\src\\Illuminate\\View\\Engines\\PhpEngine.php(43): include('C:\\\\laragon\\\\www\\\\...')
#2 C:\\laragon\\www\\es_ldcu2\\vendor\\laravel\\framework\\src\\Illuminate\\View\\Engines\\CompilerEngine.php(59): Illuminate\\View\\Engines\\PhpEngine->evaluatePath('C:\\\\laragon\\\\www\\\\...', Array)
#3 C:\\laragon\\www\\es_ldcu2\\vendor\\facade\\ignition\\src\\Views\\Engines\\CompilerEngine.php(36): Illuminate\\View\\Engines\\CompilerEngine->get('C:\\\\laragon\\\\www\\\\...', Array)
#4 C:\\laragon\\www\\es_ldcu2\\vendor\\laravel\\framework\\src\\Illuminate\\View\\View.php(143): Facade\\Ignition\\Views\\Engines\\CompilerEngine->get('C:\\\\laragon\\\\www\\\\...', Array)
#5 C:\\laragon\\www\\es_ldcu2\\vendor\\laravel\\framework\\src\\Illuminate\\View\\View.php(126): Illuminate\\View\\View->getContents()
#6 C:\\laragon\\www\\es_ldcu2\\vendor\\laravel\\framework\\src\\Illuminate\\View\\View.php(91): Illuminate\\View\\View->renderContents()
#7 C:\\laragon\\www\\es_ldcu2\\vendor\\barryvdh\\laravel-dompdf\\src\\PDF.php(132): Illuminate\\View\\View->render()
#8 C:\\laragon\\www\\es_ldcu2\\vendor\\barryvdh\\laravel-dompdf\\src\\Facade.php(31): Barryvdh\\DomPDF\\PDF->loadView('registrar/forms...', Array)
#9 C:\\laragon\\www\\es_ldcu2\\app\\Http\\Controllers\\Migration\\RegistrarMigration.php(447): Barryvdh\\DomPDF\\Facade::__callStatic('loadview', Array)
#10 C:\\laragon\\www\\es_ldcu2\\vendor\\laravel\\framework\\src\\Illuminate\\Routing\\Controller.php(54): App\\Http\\Controllers\\Migration\\RegistrarMigration->downloadTorMasterlistBatch(Object(Illuminate\\Http\\Request))
#11 C:\\laragon\\www\\es_ldcu2\\vendor\\laravel\\framework\\src\\Illuminate\\Routing\\ControllerDispatcher.php(45): Illuminate\\Routing\\Controller->callAction('downloadTorMast...', Array)
#12 C:\\laragon\\www\\es_ldcu2\\vendor\\laravel\\framework\\src\\Illuminate\\Routing\\Route.php(219): Illuminate\\Routing\\ControllerDispatcher->dispatch(Object(Illuminate\\Routing\\Route), Object(App\\Http\\Controllers\\Migration\\RegistrarMigration), 'downloadTorMast...')
#13 C:\\laragon\\www\\es_ldcu2\\vendor\\laravel\\framework\\src\\Illuminate\\Routing\\Route.php(176): Illuminate\\Routing\\Route->runController()
#14 C:\\laragon\\www\\es_ldcu2\\vendor\\laravel\\framework\\src\\Illuminate\\Routing\\Router.php(681): Illuminate\\Routing\\Route->run()
#15 C:\\laragon\\www\\es_ldcu2\\vendor\\laravel\\framework\\src\\Illuminate\\Pipeline\\Pipeline.php(130): Illuminate\\Routing\\Router->Illuminate\\Routing\\{closure}(Object(Illuminate\\Http\\Request))
#16 C:\\laragon\\www\\es_ldcu2\\vendor\\laravel\\framework\\src\\Illuminate\\Routing\\Middleware\\SubstituteBindings.php(41): Illuminate\\Pipeline\\Pipeline->Illuminate\\Pipeline\\{closure}(Object(Illuminate\\Http\\Request))
#17 C:\\laragon\\www\\es_ldcu2\\vendor\\laravel\\framework\\src\\Illuminate\\Pipeline\\Pipeline.php(171): Illuminate\\Routing\\Middleware\\SubstituteBindings->handle(Object(Illuminate\\Http\\Request), Object(Closure))
#18 C:\\laragon\\www\\es_ldcu2\\vendor\\laravel\\framework\\src\\Illuminate\\Foundation\\Http\\Middleware\\VerifyCsrfToken.php(78): Illuminate\\Pipeline\\Pipeline->Illuminate\\Pipeline\\{closure}(Object(Illuminate\\Http\\Request))
#19 C:\\laragon\\www\\es_ldcu2\\vendor\\laravel\\framework\\src\\Illuminate\\Pipeline\\Pipeline.php(171): Illuminate\\Foundation\\Http\\Middleware\\VerifyCsrfToken->handle(Object(Illuminate\\Http\\Request), Object(Closure))
#20 C:\\laragon\\www\\es_ldcu2\\vendor\\laravel\\framework\\src\\Illuminate\\View\\Middleware\\ShareErrorsFromSession.php(49): Illuminate\\Pipeline\\Pipeline->Illuminate\\Pipeline\\{closure}(Object(Illuminate\\Http\\Request))
#21 C:\\laragon\\www\\es_ldcu2\\vendor\\laravel\\framework\\src\\Illuminate\\Pipeline\\Pipeline.php(171): Illuminate\\View\\Middleware\\ShareErrorsFromSession->handle(Object(Illuminate\\Http\\Request), Object(Closure))
#22 C:\\laragon\\www\\es_ldcu2\\vendor\\laravel\\framework\\src\\Illuminate\\Session\\Middleware\\StartSession.php(56): Illuminate\\Pipeline\\Pipeline->Illuminate\\Pipeline\\{closure}(Object(Illuminate\\Http\\Request))
#23 C:\\laragon\\www\\es_ldcu2\\vendor\\laravel\\framework\\src\\Illuminate\\Pipeline\\Pipeline.php(171): Illuminate\\Session\\Middleware\\StartSession->handle(Object(Illuminate\\Http\\Request), Object(Closure))
#24 C:\\laragon\\www\\es_ldcu2\\vendor\\laravel\\framework\\src\\Illuminate\\Cookie\\Middleware\\AddQueuedCookiesToResponse.php(37): Illuminate\\Pipeline\\Pipeline->Illuminate\\Pipeline\\{closure}(Object(Illuminate\\Http\\Request))
#25 C:\\laragon\\www\\es_ldcu2\\vendor\\laravel\\framework\\src\\Illuminate\\Pipeline\\Pipeline.php(171): Illuminate\\Cookie\\Middleware\\AddQueuedCookiesToResponse->handle(Object(Illuminate\\Http\\Request), Object(Closure))
#26 C:\\laragon\\www\\es_ldcu2\\vendor\\laravel\\framework\\src\\Illuminate\\Cookie\\Middleware\\EncryptCookies.php(67): Illuminate\\Pipeline\\Pipeline->Illuminate\\Pipeline\\{closure}(Object(Illuminate\\Http\\Request))
#27 C:\\laragon\\www\\es_ldcu2\\vendor\\laravel\\framework\\src\\Illuminate\\Pipeline\\Pipeline.php(171): Illuminate\\Cookie\\Middleware\\EncryptCookies->handle(Object(Illuminate\\Http\\Request), Object(Closure))
#28 C:\\laragon\\www\\es_ldcu2\\vendor\\laravel\\framework\\src\\Illuminate\\Pipeline\\Pipeline.php(105): Illuminate\\Pipeline\\Pipeline->Illuminate\\Pipeline\\{closure}(Object(Illuminate\\Http\\Request))
#29 C:\\laragon\\www\\es_ldcu2\\vendor\\laravel\\framework\\src\\Illuminate\\Routing\\Router.php(683): Illuminate\\Pipeline\\Pipeline->then(Object(Closure))
#30 C:\\laragon\\www\\es_ldcu2\\vendor\\laravel\\framework\\src\\Illuminate\\Routing\\Router.php(658): Illuminate\\Routing\\Router->runRouteWithinStack(Object(Illuminate\\Routing\\Route), Object(Illuminate\\Http\\Request))
#31 C:\\laragon\\www\\es_ldcu2\\vendor\\laravel\\framework\\src\\Illuminate\\Routing\\Router.php(624): Illuminate\\Routing\\Router->runRoute(Object(Illuminate\\Http\\Request), Object(Illuminate\\Routing\\Route))
#32 C:\\laragon\\www\\es_ldcu2\\vendor\\laravel\\framework\\src\\Illuminate\\Routing\\Router.php(613): Illuminate\\Routing\\Router->dispatchToRoute(Object(Illuminate\\Http\\Request))
#33 C:\\laragon\\www\\es_ldcu2\\vendor\\laravel\\framework\\src\\Illuminate\\Foundation\\Http\\Kernel.php(170): Illuminate\\Routing\\Router->dispatch(Object(Illuminate\\Http\\Request))
#34 C:\\laragon\\www\\es_ldcu2\\vendor\\laravel\\framework\\src\\Illuminate\\Pipeline\\Pipeline.php(130): Illuminate\\Foundation\\Http\\Kernel->Illuminate\\Foundation\\Http\\{closure}(Object(Illuminate\\Http\\Request))
#35 C:\\laragon\\www\\es_ldcu2\\vendor\\laravel\\framework\\src\\Illuminate\\Foundation\\Http\\Middleware\\TransformsRequest.php(21): Illuminate\\Pipeline\\Pipeline->Illuminate\\Pipeline\\{closure}(Object(Illuminate\\Http\\Request))
#36 C:\\laragon\\www\\es_ldcu2\\vendor\\laravel\\framework\\src\\Illuminate\\Pipeline\\Pipeline.php(171): Illuminate\\Foundation\\Http\\Middleware\\TransformsRequest->handle(Object(Illuminate\\Http\\Request), Object(Closure))
#37 C:\\laragon\\www\\es_ldcu2\\vendor\\laravel\\framework\\src\\Illuminate\\Foundation\\Http\\Middleware\\TransformsRequest.php(21): Illuminate\\Pipeline\\Pipeline->Illuminate\\Pipeline\\{closure}(Object(Illuminate\\Http\\Request))
#38 C:\\laragon\\www\\es_ldcu2\\vendor\\laravel\\framework\\src\\Illuminate\\Pipeline\\Pipeline.php(171): Illuminate\\Foundation\\Http\\Middleware\\TransformsRequest->handle(Object(Illuminate\\Http\\Request), Object(Closure))
#39 C:\\laragon\\www\\es_ldcu2\\vendor\\laravel\\framework\\src\\Illuminate\\Foundation\\Http\\Middleware\\ValidatePostSize.php(27): Illuminate\\Pipeline\\Pipeline->Illuminate\\Pipeline\\{closure}(Object(Illuminate\\Http\\Request))
#40 C:\\laragon\\www\\es_ldcu2\\vendor\\laravel\\framework\\src\\Illuminate\\Pipeline\\Pipeline.php(171): Illuminate\\Foundation\\Http\\Middleware\\ValidatePostSize->handle(Object(Illuminate\\Http\\Request), Object(Closure))
#41 C:\\laragon\\www\\es_ldcu2\\vendor\\laravel\\framework\\src\\Illuminate\\Foundation\\Http\\Middleware\\CheckForMaintenanceMode.php(63): Illuminate\\Pipeline\\Pipeline->Illuminate\\Pipeline\\{closure}(Object(Illuminate\\Http\\Request))
#42 C:\\laragon\\www\\es_ldcu2\\vendor\\laravel\\framework\\src\\Illuminate\\Pipeline\\Pipeline.php(171): Illuminate\\Foundation\\Http\\Middleware\\CheckForMaintenanceMode->handle(Object(Illuminate\\Http\\Request), Object(Closure))
#43 C:\\laragon\\www\\es_ldcu2\\vendor\\fideloper\\proxy\\src\\TrustProxies.php(57): Illuminate\\Pipeline\\Pipeline->Illuminate\\Pipeline\\{closure}(Object(Illuminate\\Http\\Request))
#44 C:\\laragon\\www\\es_ldcu2\\vendor\\laravel\\framework\\src\\Illuminate\\Pipeline\\Pipeline.php(171): Fideloper\\Proxy\\TrustProxies->handle(Object(Illuminate\\Http\\Request), Object(Closure))
#45 C:\\laragon\\www\\es_ldcu2\\vendor\\laravel\\framework\\src\\Illuminate\\Pipeline\\Pipeline.php(105): Illuminate\\Pipeline\\Pipeline->Illuminate\\Pipeline\\{closure}(Object(Illuminate\\Http\\Request))
#46 C:\\laragon\\www\\es_ldcu2\\vendor\\laravel\\framework\\src\\Illuminate\\Foundation\\Http\\Kernel.php(145): Illuminate\\Pipeline\\Pipeline->then(Object(Closure))
#47 C:\\laragon\\www\\es_ldcu2\\vendor\\laravel\\framework\\src\\Illuminate\\Foundation\\Http\\Kernel.php(110): Illuminate\\Foundation\\Http\\Kernel->sendRequestThroughRouter(Object(Illuminate\\Http\\Request))
#48 C:\\laragon\\www\\es_ldcu2\\public\\index.php(55): Illuminate\\Foundation\\Http\\Kernel->handle(Object(Illuminate\\Http\\Request))
#49 C:\\laragon\\www\\es_ldcu2\\server.php(21): require_once('C:\\\\laragon\\\\www\\\\...')
#50 {main}

[previous exception] [object] (ErrorException(code: 0): Undefined variable: registrar at C:\\laragon\\www\\es_ldcu2\\storage\\framework\\views\\207429f329b38448eec31657a688ab8c42a8fe1f.php:211)
[stacktrace]
#0 C:\\laragon\\www\\es_ldcu2\\storage\\framework\\views\\207429f329b38448eec31657a688ab8c42a8fe1f.php(211): Illuminate\\Foundation\\Bootstrap\\HandleExceptions->handleError(8, 'Undefined varia...', 'C:\\\\laragon\\\\www\\\\...', 211, Array)
#1 C:\\laragon\\www\\es_ldcu2\\vendor\\laravel\\framework\\src\\Illuminate\\View\\Engines\\PhpEngine.php(43): include('C:\\\\laragon\\\\www\\\\...')
#2 C:\\laragon\\www\\es_ldcu2\\vendor\\laravel\\framework\\src\\Illuminate\\View\\Engines\\CompilerEngine.php(59): Illuminate\\View\\Engines\\PhpEngine->evaluatePath('C:\\\\laragon\\\\www\\\\...', Array)
#3 C:\\laragon\\www\\es_ldcu2\\vendor\\facade\\ignition\\src\\Views\\Engines\\CompilerEngine.php(36): Illuminate\\View\\Engines\\CompilerEngine->get('C:\\\\laragon\\\\www\\\\...', Array)
#4 C:\\laragon\\www\\es_ldcu2\\vendor\\laravel\\framework\\src\\Illuminate\\View\\View.php(143): Facade\\Ignition\\Views\\Engines\\CompilerEngine->get('C:\\\\laragon\\\\www\\\\...', Array)
#5 C:\\laragon\\www\\es_ldcu2\\vendor\\laravel\\framework\\src\\Illuminate\\View\\View.php(126): Illuminate\\View\\View->getContents()
#6 C:\\laragon\\www\\es_ldcu2\\vendor\\laravel\\framework\\src\\Illuminate\\View\\View.php(91): Illuminate\\View\\View->renderContents()
#7 C:\\laragon\\www\\es_ldcu2\\vendor\\barryvdh\\laravel-dompdf\\src\\PDF.php(132): Illuminate\\View\\View->render()
#8 C:\\laragon\\www\\es_ldcu2\\vendor\\barryvdh\\laravel-dompdf\\src\\Facade.php(31): Barryvdh\\DomPDF\\PDF->loadView('registrar/forms...', Array)
#9 C:\\laragon\\www\\es_ldcu2\\app\\Http\\Controllers\\Migration\\RegistrarMigration.php(447): Barryvdh\\DomPDF\\Facade::__callStatic('loadview', Array)
#10 C:\\laragon\\www\\es_ldcu2\\vendor\\laravel\\framework\\src\\Illuminate\\Routing\\Controller.php(54): App\\Http\\Controllers\\Migration\\RegistrarMigration->downloadTorMasterlistBatch(Object(Illuminate\\Http\\Request))
#11 C:\\laragon\\www\\es_ldcu2\\vendor\\laravel\\framework\\src\\Illuminate\\Routing\\ControllerDispatcher.php(45): Illuminate\\Routing\\Controller->callAction('downloadTorMast...', Array)
#12 C:\\laragon\\www\\es_ldcu2\\vendor\\laravel\\framework\\src\\Illuminate\\Routing\\Route.php(219): Illuminate\\Routing\\ControllerDispatcher->dispatch(Object(Illuminate\\Routing\\Route), Object(App\\Http\\Controllers\\Migration\\RegistrarMigration), 'downloadTorMast...')
#13 C:\\laragon\\www\\es_ldcu2\\vendor\\laravel\\framework\\src\\Illuminate\\Routing\\Route.php(176): Illuminate\\Routing\\Route->runController()
#14 C:\\laragon\\www\\es_ldcu2\\vendor\\laravel\\framework\\src\\Illuminate\\Routing\\Router.php(681): Illuminate\\Routing\\Route->run()
#15 C:\\laragon\\www\\es_ldcu2\\vendor\\laravel\\framework\\src\\Illuminate\\Pipeline\\Pipeline.php(130): Illuminate\\Routing\\Router->Illuminate\\Routing\\{closure}(Object(Illuminate\\Http\\Request))
#16 C:\\laragon\\www\\es_ldcu2\\vendor\\laravel\\framework\\src\\Illuminate\\Routing\\Middleware\\SubstituteBindings.php(41): Illuminate\\Pipeline\\Pipeline->Illuminate\\Pipeline\\{closure}(Object(Illuminate\\Http\\Request))
#17 C:\\laragon\\www\\es_ldcu2\\vendor\\laravel\\framework\\src\\Illuminate\\Pipeline\\Pipeline.php(171): Illuminate\\Routing\\Middleware\\SubstituteBindings->handle(Object(Illuminate\\Http\\Request), Object(Closure))
#18 C:\\laragon\\www\\es_ldcu2\\vendor\\laravel\\framework\\src\\Illuminate\\Foundation\\Http\\Middleware\\VerifyCsrfToken.php(78): Illuminate\\Pipeline\\Pipeline->Illuminate\\Pipeline\\{closure}(Object(Illuminate\\Http\\Request))
#19 C:\\laragon\\www\\es_ldcu2\\vendor\\laravel\\framework\\src\\Illuminate\\Pipeline\\Pipeline.php(171): Illuminate\\Foundation\\Http\\Middleware\\VerifyCsrfToken->handle(Object(Illuminate\\Http\\Request), Object(Closure))
#20 C:\\laragon\\www\\es_ldcu2\\vendor\\laravel\\framework\\src\\Illuminate\\View\\Middleware\\ShareErrorsFromSession.php(49): Illuminate\\Pipeline\\Pipeline->Illuminate\\Pipeline\\{closure}(Object(Illuminate\\Http\\Request))
#21 C:\\laragon\\www\\es_ldcu2\\vendor\\laravel\\framework\\src\\Illuminate\\Pipeline\\Pipeline.php(171): Illuminate\\View\\Middleware\\ShareErrorsFromSession->handle(Object(Illuminate\\Http\\Request), Object(Closure))
#22 C:\\laragon\\www\\es_ldcu2\\vendor\\laravel\\framework\\src\\Illuminate\\Session\\Middleware\\StartSession.php(56): Illuminate\\Pipeline\\Pipeline->Illuminate\\Pipeline\\{closure}(Object(Illuminate\\Http\\Request))
#23 C:\\laragon\\www\\es_ldcu2\\vendor\\laravel\\framework\\src\\Illuminate\\Pipeline\\Pipeline.php(171): Illuminate\\Session\\Middleware\\StartSession->handle(Object(Illuminate\\Http\\Request), Object(Closure))
#24 C:\\laragon\\www\\es_ldcu2\\vendor\\laravel\\framework\\src\\Illuminate\\Cookie\\Middleware\\AddQueuedCookiesToResponse.php(37): Illuminate\\Pipeline\\Pipeline->Illuminate\\Pipeline\\{closure}(Object(Illuminate\\Http\\Request))
#25 C:\\laragon\\www\\es_ldcu2\\vendor\\laravel\\framework\\src\\Illuminate\\Pipeline\\Pipeline.php(171): Illuminate\\Cookie\\Middleware\\AddQueuedCookiesToResponse->handle(Object(Illuminate\\Http\\Request), Object(Closure))
#26 C:\\laragon\\www\\es_ldcu2\\vendor\\laravel\\framework\\src\\Illuminate\\Cookie\\Middleware\\EncryptCookies.php(67): Illuminate\\Pipeline\\Pipeline->Illuminate\\Pipeline\\{closure}(Object(Illuminate\\Http\\Request))
#27 C:\\laragon\\www\\es_ldcu2\\vendor\\laravel\\framework\\src\\Illuminate\\Pipeline\\Pipeline.php(171): Illuminate\\Cookie\\Middleware\\EncryptCookies->handle(Object(Illuminate\\Http\\Request), Object(Closure))
#28 C:\\laragon\\www\\es_ldcu2\\vendor\\laravel\\framework\\src\\Illuminate\\Pipeline\\Pipeline.php(105): Illuminate\\Pipeline\\Pipeline->Illuminate\\Pipeline\\{closure}(Object(Illuminate\\Http\\Request))
#29 C:\\laragon\\www\\es_ldcu2\\vendor\\laravel\\framework\\src\\Illuminate\\Routing\\Router.php(683): Illuminate\\Pipeline\\Pipeline->then(Object(Closure))
#30 C:\\laragon\\www\\es_ldcu2\\vendor\\laravel\\framework\\src\\Illuminate\\Routing\\Router.php(658): Illuminate\\Routing\\Router->runRouteWithinStack(Object(Illuminate\\Routing\\Route), Object(Illuminate\\Http\\Request))
#31 C:\\laragon\\www\\es_ldcu2\\vendor\\laravel\\framework\\src\\Illuminate\\Routing\\Router.php(624): Illuminate\\Routing\\Router->runRoute(Object(Illuminate\\Http\\Request), Object(Illuminate\\Routing\\Route))
#32 C:\\laragon\\www\\es_ldcu2\\vendor\\laravel\\framework\\src\\Illuminate\\Routing\\Router.php(613): Illuminate\\Routing\\Router->dispatchToRoute(Object(Illuminate\\Http\\Request))
#33 C:\\laragon\\www\\es_ldcu2\\vendor\\laravel\\framework\\src\\Illuminate\\Foundation\\Http\\Kernel.php(170): Illuminate\\Routing\\Router->dispatch(Object(Illuminate\\Http\\Request))
#34 C:\\laragon\\www\\es_ldcu2\\vendor\\laravel\\framework\\src\\Illuminate\\Pipeline\\Pipeline.php(130): Illuminate\\Foundation\\Http\\Kernel->Illuminate\\Foundation\\Http\\{closure}(Object(Illuminate\\Http\\Request))
#35 C:\\laragon\\www\\es_ldcu2\\vendor\\laravel\\framework\\src\\Illuminate\\Foundation\\Http\\Middleware\\TransformsRequest.php(21): Illuminate\\Pipeline\\Pipeline->Illuminate\\Pipeline\\{closure}(Object(Illuminate\\Http\\Request))
#36 C:\\laragon\\www\\es_ldcu2\\vendor\\laravel\\framework\\src\\Illuminate\\Pipeline\\Pipeline.php(171): Illuminate\\Foundation\\Http\\Middleware\\TransformsRequest->handle(Object(Illuminate\\Http\\Request), Object(Closure))
#37 C:\\laragon\\www\\es_ldcu2\\vendor\\laravel\\framework\\src\\Illuminate\\Foundation\\Http\\Middleware\\TransformsRequest.php(21): Illuminate\\Pipeline\\Pipeline->Illuminate\\Pipeline\\{closure}(Object(Illuminate\\Http\\Request))
#38 C:\\laragon\\www\\es_ldcu2\\vendor\\laravel\\framework\\src\\Illuminate\\Pipeline\\Pipeline.php(171): Illuminate\\Foundation\\Http\\Middleware\\TransformsRequest->handle(Object(Illuminate\\Http\\Request), Object(Closure))
#39 C:\\laragon\\www\\es_ldcu2\\vendor\\laravel\\framework\\src\\Illuminate\\Foundation\\Http\\Middleware\\ValidatePostSize.php(27): Illuminate\\Pipeline\\Pipeline->Illuminate\\Pipeline\\{closure}(Object(Illuminate\\Http\\Request))
#40 C:\\laragon\\www\\es_ldcu2\\vendor\\laravel\\framework\\src\\Illuminate\\Pipeline\\Pipeline.php(171): Illuminate\\Foundation\\Http\\Middleware\\ValidatePostSize->handle(Object(Illuminate\\Http\\Request), Object(Closure))
#41 C:\\laragon\\www\\es_ldcu2\\vendor\\laravel\\framework\\src\\Illuminate\\Foundation\\Http\\Middleware\\CheckForMaintenanceMode.php(63): Illuminate\\Pipeline\\Pipeline->Illuminate\\Pipeline\\{closure}(Object(Illuminate\\Http\\Request))
#42 C:\\laragon\\www\\es_ldcu2\\vendor\\laravel\\framework\\src\\Illuminate\\Pipeline\\Pipeline.php(171): Illuminate\\Foundation\\Http\\Middleware\\CheckForMaintenanceMode->handle(Object(Illuminate\\Http\\Request), Object(Closure))
#43 C:\\laragon\\www\\es_ldcu2\\vendor\\fideloper\\proxy\\src\\TrustProxies.php(57): Illuminate\\Pipeline\\Pipeline->Illuminate\\Pipeline\\{closure}(Object(Illuminate\\Http\\Request))
#44 C:\\laragon\\www\\es_ldcu2\\vendor\\laravel\\framework\\src\\Illuminate\\Pipeline\\Pipeline.php(171): Fideloper\\Proxy\\TrustProxies->handle(Object(Illuminate\\Http\\Request), Object(Closure))
#45 C:\\laragon\\www\\es_ldcu2\\vendor\\laravel\\framework\\src\\Illuminate\\Pipeline\\Pipeline.php(105): Illuminate\\Pipeline\\Pipeline->Illuminate\\Pipeline\\{closure}(Object(Illuminate\\Http\\Request))
#46 C:\\laragon\\www\\es_ldcu2\\vendor\\laravel\\framework\\src\\Illuminate\\Foundation\\Http\\Kernel.php(145): Illuminate\\Pipeline\\Pipeline->then(Object(Closure))
#47 C:\\laragon\\www\\es_ldcu2\\vendor\\laravel\\framework\\src\\Illuminate\\Foundation\\Http\\Kernel.php(110): Illuminate\\Foundation\\Http\\Kernel->sendRequestThroughRouter(Object(Illuminate\\Http\\Request))
#48 C:\\laragon\\www\\es_ldcu2\\public\\index.php(55): Illuminate\\Foundation\\Http\\Kernel->handle(Object(Illuminate\\Http\\Request))
#49 C:\\laragon\\www\\es_ldcu2\\server.php(21): require_once('C:\\\\laragon\\\\www\\\\...')
#50 {main}
"} 
[2025-07-11 01:45:43] local.ERROR: Undefined variable: registrar (View: C:\laragon\www\es_ldcu2\resources\views\registrar\forms\tor\pdf\pdf_tor_gbbc_dompdf.blade.php) {"userId":1,"exception":"[object] (Facade\\Ignition\\Exceptions\\ViewException(code: 0): Undefined variable: registrar (View: C:\\laragon\\www\\es_ldcu2\\resources\\views\\registrar\\forms\\tor\\pdf\\pdf_tor_gbbc_dompdf.blade.php) at C:\\laragon\\www\\es_ldcu2\\resources\\views/registrar/forms/tor/pdf/pdf_tor_gbbc_dompdf.blade.php:211)
[stacktrace]
#0 C:\\laragon\\www\\es_ldcu2\\resources\\views/registrar/forms/tor/pdf/pdf_tor_gbbc_dompdf.blade.php(211): Illuminate\\Foundation\\Bootstrap\\HandleExceptions->handleError(8, 'Undefined varia...', 'C:\\\\laragon\\\\www\\\\...', 211, Array)
#1 C:\\laragon\\www\\es_ldcu2\\vendor\\laravel\\framework\\src\\Illuminate\\View\\Engines\\PhpEngine.php(43): include('C:\\\\laragon\\\\www\\\\...')
#2 C:\\laragon\\www\\es_ldcu2\\vendor\\laravel\\framework\\src\\Illuminate\\View\\Engines\\CompilerEngine.php(59): Illuminate\\View\\Engines\\PhpEngine->evaluatePath('C:\\\\laragon\\\\www\\\\...', Array)
#3 C:\\laragon\\www\\es_ldcu2\\vendor\\facade\\ignition\\src\\Views\\Engines\\CompilerEngine.php(36): Illuminate\\View\\Engines\\CompilerEngine->get('C:\\\\laragon\\\\www\\\\...', Array)
#4 C:\\laragon\\www\\es_ldcu2\\vendor\\laravel\\framework\\src\\Illuminate\\View\\View.php(143): Facade\\Ignition\\Views\\Engines\\CompilerEngine->get('C:\\\\laragon\\\\www\\\\...', Array)
#5 C:\\laragon\\www\\es_ldcu2\\vendor\\laravel\\framework\\src\\Illuminate\\View\\View.php(126): Illuminate\\View\\View->getContents()
#6 C:\\laragon\\www\\es_ldcu2\\vendor\\laravel\\framework\\src\\Illuminate\\View\\View.php(91): Illuminate\\View\\View->renderContents()
#7 C:\\laragon\\www\\es_ldcu2\\vendor\\barryvdh\\laravel-dompdf\\src\\PDF.php(132): Illuminate\\View\\View->render()
#8 C:\\laragon\\www\\es_ldcu2\\vendor\\barryvdh\\laravel-dompdf\\src\\Facade.php(31): Barryvdh\\DomPDF\\PDF->loadView('registrar/forms...', Array)
#9 C:\\laragon\\www\\es_ldcu2\\app\\Http\\Controllers\\Migration\\RegistrarMigration.php(447): Barryvdh\\DomPDF\\Facade::__callStatic('loadview', Array)
#10 C:\\laragon\\www\\es_ldcu2\\vendor\\laravel\\framework\\src\\Illuminate\\Routing\\Controller.php(54): App\\Http\\Controllers\\Migration\\RegistrarMigration->downloadTorMasterlistBatch(Object(Illuminate\\Http\\Request))
#11 C:\\laragon\\www\\es_ldcu2\\vendor\\laravel\\framework\\src\\Illuminate\\Routing\\ControllerDispatcher.php(45): Illuminate\\Routing\\Controller->callAction('downloadTorMast...', Array)
#12 C:\\laragon\\www\\es_ldcu2\\vendor\\laravel\\framework\\src\\Illuminate\\Routing\\Route.php(219): Illuminate\\Routing\\ControllerDispatcher->dispatch(Object(Illuminate\\Routing\\Route), Object(App\\Http\\Controllers\\Migration\\RegistrarMigration), 'downloadTorMast...')
#13 C:\\laragon\\www\\es_ldcu2\\vendor\\laravel\\framework\\src\\Illuminate\\Routing\\Route.php(176): Illuminate\\Routing\\Route->runController()
#14 C:\\laragon\\www\\es_ldcu2\\vendor\\laravel\\framework\\src\\Illuminate\\Routing\\Router.php(681): Illuminate\\Routing\\Route->run()
#15 C:\\laragon\\www\\es_ldcu2\\vendor\\laravel\\framework\\src\\Illuminate\\Pipeline\\Pipeline.php(130): Illuminate\\Routing\\Router->Illuminate\\Routing\\{closure}(Object(Illuminate\\Http\\Request))
#16 C:\\laragon\\www\\es_ldcu2\\vendor\\laravel\\framework\\src\\Illuminate\\Routing\\Middleware\\SubstituteBindings.php(41): Illuminate\\Pipeline\\Pipeline->Illuminate\\Pipeline\\{closure}(Object(Illuminate\\Http\\Request))
#17 C:\\laragon\\www\\es_ldcu2\\vendor\\laravel\\framework\\src\\Illuminate\\Pipeline\\Pipeline.php(171): Illuminate\\Routing\\Middleware\\SubstituteBindings->handle(Object(Illuminate\\Http\\Request), Object(Closure))
#18 C:\\laragon\\www\\es_ldcu2\\vendor\\laravel\\framework\\src\\Illuminate\\Foundation\\Http\\Middleware\\VerifyCsrfToken.php(78): Illuminate\\Pipeline\\Pipeline->Illuminate\\Pipeline\\{closure}(Object(Illuminate\\Http\\Request))
#19 C:\\laragon\\www\\es_ldcu2\\vendor\\laravel\\framework\\src\\Illuminate\\Pipeline\\Pipeline.php(171): Illuminate\\Foundation\\Http\\Middleware\\VerifyCsrfToken->handle(Object(Illuminate\\Http\\Request), Object(Closure))
#20 C:\\laragon\\www\\es_ldcu2\\vendor\\laravel\\framework\\src\\Illuminate\\View\\Middleware\\ShareErrorsFromSession.php(49): Illuminate\\Pipeline\\Pipeline->Illuminate\\Pipeline\\{closure}(Object(Illuminate\\Http\\Request))
#21 C:\\laragon\\www\\es_ldcu2\\vendor\\laravel\\framework\\src\\Illuminate\\Pipeline\\Pipeline.php(171): Illuminate\\View\\Middleware\\ShareErrorsFromSession->handle(Object(Illuminate\\Http\\Request), Object(Closure))
#22 C:\\laragon\\www\\es_ldcu2\\vendor\\laravel\\framework\\src\\Illuminate\\Session\\Middleware\\StartSession.php(56): Illuminate\\Pipeline\\Pipeline->Illuminate\\Pipeline\\{closure}(Object(Illuminate\\Http\\Request))
#23 C:\\laragon\\www\\es_ldcu2\\vendor\\laravel\\framework\\src\\Illuminate\\Pipeline\\Pipeline.php(171): Illuminate\\Session\\Middleware\\StartSession->handle(Object(Illuminate\\Http\\Request), Object(Closure))
#24 C:\\laragon\\www\\es_ldcu2\\vendor\\laravel\\framework\\src\\Illuminate\\Cookie\\Middleware\\AddQueuedCookiesToResponse.php(37): Illuminate\\Pipeline\\Pipeline->Illuminate\\Pipeline\\{closure}(Object(Illuminate\\Http\\Request))
#25 C:\\laragon\\www\\es_ldcu2\\vendor\\laravel\\framework\\src\\Illuminate\\Pipeline\\Pipeline.php(171): Illuminate\\Cookie\\Middleware\\AddQueuedCookiesToResponse->handle(Object(Illuminate\\Http\\Request), Object(Closure))
#26 C:\\laragon\\www\\es_ldcu2\\vendor\\laravel\\framework\\src\\Illuminate\\Cookie\\Middleware\\EncryptCookies.php(67): Illuminate\\Pipeline\\Pipeline->Illuminate\\Pipeline\\{closure}(Object(Illuminate\\Http\\Request))
#27 C:\\laragon\\www\\es_ldcu2\\vendor\\laravel\\framework\\src\\Illuminate\\Pipeline\\Pipeline.php(171): Illuminate\\Cookie\\Middleware\\EncryptCookies->handle(Object(Illuminate\\Http\\Request), Object(Closure))
#28 C:\\laragon\\www\\es_ldcu2\\vendor\\laravel\\framework\\src\\Illuminate\\Pipeline\\Pipeline.php(105): Illuminate\\Pipeline\\Pipeline->Illuminate\\Pipeline\\{closure}(Object(Illuminate\\Http\\Request))
#29 C:\\laragon\\www\\es_ldcu2\\vendor\\laravel\\framework\\src\\Illuminate\\Routing\\Router.php(683): Illuminate\\Pipeline\\Pipeline->then(Object(Closure))
#30 C:\\laragon\\www\\es_ldcu2\\vendor\\laravel\\framework\\src\\Illuminate\\Routing\\Router.php(658): Illuminate\\Routing\\Router->runRouteWithinStack(Object(Illuminate\\Routing\\Route), Object(Illuminate\\Http\\Request))
#31 C:\\laragon\\www\\es_ldcu2\\vendor\\laravel\\framework\\src\\Illuminate\\Routing\\Router.php(624): Illuminate\\Routing\\Router->runRoute(Object(Illuminate\\Http\\Request), Object(Illuminate\\Routing\\Route))
#32 C:\\laragon\\www\\es_ldcu2\\vendor\\laravel\\framework\\src\\Illuminate\\Routing\\Router.php(613): Illuminate\\Routing\\Router->dispatchToRoute(Object(Illuminate\\Http\\Request))
#33 C:\\laragon\\www\\es_ldcu2\\vendor\\laravel\\framework\\src\\Illuminate\\Foundation\\Http\\Kernel.php(170): Illuminate\\Routing\\Router->dispatch(Object(Illuminate\\Http\\Request))
#34 C:\\laragon\\www\\es_ldcu2\\vendor\\laravel\\framework\\src\\Illuminate\\Pipeline\\Pipeline.php(130): Illuminate\\Foundation\\Http\\Kernel->Illuminate\\Foundation\\Http\\{closure}(Object(Illuminate\\Http\\Request))
#35 C:\\laragon\\www\\es_ldcu2\\vendor\\laravel\\framework\\src\\Illuminate\\Foundation\\Http\\Middleware\\TransformsRequest.php(21): Illuminate\\Pipeline\\Pipeline->Illuminate\\Pipeline\\{closure}(Object(Illuminate\\Http\\Request))
#36 C:\\laragon\\www\\es_ldcu2\\vendor\\laravel\\framework\\src\\Illuminate\\Pipeline\\Pipeline.php(171): Illuminate\\Foundation\\Http\\Middleware\\TransformsRequest->handle(Object(Illuminate\\Http\\Request), Object(Closure))
#37 C:\\laragon\\www\\es_ldcu2\\vendor\\laravel\\framework\\src\\Illuminate\\Foundation\\Http\\Middleware\\TransformsRequest.php(21): Illuminate\\Pipeline\\Pipeline->Illuminate\\Pipeline\\{closure}(Object(Illuminate\\Http\\Request))
#38 C:\\laragon\\www\\es_ldcu2\\vendor\\laravel\\framework\\src\\Illuminate\\Pipeline\\Pipeline.php(171): Illuminate\\Foundation\\Http\\Middleware\\TransformsRequest->handle(Object(Illuminate\\Http\\Request), Object(Closure))
#39 C:\\laragon\\www\\es_ldcu2\\vendor\\laravel\\framework\\src\\Illuminate\\Foundation\\Http\\Middleware\\ValidatePostSize.php(27): Illuminate\\Pipeline\\Pipeline->Illuminate\\Pipeline\\{closure}(Object(Illuminate\\Http\\Request))
#40 C:\\laragon\\www\\es_ldcu2\\vendor\\laravel\\framework\\src\\Illuminate\\Pipeline\\Pipeline.php(171): Illuminate\\Foundation\\Http\\Middleware\\ValidatePostSize->handle(Object(Illuminate\\Http\\Request), Object(Closure))
#41 C:\\laragon\\www\\es_ldcu2\\vendor\\laravel\\framework\\src\\Illuminate\\Foundation\\Http\\Middleware\\CheckForMaintenanceMode.php(63): Illuminate\\Pipeline\\Pipeline->Illuminate\\Pipeline\\{closure}(Object(Illuminate\\Http\\Request))
#42 C:\\laragon\\www\\es_ldcu2\\vendor\\laravel\\framework\\src\\Illuminate\\Pipeline\\Pipeline.php(171): Illuminate\\Foundation\\Http\\Middleware\\CheckForMaintenanceMode->handle(Object(Illuminate\\Http\\Request), Object(Closure))
#43 C:\\laragon\\www\\es_ldcu2\\vendor\\fideloper\\proxy\\src\\TrustProxies.php(57): Illuminate\\Pipeline\\Pipeline->Illuminate\\Pipeline\\{closure}(Object(Illuminate\\Http\\Request))
#44 C:\\laragon\\www\\es_ldcu2\\vendor\\laravel\\framework\\src\\Illuminate\\Pipeline\\Pipeline.php(171): Fideloper\\Proxy\\TrustProxies->handle(Object(Illuminate\\Http\\Request), Object(Closure))
#45 C:\\laragon\\www\\es_ldcu2\\vendor\\laravel\\framework\\src\\Illuminate\\Pipeline\\Pipeline.php(105): Illuminate\\Pipeline\\Pipeline->Illuminate\\Pipeline\\{closure}(Object(Illuminate\\Http\\Request))
#46 C:\\laragon\\www\\es_ldcu2\\vendor\\laravel\\framework\\src\\Illuminate\\Foundation\\Http\\Kernel.php(145): Illuminate\\Pipeline\\Pipeline->then(Object(Closure))
#47 C:\\laragon\\www\\es_ldcu2\\vendor\\laravel\\framework\\src\\Illuminate\\Foundation\\Http\\Kernel.php(110): Illuminate\\Foundation\\Http\\Kernel->sendRequestThroughRouter(Object(Illuminate\\Http\\Request))
#48 C:\\laragon\\www\\es_ldcu2\\public\\index.php(55): Illuminate\\Foundation\\Http\\Kernel->handle(Object(Illuminate\\Http\\Request))
#49 C:\\laragon\\www\\es_ldcu2\\server.php(21): require_once('C:\\\\laragon\\\\www\\\\...')
#50 {main}

[previous exception] [object] (ErrorException(code: 0): Undefined variable: registrar at C:\\laragon\\www\\es_ldcu2\\storage\\framework\\views\\207429f329b38448eec31657a688ab8c42a8fe1f.php:211)
[stacktrace]
#0 C:\\laragon\\www\\es_ldcu2\\storage\\framework\\views\\207429f329b38448eec31657a688ab8c42a8fe1f.php(211): Illuminate\\Foundation\\Bootstrap\\HandleExceptions->handleError(8, 'Undefined varia...', 'C:\\\\laragon\\\\www\\\\...', 211, Array)
#1 C:\\laragon\\www\\es_ldcu2\\vendor\\laravel\\framework\\src\\Illuminate\\View\\Engines\\PhpEngine.php(43): include('C:\\\\laragon\\\\www\\\\...')
#2 C:\\laragon\\www\\es_ldcu2\\vendor\\laravel\\framework\\src\\Illuminate\\View\\Engines\\CompilerEngine.php(59): Illuminate\\View\\Engines\\PhpEngine->evaluatePath('C:\\\\laragon\\\\www\\\\...', Array)
#3 C:\\laragon\\www\\es_ldcu2\\vendor\\facade\\ignition\\src\\Views\\Engines\\CompilerEngine.php(36): Illuminate\\View\\Engines\\CompilerEngine->get('C:\\\\laragon\\\\www\\\\...', Array)
#4 C:\\laragon\\www\\es_ldcu2\\vendor\\laravel\\framework\\src\\Illuminate\\View\\View.php(143): Facade\\Ignition\\Views\\Engines\\CompilerEngine->get('C:\\\\laragon\\\\www\\\\...', Array)
#5 C:\\laragon\\www\\es_ldcu2\\vendor\\laravel\\framework\\src\\Illuminate\\View\\View.php(126): Illuminate\\View\\View->getContents()
#6 C:\\laragon\\www\\es_ldcu2\\vendor\\laravel\\framework\\src\\Illuminate\\View\\View.php(91): Illuminate\\View\\View->renderContents()
#7 C:\\laragon\\www\\es_ldcu2\\vendor\\barryvdh\\laravel-dompdf\\src\\PDF.php(132): Illuminate\\View\\View->render()
#8 C:\\laragon\\www\\es_ldcu2\\vendor\\barryvdh\\laravel-dompdf\\src\\Facade.php(31): Barryvdh\\DomPDF\\PDF->loadView('registrar/forms...', Array)
#9 C:\\laragon\\www\\es_ldcu2\\app\\Http\\Controllers\\Migration\\RegistrarMigration.php(447): Barryvdh\\DomPDF\\Facade::__callStatic('loadview', Array)
#10 C:\\laragon\\www\\es_ldcu2\\vendor\\laravel\\framework\\src\\Illuminate\\Routing\\Controller.php(54): App\\Http\\Controllers\\Migration\\RegistrarMigration->downloadTorMasterlistBatch(Object(Illuminate\\Http\\Request))
#11 C:\\laragon\\www\\es_ldcu2\\vendor\\laravel\\framework\\src\\Illuminate\\Routing\\ControllerDispatcher.php(45): Illuminate\\Routing\\Controller->callAction('downloadTorMast...', Array)
#12 C:\\laragon\\www\\es_ldcu2\\vendor\\laravel\\framework\\src\\Illuminate\\Routing\\Route.php(219): Illuminate\\Routing\\ControllerDispatcher->dispatch(Object(Illuminate\\Routing\\Route), Object(App\\Http\\Controllers\\Migration\\RegistrarMigration), 'downloadTorMast...')
#13 C:\\laragon\\www\\es_ldcu2\\vendor\\laravel\\framework\\src\\Illuminate\\Routing\\Route.php(176): Illuminate\\Routing\\Route->runController()
#14 C:\\laragon\\www\\es_ldcu2\\vendor\\laravel\\framework\\src\\Illuminate\\Routing\\Router.php(681): Illuminate\\Routing\\Route->run()
#15 C:\\laragon\\www\\es_ldcu2\\vendor\\laravel\\framework\\src\\Illuminate\\Pipeline\\Pipeline.php(130): Illuminate\\Routing\\Router->Illuminate\\Routing\\{closure}(Object(Illuminate\\Http\\Request))
#16 C:\\laragon\\www\\es_ldcu2\\vendor\\laravel\\framework\\src\\Illuminate\\Routing\\Middleware\\SubstituteBindings.php(41): Illuminate\\Pipeline\\Pipeline->Illuminate\\Pipeline\\{closure}(Object(Illuminate\\Http\\Request))
#17 C:\\laragon\\www\\es_ldcu2\\vendor\\laravel\\framework\\src\\Illuminate\\Pipeline\\Pipeline.php(171): Illuminate\\Routing\\Middleware\\SubstituteBindings->handle(Object(Illuminate\\Http\\Request), Object(Closure))
#18 C:\\laragon\\www\\es_ldcu2\\vendor\\laravel\\framework\\src\\Illuminate\\Foundation\\Http\\Middleware\\VerifyCsrfToken.php(78): Illuminate\\Pipeline\\Pipeline->Illuminate\\Pipeline\\{closure}(Object(Illuminate\\Http\\Request))
#19 C:\\laragon\\www\\es_ldcu2\\vendor\\laravel\\framework\\src\\Illuminate\\Pipeline\\Pipeline.php(171): Illuminate\\Foundation\\Http\\Middleware\\VerifyCsrfToken->handle(Object(Illuminate\\Http\\Request), Object(Closure))
#20 C:\\laragon\\www\\es_ldcu2\\vendor\\laravel\\framework\\src\\Illuminate\\View\\Middleware\\ShareErrorsFromSession.php(49): Illuminate\\Pipeline\\Pipeline->Illuminate\\Pipeline\\{closure}(Object(Illuminate\\Http\\Request))
#21 C:\\laragon\\www\\es_ldcu2\\vendor\\laravel\\framework\\src\\Illuminate\\Pipeline\\Pipeline.php(171): Illuminate\\View\\Middleware\\ShareErrorsFromSession->handle(Object(Illuminate\\Http\\Request), Object(Closure))
#22 C:\\laragon\\www\\es_ldcu2\\vendor\\laravel\\framework\\src\\Illuminate\\Session\\Middleware\\StartSession.php(56): Illuminate\\Pipeline\\Pipeline->Illuminate\\Pipeline\\{closure}(Object(Illuminate\\Http\\Request))
#23 C:\\laragon\\www\\es_ldcu2\\vendor\\laravel\\framework\\src\\Illuminate\\Pipeline\\Pipeline.php(171): Illuminate\\Session\\Middleware\\StartSession->handle(Object(Illuminate\\Http\\Request), Object(Closure))
#24 C:\\laragon\\www\\es_ldcu2\\vendor\\laravel\\framework\\src\\Illuminate\\Cookie\\Middleware\\AddQueuedCookiesToResponse.php(37): Illuminate\\Pipeline\\Pipeline->Illuminate\\Pipeline\\{closure}(Object(Illuminate\\Http\\Request))
#25 C:\\laragon\\www\\es_ldcu2\\vendor\\laravel\\framework\\src\\Illuminate\\Pipeline\\Pipeline.php(171): Illuminate\\Cookie\\Middleware\\AddQueuedCookiesToResponse->handle(Object(Illuminate\\Http\\Request), Object(Closure))
#26 C:\\laragon\\www\\es_ldcu2\\vendor\\laravel\\framework\\src\\Illuminate\\Cookie\\Middleware\\EncryptCookies.php(67): Illuminate\\Pipeline\\Pipeline->Illuminate\\Pipeline\\{closure}(Object(Illuminate\\Http\\Request))
#27 C:\\laragon\\www\\es_ldcu2\\vendor\\laravel\\framework\\src\\Illuminate\\Pipeline\\Pipeline.php(171): Illuminate\\Cookie\\Middleware\\EncryptCookies->handle(Object(Illuminate\\Http\\Request), Object(Closure))
#28 C:\\laragon\\www\\es_ldcu2\\vendor\\laravel\\framework\\src\\Illuminate\\Pipeline\\Pipeline.php(105): Illuminate\\Pipeline\\Pipeline->Illuminate\\Pipeline\\{closure}(Object(Illuminate\\Http\\Request))
#29 C:\\laragon\\www\\es_ldcu2\\vendor\\laravel\\framework\\src\\Illuminate\\Routing\\Router.php(683): Illuminate\\Pipeline\\Pipeline->then(Object(Closure))
#30 C:\\laragon\\www\\es_ldcu2\\vendor\\laravel\\framework\\src\\Illuminate\\Routing\\Router.php(658): Illuminate\\Routing\\Router->runRouteWithinStack(Object(Illuminate\\Routing\\Route), Object(Illuminate\\Http\\Request))
#31 C:\\laragon\\www\\es_ldcu2\\vendor\\laravel\\framework\\src\\Illuminate\\Routing\\Router.php(624): Illuminate\\Routing\\Router->runRoute(Object(Illuminate\\Http\\Request), Object(Illuminate\\Routing\\Route))
#32 C:\\laragon\\www\\es_ldcu2\\vendor\\laravel\\framework\\src\\Illuminate\\Routing\\Router.php(613): Illuminate\\Routing\\Router->dispatchToRoute(Object(Illuminate\\Http\\Request))
#33 C:\\laragon\\www\\es_ldcu2\\vendor\\laravel\\framework\\src\\Illuminate\\Foundation\\Http\\Kernel.php(170): Illuminate\\Routing\\Router->dispatch(Object(Illuminate\\Http\\Request))
#34 C:\\laragon\\www\\es_ldcu2\\vendor\\laravel\\framework\\src\\Illuminate\\Pipeline\\Pipeline.php(130): Illuminate\\Foundation\\Http\\Kernel->Illuminate\\Foundation\\Http\\{closure}(Object(Illuminate\\Http\\Request))
#35 C:\\laragon\\www\\es_ldcu2\\vendor\\laravel\\framework\\src\\Illuminate\\Foundation\\Http\\Middleware\\TransformsRequest.php(21): Illuminate\\Pipeline\\Pipeline->Illuminate\\Pipeline\\{closure}(Object(Illuminate\\Http\\Request))
#36 C:\\laragon\\www\\es_ldcu2\\vendor\\laravel\\framework\\src\\Illuminate\\Pipeline\\Pipeline.php(171): Illuminate\\Foundation\\Http\\Middleware\\TransformsRequest->handle(Object(Illuminate\\Http\\Request), Object(Closure))
#37 C:\\laragon\\www\\es_ldcu2\\vendor\\laravel\\framework\\src\\Illuminate\\Foundation\\Http\\Middleware\\TransformsRequest.php(21): Illuminate\\Pipeline\\Pipeline->Illuminate\\Pipeline\\{closure}(Object(Illuminate\\Http\\Request))
#38 C:\\laragon\\www\\es_ldcu2\\vendor\\laravel\\framework\\src\\Illuminate\\Pipeline\\Pipeline.php(171): Illuminate\\Foundation\\Http\\Middleware\\TransformsRequest->handle(Object(Illuminate\\Http\\Request), Object(Closure))
#39 C:\\laragon\\www\\es_ldcu2\\vendor\\laravel\\framework\\src\\Illuminate\\Foundation\\Http\\Middleware\\ValidatePostSize.php(27): Illuminate\\Pipeline\\Pipeline->Illuminate\\Pipeline\\{closure}(Object(Illuminate\\Http\\Request))
#40 C:\\laragon\\www\\es_ldcu2\\vendor\\laravel\\framework\\src\\Illuminate\\Pipeline\\Pipeline.php(171): Illuminate\\Foundation\\Http\\Middleware\\ValidatePostSize->handle(Object(Illuminate\\Http\\Request), Object(Closure))
#41 C:\\laragon\\www\\es_ldcu2\\vendor\\laravel\\framework\\src\\Illuminate\\Foundation\\Http\\Middleware\\CheckForMaintenanceMode.php(63): Illuminate\\Pipeline\\Pipeline->Illuminate\\Pipeline\\{closure}(Object(Illuminate\\Http\\Request))
#42 C:\\laragon\\www\\es_ldcu2\\vendor\\laravel\\framework\\src\\Illuminate\\Pipeline\\Pipeline.php(171): Illuminate\\Foundation\\Http\\Middleware\\CheckForMaintenanceMode->handle(Object(Illuminate\\Http\\Request), Object(Closure))
#43 C:\\laragon\\www\\es_ldcu2\\vendor\\fideloper\\proxy\\src\\TrustProxies.php(57): Illuminate\\Pipeline\\Pipeline->Illuminate\\Pipeline\\{closure}(Object(Illuminate\\Http\\Request))
#44 C:\\laragon\\www\\es_ldcu2\\vendor\\laravel\\framework\\src\\Illuminate\\Pipeline\\Pipeline.php(171): Fideloper\\Proxy\\TrustProxies->handle(Object(Illuminate\\Http\\Request), Object(Closure))
#45 C:\\laragon\\www\\es_ldcu2\\vendor\\laravel\\framework\\src\\Illuminate\\Pipeline\\Pipeline.php(105): Illuminate\\Pipeline\\Pipeline->Illuminate\\Pipeline\\{closure}(Object(Illuminate\\Http\\Request))
#46 C:\\laragon\\www\\es_ldcu2\\vendor\\laravel\\framework\\src\\Illuminate\\Foundation\\Http\\Kernel.php(145): Illuminate\\Pipeline\\Pipeline->then(Object(Closure))
#47 C:\\laragon\\www\\es_ldcu2\\vendor\\laravel\\framework\\src\\Illuminate\\Foundation\\Http\\Kernel.php(110): Illuminate\\Foundation\\Http\\Kernel->sendRequestThroughRouter(Object(Illuminate\\Http\\Request))
#48 C:\\laragon\\www\\es_ldcu2\\public\\index.php(55): Illuminate\\Foundation\\Http\\Kernel->handle(Object(Illuminate\\Http\\Request))
#49 C:\\laragon\\www\\es_ldcu2\\server.php(21): require_once('C:\\\\laragon\\\\www\\\\...')
#50 {main}
"} 
[2025-07-11 01:46:01] local.ERROR: Undefined variable: registrar (View: C:\laragon\www\es_ldcu2\resources\views\registrar\forms\tor\pdf\pdf_tor_gbbc_dompdf.blade.php) {"userId":1,"exception":"[object] (Facade\\Ignition\\Exceptions\\ViewException(code: 0): Undefined variable: registrar (View: C:\\laragon\\www\\es_ldcu2\\resources\\views\\registrar\\forms\\tor\\pdf\\pdf_tor_gbbc_dompdf.blade.php) at C:\\laragon\\www\\es_ldcu2\\resources\\views/registrar/forms/tor/pdf/pdf_tor_gbbc_dompdf.blade.php:211)
[stacktrace]
#0 C:\\laragon\\www\\es_ldcu2\\resources\\views/registrar/forms/tor/pdf/pdf_tor_gbbc_dompdf.blade.php(211): Illuminate\\Foundation\\Bootstrap\\HandleExceptions->handleError(8, 'Undefined varia...', 'C:\\\\laragon\\\\www\\\\...', 211, Array)
#1 C:\\laragon\\www\\es_ldcu2\\vendor\\laravel\\framework\\src\\Illuminate\\View\\Engines\\PhpEngine.php(43): include('C:\\\\laragon\\\\www\\\\...')
#2 C:\\laragon\\www\\es_ldcu2\\vendor\\laravel\\framework\\src\\Illuminate\\View\\Engines\\CompilerEngine.php(59): Illuminate\\View\\Engines\\PhpEngine->evaluatePath('C:\\\\laragon\\\\www\\\\...', Array)
#3 C:\\laragon\\www\\es_ldcu2\\vendor\\facade\\ignition\\src\\Views\\Engines\\CompilerEngine.php(36): Illuminate\\View\\Engines\\CompilerEngine->get('C:\\\\laragon\\\\www\\\\...', Array)
#4 C:\\laragon\\www\\es_ldcu2\\vendor\\laravel\\framework\\src\\Illuminate\\View\\View.php(143): Facade\\Ignition\\Views\\Engines\\CompilerEngine->get('C:\\\\laragon\\\\www\\\\...', Array)
#5 C:\\laragon\\www\\es_ldcu2\\vendor\\laravel\\framework\\src\\Illuminate\\View\\View.php(126): Illuminate\\View\\View->getContents()
#6 C:\\laragon\\www\\es_ldcu2\\vendor\\laravel\\framework\\src\\Illuminate\\View\\View.php(91): Illuminate\\View\\View->renderContents()
#7 C:\\laragon\\www\\es_ldcu2\\vendor\\barryvdh\\laravel-dompdf\\src\\PDF.php(132): Illuminate\\View\\View->render()
#8 C:\\laragon\\www\\es_ldcu2\\vendor\\barryvdh\\laravel-dompdf\\src\\Facade.php(31): Barryvdh\\DomPDF\\PDF->loadView('registrar/forms...', Array)
#9 C:\\laragon\\www\\es_ldcu2\\app\\Http\\Controllers\\Migration\\RegistrarMigration.php(447): Barryvdh\\DomPDF\\Facade::__callStatic('loadview', Array)
#10 C:\\laragon\\www\\es_ldcu2\\vendor\\laravel\\framework\\src\\Illuminate\\Routing\\Controller.php(54): App\\Http\\Controllers\\Migration\\RegistrarMigration->downloadTorMasterlistBatch(Object(Illuminate\\Http\\Request))
#11 C:\\laragon\\www\\es_ldcu2\\vendor\\laravel\\framework\\src\\Illuminate\\Routing\\ControllerDispatcher.php(45): Illuminate\\Routing\\Controller->callAction('downloadTorMast...', Array)
#12 C:\\laragon\\www\\es_ldcu2\\vendor\\laravel\\framework\\src\\Illuminate\\Routing\\Route.php(219): Illuminate\\Routing\\ControllerDispatcher->dispatch(Object(Illuminate\\Routing\\Route), Object(App\\Http\\Controllers\\Migration\\RegistrarMigration), 'downloadTorMast...')
#13 C:\\laragon\\www\\es_ldcu2\\vendor\\laravel\\framework\\src\\Illuminate\\Routing\\Route.php(176): Illuminate\\Routing\\Route->runController()
#14 C:\\laragon\\www\\es_ldcu2\\vendor\\laravel\\framework\\src\\Illuminate\\Routing\\Router.php(681): Illuminate\\Routing\\Route->run()
#15 C:\\laragon\\www\\es_ldcu2\\vendor\\laravel\\framework\\src\\Illuminate\\Pipeline\\Pipeline.php(130): Illuminate\\Routing\\Router->Illuminate\\Routing\\{closure}(Object(Illuminate\\Http\\Request))
#16 C:\\laragon\\www\\es_ldcu2\\vendor\\laravel\\framework\\src\\Illuminate\\Routing\\Middleware\\SubstituteBindings.php(41): Illuminate\\Pipeline\\Pipeline->Illuminate\\Pipeline\\{closure}(Object(Illuminate\\Http\\Request))
#17 C:\\laragon\\www\\es_ldcu2\\vendor\\laravel\\framework\\src\\Illuminate\\Pipeline\\Pipeline.php(171): Illuminate\\Routing\\Middleware\\SubstituteBindings->handle(Object(Illuminate\\Http\\Request), Object(Closure))
#18 C:\\laragon\\www\\es_ldcu2\\vendor\\laravel\\framework\\src\\Illuminate\\Foundation\\Http\\Middleware\\VerifyCsrfToken.php(78): Illuminate\\Pipeline\\Pipeline->Illuminate\\Pipeline\\{closure}(Object(Illuminate\\Http\\Request))
#19 C:\\laragon\\www\\es_ldcu2\\vendor\\laravel\\framework\\src\\Illuminate\\Pipeline\\Pipeline.php(171): Illuminate\\Foundation\\Http\\Middleware\\VerifyCsrfToken->handle(Object(Illuminate\\Http\\Request), Object(Closure))
#20 C:\\laragon\\www\\es_ldcu2\\vendor\\laravel\\framework\\src\\Illuminate\\View\\Middleware\\ShareErrorsFromSession.php(49): Illuminate\\Pipeline\\Pipeline->Illuminate\\Pipeline\\{closure}(Object(Illuminate\\Http\\Request))
#21 C:\\laragon\\www\\es_ldcu2\\vendor\\laravel\\framework\\src\\Illuminate\\Pipeline\\Pipeline.php(171): Illuminate\\View\\Middleware\\ShareErrorsFromSession->handle(Object(Illuminate\\Http\\Request), Object(Closure))
#22 C:\\laragon\\www\\es_ldcu2\\vendor\\laravel\\framework\\src\\Illuminate\\Session\\Middleware\\StartSession.php(56): Illuminate\\Pipeline\\Pipeline->Illuminate\\Pipeline\\{closure}(Object(Illuminate\\Http\\Request))
#23 C:\\laragon\\www\\es_ldcu2\\vendor\\laravel\\framework\\src\\Illuminate\\Pipeline\\Pipeline.php(171): Illuminate\\Session\\Middleware\\StartSession->handle(Object(Illuminate\\Http\\Request), Object(Closure))
#24 C:\\laragon\\www\\es_ldcu2\\vendor\\laravel\\framework\\src\\Illuminate\\Cookie\\Middleware\\AddQueuedCookiesToResponse.php(37): Illuminate\\Pipeline\\Pipeline->Illuminate\\Pipeline\\{closure}(Object(Illuminate\\Http\\Request))
#25 C:\\laragon\\www\\es_ldcu2\\vendor\\laravel\\framework\\src\\Illuminate\\Pipeline\\Pipeline.php(171): Illuminate\\Cookie\\Middleware\\AddQueuedCookiesToResponse->handle(Object(Illuminate\\Http\\Request), Object(Closure))
#26 C:\\laragon\\www\\es_ldcu2\\vendor\\laravel\\framework\\src\\Illuminate\\Cookie\\Middleware\\EncryptCookies.php(67): Illuminate\\Pipeline\\Pipeline->Illuminate\\Pipeline\\{closure}(Object(Illuminate\\Http\\Request))
#27 C:\\laragon\\www\\es_ldcu2\\vendor\\laravel\\framework\\src\\Illuminate\\Pipeline\\Pipeline.php(171): Illuminate\\Cookie\\Middleware\\EncryptCookies->handle(Object(Illuminate\\Http\\Request), Object(Closure))
#28 C:\\laragon\\www\\es_ldcu2\\vendor\\laravel\\framework\\src\\Illuminate\\Pipeline\\Pipeline.php(105): Illuminate\\Pipeline\\Pipeline->Illuminate\\Pipeline\\{closure}(Object(Illuminate\\Http\\Request))
#29 C:\\laragon\\www\\es_ldcu2\\vendor\\laravel\\framework\\src\\Illuminate\\Routing\\Router.php(683): Illuminate\\Pipeline\\Pipeline->then(Object(Closure))
#30 C:\\laragon\\www\\es_ldcu2\\vendor\\laravel\\framework\\src\\Illuminate\\Routing\\Router.php(658): Illuminate\\Routing\\Router->runRouteWithinStack(Object(Illuminate\\Routing\\Route), Object(Illuminate\\Http\\Request))
#31 C:\\laragon\\www\\es_ldcu2\\vendor\\laravel\\framework\\src\\Illuminate\\Routing\\Router.php(624): Illuminate\\Routing\\Router->runRoute(Object(Illuminate\\Http\\Request), Object(Illuminate\\Routing\\Route))
#32 C:\\laragon\\www\\es_ldcu2\\vendor\\laravel\\framework\\src\\Illuminate\\Routing\\Router.php(613): Illuminate\\Routing\\Router->dispatchToRoute(Object(Illuminate\\Http\\Request))
#33 C:\\laragon\\www\\es_ldcu2\\vendor\\laravel\\framework\\src\\Illuminate\\Foundation\\Http\\Kernel.php(170): Illuminate\\Routing\\Router->dispatch(Object(Illuminate\\Http\\Request))
#34 C:\\laragon\\www\\es_ldcu2\\vendor\\laravel\\framework\\src\\Illuminate\\Pipeline\\Pipeline.php(130): Illuminate\\Foundation\\Http\\Kernel->Illuminate\\Foundation\\Http\\{closure}(Object(Illuminate\\Http\\Request))
#35 C:\\laragon\\www\\es_ldcu2\\vendor\\laravel\\framework\\src\\Illuminate\\Foundation\\Http\\Middleware\\TransformsRequest.php(21): Illuminate\\Pipeline\\Pipeline->Illuminate\\Pipeline\\{closure}(Object(Illuminate\\Http\\Request))
#36 C:\\laragon\\www\\es_ldcu2\\vendor\\laravel\\framework\\src\\Illuminate\\Pipeline\\Pipeline.php(171): Illuminate\\Foundation\\Http\\Middleware\\TransformsRequest->handle(Object(Illuminate\\Http\\Request), Object(Closure))
#37 C:\\laragon\\www\\es_ldcu2\\vendor\\laravel\\framework\\src\\Illuminate\\Foundation\\Http\\Middleware\\TransformsRequest.php(21): Illuminate\\Pipeline\\Pipeline->Illuminate\\Pipeline\\{closure}(Object(Illuminate\\Http\\Request))
#38 C:\\laragon\\www\\es_ldcu2\\vendor\\laravel\\framework\\src\\Illuminate\\Pipeline\\Pipeline.php(171): Illuminate\\Foundation\\Http\\Middleware\\TransformsRequest->handle(Object(Illuminate\\Http\\Request), Object(Closure))
#39 C:\\laragon\\www\\es_ldcu2\\vendor\\laravel\\framework\\src\\Illuminate\\Foundation\\Http\\Middleware\\ValidatePostSize.php(27): Illuminate\\Pipeline\\Pipeline->Illuminate\\Pipeline\\{closure}(Object(Illuminate\\Http\\Request))
#40 C:\\laragon\\www\\es_ldcu2\\vendor\\laravel\\framework\\src\\Illuminate\\Pipeline\\Pipeline.php(171): Illuminate\\Foundation\\Http\\Middleware\\ValidatePostSize->handle(Object(Illuminate\\Http\\Request), Object(Closure))
#41 C:\\laragon\\www\\es_ldcu2\\vendor\\laravel\\framework\\src\\Illuminate\\Foundation\\Http\\Middleware\\CheckForMaintenanceMode.php(63): Illuminate\\Pipeline\\Pipeline->Illuminate\\Pipeline\\{closure}(Object(Illuminate\\Http\\Request))
#42 C:\\laragon\\www\\es_ldcu2\\vendor\\laravel\\framework\\src\\Illuminate\\Pipeline\\Pipeline.php(171): Illuminate\\Foundation\\Http\\Middleware\\CheckForMaintenanceMode->handle(Object(Illuminate\\Http\\Request), Object(Closure))
#43 C:\\laragon\\www\\es_ldcu2\\vendor\\fideloper\\proxy\\src\\TrustProxies.php(57): Illuminate\\Pipeline\\Pipeline->Illuminate\\Pipeline\\{closure}(Object(Illuminate\\Http\\Request))
#44 C:\\laragon\\www\\es_ldcu2\\vendor\\laravel\\framework\\src\\Illuminate\\Pipeline\\Pipeline.php(171): Fideloper\\Proxy\\TrustProxies->handle(Object(Illuminate\\Http\\Request), Object(Closure))
#45 C:\\laragon\\www\\es_ldcu2\\vendor\\laravel\\framework\\src\\Illuminate\\Pipeline\\Pipeline.php(105): Illuminate\\Pipeline\\Pipeline->Illuminate\\Pipeline\\{closure}(Object(Illuminate\\Http\\Request))
#46 C:\\laragon\\www\\es_ldcu2\\vendor\\laravel\\framework\\src\\Illuminate\\Foundation\\Http\\Kernel.php(145): Illuminate\\Pipeline\\Pipeline->then(Object(Closure))
#47 C:\\laragon\\www\\es_ldcu2\\vendor\\laravel\\framework\\src\\Illuminate\\Foundation\\Http\\Kernel.php(110): Illuminate\\Foundation\\Http\\Kernel->sendRequestThroughRouter(Object(Illuminate\\Http\\Request))
#48 C:\\laragon\\www\\es_ldcu2\\public\\index.php(55): Illuminate\\Foundation\\Http\\Kernel->handle(Object(Illuminate\\Http\\Request))
#49 C:\\laragon\\www\\es_ldcu2\\server.php(21): require_once('C:\\\\laragon\\\\www\\\\...')
#50 {main}

[previous exception] [object] (ErrorException(code: 0): Undefined variable: registrar at C:\\laragon\\www\\es_ldcu2\\storage\\framework\\views\\207429f329b38448eec31657a688ab8c42a8fe1f.php:211)
[stacktrace]
#0 C:\\laragon\\www\\es_ldcu2\\storage\\framework\\views\\207429f329b38448eec31657a688ab8c42a8fe1f.php(211): Illuminate\\Foundation\\Bootstrap\\HandleExceptions->handleError(8, 'Undefined varia...', 'C:\\\\laragon\\\\www\\\\...', 211, Array)
#1 C:\\laragon\\www\\es_ldcu2\\vendor\\laravel\\framework\\src\\Illuminate\\View\\Engines\\PhpEngine.php(43): include('C:\\\\laragon\\\\www\\\\...')
#2 C:\\laragon\\www\\es_ldcu2\\vendor\\laravel\\framework\\src\\Illuminate\\View\\Engines\\CompilerEngine.php(59): Illuminate\\View\\Engines\\PhpEngine->evaluatePath('C:\\\\laragon\\\\www\\\\...', Array)
#3 C:\\laragon\\www\\es_ldcu2\\vendor\\facade\\ignition\\src\\Views\\Engines\\CompilerEngine.php(36): Illuminate\\View\\Engines\\CompilerEngine->get('C:\\\\laragon\\\\www\\\\...', Array)
#4 C:\\laragon\\www\\es_ldcu2\\vendor\\laravel\\framework\\src\\Illuminate\\View\\View.php(143): Facade\\Ignition\\Views\\Engines\\CompilerEngine->get('C:\\\\laragon\\\\www\\\\...', Array)
#5 C:\\laragon\\www\\es_ldcu2\\vendor\\laravel\\framework\\src\\Illuminate\\View\\View.php(126): Illuminate\\View\\View->getContents()
#6 C:\\laragon\\www\\es_ldcu2\\vendor\\laravel\\framework\\src\\Illuminate\\View\\View.php(91): Illuminate\\View\\View->renderContents()
#7 C:\\laragon\\www\\es_ldcu2\\vendor\\barryvdh\\laravel-dompdf\\src\\PDF.php(132): Illuminate\\View\\View->render()
#8 C:\\laragon\\www\\es_ldcu2\\vendor\\barryvdh\\laravel-dompdf\\src\\Facade.php(31): Barryvdh\\DomPDF\\PDF->loadView('registrar/forms...', Array)
#9 C:\\laragon\\www\\es_ldcu2\\app\\Http\\Controllers\\Migration\\RegistrarMigration.php(447): Barryvdh\\DomPDF\\Facade::__callStatic('loadview', Array)
#10 C:\\laragon\\www\\es_ldcu2\\vendor\\laravel\\framework\\src\\Illuminate\\Routing\\Controller.php(54): App\\Http\\Controllers\\Migration\\RegistrarMigration->downloadTorMasterlistBatch(Object(Illuminate\\Http\\Request))
#11 C:\\laragon\\www\\es_ldcu2\\vendor\\laravel\\framework\\src\\Illuminate\\Routing\\ControllerDispatcher.php(45): Illuminate\\Routing\\Controller->callAction('downloadTorMast...', Array)
#12 C:\\laragon\\www\\es_ldcu2\\vendor\\laravel\\framework\\src\\Illuminate\\Routing\\Route.php(219): Illuminate\\Routing\\ControllerDispatcher->dispatch(Object(Illuminate\\Routing\\Route), Object(App\\Http\\Controllers\\Migration\\RegistrarMigration), 'downloadTorMast...')
#13 C:\\laragon\\www\\es_ldcu2\\vendor\\laravel\\framework\\src\\Illuminate\\Routing\\Route.php(176): Illuminate\\Routing\\Route->runController()
#14 C:\\laragon\\www\\es_ldcu2\\vendor\\laravel\\framework\\src\\Illuminate\\Routing\\Router.php(681): Illuminate\\Routing\\Route->run()
#15 C:\\laragon\\www\\es_ldcu2\\vendor\\laravel\\framework\\src\\Illuminate\\Pipeline\\Pipeline.php(130): Illuminate\\Routing\\Router->Illuminate\\Routing\\{closure}(Object(Illuminate\\Http\\Request))
#16 C:\\laragon\\www\\es_ldcu2\\vendor\\laravel\\framework\\src\\Illuminate\\Routing\\Middleware\\SubstituteBindings.php(41): Illuminate\\Pipeline\\Pipeline->Illuminate\\Pipeline\\{closure}(Object(Illuminate\\Http\\Request))
#17 C:\\laragon\\www\\es_ldcu2\\vendor\\laravel\\framework\\src\\Illuminate\\Pipeline\\Pipeline.php(171): Illuminate\\Routing\\Middleware\\SubstituteBindings->handle(Object(Illuminate\\Http\\Request), Object(Closure))
#18 C:\\laragon\\www\\es_ldcu2\\vendor\\laravel\\framework\\src\\Illuminate\\Foundation\\Http\\Middleware\\VerifyCsrfToken.php(78): Illuminate\\Pipeline\\Pipeline->Illuminate\\Pipeline\\{closure}(Object(Illuminate\\Http\\Request))
#19 C:\\laragon\\www\\es_ldcu2\\vendor\\laravel\\framework\\src\\Illuminate\\Pipeline\\Pipeline.php(171): Illuminate\\Foundation\\Http\\Middleware\\VerifyCsrfToken->handle(Object(Illuminate\\Http\\Request), Object(Closure))
#20 C:\\laragon\\www\\es_ldcu2\\vendor\\laravel\\framework\\src\\Illuminate\\View\\Middleware\\ShareErrorsFromSession.php(49): Illuminate\\Pipeline\\Pipeline->Illuminate\\Pipeline\\{closure}(Object(Illuminate\\Http\\Request))
#21 C:\\laragon\\www\\es_ldcu2\\vendor\\laravel\\framework\\src\\Illuminate\\Pipeline\\Pipeline.php(171): Illuminate\\View\\Middleware\\ShareErrorsFromSession->handle(Object(Illuminate\\Http\\Request), Object(Closure))
#22 C:\\laragon\\www\\es_ldcu2\\vendor\\laravel\\framework\\src\\Illuminate\\Session\\Middleware\\StartSession.php(56): Illuminate\\Pipeline\\Pipeline->Illuminate\\Pipeline\\{closure}(Object(Illuminate\\Http\\Request))
#23 C:\\laragon\\www\\es_ldcu2\\vendor\\laravel\\framework\\src\\Illuminate\\Pipeline\\Pipeline.php(171): Illuminate\\Session\\Middleware\\StartSession->handle(Object(Illuminate\\Http\\Request), Object(Closure))
#24 C:\\laragon\\www\\es_ldcu2\\vendor\\laravel\\framework\\src\\Illuminate\\Cookie\\Middleware\\AddQueuedCookiesToResponse.php(37): Illuminate\\Pipeline\\Pipeline->Illuminate\\Pipeline\\{closure}(Object(Illuminate\\Http\\Request))
#25 C:\\laragon\\www\\es_ldcu2\\vendor\\laravel\\framework\\src\\Illuminate\\Pipeline\\Pipeline.php(171): Illuminate\\Cookie\\Middleware\\AddQueuedCookiesToResponse->handle(Object(Illuminate\\Http\\Request), Object(Closure))
#26 C:\\laragon\\www\\es_ldcu2\\vendor\\laravel\\framework\\src\\Illuminate\\Cookie\\Middleware\\EncryptCookies.php(67): Illuminate\\Pipeline\\Pipeline->Illuminate\\Pipeline\\{closure}(Object(Illuminate\\Http\\Request))
#27 C:\\laragon\\www\\es_ldcu2\\vendor\\laravel\\framework\\src\\Illuminate\\Pipeline\\Pipeline.php(171): Illuminate\\Cookie\\Middleware\\EncryptCookies->handle(Object(Illuminate\\Http\\Request), Object(Closure))
#28 C:\\laragon\\www\\es_ldcu2\\vendor\\laravel\\framework\\src\\Illuminate\\Pipeline\\Pipeline.php(105): Illuminate\\Pipeline\\Pipeline->Illuminate\\Pipeline\\{closure}(Object(Illuminate\\Http\\Request))
#29 C:\\laragon\\www\\es_ldcu2\\vendor\\laravel\\framework\\src\\Illuminate\\Routing\\Router.php(683): Illuminate\\Pipeline\\Pipeline->then(Object(Closure))
#30 C:\\laragon\\www\\es_ldcu2\\vendor\\laravel\\framework\\src\\Illuminate\\Routing\\Router.php(658): Illuminate\\Routing\\Router->runRouteWithinStack(Object(Illuminate\\Routing\\Route), Object(Illuminate\\Http\\Request))
#31 C:\\laragon\\www\\es_ldcu2\\vendor\\laravel\\framework\\src\\Illuminate\\Routing\\Router.php(624): Illuminate\\Routing\\Router->runRoute(Object(Illuminate\\Http\\Request), Object(Illuminate\\Routing\\Route))
#32 C:\\laragon\\www\\es_ldcu2\\vendor\\laravel\\framework\\src\\Illuminate\\Routing\\Router.php(613): Illuminate\\Routing\\Router->dispatchToRoute(Object(Illuminate\\Http\\Request))
#33 C:\\laragon\\www\\es_ldcu2\\vendor\\laravel\\framework\\src\\Illuminate\\Foundation\\Http\\Kernel.php(170): Illuminate\\Routing\\Router->dispatch(Object(Illuminate\\Http\\Request))
#34 C:\\laragon\\www\\es_ldcu2\\vendor\\laravel\\framework\\src\\Illuminate\\Pipeline\\Pipeline.php(130): Illuminate\\Foundation\\Http\\Kernel->Illuminate\\Foundation\\Http\\{closure}(Object(Illuminate\\Http\\Request))
#35 C:\\laragon\\www\\es_ldcu2\\vendor\\laravel\\framework\\src\\Illuminate\\Foundation\\Http\\Middleware\\TransformsRequest.php(21): Illuminate\\Pipeline\\Pipeline->Illuminate\\Pipeline\\{closure}(Object(Illuminate\\Http\\Request))
#36 C:\\laragon\\www\\es_ldcu2\\vendor\\laravel\\framework\\src\\Illuminate\\Pipeline\\Pipeline.php(171): Illuminate\\Foundation\\Http\\Middleware\\TransformsRequest->handle(Object(Illuminate\\Http\\Request), Object(Closure))
#37 C:\\laragon\\www\\es_ldcu2\\vendor\\laravel\\framework\\src\\Illuminate\\Foundation\\Http\\Middleware\\TransformsRequest.php(21): Illuminate\\Pipeline\\Pipeline->Illuminate\\Pipeline\\{closure}(Object(Illuminate\\Http\\Request))
#38 C:\\laragon\\www\\es_ldcu2\\vendor\\laravel\\framework\\src\\Illuminate\\Pipeline\\Pipeline.php(171): Illuminate\\Foundation\\Http\\Middleware\\TransformsRequest->handle(Object(Illuminate\\Http\\Request), Object(Closure))
#39 C:\\laragon\\www\\es_ldcu2\\vendor\\laravel\\framework\\src\\Illuminate\\Foundation\\Http\\Middleware\\ValidatePostSize.php(27): Illuminate\\Pipeline\\Pipeline->Illuminate\\Pipeline\\{closure}(Object(Illuminate\\Http\\Request))
#40 C:\\laragon\\www\\es_ldcu2\\vendor\\laravel\\framework\\src\\Illuminate\\Pipeline\\Pipeline.php(171): Illuminate\\Foundation\\Http\\Middleware\\ValidatePostSize->handle(Object(Illuminate\\Http\\Request), Object(Closure))
#41 C:\\laragon\\www\\es_ldcu2\\vendor\\laravel\\framework\\src\\Illuminate\\Foundation\\Http\\Middleware\\CheckForMaintenanceMode.php(63): Illuminate\\Pipeline\\Pipeline->Illuminate\\Pipeline\\{closure}(Object(Illuminate\\Http\\Request))
#42 C:\\laragon\\www\\es_ldcu2\\vendor\\laravel\\framework\\src\\Illuminate\\Pipeline\\Pipeline.php(171): Illuminate\\Foundation\\Http\\Middleware\\CheckForMaintenanceMode->handle(Object(Illuminate\\Http\\Request), Object(Closure))
#43 C:\\laragon\\www\\es_ldcu2\\vendor\\fideloper\\proxy\\src\\TrustProxies.php(57): Illuminate\\Pipeline\\Pipeline->Illuminate\\Pipeline\\{closure}(Object(Illuminate\\Http\\Request))
#44 C:\\laragon\\www\\es_ldcu2\\vendor\\laravel\\framework\\src\\Illuminate\\Pipeline\\Pipeline.php(171): Fideloper\\Proxy\\TrustProxies->handle(Object(Illuminate\\Http\\Request), Object(Closure))
#45 C:\\laragon\\www\\es_ldcu2\\vendor\\laravel\\framework\\src\\Illuminate\\Pipeline\\Pipeline.php(105): Illuminate\\Pipeline\\Pipeline->Illuminate\\Pipeline\\{closure}(Object(Illuminate\\Http\\Request))
#46 C:\\laragon\\www\\es_ldcu2\\vendor\\laravel\\framework\\src\\Illuminate\\Foundation\\Http\\Kernel.php(145): Illuminate\\Pipeline\\Pipeline->then(Object(Closure))
#47 C:\\laragon\\www\\es_ldcu2\\vendor\\laravel\\framework\\src\\Illuminate\\Foundation\\Http\\Kernel.php(110): Illuminate\\Foundation\\Http\\Kernel->sendRequestThroughRouter(Object(Illuminate\\Http\\Request))
#48 C:\\laragon\\www\\es_ldcu2\\public\\index.php(55): Illuminate\\Foundation\\Http\\Kernel->handle(Object(Illuminate\\Http\\Request))
#49 C:\\laragon\\www\\es_ldcu2\\server.php(21): require_once('C:\\\\laragon\\\\www\\\\...')
#50 {main}
"} 
[2025-07-11 01:46:19] local.ERROR: Unable to prepare route [api/user] for serialization. Uses Closure. {"exception":"[object] (LogicException(code: 0): Unable to prepare route [api/user] for serialization. Uses Closure. at C:\\laragon\\www\\es_ldcu2\\vendor\\laravel\\framework\\src\\Illuminate\\Routing\\Route.php:917)
[stacktrace]
#0 C:\\laragon\\www\\es_ldcu2\\vendor\\laravel\\framework\\src\\Illuminate\\Foundation\\Console\\RouteCacheCommand.php(62): Illuminate\\Routing\\Route->prepareForSerialization()
#1 C:\\laragon\\www\\es_ldcu2\\vendor\\laravel\\framework\\src\\Illuminate\\Container\\BoundMethod.php(36): Illuminate\\Foundation\\Console\\RouteCacheCommand->handle()
#2 C:\\laragon\\www\\es_ldcu2\\vendor\\laravel\\framework\\src\\Illuminate\\Container\\Util.php(37): Illuminate\\Container\\BoundMethod::Illuminate\\Container\\{closure}()
#3 C:\\laragon\\www\\es_ldcu2\\vendor\\laravel\\framework\\src\\Illuminate\\Container\\BoundMethod.php(93): Illuminate\\Container\\Util::unwrapIfClosure(Object(Closure))
#4 C:\\laragon\\www\\es_ldcu2\\vendor\\laravel\\framework\\src\\Illuminate\\Container\\BoundMethod.php(37): Illuminate\\Container\\BoundMethod::callBoundMethod(Object(Illuminate\\Foundation\\Application), Array, Object(Closure))
#5 C:\\laragon\\www\\es_ldcu2\\vendor\\laravel\\framework\\src\\Illuminate\\Container\\Container.php(590): Illuminate\\Container\\BoundMethod::call(Object(Illuminate\\Foundation\\Application), Array, Array, NULL)
#6 C:\\laragon\\www\\es_ldcu2\\vendor\\laravel\\framework\\src\\Illuminate\\Console\\Command.php(134): Illuminate\\Container\\Container->call(Array)
#7 C:\\laragon\\www\\es_ldcu2\\vendor\\symfony\\console\\Command\\Command.php(255): Illuminate\\Console\\Command->execute(Object(Symfony\\Component\\Console\\Input\\ArrayInput), Object(Illuminate\\Console\\OutputStyle))
#8 C:\\laragon\\www\\es_ldcu2\\vendor\\laravel\\framework\\src\\Illuminate\\Console\\Command.php(121): Symfony\\Component\\Console\\Command\\Command->run(Object(Symfony\\Component\\Console\\Input\\ArrayInput), Object(Illuminate\\Console\\OutputStyle))
#9 C:\\laragon\\www\\es_ldcu2\\vendor\\laravel\\framework\\src\\Illuminate\\Console\\Concerns\\CallsCommands.php(56): Illuminate\\Console\\Command->run(Object(Symfony\\Component\\Console\\Input\\ArrayInput), Object(Illuminate\\Console\\OutputStyle))
#10 C:\\laragon\\www\\es_ldcu2\\vendor\\laravel\\framework\\src\\Illuminate\\Console\\Concerns\\CallsCommands.php(28): Illuminate\\Console\\Command->runCommand('route:cache', Array, Object(Illuminate\\Console\\OutputStyle))
#11 C:\\laragon\\www\\es_ldcu2\\vendor\\laravel\\framework\\src\\Illuminate\\Foundation\\Console\\OptimizeCommand.php(31): Illuminate\\Console\\Command->call('route:cache')
#12 C:\\laragon\\www\\es_ldcu2\\vendor\\laravel\\framework\\src\\Illuminate\\Container\\BoundMethod.php(36): Illuminate\\Foundation\\Console\\OptimizeCommand->handle()
#13 C:\\laragon\\www\\es_ldcu2\\vendor\\laravel\\framework\\src\\Illuminate\\Container\\Util.php(37): Illuminate\\Container\\BoundMethod::Illuminate\\Container\\{closure}()
#14 C:\\laragon\\www\\es_ldcu2\\vendor\\laravel\\framework\\src\\Illuminate\\Container\\BoundMethod.php(93): Illuminate\\Container\\Util::unwrapIfClosure(Object(Closure))
#15 C:\\laragon\\www\\es_ldcu2\\vendor\\laravel\\framework\\src\\Illuminate\\Container\\BoundMethod.php(37): Illuminate\\Container\\BoundMethod::callBoundMethod(Object(Illuminate\\Foundation\\Application), Array, Object(Closure))
#16 C:\\laragon\\www\\es_ldcu2\\vendor\\laravel\\framework\\src\\Illuminate\\Container\\Container.php(590): Illuminate\\Container\\BoundMethod::call(Object(Illuminate\\Foundation\\Application), Array, Array, NULL)
#17 C:\\laragon\\www\\es_ldcu2\\vendor\\laravel\\framework\\src\\Illuminate\\Console\\Command.php(134): Illuminate\\Container\\Container->call(Array)
#18 C:\\laragon\\www\\es_ldcu2\\vendor\\symfony\\console\\Command\\Command.php(255): Illuminate\\Console\\Command->execute(Object(Symfony\\Component\\Console\\Input\\ArgvInput), Object(Illuminate\\Console\\OutputStyle))
#19 C:\\laragon\\www\\es_ldcu2\\vendor\\laravel\\framework\\src\\Illuminate\\Console\\Command.php(121): Symfony\\Component\\Console\\Command\\Command->run(Object(Symfony\\Component\\Console\\Input\\ArgvInput), Object(Illuminate\\Console\\OutputStyle))
#20 C:\\laragon\\www\\es_ldcu2\\vendor\\symfony\\console\\Application.php(1021): Illuminate\\Console\\Command->run(Object(Symfony\\Component\\Console\\Input\\ArgvInput), Object(Symfony\\Component\\Console\\Output\\ConsoleOutput))
#21 C:\\laragon\\www\\es_ldcu2\\vendor\\symfony\\console\\Application.php(275): Symfony\\Component\\Console\\Application->doRunCommand(Object(Illuminate\\Foundation\\Console\\OptimizeCommand), Object(Symfony\\Component\\Console\\Input\\ArgvInput), Object(Symfony\\Component\\Console\\Output\\ConsoleOutput))
#22 C:\\laragon\\www\\es_ldcu2\\vendor\\symfony\\console\\Application.php(149): Symfony\\Component\\Console\\Application->doRun(Object(Symfony\\Component\\Console\\Input\\ArgvInput), Object(Symfony\\Component\\Console\\Output\\ConsoleOutput))
#23 C:\\laragon\\www\\es_ldcu2\\vendor\\laravel\\framework\\src\\Illuminate\\Console\\Application.php(93): Symfony\\Component\\Console\\Application->run(Object(Symfony\\Component\\Console\\Input\\ArgvInput), Object(Symfony\\Component\\Console\\Output\\ConsoleOutput))
#24 C:\\laragon\\www\\es_ldcu2\\vendor\\laravel\\framework\\src\\Illuminate\\Foundation\\Console\\Kernel.php(131): Illuminate\\Console\\Application->run(Object(Symfony\\Component\\Console\\Input\\ArgvInput), Object(Symfony\\Component\\Console\\Output\\ConsoleOutput))
#25 C:\\laragon\\www\\es_ldcu2\\artisan(37): Illuminate\\Foundation\\Console\\Kernel->handle(Object(Symfony\\Component\\Console\\Input\\ArgvInput), Object(Symfony\\Component\\Console\\Output\\ConsoleOutput))
#26 {main}
"} 
[2025-07-11 01:46:38] local.ERROR: Undefined variable: registrar (View: C:\laragon\www\es_ldcu2\resources\views\registrar\forms\tor\pdf\pdf_tor_gbbc_dompdf.blade.php) {"userId":1,"exception":"[object] (Facade\\Ignition\\Exceptions\\ViewException(code: 0): Undefined variable: registrar (View: C:\\laragon\\www\\es_ldcu2\\resources\\views\\registrar\\forms\\tor\\pdf\\pdf_tor_gbbc_dompdf.blade.php) at C:\\laragon\\www\\es_ldcu2\\resources\\views/registrar/forms/tor/pdf/pdf_tor_gbbc_dompdf.blade.php:211)
[stacktrace]
#0 C:\\laragon\\www\\es_ldcu2\\resources\\views/registrar/forms/tor/pdf/pdf_tor_gbbc_dompdf.blade.php(211): Illuminate\\Foundation\\Bootstrap\\HandleExceptions->handleError(8, 'Undefined varia...', 'C:\\\\laragon\\\\www\\\\...', 211, Array)
#1 C:\\laragon\\www\\es_ldcu2\\vendor\\laravel\\framework\\src\\Illuminate\\View\\Engines\\PhpEngine.php(43): include('C:\\\\laragon\\\\www\\\\...')
#2 C:\\laragon\\www\\es_ldcu2\\vendor\\laravel\\framework\\src\\Illuminate\\View\\Engines\\CompilerEngine.php(59): Illuminate\\View\\Engines\\PhpEngine->evaluatePath('C:\\\\laragon\\\\www\\\\...', Array)
#3 C:\\laragon\\www\\es_ldcu2\\vendor\\facade\\ignition\\src\\Views\\Engines\\CompilerEngine.php(36): Illuminate\\View\\Engines\\CompilerEngine->get('C:\\\\laragon\\\\www\\\\...', Array)
#4 C:\\laragon\\www\\es_ldcu2\\vendor\\laravel\\framework\\src\\Illuminate\\View\\View.php(143): Facade\\Ignition\\Views\\Engines\\CompilerEngine->get('C:\\\\laragon\\\\www\\\\...', Array)
#5 C:\\laragon\\www\\es_ldcu2\\vendor\\laravel\\framework\\src\\Illuminate\\View\\View.php(126): Illuminate\\View\\View->getContents()
#6 C:\\laragon\\www\\es_ldcu2\\vendor\\laravel\\framework\\src\\Illuminate\\View\\View.php(91): Illuminate\\View\\View->renderContents()
#7 C:\\laragon\\www\\es_ldcu2\\vendor\\barryvdh\\laravel-dompdf\\src\\PDF.php(132): Illuminate\\View\\View->render()
#8 C:\\laragon\\www\\es_ldcu2\\vendor\\barryvdh\\laravel-dompdf\\src\\Facade.php(31): Barryvdh\\DomPDF\\PDF->loadView('registrar/forms...', Array)
#9 C:\\laragon\\www\\es_ldcu2\\app\\Http\\Controllers\\Migration\\RegistrarMigration.php(447): Barryvdh\\DomPDF\\Facade::__callStatic('loadview', Array)
#10 C:\\laragon\\www\\es_ldcu2\\vendor\\laravel\\framework\\src\\Illuminate\\Routing\\Controller.php(54): App\\Http\\Controllers\\Migration\\RegistrarMigration->downloadTorMasterlistBatch(Object(Illuminate\\Http\\Request))
#11 C:\\laragon\\www\\es_ldcu2\\vendor\\laravel\\framework\\src\\Illuminate\\Routing\\ControllerDispatcher.php(45): Illuminate\\Routing\\Controller->callAction('downloadTorMast...', Array)
#12 C:\\laragon\\www\\es_ldcu2\\vendor\\laravel\\framework\\src\\Illuminate\\Routing\\Route.php(219): Illuminate\\Routing\\ControllerDispatcher->dispatch(Object(Illuminate\\Routing\\Route), Object(App\\Http\\Controllers\\Migration\\RegistrarMigration), 'downloadTorMast...')
#13 C:\\laragon\\www\\es_ldcu2\\vendor\\laravel\\framework\\src\\Illuminate\\Routing\\Route.php(176): Illuminate\\Routing\\Route->runController()
#14 C:\\laragon\\www\\es_ldcu2\\vendor\\laravel\\framework\\src\\Illuminate\\Routing\\Router.php(681): Illuminate\\Routing\\Route->run()
#15 C:\\laragon\\www\\es_ldcu2\\vendor\\laravel\\framework\\src\\Illuminate\\Pipeline\\Pipeline.php(130): Illuminate\\Routing\\Router->Illuminate\\Routing\\{closure}(Object(Illuminate\\Http\\Request))
#16 C:\\laragon\\www\\es_ldcu2\\vendor\\laravel\\framework\\src\\Illuminate\\Routing\\Middleware\\SubstituteBindings.php(41): Illuminate\\Pipeline\\Pipeline->Illuminate\\Pipeline\\{closure}(Object(Illuminate\\Http\\Request))
#17 C:\\laragon\\www\\es_ldcu2\\vendor\\laravel\\framework\\src\\Illuminate\\Pipeline\\Pipeline.php(171): Illuminate\\Routing\\Middleware\\SubstituteBindings->handle(Object(Illuminate\\Http\\Request), Object(Closure))
#18 C:\\laragon\\www\\es_ldcu2\\vendor\\laravel\\framework\\src\\Illuminate\\Foundation\\Http\\Middleware\\VerifyCsrfToken.php(78): Illuminate\\Pipeline\\Pipeline->Illuminate\\Pipeline\\{closure}(Object(Illuminate\\Http\\Request))
#19 C:\\laragon\\www\\es_ldcu2\\vendor\\laravel\\framework\\src\\Illuminate\\Pipeline\\Pipeline.php(171): Illuminate\\Foundation\\Http\\Middleware\\VerifyCsrfToken->handle(Object(Illuminate\\Http\\Request), Object(Closure))
#20 C:\\laragon\\www\\es_ldcu2\\vendor\\laravel\\framework\\src\\Illuminate\\View\\Middleware\\ShareErrorsFromSession.php(49): Illuminate\\Pipeline\\Pipeline->Illuminate\\Pipeline\\{closure}(Object(Illuminate\\Http\\Request))
#21 C:\\laragon\\www\\es_ldcu2\\vendor\\laravel\\framework\\src\\Illuminate\\Pipeline\\Pipeline.php(171): Illuminate\\View\\Middleware\\ShareErrorsFromSession->handle(Object(Illuminate\\Http\\Request), Object(Closure))
#22 C:\\laragon\\www\\es_ldcu2\\vendor\\laravel\\framework\\src\\Illuminate\\Session\\Middleware\\StartSession.php(56): Illuminate\\Pipeline\\Pipeline->Illuminate\\Pipeline\\{closure}(Object(Illuminate\\Http\\Request))
#23 C:\\laragon\\www\\es_ldcu2\\vendor\\laravel\\framework\\src\\Illuminate\\Pipeline\\Pipeline.php(171): Illuminate\\Session\\Middleware\\StartSession->handle(Object(Illuminate\\Http\\Request), Object(Closure))
#24 C:\\laragon\\www\\es_ldcu2\\vendor\\laravel\\framework\\src\\Illuminate\\Cookie\\Middleware\\AddQueuedCookiesToResponse.php(37): Illuminate\\Pipeline\\Pipeline->Illuminate\\Pipeline\\{closure}(Object(Illuminate\\Http\\Request))
#25 C:\\laragon\\www\\es_ldcu2\\vendor\\laravel\\framework\\src\\Illuminate\\Pipeline\\Pipeline.php(171): Illuminate\\Cookie\\Middleware\\AddQueuedCookiesToResponse->handle(Object(Illuminate\\Http\\Request), Object(Closure))
#26 C:\\laragon\\www\\es_ldcu2\\vendor\\laravel\\framework\\src\\Illuminate\\Cookie\\Middleware\\EncryptCookies.php(67): Illuminate\\Pipeline\\Pipeline->Illuminate\\Pipeline\\{closure}(Object(Illuminate\\Http\\Request))
#27 C:\\laragon\\www\\es_ldcu2\\vendor\\laravel\\framework\\src\\Illuminate\\Pipeline\\Pipeline.php(171): Illuminate\\Cookie\\Middleware\\EncryptCookies->handle(Object(Illuminate\\Http\\Request), Object(Closure))
#28 C:\\laragon\\www\\es_ldcu2\\vendor\\laravel\\framework\\src\\Illuminate\\Pipeline\\Pipeline.php(105): Illuminate\\Pipeline\\Pipeline->Illuminate\\Pipeline\\{closure}(Object(Illuminate\\Http\\Request))
#29 C:\\laragon\\www\\es_ldcu2\\vendor\\laravel\\framework\\src\\Illuminate\\Routing\\Router.php(683): Illuminate\\Pipeline\\Pipeline->then(Object(Closure))
#30 C:\\laragon\\www\\es_ldcu2\\vendor\\laravel\\framework\\src\\Illuminate\\Routing\\Router.php(658): Illuminate\\Routing\\Router->runRouteWithinStack(Object(Illuminate\\Routing\\Route), Object(Illuminate\\Http\\Request))
#31 C:\\laragon\\www\\es_ldcu2\\vendor\\laravel\\framework\\src\\Illuminate\\Routing\\Router.php(624): Illuminate\\Routing\\Router->runRoute(Object(Illuminate\\Http\\Request), Object(Illuminate\\Routing\\Route))
#32 C:\\laragon\\www\\es_ldcu2\\vendor\\laravel\\framework\\src\\Illuminate\\Routing\\Router.php(613): Illuminate\\Routing\\Router->dispatchToRoute(Object(Illuminate\\Http\\Request))
#33 C:\\laragon\\www\\es_ldcu2\\vendor\\laravel\\framework\\src\\Illuminate\\Foundation\\Http\\Kernel.php(170): Illuminate\\Routing\\Router->dispatch(Object(Illuminate\\Http\\Request))
#34 C:\\laragon\\www\\es_ldcu2\\vendor\\laravel\\framework\\src\\Illuminate\\Pipeline\\Pipeline.php(130): Illuminate\\Foundation\\Http\\Kernel->Illuminate\\Foundation\\Http\\{closure}(Object(Illuminate\\Http\\Request))
#35 C:\\laragon\\www\\es_ldcu2\\vendor\\laravel\\framework\\src\\Illuminate\\Foundation\\Http\\Middleware\\TransformsRequest.php(21): Illuminate\\Pipeline\\Pipeline->Illuminate\\Pipeline\\{closure}(Object(Illuminate\\Http\\Request))
#36 C:\\laragon\\www\\es_ldcu2\\vendor\\laravel\\framework\\src\\Illuminate\\Pipeline\\Pipeline.php(171): Illuminate\\Foundation\\Http\\Middleware\\TransformsRequest->handle(Object(Illuminate\\Http\\Request), Object(Closure))
#37 C:\\laragon\\www\\es_ldcu2\\vendor\\laravel\\framework\\src\\Illuminate\\Foundation\\Http\\Middleware\\TransformsRequest.php(21): Illuminate\\Pipeline\\Pipeline->Illuminate\\Pipeline\\{closure}(Object(Illuminate\\Http\\Request))
#38 C:\\laragon\\www\\es_ldcu2\\vendor\\laravel\\framework\\src\\Illuminate\\Pipeline\\Pipeline.php(171): Illuminate\\Foundation\\Http\\Middleware\\TransformsRequest->handle(Object(Illuminate\\Http\\Request), Object(Closure))
#39 C:\\laragon\\www\\es_ldcu2\\vendor\\laravel\\framework\\src\\Illuminate\\Foundation\\Http\\Middleware\\ValidatePostSize.php(27): Illuminate\\Pipeline\\Pipeline->Illuminate\\Pipeline\\{closure}(Object(Illuminate\\Http\\Request))
#40 C:\\laragon\\www\\es_ldcu2\\vendor\\laravel\\framework\\src\\Illuminate\\Pipeline\\Pipeline.php(171): Illuminate\\Foundation\\Http\\Middleware\\ValidatePostSize->handle(Object(Illuminate\\Http\\Request), Object(Closure))
#41 C:\\laragon\\www\\es_ldcu2\\vendor\\laravel\\framework\\src\\Illuminate\\Foundation\\Http\\Middleware\\CheckForMaintenanceMode.php(63): Illuminate\\Pipeline\\Pipeline->Illuminate\\Pipeline\\{closure}(Object(Illuminate\\Http\\Request))
#42 C:\\laragon\\www\\es_ldcu2\\vendor\\laravel\\framework\\src\\Illuminate\\Pipeline\\Pipeline.php(171): Illuminate\\Foundation\\Http\\Middleware\\CheckForMaintenanceMode->handle(Object(Illuminate\\Http\\Request), Object(Closure))
#43 C:\\laragon\\www\\es_ldcu2\\vendor\\fideloper\\proxy\\src\\TrustProxies.php(57): Illuminate\\Pipeline\\Pipeline->Illuminate\\Pipeline\\{closure}(Object(Illuminate\\Http\\Request))
#44 C:\\laragon\\www\\es_ldcu2\\vendor\\laravel\\framework\\src\\Illuminate\\Pipeline\\Pipeline.php(171): Fideloper\\Proxy\\TrustProxies->handle(Object(Illuminate\\Http\\Request), Object(Closure))
#45 C:\\laragon\\www\\es_ldcu2\\vendor\\laravel\\framework\\src\\Illuminate\\Pipeline\\Pipeline.php(105): Illuminate\\Pipeline\\Pipeline->Illuminate\\Pipeline\\{closure}(Object(Illuminate\\Http\\Request))
#46 C:\\laragon\\www\\es_ldcu2\\vendor\\laravel\\framework\\src\\Illuminate\\Foundation\\Http\\Kernel.php(145): Illuminate\\Pipeline\\Pipeline->then(Object(Closure))
#47 C:\\laragon\\www\\es_ldcu2\\vendor\\laravel\\framework\\src\\Illuminate\\Foundation\\Http\\Kernel.php(110): Illuminate\\Foundation\\Http\\Kernel->sendRequestThroughRouter(Object(Illuminate\\Http\\Request))
#48 C:\\laragon\\www\\es_ldcu2\\public\\index.php(55): Illuminate\\Foundation\\Http\\Kernel->handle(Object(Illuminate\\Http\\Request))
#49 C:\\laragon\\www\\es_ldcu2\\server.php(21): require_once('C:\\\\laragon\\\\www\\\\...')
#50 {main}

[previous exception] [object] (ErrorException(code: 0): Undefined variable: registrar at C:\\laragon\\www\\es_ldcu2\\storage\\framework\\views\\207429f329b38448eec31657a688ab8c42a8fe1f.php:211)
[stacktrace]
#0 C:\\laragon\\www\\es_ldcu2\\storage\\framework\\views\\207429f329b38448eec31657a688ab8c42a8fe1f.php(211): Illuminate\\Foundation\\Bootstrap\\HandleExceptions->handleError(8, 'Undefined varia...', 'C:\\\\laragon\\\\www\\\\...', 211, Array)
#1 C:\\laragon\\www\\es_ldcu2\\vendor\\laravel\\framework\\src\\Illuminate\\View\\Engines\\PhpEngine.php(43): include('C:\\\\laragon\\\\www\\\\...')
#2 C:\\laragon\\www\\es_ldcu2\\vendor\\laravel\\framework\\src\\Illuminate\\View\\Engines\\CompilerEngine.php(59): Illuminate\\View\\Engines\\PhpEngine->evaluatePath('C:\\\\laragon\\\\www\\\\...', Array)
#3 C:\\laragon\\www\\es_ldcu2\\vendor\\facade\\ignition\\src\\Views\\Engines\\CompilerEngine.php(36): Illuminate\\View\\Engines\\CompilerEngine->get('C:\\\\laragon\\\\www\\\\...', Array)
#4 C:\\laragon\\www\\es_ldcu2\\vendor\\laravel\\framework\\src\\Illuminate\\View\\View.php(143): Facade\\Ignition\\Views\\Engines\\CompilerEngine->get('C:\\\\laragon\\\\www\\\\...', Array)
#5 C:\\laragon\\www\\es_ldcu2\\vendor\\laravel\\framework\\src\\Illuminate\\View\\View.php(126): Illuminate\\View\\View->getContents()
#6 C:\\laragon\\www\\es_ldcu2\\vendor\\laravel\\framework\\src\\Illuminate\\View\\View.php(91): Illuminate\\View\\View->renderContents()
#7 C:\\laragon\\www\\es_ldcu2\\vendor\\barryvdh\\laravel-dompdf\\src\\PDF.php(132): Illuminate\\View\\View->render()
#8 C:\\laragon\\www\\es_ldcu2\\vendor\\barryvdh\\laravel-dompdf\\src\\Facade.php(31): Barryvdh\\DomPDF\\PDF->loadView('registrar/forms...', Array)
#9 C:\\laragon\\www\\es_ldcu2\\app\\Http\\Controllers\\Migration\\RegistrarMigration.php(447): Barryvdh\\DomPDF\\Facade::__callStatic('loadview', Array)
#10 C:\\laragon\\www\\es_ldcu2\\vendor\\laravel\\framework\\src\\Illuminate\\Routing\\Controller.php(54): App\\Http\\Controllers\\Migration\\RegistrarMigration->downloadTorMasterlistBatch(Object(Illuminate\\Http\\Request))
#11 C:\\laragon\\www\\es_ldcu2\\vendor\\laravel\\framework\\src\\Illuminate\\Routing\\ControllerDispatcher.php(45): Illuminate\\Routing\\Controller->callAction('downloadTorMast...', Array)
#12 C:\\laragon\\www\\es_ldcu2\\vendor\\laravel\\framework\\src\\Illuminate\\Routing\\Route.php(219): Illuminate\\Routing\\ControllerDispatcher->dispatch(Object(Illuminate\\Routing\\Route), Object(App\\Http\\Controllers\\Migration\\RegistrarMigration), 'downloadTorMast...')
#13 C:\\laragon\\www\\es_ldcu2\\vendor\\laravel\\framework\\src\\Illuminate\\Routing\\Route.php(176): Illuminate\\Routing\\Route->runController()
#14 C:\\laragon\\www\\es_ldcu2\\vendor\\laravel\\framework\\src\\Illuminate\\Routing\\Router.php(681): Illuminate\\Routing\\Route->run()
#15 C:\\laragon\\www\\es_ldcu2\\vendor\\laravel\\framework\\src\\Illuminate\\Pipeline\\Pipeline.php(130): Illuminate\\Routing\\Router->Illuminate\\Routing\\{closure}(Object(Illuminate\\Http\\Request))
#16 C:\\laragon\\www\\es_ldcu2\\vendor\\laravel\\framework\\src\\Illuminate\\Routing\\Middleware\\SubstituteBindings.php(41): Illuminate\\Pipeline\\Pipeline->Illuminate\\Pipeline\\{closure}(Object(Illuminate\\Http\\Request))
#17 C:\\laragon\\www\\es_ldcu2\\vendor\\laravel\\framework\\src\\Illuminate\\Pipeline\\Pipeline.php(171): Illuminate\\Routing\\Middleware\\SubstituteBindings->handle(Object(Illuminate\\Http\\Request), Object(Closure))
#18 C:\\laragon\\www\\es_ldcu2\\vendor\\laravel\\framework\\src\\Illuminate\\Foundation\\Http\\Middleware\\VerifyCsrfToken.php(78): Illuminate\\Pipeline\\Pipeline->Illuminate\\Pipeline\\{closure}(Object(Illuminate\\Http\\Request))
#19 C:\\laragon\\www\\es_ldcu2\\vendor\\laravel\\framework\\src\\Illuminate\\Pipeline\\Pipeline.php(171): Illuminate\\Foundation\\Http\\Middleware\\VerifyCsrfToken->handle(Object(Illuminate\\Http\\Request), Object(Closure))
#20 C:\\laragon\\www\\es_ldcu2\\vendor\\laravel\\framework\\src\\Illuminate\\View\\Middleware\\ShareErrorsFromSession.php(49): Illuminate\\Pipeline\\Pipeline->Illuminate\\Pipeline\\{closure}(Object(Illuminate\\Http\\Request))
#21 C:\\laragon\\www\\es_ldcu2\\vendor\\laravel\\framework\\src\\Illuminate\\Pipeline\\Pipeline.php(171): Illuminate\\View\\Middleware\\ShareErrorsFromSession->handle(Object(Illuminate\\Http\\Request), Object(Closure))
#22 C:\\laragon\\www\\es_ldcu2\\vendor\\laravel\\framework\\src\\Illuminate\\Session\\Middleware\\StartSession.php(56): Illuminate\\Pipeline\\Pipeline->Illuminate\\Pipeline\\{closure}(Object(Illuminate\\Http\\Request))
#23 C:\\laragon\\www\\es_ldcu2\\vendor\\laravel\\framework\\src\\Illuminate\\Pipeline\\Pipeline.php(171): Illuminate\\Session\\Middleware\\StartSession->handle(Object(Illuminate\\Http\\Request), Object(Closure))
#24 C:\\laragon\\www\\es_ldcu2\\vendor\\laravel\\framework\\src\\Illuminate\\Cookie\\Middleware\\AddQueuedCookiesToResponse.php(37): Illuminate\\Pipeline\\Pipeline->Illuminate\\Pipeline\\{closure}(Object(Illuminate\\Http\\Request))
#25 C:\\laragon\\www\\es_ldcu2\\vendor\\laravel\\framework\\src\\Illuminate\\Pipeline\\Pipeline.php(171): Illuminate\\Cookie\\Middleware\\AddQueuedCookiesToResponse->handle(Object(Illuminate\\Http\\Request), Object(Closure))
#26 C:\\laragon\\www\\es_ldcu2\\vendor\\laravel\\framework\\src\\Illuminate\\Cookie\\Middleware\\EncryptCookies.php(67): Illuminate\\Pipeline\\Pipeline->Illuminate\\Pipeline\\{closure}(Object(Illuminate\\Http\\Request))
#27 C:\\laragon\\www\\es_ldcu2\\vendor\\laravel\\framework\\src\\Illuminate\\Pipeline\\Pipeline.php(171): Illuminate\\Cookie\\Middleware\\EncryptCookies->handle(Object(Illuminate\\Http\\Request), Object(Closure))
#28 C:\\laragon\\www\\es_ldcu2\\vendor\\laravel\\framework\\src\\Illuminate\\Pipeline\\Pipeline.php(105): Illuminate\\Pipeline\\Pipeline->Illuminate\\Pipeline\\{closure}(Object(Illuminate\\Http\\Request))
#29 C:\\laragon\\www\\es_ldcu2\\vendor\\laravel\\framework\\src\\Illuminate\\Routing\\Router.php(683): Illuminate\\Pipeline\\Pipeline->then(Object(Closure))
#30 C:\\laragon\\www\\es_ldcu2\\vendor\\laravel\\framework\\src\\Illuminate\\Routing\\Router.php(658): Illuminate\\Routing\\Router->runRouteWithinStack(Object(Illuminate\\Routing\\Route), Object(Illuminate\\Http\\Request))
#31 C:\\laragon\\www\\es_ldcu2\\vendor\\laravel\\framework\\src\\Illuminate\\Routing\\Router.php(624): Illuminate\\Routing\\Router->runRoute(Object(Illuminate\\Http\\Request), Object(Illuminate\\Routing\\Route))
#32 C:\\laragon\\www\\es_ldcu2\\vendor\\laravel\\framework\\src\\Illuminate\\Routing\\Router.php(613): Illuminate\\Routing\\Router->dispatchToRoute(Object(Illuminate\\Http\\Request))
#33 C:\\laragon\\www\\es_ldcu2\\vendor\\laravel\\framework\\src\\Illuminate\\Foundation\\Http\\Kernel.php(170): Illuminate\\Routing\\Router->dispatch(Object(Illuminate\\Http\\Request))
#34 C:\\laragon\\www\\es_ldcu2\\vendor\\laravel\\framework\\src\\Illuminate\\Pipeline\\Pipeline.php(130): Illuminate\\Foundation\\Http\\Kernel->Illuminate\\Foundation\\Http\\{closure}(Object(Illuminate\\Http\\Request))
#35 C:\\laragon\\www\\es_ldcu2\\vendor\\laravel\\framework\\src\\Illuminate\\Foundation\\Http\\Middleware\\TransformsRequest.php(21): Illuminate\\Pipeline\\Pipeline->Illuminate\\Pipeline\\{closure}(Object(Illuminate\\Http\\Request))
#36 C:\\laragon\\www\\es_ldcu2\\vendor\\laravel\\framework\\src\\Illuminate\\Pipeline\\Pipeline.php(171): Illuminate\\Foundation\\Http\\Middleware\\TransformsRequest->handle(Object(Illuminate\\Http\\Request), Object(Closure))
#37 C:\\laragon\\www\\es_ldcu2\\vendor\\laravel\\framework\\src\\Illuminate\\Foundation\\Http\\Middleware\\TransformsRequest.php(21): Illuminate\\Pipeline\\Pipeline->Illuminate\\Pipeline\\{closure}(Object(Illuminate\\Http\\Request))
#38 C:\\laragon\\www\\es_ldcu2\\vendor\\laravel\\framework\\src\\Illuminate\\Pipeline\\Pipeline.php(171): Illuminate\\Foundation\\Http\\Middleware\\TransformsRequest->handle(Object(Illuminate\\Http\\Request), Object(Closure))
#39 C:\\laragon\\www\\es_ldcu2\\vendor\\laravel\\framework\\src\\Illuminate\\Foundation\\Http\\Middleware\\ValidatePostSize.php(27): Illuminate\\Pipeline\\Pipeline->Illuminate\\Pipeline\\{closure}(Object(Illuminate\\Http\\Request))
#40 C:\\laragon\\www\\es_ldcu2\\vendor\\laravel\\framework\\src\\Illuminate\\Pipeline\\Pipeline.php(171): Illuminate\\Foundation\\Http\\Middleware\\ValidatePostSize->handle(Object(Illuminate\\Http\\Request), Object(Closure))
#41 C:\\laragon\\www\\es_ldcu2\\vendor\\laravel\\framework\\src\\Illuminate\\Foundation\\Http\\Middleware\\CheckForMaintenanceMode.php(63): Illuminate\\Pipeline\\Pipeline->Illuminate\\Pipeline\\{closure}(Object(Illuminate\\Http\\Request))
#42 C:\\laragon\\www\\es_ldcu2\\vendor\\laravel\\framework\\src\\Illuminate\\Pipeline\\Pipeline.php(171): Illuminate\\Foundation\\Http\\Middleware\\CheckForMaintenanceMode->handle(Object(Illuminate\\Http\\Request), Object(Closure))
#43 C:\\laragon\\www\\es_ldcu2\\vendor\\fideloper\\proxy\\src\\TrustProxies.php(57): Illuminate\\Pipeline\\Pipeline->Illuminate\\Pipeline\\{closure}(Object(Illuminate\\Http\\Request))
#44 C:\\laragon\\www\\es_ldcu2\\vendor\\laravel\\framework\\src\\Illuminate\\Pipeline\\Pipeline.php(171): Fideloper\\Proxy\\TrustProxies->handle(Object(Illuminate\\Http\\Request), Object(Closure))
#45 C:\\laragon\\www\\es_ldcu2\\vendor\\laravel\\framework\\src\\Illuminate\\Pipeline\\Pipeline.php(105): Illuminate\\Pipeline\\Pipeline->Illuminate\\Pipeline\\{closure}(Object(Illuminate\\Http\\Request))
#46 C:\\laragon\\www\\es_ldcu2\\vendor\\laravel\\framework\\src\\Illuminate\\Foundation\\Http\\Kernel.php(145): Illuminate\\Pipeline\\Pipeline->then(Object(Closure))
#47 C:\\laragon\\www\\es_ldcu2\\vendor\\laravel\\framework\\src\\Illuminate\\Foundation\\Http\\Kernel.php(110): Illuminate\\Foundation\\Http\\Kernel->sendRequestThroughRouter(Object(Illuminate\\Http\\Request))
#48 C:\\laragon\\www\\es_ldcu2\\public\\index.php(55): Illuminate\\Foundation\\Http\\Kernel->handle(Object(Illuminate\\Http\\Request))
#49 C:\\laragon\\www\\es_ldcu2\\server.php(21): require_once('C:\\\\laragon\\\\www\\\\...')
#50 {main}
"} 
[2025-07-11 01:48:27] local.ERROR: Undefined variable: or (View: C:\laragon\www\es_ldcu2\resources\views\registrar\forms\tor\pdf\pdf_tor_gbbc_dompdf.blade.php) {"userId":1,"exception":"[object] (Facade\\Ignition\\Exceptions\\ViewException(code: 0): Undefined variable: or (View: C:\\laragon\\www\\es_ldcu2\\resources\\views\\registrar\\forms\\tor\\pdf\\pdf_tor_gbbc_dompdf.blade.php) at C:\\laragon\\www\\es_ldcu2\\resources\\views/registrar/forms/tor/pdf/pdf_tor_gbbc_dompdf.blade.php:214)
[stacktrace]
#0 C:\\laragon\\www\\es_ldcu2\\resources\\views/registrar/forms/tor/pdf/pdf_tor_gbbc_dompdf.blade.php(214): Illuminate\\Foundation\\Bootstrap\\HandleExceptions->handleError(8, 'Undefined varia...', 'C:\\\\laragon\\\\www\\\\...', 214, Array)
#1 C:\\laragon\\www\\es_ldcu2\\vendor\\laravel\\framework\\src\\Illuminate\\View\\Engines\\PhpEngine.php(43): include('C:\\\\laragon\\\\www\\\\...')
#2 C:\\laragon\\www\\es_ldcu2\\vendor\\laravel\\framework\\src\\Illuminate\\View\\Engines\\CompilerEngine.php(59): Illuminate\\View\\Engines\\PhpEngine->evaluatePath('C:\\\\laragon\\\\www\\\\...', Array)
#3 C:\\laragon\\www\\es_ldcu2\\vendor\\facade\\ignition\\src\\Views\\Engines\\CompilerEngine.php(36): Illuminate\\View\\Engines\\CompilerEngine->get('C:\\\\laragon\\\\www\\\\...', Array)
#4 C:\\laragon\\www\\es_ldcu2\\vendor\\laravel\\framework\\src\\Illuminate\\View\\View.php(143): Facade\\Ignition\\Views\\Engines\\CompilerEngine->get('C:\\\\laragon\\\\www\\\\...', Array)
#5 C:\\laragon\\www\\es_ldcu2\\vendor\\laravel\\framework\\src\\Illuminate\\View\\View.php(126): Illuminate\\View\\View->getContents()
#6 C:\\laragon\\www\\es_ldcu2\\vendor\\laravel\\framework\\src\\Illuminate\\View\\View.php(91): Illuminate\\View\\View->renderContents()
#7 C:\\laragon\\www\\es_ldcu2\\vendor\\barryvdh\\laravel-dompdf\\src\\PDF.php(132): Illuminate\\View\\View->render()
#8 C:\\laragon\\www\\es_ldcu2\\vendor\\barryvdh\\laravel-dompdf\\src\\Facade.php(31): Barryvdh\\DomPDF\\PDF->loadView('registrar/forms...', Array)
#9 C:\\laragon\\www\\es_ldcu2\\app\\Http\\Controllers\\Migration\\RegistrarMigration.php(452): Barryvdh\\DomPDF\\Facade::__callStatic('loadview', Array)
#10 C:\\laragon\\www\\es_ldcu2\\vendor\\laravel\\framework\\src\\Illuminate\\Routing\\Controller.php(54): App\\Http\\Controllers\\Migration\\RegistrarMigration->downloadTorMasterlistBatch(Object(Illuminate\\Http\\Request))
#11 C:\\laragon\\www\\es_ldcu2\\vendor\\laravel\\framework\\src\\Illuminate\\Routing\\ControllerDispatcher.php(45): Illuminate\\Routing\\Controller->callAction('downloadTorMast...', Array)
#12 C:\\laragon\\www\\es_ldcu2\\vendor\\laravel\\framework\\src\\Illuminate\\Routing\\Route.php(219): Illuminate\\Routing\\ControllerDispatcher->dispatch(Object(Illuminate\\Routing\\Route), Object(App\\Http\\Controllers\\Migration\\RegistrarMigration), 'downloadTorMast...')
#13 C:\\laragon\\www\\es_ldcu2\\vendor\\laravel\\framework\\src\\Illuminate\\Routing\\Route.php(176): Illuminate\\Routing\\Route->runController()
#14 C:\\laragon\\www\\es_ldcu2\\vendor\\laravel\\framework\\src\\Illuminate\\Routing\\Router.php(681): Illuminate\\Routing\\Route->run()
#15 C:\\laragon\\www\\es_ldcu2\\vendor\\laravel\\framework\\src\\Illuminate\\Pipeline\\Pipeline.php(130): Illuminate\\Routing\\Router->Illuminate\\Routing\\{closure}(Object(Illuminate\\Http\\Request))
#16 C:\\laragon\\www\\es_ldcu2\\vendor\\laravel\\framework\\src\\Illuminate\\Routing\\Middleware\\SubstituteBindings.php(41): Illuminate\\Pipeline\\Pipeline->Illuminate\\Pipeline\\{closure}(Object(Illuminate\\Http\\Request))
#17 C:\\laragon\\www\\es_ldcu2\\vendor\\laravel\\framework\\src\\Illuminate\\Pipeline\\Pipeline.php(171): Illuminate\\Routing\\Middleware\\SubstituteBindings->handle(Object(Illuminate\\Http\\Request), Object(Closure))
#18 C:\\laragon\\www\\es_ldcu2\\vendor\\laravel\\framework\\src\\Illuminate\\Foundation\\Http\\Middleware\\VerifyCsrfToken.php(78): Illuminate\\Pipeline\\Pipeline->Illuminate\\Pipeline\\{closure}(Object(Illuminate\\Http\\Request))
#19 C:\\laragon\\www\\es_ldcu2\\vendor\\laravel\\framework\\src\\Illuminate\\Pipeline\\Pipeline.php(171): Illuminate\\Foundation\\Http\\Middleware\\VerifyCsrfToken->handle(Object(Illuminate\\Http\\Request), Object(Closure))
#20 C:\\laragon\\www\\es_ldcu2\\vendor\\laravel\\framework\\src\\Illuminate\\View\\Middleware\\ShareErrorsFromSession.php(49): Illuminate\\Pipeline\\Pipeline->Illuminate\\Pipeline\\{closure}(Object(Illuminate\\Http\\Request))
#21 C:\\laragon\\www\\es_ldcu2\\vendor\\laravel\\framework\\src\\Illuminate\\Pipeline\\Pipeline.php(171): Illuminate\\View\\Middleware\\ShareErrorsFromSession->handle(Object(Illuminate\\Http\\Request), Object(Closure))
#22 C:\\laragon\\www\\es_ldcu2\\vendor\\laravel\\framework\\src\\Illuminate\\Session\\Middleware\\StartSession.php(56): Illuminate\\Pipeline\\Pipeline->Illuminate\\Pipeline\\{closure}(Object(Illuminate\\Http\\Request))
#23 C:\\laragon\\www\\es_ldcu2\\vendor\\laravel\\framework\\src\\Illuminate\\Pipeline\\Pipeline.php(171): Illuminate\\Session\\Middleware\\StartSession->handle(Object(Illuminate\\Http\\Request), Object(Closure))
#24 C:\\laragon\\www\\es_ldcu2\\vendor\\laravel\\framework\\src\\Illuminate\\Cookie\\Middleware\\AddQueuedCookiesToResponse.php(37): Illuminate\\Pipeline\\Pipeline->Illuminate\\Pipeline\\{closure}(Object(Illuminate\\Http\\Request))
#25 C:\\laragon\\www\\es_ldcu2\\vendor\\laravel\\framework\\src\\Illuminate\\Pipeline\\Pipeline.php(171): Illuminate\\Cookie\\Middleware\\AddQueuedCookiesToResponse->handle(Object(Illuminate\\Http\\Request), Object(Closure))
#26 C:\\laragon\\www\\es_ldcu2\\vendor\\laravel\\framework\\src\\Illuminate\\Cookie\\Middleware\\EncryptCookies.php(67): Illuminate\\Pipeline\\Pipeline->Illuminate\\Pipeline\\{closure}(Object(Illuminate\\Http\\Request))
#27 C:\\laragon\\www\\es_ldcu2\\vendor\\laravel\\framework\\src\\Illuminate\\Pipeline\\Pipeline.php(171): Illuminate\\Cookie\\Middleware\\EncryptCookies->handle(Object(Illuminate\\Http\\Request), Object(Closure))
#28 C:\\laragon\\www\\es_ldcu2\\vendor\\laravel\\framework\\src\\Illuminate\\Pipeline\\Pipeline.php(105): Illuminate\\Pipeline\\Pipeline->Illuminate\\Pipeline\\{closure}(Object(Illuminate\\Http\\Request))
#29 C:\\laragon\\www\\es_ldcu2\\vendor\\laravel\\framework\\src\\Illuminate\\Routing\\Router.php(683): Illuminate\\Pipeline\\Pipeline->then(Object(Closure))
#30 C:\\laragon\\www\\es_ldcu2\\vendor\\laravel\\framework\\src\\Illuminate\\Routing\\Router.php(658): Illuminate\\Routing\\Router->runRouteWithinStack(Object(Illuminate\\Routing\\Route), Object(Illuminate\\Http\\Request))
#31 C:\\laragon\\www\\es_ldcu2\\vendor\\laravel\\framework\\src\\Illuminate\\Routing\\Router.php(624): Illuminate\\Routing\\Router->runRoute(Object(Illuminate\\Http\\Request), Object(Illuminate\\Routing\\Route))
#32 C:\\laragon\\www\\es_ldcu2\\vendor\\laravel\\framework\\src\\Illuminate\\Routing\\Router.php(613): Illuminate\\Routing\\Router->dispatchToRoute(Object(Illuminate\\Http\\Request))
#33 C:\\laragon\\www\\es_ldcu2\\vendor\\laravel\\framework\\src\\Illuminate\\Foundation\\Http\\Kernel.php(170): Illuminate\\Routing\\Router->dispatch(Object(Illuminate\\Http\\Request))
#34 C:\\laragon\\www\\es_ldcu2\\vendor\\laravel\\framework\\src\\Illuminate\\Pipeline\\Pipeline.php(130): Illuminate\\Foundation\\Http\\Kernel->Illuminate\\Foundation\\Http\\{closure}(Object(Illuminate\\Http\\Request))
#35 C:\\laragon\\www\\es_ldcu2\\vendor\\laravel\\framework\\src\\Illuminate\\Foundation\\Http\\Middleware\\TransformsRequest.php(21): Illuminate\\Pipeline\\Pipeline->Illuminate\\Pipeline\\{closure}(Object(Illuminate\\Http\\Request))
#36 C:\\laragon\\www\\es_ldcu2\\vendor\\laravel\\framework\\src\\Illuminate\\Pipeline\\Pipeline.php(171): Illuminate\\Foundation\\Http\\Middleware\\TransformsRequest->handle(Object(Illuminate\\Http\\Request), Object(Closure))
#37 C:\\laragon\\www\\es_ldcu2\\vendor\\laravel\\framework\\src\\Illuminate\\Foundation\\Http\\Middleware\\TransformsRequest.php(21): Illuminate\\Pipeline\\Pipeline->Illuminate\\Pipeline\\{closure}(Object(Illuminate\\Http\\Request))
#38 C:\\laragon\\www\\es_ldcu2\\vendor\\laravel\\framework\\src\\Illuminate\\Pipeline\\Pipeline.php(171): Illuminate\\Foundation\\Http\\Middleware\\TransformsRequest->handle(Object(Illuminate\\Http\\Request), Object(Closure))
#39 C:\\laragon\\www\\es_ldcu2\\vendor\\laravel\\framework\\src\\Illuminate\\Foundation\\Http\\Middleware\\ValidatePostSize.php(27): Illuminate\\Pipeline\\Pipeline->Illuminate\\Pipeline\\{closure}(Object(Illuminate\\Http\\Request))
#40 C:\\laragon\\www\\es_ldcu2\\vendor\\laravel\\framework\\src\\Illuminate\\Pipeline\\Pipeline.php(171): Illuminate\\Foundation\\Http\\Middleware\\ValidatePostSize->handle(Object(Illuminate\\Http\\Request), Object(Closure))
#41 C:\\laragon\\www\\es_ldcu2\\vendor\\laravel\\framework\\src\\Illuminate\\Foundation\\Http\\Middleware\\CheckForMaintenanceMode.php(63): Illuminate\\Pipeline\\Pipeline->Illuminate\\Pipeline\\{closure}(Object(Illuminate\\Http\\Request))
#42 C:\\laragon\\www\\es_ldcu2\\vendor\\laravel\\framework\\src\\Illuminate\\Pipeline\\Pipeline.php(171): Illuminate\\Foundation\\Http\\Middleware\\CheckForMaintenanceMode->handle(Object(Illuminate\\Http\\Request), Object(Closure))
#43 C:\\laragon\\www\\es_ldcu2\\vendor\\fideloper\\proxy\\src\\TrustProxies.php(57): Illuminate\\Pipeline\\Pipeline->Illuminate\\Pipeline\\{closure}(Object(Illuminate\\Http\\Request))
#44 C:\\laragon\\www\\es_ldcu2\\vendor\\laravel\\framework\\src\\Illuminate\\Pipeline\\Pipeline.php(171): Fideloper\\Proxy\\TrustProxies->handle(Object(Illuminate\\Http\\Request), Object(Closure))
#45 C:\\laragon\\www\\es_ldcu2\\vendor\\laravel\\framework\\src\\Illuminate\\Pipeline\\Pipeline.php(105): Illuminate\\Pipeline\\Pipeline->Illuminate\\Pipeline\\{closure}(Object(Illuminate\\Http\\Request))
#46 C:\\laragon\\www\\es_ldcu2\\vendor\\laravel\\framework\\src\\Illuminate\\Foundation\\Http\\Kernel.php(145): Illuminate\\Pipeline\\Pipeline->then(Object(Closure))
#47 C:\\laragon\\www\\es_ldcu2\\vendor\\laravel\\framework\\src\\Illuminate\\Foundation\\Http\\Kernel.php(110): Illuminate\\Foundation\\Http\\Kernel->sendRequestThroughRouter(Object(Illuminate\\Http\\Request))
#48 C:\\laragon\\www\\es_ldcu2\\public\\index.php(55): Illuminate\\Foundation\\Http\\Kernel->handle(Object(Illuminate\\Http\\Request))
#49 C:\\laragon\\www\\es_ldcu2\\server.php(21): require_once('C:\\\\laragon\\\\www\\\\...')
#50 {main}

[previous exception] [object] (ErrorException(code: 0): Undefined variable: or at C:\\laragon\\www\\es_ldcu2\\storage\\framework\\views\\207429f329b38448eec31657a688ab8c42a8fe1f.php:214)
[stacktrace]
#0 C:\\laragon\\www\\es_ldcu2\\storage\\framework\\views\\207429f329b38448eec31657a688ab8c42a8fe1f.php(214): Illuminate\\Foundation\\Bootstrap\\HandleExceptions->handleError(8, 'Undefined varia...', 'C:\\\\laragon\\\\www\\\\...', 214, Array)
#1 C:\\laragon\\www\\es_ldcu2\\vendor\\laravel\\framework\\src\\Illuminate\\View\\Engines\\PhpEngine.php(43): include('C:\\\\laragon\\\\www\\\\...')
#2 C:\\laragon\\www\\es_ldcu2\\vendor\\laravel\\framework\\src\\Illuminate\\View\\Engines\\CompilerEngine.php(59): Illuminate\\View\\Engines\\PhpEngine->evaluatePath('C:\\\\laragon\\\\www\\\\...', Array)
#3 C:\\laragon\\www\\es_ldcu2\\vendor\\facade\\ignition\\src\\Views\\Engines\\CompilerEngine.php(36): Illuminate\\View\\Engines\\CompilerEngine->get('C:\\\\laragon\\\\www\\\\...', Array)
#4 C:\\laragon\\www\\es_ldcu2\\vendor\\laravel\\framework\\src\\Illuminate\\View\\View.php(143): Facade\\Ignition\\Views\\Engines\\CompilerEngine->get('C:\\\\laragon\\\\www\\\\...', Array)
#5 C:\\laragon\\www\\es_ldcu2\\vendor\\laravel\\framework\\src\\Illuminate\\View\\View.php(126): Illuminate\\View\\View->getContents()
#6 C:\\laragon\\www\\es_ldcu2\\vendor\\laravel\\framework\\src\\Illuminate\\View\\View.php(91): Illuminate\\View\\View->renderContents()
#7 C:\\laragon\\www\\es_ldcu2\\vendor\\barryvdh\\laravel-dompdf\\src\\PDF.php(132): Illuminate\\View\\View->render()
#8 C:\\laragon\\www\\es_ldcu2\\vendor\\barryvdh\\laravel-dompdf\\src\\Facade.php(31): Barryvdh\\DomPDF\\PDF->loadView('registrar/forms...', Array)
#9 C:\\laragon\\www\\es_ldcu2\\app\\Http\\Controllers\\Migration\\RegistrarMigration.php(452): Barryvdh\\DomPDF\\Facade::__callStatic('loadview', Array)
#10 C:\\laragon\\www\\es_ldcu2\\vendor\\laravel\\framework\\src\\Illuminate\\Routing\\Controller.php(54): App\\Http\\Controllers\\Migration\\RegistrarMigration->downloadTorMasterlistBatch(Object(Illuminate\\Http\\Request))
#11 C:\\laragon\\www\\es_ldcu2\\vendor\\laravel\\framework\\src\\Illuminate\\Routing\\ControllerDispatcher.php(45): Illuminate\\Routing\\Controller->callAction('downloadTorMast...', Array)
#12 C:\\laragon\\www\\es_ldcu2\\vendor\\laravel\\framework\\src\\Illuminate\\Routing\\Route.php(219): Illuminate\\Routing\\ControllerDispatcher->dispatch(Object(Illuminate\\Routing\\Route), Object(App\\Http\\Controllers\\Migration\\RegistrarMigration), 'downloadTorMast...')
#13 C:\\laragon\\www\\es_ldcu2\\vendor\\laravel\\framework\\src\\Illuminate\\Routing\\Route.php(176): Illuminate\\Routing\\Route->runController()
#14 C:\\laragon\\www\\es_ldcu2\\vendor\\laravel\\framework\\src\\Illuminate\\Routing\\Router.php(681): Illuminate\\Routing\\Route->run()
#15 C:\\laragon\\www\\es_ldcu2\\vendor\\laravel\\framework\\src\\Illuminate\\Pipeline\\Pipeline.php(130): Illuminate\\Routing\\Router->Illuminate\\Routing\\{closure}(Object(Illuminate\\Http\\Request))
#16 C:\\laragon\\www\\es_ldcu2\\vendor\\laravel\\framework\\src\\Illuminate\\Routing\\Middleware\\SubstituteBindings.php(41): Illuminate\\Pipeline\\Pipeline->Illuminate\\Pipeline\\{closure}(Object(Illuminate\\Http\\Request))
#17 C:\\laragon\\www\\es_ldcu2\\vendor\\laravel\\framework\\src\\Illuminate\\Pipeline\\Pipeline.php(171): Illuminate\\Routing\\Middleware\\SubstituteBindings->handle(Object(Illuminate\\Http\\Request), Object(Closure))
#18 C:\\laragon\\www\\es_ldcu2\\vendor\\laravel\\framework\\src\\Illuminate\\Foundation\\Http\\Middleware\\VerifyCsrfToken.php(78): Illuminate\\Pipeline\\Pipeline->Illuminate\\Pipeline\\{closure}(Object(Illuminate\\Http\\Request))
#19 C:\\laragon\\www\\es_ldcu2\\vendor\\laravel\\framework\\src\\Illuminate\\Pipeline\\Pipeline.php(171): Illuminate\\Foundation\\Http\\Middleware\\VerifyCsrfToken->handle(Object(Illuminate\\Http\\Request), Object(Closure))
#20 C:\\laragon\\www\\es_ldcu2\\vendor\\laravel\\framework\\src\\Illuminate\\View\\Middleware\\ShareErrorsFromSession.php(49): Illuminate\\Pipeline\\Pipeline->Illuminate\\Pipeline\\{closure}(Object(Illuminate\\Http\\Request))
#21 C:\\laragon\\www\\es_ldcu2\\vendor\\laravel\\framework\\src\\Illuminate\\Pipeline\\Pipeline.php(171): Illuminate\\View\\Middleware\\ShareErrorsFromSession->handle(Object(Illuminate\\Http\\Request), Object(Closure))
#22 C:\\laragon\\www\\es_ldcu2\\vendor\\laravel\\framework\\src\\Illuminate\\Session\\Middleware\\StartSession.php(56): Illuminate\\Pipeline\\Pipeline->Illuminate\\Pipeline\\{closure}(Object(Illuminate\\Http\\Request))
#23 C:\\laragon\\www\\es_ldcu2\\vendor\\laravel\\framework\\src\\Illuminate\\Pipeline\\Pipeline.php(171): Illuminate\\Session\\Middleware\\StartSession->handle(Object(Illuminate\\Http\\Request), Object(Closure))
#24 C:\\laragon\\www\\es_ldcu2\\vendor\\laravel\\framework\\src\\Illuminate\\Cookie\\Middleware\\AddQueuedCookiesToResponse.php(37): Illuminate\\Pipeline\\Pipeline->Illuminate\\Pipeline\\{closure}(Object(Illuminate\\Http\\Request))
#25 C:\\laragon\\www\\es_ldcu2\\vendor\\laravel\\framework\\src\\Illuminate\\Pipeline\\Pipeline.php(171): Illuminate\\Cookie\\Middleware\\AddQueuedCookiesToResponse->handle(Object(Illuminate\\Http\\Request), Object(Closure))
#26 C:\\laragon\\www\\es_ldcu2\\vendor\\laravel\\framework\\src\\Illuminate\\Cookie\\Middleware\\EncryptCookies.php(67): Illuminate\\Pipeline\\Pipeline->Illuminate\\Pipeline\\{closure}(Object(Illuminate\\Http\\Request))
#27 C:\\laragon\\www\\es_ldcu2\\vendor\\laravel\\framework\\src\\Illuminate\\Pipeline\\Pipeline.php(171): Illuminate\\Cookie\\Middleware\\EncryptCookies->handle(Object(Illuminate\\Http\\Request), Object(Closure))
#28 C:\\laragon\\www\\es_ldcu2\\vendor\\laravel\\framework\\src\\Illuminate\\Pipeline\\Pipeline.php(105): Illuminate\\Pipeline\\Pipeline->Illuminate\\Pipeline\\{closure}(Object(Illuminate\\Http\\Request))
#29 C:\\laragon\\www\\es_ldcu2\\vendor\\laravel\\framework\\src\\Illuminate\\Routing\\Router.php(683): Illuminate\\Pipeline\\Pipeline->then(Object(Closure))
#30 C:\\laragon\\www\\es_ldcu2\\vendor\\laravel\\framework\\src\\Illuminate\\Routing\\Router.php(658): Illuminate\\Routing\\Router->runRouteWithinStack(Object(Illuminate\\Routing\\Route), Object(Illuminate\\Http\\Request))
#31 C:\\laragon\\www\\es_ldcu2\\vendor\\laravel\\framework\\src\\Illuminate\\Routing\\Router.php(624): Illuminate\\Routing\\Router->runRoute(Object(Illuminate\\Http\\Request), Object(Illuminate\\Routing\\Route))
#32 C:\\laragon\\www\\es_ldcu2\\vendor\\laravel\\framework\\src\\Illuminate\\Routing\\Router.php(613): Illuminate\\Routing\\Router->dispatchToRoute(Object(Illuminate\\Http\\Request))
#33 C:\\laragon\\www\\es_ldcu2\\vendor\\laravel\\framework\\src\\Illuminate\\Foundation\\Http\\Kernel.php(170): Illuminate\\Routing\\Router->dispatch(Object(Illuminate\\Http\\Request))
#34 C:\\laragon\\www\\es_ldcu2\\vendor\\laravel\\framework\\src\\Illuminate\\Pipeline\\Pipeline.php(130): Illuminate\\Foundation\\Http\\Kernel->Illuminate\\Foundation\\Http\\{closure}(Object(Illuminate\\Http\\Request))
#35 C:\\laragon\\www\\es_ldcu2\\vendor\\laravel\\framework\\src\\Illuminate\\Foundation\\Http\\Middleware\\TransformsRequest.php(21): Illuminate\\Pipeline\\Pipeline->Illuminate\\Pipeline\\{closure}(Object(Illuminate\\Http\\Request))
#36 C:\\laragon\\www\\es_ldcu2\\vendor\\laravel\\framework\\src\\Illuminate\\Pipeline\\Pipeline.php(171): Illuminate\\Foundation\\Http\\Middleware\\TransformsRequest->handle(Object(Illuminate\\Http\\Request), Object(Closure))
#37 C:\\laragon\\www\\es_ldcu2\\vendor\\laravel\\framework\\src\\Illuminate\\Foundation\\Http\\Middleware\\TransformsRequest.php(21): Illuminate\\Pipeline\\Pipeline->Illuminate\\Pipeline\\{closure}(Object(Illuminate\\Http\\Request))
#38 C:\\laragon\\www\\es_ldcu2\\vendor\\laravel\\framework\\src\\Illuminate\\Pipeline\\Pipeline.php(171): Illuminate\\Foundation\\Http\\Middleware\\TransformsRequest->handle(Object(Illuminate\\Http\\Request), Object(Closure))
#39 C:\\laragon\\www\\es_ldcu2\\vendor\\laravel\\framework\\src\\Illuminate\\Foundation\\Http\\Middleware\\ValidatePostSize.php(27): Illuminate\\Pipeline\\Pipeline->Illuminate\\Pipeline\\{closure}(Object(Illuminate\\Http\\Request))
#40 C:\\laragon\\www\\es_ldcu2\\vendor\\laravel\\framework\\src\\Illuminate\\Pipeline\\Pipeline.php(171): Illuminate\\Foundation\\Http\\Middleware\\ValidatePostSize->handle(Object(Illuminate\\Http\\Request), Object(Closure))
#41 C:\\laragon\\www\\es_ldcu2\\vendor\\laravel\\framework\\src\\Illuminate\\Foundation\\Http\\Middleware\\CheckForMaintenanceMode.php(63): Illuminate\\Pipeline\\Pipeline->Illuminate\\Pipeline\\{closure}(Object(Illuminate\\Http\\Request))
#42 C:\\laragon\\www\\es_ldcu2\\vendor\\laravel\\framework\\src\\Illuminate\\Pipeline\\Pipeline.php(171): Illuminate\\Foundation\\Http\\Middleware\\CheckForMaintenanceMode->handle(Object(Illuminate\\Http\\Request), Object(Closure))
#43 C:\\laragon\\www\\es_ldcu2\\vendor\\fideloper\\proxy\\src\\TrustProxies.php(57): Illuminate\\Pipeline\\Pipeline->Illuminate\\Pipeline\\{closure}(Object(Illuminate\\Http\\Request))
#44 C:\\laragon\\www\\es_ldcu2\\vendor\\laravel\\framework\\src\\Illuminate\\Pipeline\\Pipeline.php(171): Fideloper\\Proxy\\TrustProxies->handle(Object(Illuminate\\Http\\Request), Object(Closure))
#45 C:\\laragon\\www\\es_ldcu2\\vendor\\laravel\\framework\\src\\Illuminate\\Pipeline\\Pipeline.php(105): Illuminate\\Pipeline\\Pipeline->Illuminate\\Pipeline\\{closure}(Object(Illuminate\\Http\\Request))
#46 C:\\laragon\\www\\es_ldcu2\\vendor\\laravel\\framework\\src\\Illuminate\\Foundation\\Http\\Kernel.php(145): Illuminate\\Pipeline\\Pipeline->then(Object(Closure))
#47 C:\\laragon\\www\\es_ldcu2\\vendor\\laravel\\framework\\src\\Illuminate\\Foundation\\Http\\Kernel.php(110): Illuminate\\Foundation\\Http\\Kernel->sendRequestThroughRouter(Object(Illuminate\\Http\\Request))
#48 C:\\laragon\\www\\es_ldcu2\\public\\index.php(55): Illuminate\\Foundation\\Http\\Kernel->handle(Object(Illuminate\\Http\\Request))
#49 C:\\laragon\\www\\es_ldcu2\\server.php(21): require_once('C:\\\\laragon\\\\www\\\\...')
#50 {main}
"} 
[2025-07-11 09:51:00] local.ERROR: Undefined variable: or (View: C:\laragon\www\es_ldcu2\resources\views\registrar\forms\tor\pdf\pdf_tor_gbbc_dompdf.blade.php) {"userId":1,"exception":"[object] (Facade\\Ignition\\Exceptions\\ViewException(code: 0): Undefined variable: or (View: C:\\laragon\\www\\es_ldcu2\\resources\\views\\registrar\\forms\\tor\\pdf\\pdf_tor_gbbc_dompdf.blade.php) at C:\\laragon\\www\\es_ldcu2\\resources\\views/registrar/forms/tor/pdf/pdf_tor_gbbc_dompdf.blade.php:214)
[stacktrace]
#0 C:\\laragon\\www\\es_ldcu2\\resources\\views/registrar/forms/tor/pdf/pdf_tor_gbbc_dompdf.blade.php(214): Illuminate\\Foundation\\Bootstrap\\HandleExceptions->handleError(8, 'Undefined varia...', 'C:\\\\laragon\\\\www\\\\...', 214, Array)
#1 C:\\laragon\\www\\es_ldcu2\\vendor\\laravel\\framework\\src\\Illuminate\\View\\Engines\\PhpEngine.php(43): include('C:\\\\laragon\\\\www\\\\...')
#2 C:\\laragon\\www\\es_ldcu2\\vendor\\laravel\\framework\\src\\Illuminate\\View\\Engines\\CompilerEngine.php(59): Illuminate\\View\\Engines\\PhpEngine->evaluatePath('C:\\\\laragon\\\\www\\\\...', Array)
#3 C:\\laragon\\www\\es_ldcu2\\vendor\\facade\\ignition\\src\\Views\\Engines\\CompilerEngine.php(36): Illuminate\\View\\Engines\\CompilerEngine->get('C:\\\\laragon\\\\www\\\\...', Array)
#4 C:\\laragon\\www\\es_ldcu2\\vendor\\laravel\\framework\\src\\Illuminate\\View\\View.php(143): Facade\\Ignition\\Views\\Engines\\CompilerEngine->get('C:\\\\laragon\\\\www\\\\...', Array)
#5 C:\\laragon\\www\\es_ldcu2\\vendor\\laravel\\framework\\src\\Illuminate\\View\\View.php(126): Illuminate\\View\\View->getContents()
#6 C:\\laragon\\www\\es_ldcu2\\vendor\\laravel\\framework\\src\\Illuminate\\View\\View.php(91): Illuminate\\View\\View->renderContents()
#7 C:\\laragon\\www\\es_ldcu2\\vendor\\barryvdh\\laravel-dompdf\\src\\PDF.php(132): Illuminate\\View\\View->render()
#8 C:\\laragon\\www\\es_ldcu2\\vendor\\barryvdh\\laravel-dompdf\\src\\Facade.php(31): Barryvdh\\DomPDF\\PDF->loadView('registrar/forms...', Array)
#9 C:\\laragon\\www\\es_ldcu2\\app\\Http\\Controllers\\Migration\\RegistrarMigration.php(451): Barryvdh\\DomPDF\\Facade::__callStatic('loadview', Array)
#10 C:\\laragon\\www\\es_ldcu2\\vendor\\laravel\\framework\\src\\Illuminate\\Routing\\Controller.php(54): App\\Http\\Controllers\\Migration\\RegistrarMigration->downloadTorMasterlistBatch(Object(Illuminate\\Http\\Request))
#11 C:\\laragon\\www\\es_ldcu2\\vendor\\laravel\\framework\\src\\Illuminate\\Routing\\ControllerDispatcher.php(45): Illuminate\\Routing\\Controller->callAction('downloadTorMast...', Array)
#12 C:\\laragon\\www\\es_ldcu2\\vendor\\laravel\\framework\\src\\Illuminate\\Routing\\Route.php(219): Illuminate\\Routing\\ControllerDispatcher->dispatch(Object(Illuminate\\Routing\\Route), Object(App\\Http\\Controllers\\Migration\\RegistrarMigration), 'downloadTorMast...')
#13 C:\\laragon\\www\\es_ldcu2\\vendor\\laravel\\framework\\src\\Illuminate\\Routing\\Route.php(176): Illuminate\\Routing\\Route->runController()
#14 C:\\laragon\\www\\es_ldcu2\\vendor\\laravel\\framework\\src\\Illuminate\\Routing\\Router.php(681): Illuminate\\Routing\\Route->run()
#15 C:\\laragon\\www\\es_ldcu2\\vendor\\laravel\\framework\\src\\Illuminate\\Pipeline\\Pipeline.php(130): Illuminate\\Routing\\Router->Illuminate\\Routing\\{closure}(Object(Illuminate\\Http\\Request))
#16 C:\\laragon\\www\\es_ldcu2\\vendor\\laravel\\framework\\src\\Illuminate\\Routing\\Middleware\\SubstituteBindings.php(41): Illuminate\\Pipeline\\Pipeline->Illuminate\\Pipeline\\{closure}(Object(Illuminate\\Http\\Request))
#17 C:\\laragon\\www\\es_ldcu2\\vendor\\laravel\\framework\\src\\Illuminate\\Pipeline\\Pipeline.php(171): Illuminate\\Routing\\Middleware\\SubstituteBindings->handle(Object(Illuminate\\Http\\Request), Object(Closure))
#18 C:\\laragon\\www\\es_ldcu2\\vendor\\laravel\\framework\\src\\Illuminate\\Foundation\\Http\\Middleware\\VerifyCsrfToken.php(78): Illuminate\\Pipeline\\Pipeline->Illuminate\\Pipeline\\{closure}(Object(Illuminate\\Http\\Request))
#19 C:\\laragon\\www\\es_ldcu2\\vendor\\laravel\\framework\\src\\Illuminate\\Pipeline\\Pipeline.php(171): Illuminate\\Foundation\\Http\\Middleware\\VerifyCsrfToken->handle(Object(Illuminate\\Http\\Request), Object(Closure))
#20 C:\\laragon\\www\\es_ldcu2\\vendor\\laravel\\framework\\src\\Illuminate\\View\\Middleware\\ShareErrorsFromSession.php(49): Illuminate\\Pipeline\\Pipeline->Illuminate\\Pipeline\\{closure}(Object(Illuminate\\Http\\Request))
#21 C:\\laragon\\www\\es_ldcu2\\vendor\\laravel\\framework\\src\\Illuminate\\Pipeline\\Pipeline.php(171): Illuminate\\View\\Middleware\\ShareErrorsFromSession->handle(Object(Illuminate\\Http\\Request), Object(Closure))
#22 C:\\laragon\\www\\es_ldcu2\\vendor\\laravel\\framework\\src\\Illuminate\\Session\\Middleware\\StartSession.php(56): Illuminate\\Pipeline\\Pipeline->Illuminate\\Pipeline\\{closure}(Object(Illuminate\\Http\\Request))
#23 C:\\laragon\\www\\es_ldcu2\\vendor\\laravel\\framework\\src\\Illuminate\\Pipeline\\Pipeline.php(171): Illuminate\\Session\\Middleware\\StartSession->handle(Object(Illuminate\\Http\\Request), Object(Closure))
#24 C:\\laragon\\www\\es_ldcu2\\vendor\\laravel\\framework\\src\\Illuminate\\Cookie\\Middleware\\AddQueuedCookiesToResponse.php(37): Illuminate\\Pipeline\\Pipeline->Illuminate\\Pipeline\\{closure}(Object(Illuminate\\Http\\Request))
#25 C:\\laragon\\www\\es_ldcu2\\vendor\\laravel\\framework\\src\\Illuminate\\Pipeline\\Pipeline.php(171): Illuminate\\Cookie\\Middleware\\AddQueuedCookiesToResponse->handle(Object(Illuminate\\Http\\Request), Object(Closure))
#26 C:\\laragon\\www\\es_ldcu2\\vendor\\laravel\\framework\\src\\Illuminate\\Cookie\\Middleware\\EncryptCookies.php(67): Illuminate\\Pipeline\\Pipeline->Illuminate\\Pipeline\\{closure}(Object(Illuminate\\Http\\Request))
#27 C:\\laragon\\www\\es_ldcu2\\vendor\\laravel\\framework\\src\\Illuminate\\Pipeline\\Pipeline.php(171): Illuminate\\Cookie\\Middleware\\EncryptCookies->handle(Object(Illuminate\\Http\\Request), Object(Closure))
#28 C:\\laragon\\www\\es_ldcu2\\vendor\\laravel\\framework\\src\\Illuminate\\Pipeline\\Pipeline.php(105): Illuminate\\Pipeline\\Pipeline->Illuminate\\Pipeline\\{closure}(Object(Illuminate\\Http\\Request))
#29 C:\\laragon\\www\\es_ldcu2\\vendor\\laravel\\framework\\src\\Illuminate\\Routing\\Router.php(683): Illuminate\\Pipeline\\Pipeline->then(Object(Closure))
#30 C:\\laragon\\www\\es_ldcu2\\vendor\\laravel\\framework\\src\\Illuminate\\Routing\\Router.php(658): Illuminate\\Routing\\Router->runRouteWithinStack(Object(Illuminate\\Routing\\Route), Object(Illuminate\\Http\\Request))
#31 C:\\laragon\\www\\es_ldcu2\\vendor\\laravel\\framework\\src\\Illuminate\\Routing\\Router.php(624): Illuminate\\Routing\\Router->runRoute(Object(Illuminate\\Http\\Request), Object(Illuminate\\Routing\\Route))
#32 C:\\laragon\\www\\es_ldcu2\\vendor\\laravel\\framework\\src\\Illuminate\\Routing\\Router.php(613): Illuminate\\Routing\\Router->dispatchToRoute(Object(Illuminate\\Http\\Request))
#33 C:\\laragon\\www\\es_ldcu2\\vendor\\laravel\\framework\\src\\Illuminate\\Foundation\\Http\\Kernel.php(170): Illuminate\\Routing\\Router->dispatch(Object(Illuminate\\Http\\Request))
#34 C:\\laragon\\www\\es_ldcu2\\vendor\\laravel\\framework\\src\\Illuminate\\Pipeline\\Pipeline.php(130): Illuminate\\Foundation\\Http\\Kernel->Illuminate\\Foundation\\Http\\{closure}(Object(Illuminate\\Http\\Request))
#35 C:\\laragon\\www\\es_ldcu2\\vendor\\laravel\\framework\\src\\Illuminate\\Foundation\\Http\\Middleware\\TransformsRequest.php(21): Illuminate\\Pipeline\\Pipeline->Illuminate\\Pipeline\\{closure}(Object(Illuminate\\Http\\Request))
#36 C:\\laragon\\www\\es_ldcu2\\vendor\\laravel\\framework\\src\\Illuminate\\Pipeline\\Pipeline.php(171): Illuminate\\Foundation\\Http\\Middleware\\TransformsRequest->handle(Object(Illuminate\\Http\\Request), Object(Closure))
#37 C:\\laragon\\www\\es_ldcu2\\vendor\\laravel\\framework\\src\\Illuminate\\Foundation\\Http\\Middleware\\TransformsRequest.php(21): Illuminate\\Pipeline\\Pipeline->Illuminate\\Pipeline\\{closure}(Object(Illuminate\\Http\\Request))
#38 C:\\laragon\\www\\es_ldcu2\\vendor\\laravel\\framework\\src\\Illuminate\\Pipeline\\Pipeline.php(171): Illuminate\\Foundation\\Http\\Middleware\\TransformsRequest->handle(Object(Illuminate\\Http\\Request), Object(Closure))
#39 C:\\laragon\\www\\es_ldcu2\\vendor\\laravel\\framework\\src\\Illuminate\\Foundation\\Http\\Middleware\\ValidatePostSize.php(27): Illuminate\\Pipeline\\Pipeline->Illuminate\\Pipeline\\{closure}(Object(Illuminate\\Http\\Request))
#40 C:\\laragon\\www\\es_ldcu2\\vendor\\laravel\\framework\\src\\Illuminate\\Pipeline\\Pipeline.php(171): Illuminate\\Foundation\\Http\\Middleware\\ValidatePostSize->handle(Object(Illuminate\\Http\\Request), Object(Closure))
#41 C:\\laragon\\www\\es_ldcu2\\vendor\\laravel\\framework\\src\\Illuminate\\Foundation\\Http\\Middleware\\CheckForMaintenanceMode.php(63): Illuminate\\Pipeline\\Pipeline->Illuminate\\Pipeline\\{closure}(Object(Illuminate\\Http\\Request))
#42 C:\\laragon\\www\\es_ldcu2\\vendor\\laravel\\framework\\src\\Illuminate\\Pipeline\\Pipeline.php(171): Illuminate\\Foundation\\Http\\Middleware\\CheckForMaintenanceMode->handle(Object(Illuminate\\Http\\Request), Object(Closure))
#43 C:\\laragon\\www\\es_ldcu2\\vendor\\fideloper\\proxy\\src\\TrustProxies.php(57): Illuminate\\Pipeline\\Pipeline->Illuminate\\Pipeline\\{closure}(Object(Illuminate\\Http\\Request))
#44 C:\\laragon\\www\\es_ldcu2\\vendor\\laravel\\framework\\src\\Illuminate\\Pipeline\\Pipeline.php(171): Fideloper\\Proxy\\TrustProxies->handle(Object(Illuminate\\Http\\Request), Object(Closure))
#45 C:\\laragon\\www\\es_ldcu2\\vendor\\laravel\\framework\\src\\Illuminate\\Pipeline\\Pipeline.php(105): Illuminate\\Pipeline\\Pipeline->Illuminate\\Pipeline\\{closure}(Object(Illuminate\\Http\\Request))
#46 C:\\laragon\\www\\es_ldcu2\\vendor\\laravel\\framework\\src\\Illuminate\\Foundation\\Http\\Kernel.php(145): Illuminate\\Pipeline\\Pipeline->then(Object(Closure))
#47 C:\\laragon\\www\\es_ldcu2\\vendor\\laravel\\framework\\src\\Illuminate\\Foundation\\Http\\Kernel.php(110): Illuminate\\Foundation\\Http\\Kernel->sendRequestThroughRouter(Object(Illuminate\\Http\\Request))
#48 C:\\laragon\\www\\es_ldcu2\\public\\index.php(55): Illuminate\\Foundation\\Http\\Kernel->handle(Object(Illuminate\\Http\\Request))
#49 C:\\laragon\\www\\es_ldcu2\\server.php(21): require_once('C:\\\\laragon\\\\www\\\\...')
#50 {main}

[previous exception] [object] (ErrorException(code: 0): Undefined variable: or at C:\\laragon\\www\\es_ldcu2\\storage\\framework\\views\\207429f329b38448eec31657a688ab8c42a8fe1f.php:214)
[stacktrace]
#0 C:\\laragon\\www\\es_ldcu2\\storage\\framework\\views\\207429f329b38448eec31657a688ab8c42a8fe1f.php(214): Illuminate\\Foundation\\Bootstrap\\HandleExceptions->handleError(8, 'Undefined varia...', 'C:\\\\laragon\\\\www\\\\...', 214, Array)
#1 C:\\laragon\\www\\es_ldcu2\\vendor\\laravel\\framework\\src\\Illuminate\\View\\Engines\\PhpEngine.php(43): include('C:\\\\laragon\\\\www\\\\...')
#2 C:\\laragon\\www\\es_ldcu2\\vendor\\laravel\\framework\\src\\Illuminate\\View\\Engines\\CompilerEngine.php(59): Illuminate\\View\\Engines\\PhpEngine->evaluatePath('C:\\\\laragon\\\\www\\\\...', Array)
#3 C:\\laragon\\www\\es_ldcu2\\vendor\\facade\\ignition\\src\\Views\\Engines\\CompilerEngine.php(36): Illuminate\\View\\Engines\\CompilerEngine->get('C:\\\\laragon\\\\www\\\\...', Array)
#4 C:\\laragon\\www\\es_ldcu2\\vendor\\laravel\\framework\\src\\Illuminate\\View\\View.php(143): Facade\\Ignition\\Views\\Engines\\CompilerEngine->get('C:\\\\laragon\\\\www\\\\...', Array)
#5 C:\\laragon\\www\\es_ldcu2\\vendor\\laravel\\framework\\src\\Illuminate\\View\\View.php(126): Illuminate\\View\\View->getContents()
#6 C:\\laragon\\www\\es_ldcu2\\vendor\\laravel\\framework\\src\\Illuminate\\View\\View.php(91): Illuminate\\View\\View->renderContents()
#7 C:\\laragon\\www\\es_ldcu2\\vendor\\barryvdh\\laravel-dompdf\\src\\PDF.php(132): Illuminate\\View\\View->render()
#8 C:\\laragon\\www\\es_ldcu2\\vendor\\barryvdh\\laravel-dompdf\\src\\Facade.php(31): Barryvdh\\DomPDF\\PDF->loadView('registrar/forms...', Array)
#9 C:\\laragon\\www\\es_ldcu2\\app\\Http\\Controllers\\Migration\\RegistrarMigration.php(451): Barryvdh\\DomPDF\\Facade::__callStatic('loadview', Array)
#10 C:\\laragon\\www\\es_ldcu2\\vendor\\laravel\\framework\\src\\Illuminate\\Routing\\Controller.php(54): App\\Http\\Controllers\\Migration\\RegistrarMigration->downloadTorMasterlistBatch(Object(Illuminate\\Http\\Request))
#11 C:\\laragon\\www\\es_ldcu2\\vendor\\laravel\\framework\\src\\Illuminate\\Routing\\ControllerDispatcher.php(45): Illuminate\\Routing\\Controller->callAction('downloadTorMast...', Array)
#12 C:\\laragon\\www\\es_ldcu2\\vendor\\laravel\\framework\\src\\Illuminate\\Routing\\Route.php(219): Illuminate\\Routing\\ControllerDispatcher->dispatch(Object(Illuminate\\Routing\\Route), Object(App\\Http\\Controllers\\Migration\\RegistrarMigration), 'downloadTorMast...')
#13 C:\\laragon\\www\\es_ldcu2\\vendor\\laravel\\framework\\src\\Illuminate\\Routing\\Route.php(176): Illuminate\\Routing\\Route->runController()
#14 C:\\laragon\\www\\es_ldcu2\\vendor\\laravel\\framework\\src\\Illuminate\\Routing\\Router.php(681): Illuminate\\Routing\\Route->run()
#15 C:\\laragon\\www\\es_ldcu2\\vendor\\laravel\\framework\\src\\Illuminate\\Pipeline\\Pipeline.php(130): Illuminate\\Routing\\Router->Illuminate\\Routing\\{closure}(Object(Illuminate\\Http\\Request))
#16 C:\\laragon\\www\\es_ldcu2\\vendor\\laravel\\framework\\src\\Illuminate\\Routing\\Middleware\\SubstituteBindings.php(41): Illuminate\\Pipeline\\Pipeline->Illuminate\\Pipeline\\{closure}(Object(Illuminate\\Http\\Request))
#17 C:\\laragon\\www\\es_ldcu2\\vendor\\laravel\\framework\\src\\Illuminate\\Pipeline\\Pipeline.php(171): Illuminate\\Routing\\Middleware\\SubstituteBindings->handle(Object(Illuminate\\Http\\Request), Object(Closure))
#18 C:\\laragon\\www\\es_ldcu2\\vendor\\laravel\\framework\\src\\Illuminate\\Foundation\\Http\\Middleware\\VerifyCsrfToken.php(78): Illuminate\\Pipeline\\Pipeline->Illuminate\\Pipeline\\{closure}(Object(Illuminate\\Http\\Request))
#19 C:\\laragon\\www\\es_ldcu2\\vendor\\laravel\\framework\\src\\Illuminate\\Pipeline\\Pipeline.php(171): Illuminate\\Foundation\\Http\\Middleware\\VerifyCsrfToken->handle(Object(Illuminate\\Http\\Request), Object(Closure))
#20 C:\\laragon\\www\\es_ldcu2\\vendor\\laravel\\framework\\src\\Illuminate\\View\\Middleware\\ShareErrorsFromSession.php(49): Illuminate\\Pipeline\\Pipeline->Illuminate\\Pipeline\\{closure}(Object(Illuminate\\Http\\Request))
#21 C:\\laragon\\www\\es_ldcu2\\vendor\\laravel\\framework\\src\\Illuminate\\Pipeline\\Pipeline.php(171): Illuminate\\View\\Middleware\\ShareErrorsFromSession->handle(Object(Illuminate\\Http\\Request), Object(Closure))
#22 C:\\laragon\\www\\es_ldcu2\\vendor\\laravel\\framework\\src\\Illuminate\\Session\\Middleware\\StartSession.php(56): Illuminate\\Pipeline\\Pipeline->Illuminate\\Pipeline\\{closure}(Object(Illuminate\\Http\\Request))
#23 C:\\laragon\\www\\es_ldcu2\\vendor\\laravel\\framework\\src\\Illuminate\\Pipeline\\Pipeline.php(171): Illuminate\\Session\\Middleware\\StartSession->handle(Object(Illuminate\\Http\\Request), Object(Closure))
#24 C:\\laragon\\www\\es_ldcu2\\vendor\\laravel\\framework\\src\\Illuminate\\Cookie\\Middleware\\AddQueuedCookiesToResponse.php(37): Illuminate\\Pipeline\\Pipeline->Illuminate\\Pipeline\\{closure}(Object(Illuminate\\Http\\Request))
#25 C:\\laragon\\www\\es_ldcu2\\vendor\\laravel\\framework\\src\\Illuminate\\Pipeline\\Pipeline.php(171): Illuminate\\Cookie\\Middleware\\AddQueuedCookiesToResponse->handle(Object(Illuminate\\Http\\Request), Object(Closure))
#26 C:\\laragon\\www\\es_ldcu2\\vendor\\laravel\\framework\\src\\Illuminate\\Cookie\\Middleware\\EncryptCookies.php(67): Illuminate\\Pipeline\\Pipeline->Illuminate\\Pipeline\\{closure}(Object(Illuminate\\Http\\Request))
#27 C:\\laragon\\www\\es_ldcu2\\vendor\\laravel\\framework\\src\\Illuminate\\Pipeline\\Pipeline.php(171): Illuminate\\Cookie\\Middleware\\EncryptCookies->handle(Object(Illuminate\\Http\\Request), Object(Closure))
#28 C:\\laragon\\www\\es_ldcu2\\vendor\\laravel\\framework\\src\\Illuminate\\Pipeline\\Pipeline.php(105): Illuminate\\Pipeline\\Pipeline->Illuminate\\Pipeline\\{closure}(Object(Illuminate\\Http\\Request))
#29 C:\\laragon\\www\\es_ldcu2\\vendor\\laravel\\framework\\src\\Illuminate\\Routing\\Router.php(683): Illuminate\\Pipeline\\Pipeline->then(Object(Closure))
#30 C:\\laragon\\www\\es_ldcu2\\vendor\\laravel\\framework\\src\\Illuminate\\Routing\\Router.php(658): Illuminate\\Routing\\Router->runRouteWithinStack(Object(Illuminate\\Routing\\Route), Object(Illuminate\\Http\\Request))
#31 C:\\laragon\\www\\es_ldcu2\\vendor\\laravel\\framework\\src\\Illuminate\\Routing\\Router.php(624): Illuminate\\Routing\\Router->runRoute(Object(Illuminate\\Http\\Request), Object(Illuminate\\Routing\\Route))
#32 C:\\laragon\\www\\es_ldcu2\\vendor\\laravel\\framework\\src\\Illuminate\\Routing\\Router.php(613): Illuminate\\Routing\\Router->dispatchToRoute(Object(Illuminate\\Http\\Request))
#33 C:\\laragon\\www\\es_ldcu2\\vendor\\laravel\\framework\\src\\Illuminate\\Foundation\\Http\\Kernel.php(170): Illuminate\\Routing\\Router->dispatch(Object(Illuminate\\Http\\Request))
#34 C:\\laragon\\www\\es_ldcu2\\vendor\\laravel\\framework\\src\\Illuminate\\Pipeline\\Pipeline.php(130): Illuminate\\Foundation\\Http\\Kernel->Illuminate\\Foundation\\Http\\{closure}(Object(Illuminate\\Http\\Request))
#35 C:\\laragon\\www\\es_ldcu2\\vendor\\laravel\\framework\\src\\Illuminate\\Foundation\\Http\\Middleware\\TransformsRequest.php(21): Illuminate\\Pipeline\\Pipeline->Illuminate\\Pipeline\\{closure}(Object(Illuminate\\Http\\Request))
#36 C:\\laragon\\www\\es_ldcu2\\vendor\\laravel\\framework\\src\\Illuminate\\Pipeline\\Pipeline.php(171): Illuminate\\Foundation\\Http\\Middleware\\TransformsRequest->handle(Object(Illuminate\\Http\\Request), Object(Closure))
#37 C:\\laragon\\www\\es_ldcu2\\vendor\\laravel\\framework\\src\\Illuminate\\Foundation\\Http\\Middleware\\TransformsRequest.php(21): Illuminate\\Pipeline\\Pipeline->Illuminate\\Pipeline\\{closure}(Object(Illuminate\\Http\\Request))
#38 C:\\laragon\\www\\es_ldcu2\\vendor\\laravel\\framework\\src\\Illuminate\\Pipeline\\Pipeline.php(171): Illuminate\\Foundation\\Http\\Middleware\\TransformsRequest->handle(Object(Illuminate\\Http\\Request), Object(Closure))
#39 C:\\laragon\\www\\es_ldcu2\\vendor\\laravel\\framework\\src\\Illuminate\\Foundation\\Http\\Middleware\\ValidatePostSize.php(27): Illuminate\\Pipeline\\Pipeline->Illuminate\\Pipeline\\{closure}(Object(Illuminate\\Http\\Request))
#40 C:\\laragon\\www\\es_ldcu2\\vendor\\laravel\\framework\\src\\Illuminate\\Pipeline\\Pipeline.php(171): Illuminate\\Foundation\\Http\\Middleware\\ValidatePostSize->handle(Object(Illuminate\\Http\\Request), Object(Closure))
#41 C:\\laragon\\www\\es_ldcu2\\vendor\\laravel\\framework\\src\\Illuminate\\Foundation\\Http\\Middleware\\CheckForMaintenanceMode.php(63): Illuminate\\Pipeline\\Pipeline->Illuminate\\Pipeline\\{closure}(Object(Illuminate\\Http\\Request))
#42 C:\\laragon\\www\\es_ldcu2\\vendor\\laravel\\framework\\src\\Illuminate\\Pipeline\\Pipeline.php(171): Illuminate\\Foundation\\Http\\Middleware\\CheckForMaintenanceMode->handle(Object(Illuminate\\Http\\Request), Object(Closure))
#43 C:\\laragon\\www\\es_ldcu2\\vendor\\fideloper\\proxy\\src\\TrustProxies.php(57): Illuminate\\Pipeline\\Pipeline->Illuminate\\Pipeline\\{closure}(Object(Illuminate\\Http\\Request))
#44 C:\\laragon\\www\\es_ldcu2\\vendor\\laravel\\framework\\src\\Illuminate\\Pipeline\\Pipeline.php(171): Fideloper\\Proxy\\TrustProxies->handle(Object(Illuminate\\Http\\Request), Object(Closure))
#45 C:\\laragon\\www\\es_ldcu2\\vendor\\laravel\\framework\\src\\Illuminate\\Pipeline\\Pipeline.php(105): Illuminate\\Pipeline\\Pipeline->Illuminate\\Pipeline\\{closure}(Object(Illuminate\\Http\\Request))
#46 C:\\laragon\\www\\es_ldcu2\\vendor\\laravel\\framework\\src\\Illuminate\\Foundation\\Http\\Kernel.php(145): Illuminate\\Pipeline\\Pipeline->then(Object(Closure))
#47 C:\\laragon\\www\\es_ldcu2\\vendor\\laravel\\framework\\src\\Illuminate\\Foundation\\Http\\Kernel.php(110): Illuminate\\Foundation\\Http\\Kernel->sendRequestThroughRouter(Object(Illuminate\\Http\\Request))
#48 C:\\laragon\\www\\es_ldcu2\\public\\index.php(55): Illuminate\\Foundation\\Http\\Kernel->handle(Object(Illuminate\\Http\\Request))
#49 C:\\laragon\\www\\es_ldcu2\\server.php(21): require_once('C:\\\\laragon\\\\www\\\\...')
#50 {main}
"} 
[2025-07-11 09:51:40] local.ERROR: Undefined variable: or (View: C:\laragon\www\es_ldcu2\resources\views\registrar\forms\tor\pdf\pdf_tor_gbbc_dompdf.blade.php) {"userId":1,"exception":"[object] (Facade\\Ignition\\Exceptions\\ViewException(code: 0): Undefined variable: or (View: C:\\laragon\\www\\es_ldcu2\\resources\\views\\registrar\\forms\\tor\\pdf\\pdf_tor_gbbc_dompdf.blade.php) at C:\\laragon\\www\\es_ldcu2\\resources\\views/registrar/forms/tor/pdf/pdf_tor_gbbc_dompdf.blade.php:214)
[stacktrace]
#0 C:\\laragon\\www\\es_ldcu2\\resources\\views/registrar/forms/tor/pdf/pdf_tor_gbbc_dompdf.blade.php(214): Illuminate\\Foundation\\Bootstrap\\HandleExceptions->handleError(8, 'Undefined varia...', 'C:\\\\laragon\\\\www\\\\...', 214, Array)
#1 C:\\laragon\\www\\es_ldcu2\\vendor\\laravel\\framework\\src\\Illuminate\\View\\Engines\\PhpEngine.php(43): include('C:\\\\laragon\\\\www\\\\...')
#2 C:\\laragon\\www\\es_ldcu2\\vendor\\laravel\\framework\\src\\Illuminate\\View\\Engines\\CompilerEngine.php(59): Illuminate\\View\\Engines\\PhpEngine->evaluatePath('C:\\\\laragon\\\\www\\\\...', Array)
#3 C:\\laragon\\www\\es_ldcu2\\vendor\\facade\\ignition\\src\\Views\\Engines\\CompilerEngine.php(36): Illuminate\\View\\Engines\\CompilerEngine->get('C:\\\\laragon\\\\www\\\\...', Array)
#4 C:\\laragon\\www\\es_ldcu2\\vendor\\laravel\\framework\\src\\Illuminate\\View\\View.php(143): Facade\\Ignition\\Views\\Engines\\CompilerEngine->get('C:\\\\laragon\\\\www\\\\...', Array)
#5 C:\\laragon\\www\\es_ldcu2\\vendor\\laravel\\framework\\src\\Illuminate\\View\\View.php(126): Illuminate\\View\\View->getContents()
#6 C:\\laragon\\www\\es_ldcu2\\vendor\\laravel\\framework\\src\\Illuminate\\View\\View.php(91): Illuminate\\View\\View->renderContents()
#7 C:\\laragon\\www\\es_ldcu2\\vendor\\barryvdh\\laravel-dompdf\\src\\PDF.php(132): Illuminate\\View\\View->render()
#8 C:\\laragon\\www\\es_ldcu2\\vendor\\barryvdh\\laravel-dompdf\\src\\Facade.php(31): Barryvdh\\DomPDF\\PDF->loadView('registrar/forms...', Array)
#9 C:\\laragon\\www\\es_ldcu2\\app\\Http\\Controllers\\Migration\\RegistrarMigration.php(451): Barryvdh\\DomPDF\\Facade::__callStatic('loadview', Array)
#10 C:\\laragon\\www\\es_ldcu2\\vendor\\laravel\\framework\\src\\Illuminate\\Routing\\Controller.php(54): App\\Http\\Controllers\\Migration\\RegistrarMigration->downloadTorMasterlistBatch(Object(Illuminate\\Http\\Request))
#11 C:\\laragon\\www\\es_ldcu2\\vendor\\laravel\\framework\\src\\Illuminate\\Routing\\ControllerDispatcher.php(45): Illuminate\\Routing\\Controller->callAction('downloadTorMast...', Array)
#12 C:\\laragon\\www\\es_ldcu2\\vendor\\laravel\\framework\\src\\Illuminate\\Routing\\Route.php(219): Illuminate\\Routing\\ControllerDispatcher->dispatch(Object(Illuminate\\Routing\\Route), Object(App\\Http\\Controllers\\Migration\\RegistrarMigration), 'downloadTorMast...')
#13 C:\\laragon\\www\\es_ldcu2\\vendor\\laravel\\framework\\src\\Illuminate\\Routing\\Route.php(176): Illuminate\\Routing\\Route->runController()
#14 C:\\laragon\\www\\es_ldcu2\\vendor\\laravel\\framework\\src\\Illuminate\\Routing\\Router.php(681): Illuminate\\Routing\\Route->run()
#15 C:\\laragon\\www\\es_ldcu2\\vendor\\laravel\\framework\\src\\Illuminate\\Pipeline\\Pipeline.php(130): Illuminate\\Routing\\Router->Illuminate\\Routing\\{closure}(Object(Illuminate\\Http\\Request))
#16 C:\\laragon\\www\\es_ldcu2\\vendor\\laravel\\framework\\src\\Illuminate\\Routing\\Middleware\\SubstituteBindings.php(41): Illuminate\\Pipeline\\Pipeline->Illuminate\\Pipeline\\{closure}(Object(Illuminate\\Http\\Request))
#17 C:\\laragon\\www\\es_ldcu2\\vendor\\laravel\\framework\\src\\Illuminate\\Pipeline\\Pipeline.php(171): Illuminate\\Routing\\Middleware\\SubstituteBindings->handle(Object(Illuminate\\Http\\Request), Object(Closure))
#18 C:\\laragon\\www\\es_ldcu2\\vendor\\laravel\\framework\\src\\Illuminate\\Foundation\\Http\\Middleware\\VerifyCsrfToken.php(78): Illuminate\\Pipeline\\Pipeline->Illuminate\\Pipeline\\{closure}(Object(Illuminate\\Http\\Request))
#19 C:\\laragon\\www\\es_ldcu2\\vendor\\laravel\\framework\\src\\Illuminate\\Pipeline\\Pipeline.php(171): Illuminate\\Foundation\\Http\\Middleware\\VerifyCsrfToken->handle(Object(Illuminate\\Http\\Request), Object(Closure))
#20 C:\\laragon\\www\\es_ldcu2\\vendor\\laravel\\framework\\src\\Illuminate\\View\\Middleware\\ShareErrorsFromSession.php(49): Illuminate\\Pipeline\\Pipeline->Illuminate\\Pipeline\\{closure}(Object(Illuminate\\Http\\Request))
#21 C:\\laragon\\www\\es_ldcu2\\vendor\\laravel\\framework\\src\\Illuminate\\Pipeline\\Pipeline.php(171): Illuminate\\View\\Middleware\\ShareErrorsFromSession->handle(Object(Illuminate\\Http\\Request), Object(Closure))
#22 C:\\laragon\\www\\es_ldcu2\\vendor\\laravel\\framework\\src\\Illuminate\\Session\\Middleware\\StartSession.php(56): Illuminate\\Pipeline\\Pipeline->Illuminate\\Pipeline\\{closure}(Object(Illuminate\\Http\\Request))
#23 C:\\laragon\\www\\es_ldcu2\\vendor\\laravel\\framework\\src\\Illuminate\\Pipeline\\Pipeline.php(171): Illuminate\\Session\\Middleware\\StartSession->handle(Object(Illuminate\\Http\\Request), Object(Closure))
#24 C:\\laragon\\www\\es_ldcu2\\vendor\\laravel\\framework\\src\\Illuminate\\Cookie\\Middleware\\AddQueuedCookiesToResponse.php(37): Illuminate\\Pipeline\\Pipeline->Illuminate\\Pipeline\\{closure}(Object(Illuminate\\Http\\Request))
#25 C:\\laragon\\www\\es_ldcu2\\vendor\\laravel\\framework\\src\\Illuminate\\Pipeline\\Pipeline.php(171): Illuminate\\Cookie\\Middleware\\AddQueuedCookiesToResponse->handle(Object(Illuminate\\Http\\Request), Object(Closure))
#26 C:\\laragon\\www\\es_ldcu2\\vendor\\laravel\\framework\\src\\Illuminate\\Cookie\\Middleware\\EncryptCookies.php(67): Illuminate\\Pipeline\\Pipeline->Illuminate\\Pipeline\\{closure}(Object(Illuminate\\Http\\Request))
#27 C:\\laragon\\www\\es_ldcu2\\vendor\\laravel\\framework\\src\\Illuminate\\Pipeline\\Pipeline.php(171): Illuminate\\Cookie\\Middleware\\EncryptCookies->handle(Object(Illuminate\\Http\\Request), Object(Closure))
#28 C:\\laragon\\www\\es_ldcu2\\vendor\\laravel\\framework\\src\\Illuminate\\Pipeline\\Pipeline.php(105): Illuminate\\Pipeline\\Pipeline->Illuminate\\Pipeline\\{closure}(Object(Illuminate\\Http\\Request))
#29 C:\\laragon\\www\\es_ldcu2\\vendor\\laravel\\framework\\src\\Illuminate\\Routing\\Router.php(683): Illuminate\\Pipeline\\Pipeline->then(Object(Closure))
#30 C:\\laragon\\www\\es_ldcu2\\vendor\\laravel\\framework\\src\\Illuminate\\Routing\\Router.php(658): Illuminate\\Routing\\Router->runRouteWithinStack(Object(Illuminate\\Routing\\Route), Object(Illuminate\\Http\\Request))
#31 C:\\laragon\\www\\es_ldcu2\\vendor\\laravel\\framework\\src\\Illuminate\\Routing\\Router.php(624): Illuminate\\Routing\\Router->runRoute(Object(Illuminate\\Http\\Request), Object(Illuminate\\Routing\\Route))
#32 C:\\laragon\\www\\es_ldcu2\\vendor\\laravel\\framework\\src\\Illuminate\\Routing\\Router.php(613): Illuminate\\Routing\\Router->dispatchToRoute(Object(Illuminate\\Http\\Request))
#33 C:\\laragon\\www\\es_ldcu2\\vendor\\laravel\\framework\\src\\Illuminate\\Foundation\\Http\\Kernel.php(170): Illuminate\\Routing\\Router->dispatch(Object(Illuminate\\Http\\Request))
#34 C:\\laragon\\www\\es_ldcu2\\vendor\\laravel\\framework\\src\\Illuminate\\Pipeline\\Pipeline.php(130): Illuminate\\Foundation\\Http\\Kernel->Illuminate\\Foundation\\Http\\{closure}(Object(Illuminate\\Http\\Request))
#35 C:\\laragon\\www\\es_ldcu2\\vendor\\laravel\\framework\\src\\Illuminate\\Foundation\\Http\\Middleware\\TransformsRequest.php(21): Illuminate\\Pipeline\\Pipeline->Illuminate\\Pipeline\\{closure}(Object(Illuminate\\Http\\Request))
#36 C:\\laragon\\www\\es_ldcu2\\vendor\\laravel\\framework\\src\\Illuminate\\Pipeline\\Pipeline.php(171): Illuminate\\Foundation\\Http\\Middleware\\TransformsRequest->handle(Object(Illuminate\\Http\\Request), Object(Closure))
#37 C:\\laragon\\www\\es_ldcu2\\vendor\\laravel\\framework\\src\\Illuminate\\Foundation\\Http\\Middleware\\TransformsRequest.php(21): Illuminate\\Pipeline\\Pipeline->Illuminate\\Pipeline\\{closure}(Object(Illuminate\\Http\\Request))
#38 C:\\laragon\\www\\es_ldcu2\\vendor\\laravel\\framework\\src\\Illuminate\\Pipeline\\Pipeline.php(171): Illuminate\\Foundation\\Http\\Middleware\\TransformsRequest->handle(Object(Illuminate\\Http\\Request), Object(Closure))
#39 C:\\laragon\\www\\es_ldcu2\\vendor\\laravel\\framework\\src\\Illuminate\\Foundation\\Http\\Middleware\\ValidatePostSize.php(27): Illuminate\\Pipeline\\Pipeline->Illuminate\\Pipeline\\{closure}(Object(Illuminate\\Http\\Request))
#40 C:\\laragon\\www\\es_ldcu2\\vendor\\laravel\\framework\\src\\Illuminate\\Pipeline\\Pipeline.php(171): Illuminate\\Foundation\\Http\\Middleware\\ValidatePostSize->handle(Object(Illuminate\\Http\\Request), Object(Closure))
#41 C:\\laragon\\www\\es_ldcu2\\vendor\\laravel\\framework\\src\\Illuminate\\Foundation\\Http\\Middleware\\CheckForMaintenanceMode.php(63): Illuminate\\Pipeline\\Pipeline->Illuminate\\Pipeline\\{closure}(Object(Illuminate\\Http\\Request))
#42 C:\\laragon\\www\\es_ldcu2\\vendor\\laravel\\framework\\src\\Illuminate\\Pipeline\\Pipeline.php(171): Illuminate\\Foundation\\Http\\Middleware\\CheckForMaintenanceMode->handle(Object(Illuminate\\Http\\Request), Object(Closure))
#43 C:\\laragon\\www\\es_ldcu2\\vendor\\fideloper\\proxy\\src\\TrustProxies.php(57): Illuminate\\Pipeline\\Pipeline->Illuminate\\Pipeline\\{closure}(Object(Illuminate\\Http\\Request))
#44 C:\\laragon\\www\\es_ldcu2\\vendor\\laravel\\framework\\src\\Illuminate\\Pipeline\\Pipeline.php(171): Fideloper\\Proxy\\TrustProxies->handle(Object(Illuminate\\Http\\Request), Object(Closure))
#45 C:\\laragon\\www\\es_ldcu2\\vendor\\laravel\\framework\\src\\Illuminate\\Pipeline\\Pipeline.php(105): Illuminate\\Pipeline\\Pipeline->Illuminate\\Pipeline\\{closure}(Object(Illuminate\\Http\\Request))
#46 C:\\laragon\\www\\es_ldcu2\\vendor\\laravel\\framework\\src\\Illuminate\\Foundation\\Http\\Kernel.php(145): Illuminate\\Pipeline\\Pipeline->then(Object(Closure))
#47 C:\\laragon\\www\\es_ldcu2\\vendor\\laravel\\framework\\src\\Illuminate\\Foundation\\Http\\Kernel.php(110): Illuminate\\Foundation\\Http\\Kernel->sendRequestThroughRouter(Object(Illuminate\\Http\\Request))
#48 C:\\laragon\\www\\es_ldcu2\\public\\index.php(55): Illuminate\\Foundation\\Http\\Kernel->handle(Object(Illuminate\\Http\\Request))
#49 C:\\laragon\\www\\es_ldcu2\\server.php(21): require_once('C:\\\\laragon\\\\www\\\\...')
#50 {main}

[previous exception] [object] (ErrorException(code: 0): Undefined variable: or at C:\\laragon\\www\\es_ldcu2\\storage\\framework\\views\\207429f329b38448eec31657a688ab8c42a8fe1f.php:214)
[stacktrace]
#0 C:\\laragon\\www\\es_ldcu2\\storage\\framework\\views\\207429f329b38448eec31657a688ab8c42a8fe1f.php(214): Illuminate\\Foundation\\Bootstrap\\HandleExceptions->handleError(8, 'Undefined varia...', 'C:\\\\laragon\\\\www\\\\...', 214, Array)
#1 C:\\laragon\\www\\es_ldcu2\\vendor\\laravel\\framework\\src\\Illuminate\\View\\Engines\\PhpEngine.php(43): include('C:\\\\laragon\\\\www\\\\...')
#2 C:\\laragon\\www\\es_ldcu2\\vendor\\laravel\\framework\\src\\Illuminate\\View\\Engines\\CompilerEngine.php(59): Illuminate\\View\\Engines\\PhpEngine->evaluatePath('C:\\\\laragon\\\\www\\\\...', Array)
#3 C:\\laragon\\www\\es_ldcu2\\vendor\\facade\\ignition\\src\\Views\\Engines\\CompilerEngine.php(36): Illuminate\\View\\Engines\\CompilerEngine->get('C:\\\\laragon\\\\www\\\\...', Array)
#4 C:\\laragon\\www\\es_ldcu2\\vendor\\laravel\\framework\\src\\Illuminate\\View\\View.php(143): Facade\\Ignition\\Views\\Engines\\CompilerEngine->get('C:\\\\laragon\\\\www\\\\...', Array)
#5 C:\\laragon\\www\\es_ldcu2\\vendor\\laravel\\framework\\src\\Illuminate\\View\\View.php(126): Illuminate\\View\\View->getContents()
#6 C:\\laragon\\www\\es_ldcu2\\vendor\\laravel\\framework\\src\\Illuminate\\View\\View.php(91): Illuminate\\View\\View->renderContents()
#7 C:\\laragon\\www\\es_ldcu2\\vendor\\barryvdh\\laravel-dompdf\\src\\PDF.php(132): Illuminate\\View\\View->render()
#8 C:\\laragon\\www\\es_ldcu2\\vendor\\barryvdh\\laravel-dompdf\\src\\Facade.php(31): Barryvdh\\DomPDF\\PDF->loadView('registrar/forms...', Array)
#9 C:\\laragon\\www\\es_ldcu2\\app\\Http\\Controllers\\Migration\\RegistrarMigration.php(451): Barryvdh\\DomPDF\\Facade::__callStatic('loadview', Array)
#10 C:\\laragon\\www\\es_ldcu2\\vendor\\laravel\\framework\\src\\Illuminate\\Routing\\Controller.php(54): App\\Http\\Controllers\\Migration\\RegistrarMigration->downloadTorMasterlistBatch(Object(Illuminate\\Http\\Request))
#11 C:\\laragon\\www\\es_ldcu2\\vendor\\laravel\\framework\\src\\Illuminate\\Routing\\ControllerDispatcher.php(45): Illuminate\\Routing\\Controller->callAction('downloadTorMast...', Array)
#12 C:\\laragon\\www\\es_ldcu2\\vendor\\laravel\\framework\\src\\Illuminate\\Routing\\Route.php(219): Illuminate\\Routing\\ControllerDispatcher->dispatch(Object(Illuminate\\Routing\\Route), Object(App\\Http\\Controllers\\Migration\\RegistrarMigration), 'downloadTorMast...')
#13 C:\\laragon\\www\\es_ldcu2\\vendor\\laravel\\framework\\src\\Illuminate\\Routing\\Route.php(176): Illuminate\\Routing\\Route->runController()
#14 C:\\laragon\\www\\es_ldcu2\\vendor\\laravel\\framework\\src\\Illuminate\\Routing\\Router.php(681): Illuminate\\Routing\\Route->run()
#15 C:\\laragon\\www\\es_ldcu2\\vendor\\laravel\\framework\\src\\Illuminate\\Pipeline\\Pipeline.php(130): Illuminate\\Routing\\Router->Illuminate\\Routing\\{closure}(Object(Illuminate\\Http\\Request))
#16 C:\\laragon\\www\\es_ldcu2\\vendor\\laravel\\framework\\src\\Illuminate\\Routing\\Middleware\\SubstituteBindings.php(41): Illuminate\\Pipeline\\Pipeline->Illuminate\\Pipeline\\{closure}(Object(Illuminate\\Http\\Request))
#17 C:\\laragon\\www\\es_ldcu2\\vendor\\laravel\\framework\\src\\Illuminate\\Pipeline\\Pipeline.php(171): Illuminate\\Routing\\Middleware\\SubstituteBindings->handle(Object(Illuminate\\Http\\Request), Object(Closure))
#18 C:\\laragon\\www\\es_ldcu2\\vendor\\laravel\\framework\\src\\Illuminate\\Foundation\\Http\\Middleware\\VerifyCsrfToken.php(78): Illuminate\\Pipeline\\Pipeline->Illuminate\\Pipeline\\{closure}(Object(Illuminate\\Http\\Request))
#19 C:\\laragon\\www\\es_ldcu2\\vendor\\laravel\\framework\\src\\Illuminate\\Pipeline\\Pipeline.php(171): Illuminate\\Foundation\\Http\\Middleware\\VerifyCsrfToken->handle(Object(Illuminate\\Http\\Request), Object(Closure))
#20 C:\\laragon\\www\\es_ldcu2\\vendor\\laravel\\framework\\src\\Illuminate\\View\\Middleware\\ShareErrorsFromSession.php(49): Illuminate\\Pipeline\\Pipeline->Illuminate\\Pipeline\\{closure}(Object(Illuminate\\Http\\Request))
#21 C:\\laragon\\www\\es_ldcu2\\vendor\\laravel\\framework\\src\\Illuminate\\Pipeline\\Pipeline.php(171): Illuminate\\View\\Middleware\\ShareErrorsFromSession->handle(Object(Illuminate\\Http\\Request), Object(Closure))
#22 C:\\laragon\\www\\es_ldcu2\\vendor\\laravel\\framework\\src\\Illuminate\\Session\\Middleware\\StartSession.php(56): Illuminate\\Pipeline\\Pipeline->Illuminate\\Pipeline\\{closure}(Object(Illuminate\\Http\\Request))
#23 C:\\laragon\\www\\es_ldcu2\\vendor\\laravel\\framework\\src\\Illuminate\\Pipeline\\Pipeline.php(171): Illuminate\\Session\\Middleware\\StartSession->handle(Object(Illuminate\\Http\\Request), Object(Closure))
#24 C:\\laragon\\www\\es_ldcu2\\vendor\\laravel\\framework\\src\\Illuminate\\Cookie\\Middleware\\AddQueuedCookiesToResponse.php(37): Illuminate\\Pipeline\\Pipeline->Illuminate\\Pipeline\\{closure}(Object(Illuminate\\Http\\Request))
#25 C:\\laragon\\www\\es_ldcu2\\vendor\\laravel\\framework\\src\\Illuminate\\Pipeline\\Pipeline.php(171): Illuminate\\Cookie\\Middleware\\AddQueuedCookiesToResponse->handle(Object(Illuminate\\Http\\Request), Object(Closure))
#26 C:\\laragon\\www\\es_ldcu2\\vendor\\laravel\\framework\\src\\Illuminate\\Cookie\\Middleware\\EncryptCookies.php(67): Illuminate\\Pipeline\\Pipeline->Illuminate\\Pipeline\\{closure}(Object(Illuminate\\Http\\Request))
#27 C:\\laragon\\www\\es_ldcu2\\vendor\\laravel\\framework\\src\\Illuminate\\Pipeline\\Pipeline.php(171): Illuminate\\Cookie\\Middleware\\EncryptCookies->handle(Object(Illuminate\\Http\\Request), Object(Closure))
#28 C:\\laragon\\www\\es_ldcu2\\vendor\\laravel\\framework\\src\\Illuminate\\Pipeline\\Pipeline.php(105): Illuminate\\Pipeline\\Pipeline->Illuminate\\Pipeline\\{closure}(Object(Illuminate\\Http\\Request))
#29 C:\\laragon\\www\\es_ldcu2\\vendor\\laravel\\framework\\src\\Illuminate\\Routing\\Router.php(683): Illuminate\\Pipeline\\Pipeline->then(Object(Closure))
#30 C:\\laragon\\www\\es_ldcu2\\vendor\\laravel\\framework\\src\\Illuminate\\Routing\\Router.php(658): Illuminate\\Routing\\Router->runRouteWithinStack(Object(Illuminate\\Routing\\Route), Object(Illuminate\\Http\\Request))
#31 C:\\laragon\\www\\es_ldcu2\\vendor\\laravel\\framework\\src\\Illuminate\\Routing\\Router.php(624): Illuminate\\Routing\\Router->runRoute(Object(Illuminate\\Http\\Request), Object(Illuminate\\Routing\\Route))
#32 C:\\laragon\\www\\es_ldcu2\\vendor\\laravel\\framework\\src\\Illuminate\\Routing\\Router.php(613): Illuminate\\Routing\\Router->dispatchToRoute(Object(Illuminate\\Http\\Request))
#33 C:\\laragon\\www\\es_ldcu2\\vendor\\laravel\\framework\\src\\Illuminate\\Foundation\\Http\\Kernel.php(170): Illuminate\\Routing\\Router->dispatch(Object(Illuminate\\Http\\Request))
#34 C:\\laragon\\www\\es_ldcu2\\vendor\\laravel\\framework\\src\\Illuminate\\Pipeline\\Pipeline.php(130): Illuminate\\Foundation\\Http\\Kernel->Illuminate\\Foundation\\Http\\{closure}(Object(Illuminate\\Http\\Request))
#35 C:\\laragon\\www\\es_ldcu2\\vendor\\laravel\\framework\\src\\Illuminate\\Foundation\\Http\\Middleware\\TransformsRequest.php(21): Illuminate\\Pipeline\\Pipeline->Illuminate\\Pipeline\\{closure}(Object(Illuminate\\Http\\Request))
#36 C:\\laragon\\www\\es_ldcu2\\vendor\\laravel\\framework\\src\\Illuminate\\Pipeline\\Pipeline.php(171): Illuminate\\Foundation\\Http\\Middleware\\TransformsRequest->handle(Object(Illuminate\\Http\\Request), Object(Closure))
#37 C:\\laragon\\www\\es_ldcu2\\vendor\\laravel\\framework\\src\\Illuminate\\Foundation\\Http\\Middleware\\TransformsRequest.php(21): Illuminate\\Pipeline\\Pipeline->Illuminate\\Pipeline\\{closure}(Object(Illuminate\\Http\\Request))
#38 C:\\laragon\\www\\es_ldcu2\\vendor\\laravel\\framework\\src\\Illuminate\\Pipeline\\Pipeline.php(171): Illuminate\\Foundation\\Http\\Middleware\\TransformsRequest->handle(Object(Illuminate\\Http\\Request), Object(Closure))
#39 C:\\laragon\\www\\es_ldcu2\\vendor\\laravel\\framework\\src\\Illuminate\\Foundation\\Http\\Middleware\\ValidatePostSize.php(27): Illuminate\\Pipeline\\Pipeline->Illuminate\\Pipeline\\{closure}(Object(Illuminate\\Http\\Request))
#40 C:\\laragon\\www\\es_ldcu2\\vendor\\laravel\\framework\\src\\Illuminate\\Pipeline\\Pipeline.php(171): Illuminate\\Foundation\\Http\\Middleware\\ValidatePostSize->handle(Object(Illuminate\\Http\\Request), Object(Closure))
#41 C:\\laragon\\www\\es_ldcu2\\vendor\\laravel\\framework\\src\\Illuminate\\Foundation\\Http\\Middleware\\CheckForMaintenanceMode.php(63): Illuminate\\Pipeline\\Pipeline->Illuminate\\Pipeline\\{closure}(Object(Illuminate\\Http\\Request))
#42 C:\\laragon\\www\\es_ldcu2\\vendor\\laravel\\framework\\src\\Illuminate\\Pipeline\\Pipeline.php(171): Illuminate\\Foundation\\Http\\Middleware\\CheckForMaintenanceMode->handle(Object(Illuminate\\Http\\Request), Object(Closure))
#43 C:\\laragon\\www\\es_ldcu2\\vendor\\fideloper\\proxy\\src\\TrustProxies.php(57): Illuminate\\Pipeline\\Pipeline->Illuminate\\Pipeline\\{closure}(Object(Illuminate\\Http\\Request))
#44 C:\\laragon\\www\\es_ldcu2\\vendor\\laravel\\framework\\src\\Illuminate\\Pipeline\\Pipeline.php(171): Fideloper\\Proxy\\TrustProxies->handle(Object(Illuminate\\Http\\Request), Object(Closure))
#45 C:\\laragon\\www\\es_ldcu2\\vendor\\laravel\\framework\\src\\Illuminate\\Pipeline\\Pipeline.php(105): Illuminate\\Pipeline\\Pipeline->Illuminate\\Pipeline\\{closure}(Object(Illuminate\\Http\\Request))
#46 C:\\laragon\\www\\es_ldcu2\\vendor\\laravel\\framework\\src\\Illuminate\\Foundation\\Http\\Kernel.php(145): Illuminate\\Pipeline\\Pipeline->then(Object(Closure))
#47 C:\\laragon\\www\\es_ldcu2\\vendor\\laravel\\framework\\src\\Illuminate\\Foundation\\Http\\Kernel.php(110): Illuminate\\Foundation\\Http\\Kernel->sendRequestThroughRouter(Object(Illuminate\\Http\\Request))
#48 C:\\laragon\\www\\es_ldcu2\\public\\index.php(55): Illuminate\\Foundation\\Http\\Kernel->handle(Object(Illuminate\\Http\\Request))
#49 C:\\laragon\\www\\es_ldcu2\\server.php(21): require_once('C:\\\\laragon\\\\www\\\\...')
#50 {main}
"} 
[2025-07-11 09:53:53] local.ERROR: Maximum execution time of 60 seconds exceeded {"userId":1,"exception":"[object] (Symfony\\Component\\Debug\\Exception\\FatalErrorException(code: 1): Maximum execution time of 60 seconds exceeded at C:\\laragon\\www\\es_ldcu2\\vendor\\laravel\\framework\\src\\Illuminate\\Database\\Connection.php:337)
[stacktrace]
#0 {main}
"} 
[2025-07-11 01:55:30] local.ERROR: SQLSTATE[42S22]: Column not found: 1054 Unknown column 'enrolledstud.courseid' in 'field list' (SQL: select `studinfo`.`id` as `studentid`, `studinfo`.`lastname`, `studinfo`.`firstname`, `studinfo`.`middlename`, `studinfo`.`suffix`, `enrolledstud`.`levelid`, `enrolledstud`.`courseid`, `enrolledstud`.`yearid` from `studinfo` inner join `enrolledstud` on `studinfo`.`id` = `enrolledstud`.`studid` where `enrolledstud`.`sectionid` = 1 and `enrolledstud`.`syid` = 2 and `enrolledstud`.`studstatus` != 0 and `enrolledstud`.`studstatus` <= 5 and `enrolledstud`.`deleted` = 0 and `studinfo`.`deleted` = 0 order by `enrolledstud`.`yearid` asc, `enrolledstud`.`courseid` asc, `studinfo`.`lastname` asc) {"userId":1,"exception":"[object] (Illuminate\\Database\\QueryException(code: 42S22): SQLSTATE[42S22]: Column not found: 1054 Unknown column 'enrolledstud.courseid' in 'field list' (SQL: select `studinfo`.`id` as `studentid`, `studinfo`.`lastname`, `studinfo`.`firstname`, `studinfo`.`middlename`, `studinfo`.`suffix`, `enrolledstud`.`levelid`, `enrolledstud`.`courseid`, `enrolledstud`.`yearid` from `studinfo` inner join `enrolledstud` on `studinfo`.`id` = `enrolledstud`.`studid` where `enrolledstud`.`sectionid` = 1 and `enrolledstud`.`syid` = 2 and `enrolledstud`.`studstatus` != 0 and `enrolledstud`.`studstatus` <= 5 and `enrolledstud`.`deleted` = 0 and `studinfo`.`deleted` = 0 order by `enrolledstud`.`yearid` asc, `enrolledstud`.`courseid` asc, `studinfo`.`lastname` asc) at C:\\laragon\\www\\es_ldcu2\\vendor\\laravel\\framework\\src\\Illuminate\\Database\\Connection.php:669)
[stacktrace]
#0 C:\\laragon\\www\\es_ldcu2\\vendor\\laravel\\framework\\src\\Illuminate\\Database\\Connection.php(629): Illuminate\\Database\\Connection->runQueryCallback('select `studinf...', Array, Object(Closure))
#1 C:\\laragon\\www\\es_ldcu2\\vendor\\laravel\\framework\\src\\Illuminate\\Database\\Connection.php(338): Illuminate\\Database\\Connection->run('select `studinf...', Array, Object(Closure))
#2 C:\\laragon\\www\\es_ldcu2\\vendor\\laravel\\framework\\src\\Illuminate\\Database\\Query\\Builder.php(2159): Illuminate\\Database\\Connection->select('select `studinf...', Array, true)
#3 C:\\laragon\\www\\es_ldcu2\\vendor\\laravel\\framework\\src\\Illuminate\\Database\\Query\\Builder.php(2147): Illuminate\\Database\\Query\\Builder->runSelect()
#4 C:\\laragon\\www\\es_ldcu2\\vendor\\laravel\\framework\\src\\Illuminate\\Database\\Query\\Builder.php(2619): Illuminate\\Database\\Query\\Builder->Illuminate\\Database\\Query\\{closure}()
#5 C:\\laragon\\www\\es_ldcu2\\vendor\\laravel\\framework\\src\\Illuminate\\Database\\Query\\Builder.php(2148): Illuminate\\Database\\Query\\Builder->onceWithColumns(Array, Object(Closure))
#6 C:\\laragon\\www\\es_ldcu2\\app\\Http\\Controllers\\Migration\\RegistrarMigration.php(342): Illuminate\\Database\\Query\\Builder->get()
#7 C:\\laragon\\www\\es_ldcu2\\vendor\\laravel\\framework\\src\\Illuminate\\Routing\\Controller.php(54): App\\Http\\Controllers\\Migration\\RegistrarMigration->downloadTorMasterlistBatch(Object(Illuminate\\Http\\Request))
#8 C:\\laragon\\www\\es_ldcu2\\vendor\\laravel\\framework\\src\\Illuminate\\Routing\\ControllerDispatcher.php(45): Illuminate\\Routing\\Controller->callAction('downloadTorMast...', Array)
#9 C:\\laragon\\www\\es_ldcu2\\vendor\\laravel\\framework\\src\\Illuminate\\Routing\\Route.php(219): Illuminate\\Routing\\ControllerDispatcher->dispatch(Object(Illuminate\\Routing\\Route), Object(App\\Http\\Controllers\\Migration\\RegistrarMigration), 'downloadTorMast...')
#10 C:\\laragon\\www\\es_ldcu2\\vendor\\laravel\\framework\\src\\Illuminate\\Routing\\Route.php(176): Illuminate\\Routing\\Route->runController()
#11 C:\\laragon\\www\\es_ldcu2\\vendor\\laravel\\framework\\src\\Illuminate\\Routing\\Router.php(681): Illuminate\\Routing\\Route->run()
#12 C:\\laragon\\www\\es_ldcu2\\vendor\\laravel\\framework\\src\\Illuminate\\Pipeline\\Pipeline.php(130): Illuminate\\Routing\\Router->Illuminate\\Routing\\{closure}(Object(Illuminate\\Http\\Request))
#13 C:\\laragon\\www\\es_ldcu2\\vendor\\laravel\\framework\\src\\Illuminate\\Routing\\Middleware\\SubstituteBindings.php(41): Illuminate\\Pipeline\\Pipeline->Illuminate\\Pipeline\\{closure}(Object(Illuminate\\Http\\Request))
#14 C:\\laragon\\www\\es_ldcu2\\vendor\\laravel\\framework\\src\\Illuminate\\Pipeline\\Pipeline.php(171): Illuminate\\Routing\\Middleware\\SubstituteBindings->handle(Object(Illuminate\\Http\\Request), Object(Closure))
#15 C:\\laragon\\www\\es_ldcu2\\vendor\\laravel\\framework\\src\\Illuminate\\Foundation\\Http\\Middleware\\VerifyCsrfToken.php(78): Illuminate\\Pipeline\\Pipeline->Illuminate\\Pipeline\\{closure}(Object(Illuminate\\Http\\Request))
#16 C:\\laragon\\www\\es_ldcu2\\vendor\\laravel\\framework\\src\\Illuminate\\Pipeline\\Pipeline.php(171): Illuminate\\Foundation\\Http\\Middleware\\VerifyCsrfToken->handle(Object(Illuminate\\Http\\Request), Object(Closure))
#17 C:\\laragon\\www\\es_ldcu2\\vendor\\laravel\\framework\\src\\Illuminate\\View\\Middleware\\ShareErrorsFromSession.php(49): Illuminate\\Pipeline\\Pipeline->Illuminate\\Pipeline\\{closure}(Object(Illuminate\\Http\\Request))
#18 C:\\laragon\\www\\es_ldcu2\\vendor\\laravel\\framework\\src\\Illuminate\\Pipeline\\Pipeline.php(171): Illuminate\\View\\Middleware\\ShareErrorsFromSession->handle(Object(Illuminate\\Http\\Request), Object(Closure))
#19 C:\\laragon\\www\\es_ldcu2\\vendor\\laravel\\framework\\src\\Illuminate\\Session\\Middleware\\StartSession.php(56): Illuminate\\Pipeline\\Pipeline->Illuminate\\Pipeline\\{closure}(Object(Illuminate\\Http\\Request))
#20 C:\\laragon\\www\\es_ldcu2\\vendor\\laravel\\framework\\src\\Illuminate\\Pipeline\\Pipeline.php(171): Illuminate\\Session\\Middleware\\StartSession->handle(Object(Illuminate\\Http\\Request), Object(Closure))
#21 C:\\laragon\\www\\es_ldcu2\\vendor\\laravel\\framework\\src\\Illuminate\\Cookie\\Middleware\\AddQueuedCookiesToResponse.php(37): Illuminate\\Pipeline\\Pipeline->Illuminate\\Pipeline\\{closure}(Object(Illuminate\\Http\\Request))
#22 C:\\laragon\\www\\es_ldcu2\\vendor\\laravel\\framework\\src\\Illuminate\\Pipeline\\Pipeline.php(171): Illuminate\\Cookie\\Middleware\\AddQueuedCookiesToResponse->handle(Object(Illuminate\\Http\\Request), Object(Closure))
#23 C:\\laragon\\www\\es_ldcu2\\vendor\\laravel\\framework\\src\\Illuminate\\Cookie\\Middleware\\EncryptCookies.php(67): Illuminate\\Pipeline\\Pipeline->Illuminate\\Pipeline\\{closure}(Object(Illuminate\\Http\\Request))
#24 C:\\laragon\\www\\es_ldcu2\\vendor\\laravel\\framework\\src\\Illuminate\\Pipeline\\Pipeline.php(171): Illuminate\\Cookie\\Middleware\\EncryptCookies->handle(Object(Illuminate\\Http\\Request), Object(Closure))
#25 C:\\laragon\\www\\es_ldcu2\\vendor\\laravel\\framework\\src\\Illuminate\\Pipeline\\Pipeline.php(105): Illuminate\\Pipeline\\Pipeline->Illuminate\\Pipeline\\{closure}(Object(Illuminate\\Http\\Request))
#26 C:\\laragon\\www\\es_ldcu2\\vendor\\laravel\\framework\\src\\Illuminate\\Routing\\Router.php(683): Illuminate\\Pipeline\\Pipeline->then(Object(Closure))
#27 C:\\laragon\\www\\es_ldcu2\\vendor\\laravel\\framework\\src\\Illuminate\\Routing\\Router.php(658): Illuminate\\Routing\\Router->runRouteWithinStack(Object(Illuminate\\Routing\\Route), Object(Illuminate\\Http\\Request))
#28 C:\\laragon\\www\\es_ldcu2\\vendor\\laravel\\framework\\src\\Illuminate\\Routing\\Router.php(624): Illuminate\\Routing\\Router->runRoute(Object(Illuminate\\Http\\Request), Object(Illuminate\\Routing\\Route))
#29 C:\\laragon\\www\\es_ldcu2\\vendor\\laravel\\framework\\src\\Illuminate\\Routing\\Router.php(613): Illuminate\\Routing\\Router->dispatchToRoute(Object(Illuminate\\Http\\Request))
#30 C:\\laragon\\www\\es_ldcu2\\vendor\\laravel\\framework\\src\\Illuminate\\Foundation\\Http\\Kernel.php(170): Illuminate\\Routing\\Router->dispatch(Object(Illuminate\\Http\\Request))
#31 C:\\laragon\\www\\es_ldcu2\\vendor\\laravel\\framework\\src\\Illuminate\\Pipeline\\Pipeline.php(130): Illuminate\\Foundation\\Http\\Kernel->Illuminate\\Foundation\\Http\\{closure}(Object(Illuminate\\Http\\Request))
#32 C:\\laragon\\www\\es_ldcu2\\vendor\\laravel\\framework\\src\\Illuminate\\Foundation\\Http\\Middleware\\TransformsRequest.php(21): Illuminate\\Pipeline\\Pipeline->Illuminate\\Pipeline\\{closure}(Object(Illuminate\\Http\\Request))
#33 C:\\laragon\\www\\es_ldcu2\\vendor\\laravel\\framework\\src\\Illuminate\\Pipeline\\Pipeline.php(171): Illuminate\\Foundation\\Http\\Middleware\\TransformsRequest->handle(Object(Illuminate\\Http\\Request), Object(Closure))
#34 C:\\laragon\\www\\es_ldcu2\\vendor\\laravel\\framework\\src\\Illuminate\\Foundation\\Http\\Middleware\\TransformsRequest.php(21): Illuminate\\Pipeline\\Pipeline->Illuminate\\Pipeline\\{closure}(Object(Illuminate\\Http\\Request))
#35 C:\\laragon\\www\\es_ldcu2\\vendor\\laravel\\framework\\src\\Illuminate\\Pipeline\\Pipeline.php(171): Illuminate\\Foundation\\Http\\Middleware\\TransformsRequest->handle(Object(Illuminate\\Http\\Request), Object(Closure))
#36 C:\\laragon\\www\\es_ldcu2\\vendor\\laravel\\framework\\src\\Illuminate\\Foundation\\Http\\Middleware\\ValidatePostSize.php(27): Illuminate\\Pipeline\\Pipeline->Illuminate\\Pipeline\\{closure}(Object(Illuminate\\Http\\Request))
#37 C:\\laragon\\www\\es_ldcu2\\vendor\\laravel\\framework\\src\\Illuminate\\Pipeline\\Pipeline.php(171): Illuminate\\Foundation\\Http\\Middleware\\ValidatePostSize->handle(Object(Illuminate\\Http\\Request), Object(Closure))
#38 C:\\laragon\\www\\es_ldcu2\\vendor\\laravel\\framework\\src\\Illuminate\\Foundation\\Http\\Middleware\\CheckForMaintenanceMode.php(63): Illuminate\\Pipeline\\Pipeline->Illuminate\\Pipeline\\{closure}(Object(Illuminate\\Http\\Request))
#39 C:\\laragon\\www\\es_ldcu2\\vendor\\laravel\\framework\\src\\Illuminate\\Pipeline\\Pipeline.php(171): Illuminate\\Foundation\\Http\\Middleware\\CheckForMaintenanceMode->handle(Object(Illuminate\\Http\\Request), Object(Closure))
#40 C:\\laragon\\www\\es_ldcu2\\vendor\\fideloper\\proxy\\src\\TrustProxies.php(57): Illuminate\\Pipeline\\Pipeline->Illuminate\\Pipeline\\{closure}(Object(Illuminate\\Http\\Request))
#41 C:\\laragon\\www\\es_ldcu2\\vendor\\laravel\\framework\\src\\Illuminate\\Pipeline\\Pipeline.php(171): Fideloper\\Proxy\\TrustProxies->handle(Object(Illuminate\\Http\\Request), Object(Closure))
#42 C:\\laragon\\www\\es_ldcu2\\vendor\\laravel\\framework\\src\\Illuminate\\Pipeline\\Pipeline.php(105): Illuminate\\Pipeline\\Pipeline->Illuminate\\Pipeline\\{closure}(Object(Illuminate\\Http\\Request))
#43 C:\\laragon\\www\\es_ldcu2\\vendor\\laravel\\framework\\src\\Illuminate\\Foundation\\Http\\Kernel.php(145): Illuminate\\Pipeline\\Pipeline->then(Object(Closure))
#44 C:\\laragon\\www\\es_ldcu2\\vendor\\laravel\\framework\\src\\Illuminate\\Foundation\\Http\\Kernel.php(110): Illuminate\\Foundation\\Http\\Kernel->sendRequestThroughRouter(Object(Illuminate\\Http\\Request))
#45 C:\\laragon\\www\\es_ldcu2\\public\\index.php(55): Illuminate\\Foundation\\Http\\Kernel->handle(Object(Illuminate\\Http\\Request))
#46 C:\\laragon\\www\\es_ldcu2\\server.php(21): require_once('C:\\\\laragon\\\\www\\\\...')
#47 {main}

[previous exception] [object] (PDOException(code: 42S22): SQLSTATE[42S22]: Column not found: 1054 Unknown column 'enrolledstud.courseid' in 'field list' at C:\\laragon\\www\\es_ldcu2\\vendor\\laravel\\framework\\src\\Illuminate\\Database\\Connection.php:331)
[stacktrace]
#0 C:\\laragon\\www\\es_ldcu2\\vendor\\laravel\\framework\\src\\Illuminate\\Database\\Connection.php(331): PDO->prepare('select `studinf...')
#1 C:\\laragon\\www\\es_ldcu2\\vendor\\laravel\\framework\\src\\Illuminate\\Database\\Connection.php(662): Illuminate\\Database\\Connection->Illuminate\\Database\\{closure}('select `studinf...', Array)
#2 C:\\laragon\\www\\es_ldcu2\\vendor\\laravel\\framework\\src\\Illuminate\\Database\\Connection.php(629): Illuminate\\Database\\Connection->runQueryCallback('select `studinf...', Array, Object(Closure))
#3 C:\\laragon\\www\\es_ldcu2\\vendor\\laravel\\framework\\src\\Illuminate\\Database\\Connection.php(338): Illuminate\\Database\\Connection->run('select `studinf...', Array, Object(Closure))
#4 C:\\laragon\\www\\es_ldcu2\\vendor\\laravel\\framework\\src\\Illuminate\\Database\\Query\\Builder.php(2159): Illuminate\\Database\\Connection->select('select `studinf...', Array, true)
#5 C:\\laragon\\www\\es_ldcu2\\vendor\\laravel\\framework\\src\\Illuminate\\Database\\Query\\Builder.php(2147): Illuminate\\Database\\Query\\Builder->runSelect()
#6 C:\\laragon\\www\\es_ldcu2\\vendor\\laravel\\framework\\src\\Illuminate\\Database\\Query\\Builder.php(2619): Illuminate\\Database\\Query\\Builder->Illuminate\\Database\\Query\\{closure}()
#7 C:\\laragon\\www\\es_ldcu2\\vendor\\laravel\\framework\\src\\Illuminate\\Database\\Query\\Builder.php(2148): Illuminate\\Database\\Query\\Builder->onceWithColumns(Array, Object(Closure))
#8 C:\\laragon\\www\\es_ldcu2\\app\\Http\\Controllers\\Migration\\RegistrarMigration.php(342): Illuminate\\Database\\Query\\Builder->get()
#9 C:\\laragon\\www\\es_ldcu2\\vendor\\laravel\\framework\\src\\Illuminate\\Routing\\Controller.php(54): App\\Http\\Controllers\\Migration\\RegistrarMigration->downloadTorMasterlistBatch(Object(Illuminate\\Http\\Request))
#10 C:\\laragon\\www\\es_ldcu2\\vendor\\laravel\\framework\\src\\Illuminate\\Routing\\ControllerDispatcher.php(45): Illuminate\\Routing\\Controller->callAction('downloadTorMast...', Array)
#11 C:\\laragon\\www\\es_ldcu2\\vendor\\laravel\\framework\\src\\Illuminate\\Routing\\Route.php(219): Illuminate\\Routing\\ControllerDispatcher->dispatch(Object(Illuminate\\Routing\\Route), Object(App\\Http\\Controllers\\Migration\\RegistrarMigration), 'downloadTorMast...')
#12 C:\\laragon\\www\\es_ldcu2\\vendor\\laravel\\framework\\src\\Illuminate\\Routing\\Route.php(176): Illuminate\\Routing\\Route->runController()
#13 C:\\laragon\\www\\es_ldcu2\\vendor\\laravel\\framework\\src\\Illuminate\\Routing\\Router.php(681): Illuminate\\Routing\\Route->run()
#14 C:\\laragon\\www\\es_ldcu2\\vendor\\laravel\\framework\\src\\Illuminate\\Pipeline\\Pipeline.php(130): Illuminate\\Routing\\Router->Illuminate\\Routing\\{closure}(Object(Illuminate\\Http\\Request))
#15 C:\\laragon\\www\\es_ldcu2\\vendor\\laravel\\framework\\src\\Illuminate\\Routing\\Middleware\\SubstituteBindings.php(41): Illuminate\\Pipeline\\Pipeline->Illuminate\\Pipeline\\{closure}(Object(Illuminate\\Http\\Request))
#16 C:\\laragon\\www\\es_ldcu2\\vendor\\laravel\\framework\\src\\Illuminate\\Pipeline\\Pipeline.php(171): Illuminate\\Routing\\Middleware\\SubstituteBindings->handle(Object(Illuminate\\Http\\Request), Object(Closure))
#17 C:\\laragon\\www\\es_ldcu2\\vendor\\laravel\\framework\\src\\Illuminate\\Foundation\\Http\\Middleware\\VerifyCsrfToken.php(78): Illuminate\\Pipeline\\Pipeline->Illuminate\\Pipeline\\{closure}(Object(Illuminate\\Http\\Request))
#18 C:\\laragon\\www\\es_ldcu2\\vendor\\laravel\\framework\\src\\Illuminate\\Pipeline\\Pipeline.php(171): Illuminate\\Foundation\\Http\\Middleware\\VerifyCsrfToken->handle(Object(Illuminate\\Http\\Request), Object(Closure))
#19 C:\\laragon\\www\\es_ldcu2\\vendor\\laravel\\framework\\src\\Illuminate\\View\\Middleware\\ShareErrorsFromSession.php(49): Illuminate\\Pipeline\\Pipeline->Illuminate\\Pipeline\\{closure}(Object(Illuminate\\Http\\Request))
#20 C:\\laragon\\www\\es_ldcu2\\vendor\\laravel\\framework\\src\\Illuminate\\Pipeline\\Pipeline.php(171): Illuminate\\View\\Middleware\\ShareErrorsFromSession->handle(Object(Illuminate\\Http\\Request), Object(Closure))
#21 C:\\laragon\\www\\es_ldcu2\\vendor\\laravel\\framework\\src\\Illuminate\\Session\\Middleware\\StartSession.php(56): Illuminate\\Pipeline\\Pipeline->Illuminate\\Pipeline\\{closure}(Object(Illuminate\\Http\\Request))
#22 C:\\laragon\\www\\es_ldcu2\\vendor\\laravel\\framework\\src\\Illuminate\\Pipeline\\Pipeline.php(171): Illuminate\\Session\\Middleware\\StartSession->handle(Object(Illuminate\\Http\\Request), Object(Closure))
#23 C:\\laragon\\www\\es_ldcu2\\vendor\\laravel\\framework\\src\\Illuminate\\Cookie\\Middleware\\AddQueuedCookiesToResponse.php(37): Illuminate\\Pipeline\\Pipeline->Illuminate\\Pipeline\\{closure}(Object(Illuminate\\Http\\Request))
#24 C:\\laragon\\www\\es_ldcu2\\vendor\\laravel\\framework\\src\\Illuminate\\Pipeline\\Pipeline.php(171): Illuminate\\Cookie\\Middleware\\AddQueuedCookiesToResponse->handle(Object(Illuminate\\Http\\Request), Object(Closure))
#25 C:\\laragon\\www\\es_ldcu2\\vendor\\laravel\\framework\\src\\Illuminate\\Cookie\\Middleware\\EncryptCookies.php(67): Illuminate\\Pipeline\\Pipeline->Illuminate\\Pipeline\\{closure}(Object(Illuminate\\Http\\Request))
#26 C:\\laragon\\www\\es_ldcu2\\vendor\\laravel\\framework\\src\\Illuminate\\Pipeline\\Pipeline.php(171): Illuminate\\Cookie\\Middleware\\EncryptCookies->handle(Object(Illuminate\\Http\\Request), Object(Closure))
#27 C:\\laragon\\www\\es_ldcu2\\vendor\\laravel\\framework\\src\\Illuminate\\Pipeline\\Pipeline.php(105): Illuminate\\Pipeline\\Pipeline->Illuminate\\Pipeline\\{closure}(Object(Illuminate\\Http\\Request))
#28 C:\\laragon\\www\\es_ldcu2\\vendor\\laravel\\framework\\src\\Illuminate\\Routing\\Router.php(683): Illuminate\\Pipeline\\Pipeline->then(Object(Closure))
#29 C:\\laragon\\www\\es_ldcu2\\vendor\\laravel\\framework\\src\\Illuminate\\Routing\\Router.php(658): Illuminate\\Routing\\Router->runRouteWithinStack(Object(Illuminate\\Routing\\Route), Object(Illuminate\\Http\\Request))
#30 C:\\laragon\\www\\es_ldcu2\\vendor\\laravel\\framework\\src\\Illuminate\\Routing\\Router.php(624): Illuminate\\Routing\\Router->runRoute(Object(Illuminate\\Http\\Request), Object(Illuminate\\Routing\\Route))
#31 C:\\laragon\\www\\es_ldcu2\\vendor\\laravel\\framework\\src\\Illuminate\\Routing\\Router.php(613): Illuminate\\Routing\\Router->dispatchToRoute(Object(Illuminate\\Http\\Request))
#32 C:\\laragon\\www\\es_ldcu2\\vendor\\laravel\\framework\\src\\Illuminate\\Foundation\\Http\\Kernel.php(170): Illuminate\\Routing\\Router->dispatch(Object(Illuminate\\Http\\Request))
#33 C:\\laragon\\www\\es_ldcu2\\vendor\\laravel\\framework\\src\\Illuminate\\Pipeline\\Pipeline.php(130): Illuminate\\Foundation\\Http\\Kernel->Illuminate\\Foundation\\Http\\{closure}(Object(Illuminate\\Http\\Request))
#34 C:\\laragon\\www\\es_ldcu2\\vendor\\laravel\\framework\\src\\Illuminate\\Foundation\\Http\\Middleware\\TransformsRequest.php(21): Illuminate\\Pipeline\\Pipeline->Illuminate\\Pipeline\\{closure}(Object(Illuminate\\Http\\Request))
#35 C:\\laragon\\www\\es_ldcu2\\vendor\\laravel\\framework\\src\\Illuminate\\Pipeline\\Pipeline.php(171): Illuminate\\Foundation\\Http\\Middleware\\TransformsRequest->handle(Object(Illuminate\\Http\\Request), Object(Closure))
#36 C:\\laragon\\www\\es_ldcu2\\vendor\\laravel\\framework\\src\\Illuminate\\Foundation\\Http\\Middleware\\TransformsRequest.php(21): Illuminate\\Pipeline\\Pipeline->Illuminate\\Pipeline\\{closure}(Object(Illuminate\\Http\\Request))
#37 C:\\laragon\\www\\es_ldcu2\\vendor\\laravel\\framework\\src\\Illuminate\\Pipeline\\Pipeline.php(171): Illuminate\\Foundation\\Http\\Middleware\\TransformsRequest->handle(Object(Illuminate\\Http\\Request), Object(Closure))
#38 C:\\laragon\\www\\es_ldcu2\\vendor\\laravel\\framework\\src\\Illuminate\\Foundation\\Http\\Middleware\\ValidatePostSize.php(27): Illuminate\\Pipeline\\Pipeline->Illuminate\\Pipeline\\{closure}(Object(Illuminate\\Http\\Request))
#39 C:\\laragon\\www\\es_ldcu2\\vendor\\laravel\\framework\\src\\Illuminate\\Pipeline\\Pipeline.php(171): Illuminate\\Foundation\\Http\\Middleware\\ValidatePostSize->handle(Object(Illuminate\\Http\\Request), Object(Closure))
#40 C:\\laragon\\www\\es_ldcu2\\vendor\\laravel\\framework\\src\\Illuminate\\Foundation\\Http\\Middleware\\CheckForMaintenanceMode.php(63): Illuminate\\Pipeline\\Pipeline->Illuminate\\Pipeline\\{closure}(Object(Illuminate\\Http\\Request))
#41 C:\\laragon\\www\\es_ldcu2\\vendor\\laravel\\framework\\src\\Illuminate\\Pipeline\\Pipeline.php(171): Illuminate\\Foundation\\Http\\Middleware\\CheckForMaintenanceMode->handle(Object(Illuminate\\Http\\Request), Object(Closure))
#42 C:\\laragon\\www\\es_ldcu2\\vendor\\fideloper\\proxy\\src\\TrustProxies.php(57): Illuminate\\Pipeline\\Pipeline->Illuminate\\Pipeline\\{closure}(Object(Illuminate\\Http\\Request))
#43 C:\\laragon\\www\\es_ldcu2\\vendor\\laravel\\framework\\src\\Illuminate\\Pipeline\\Pipeline.php(171): Fideloper\\Proxy\\TrustProxies->handle(Object(Illuminate\\Http\\Request), Object(Closure))
#44 C:\\laragon\\www\\es_ldcu2\\vendor\\laravel\\framework\\src\\Illuminate\\Pipeline\\Pipeline.php(105): Illuminate\\Pipeline\\Pipeline->Illuminate\\Pipeline\\{closure}(Object(Illuminate\\Http\\Request))
#45 C:\\laragon\\www\\es_ldcu2\\vendor\\laravel\\framework\\src\\Illuminate\\Foundation\\Http\\Kernel.php(145): Illuminate\\Pipeline\\Pipeline->then(Object(Closure))
#46 C:\\laragon\\www\\es_ldcu2\\vendor\\laravel\\framework\\src\\Illuminate\\Foundation\\Http\\Kernel.php(110): Illuminate\\Foundation\\Http\\Kernel->sendRequestThroughRouter(Object(Illuminate\\Http\\Request))
#47 C:\\laragon\\www\\es_ldcu2\\public\\index.php(55): Illuminate\\Foundation\\Http\\Kernel->handle(Object(Illuminate\\Http\\Request))
#48 C:\\laragon\\www\\es_ldcu2\\server.php(21): require_once('C:\\\\laragon\\\\www\\\\...')
#49 {main}
"} 
[2025-07-11 01:56:45] local.ERROR: SQLSTATE[42S22]: Column not found: 1054 Unknown column 'enrolledstud.courseid' in 'field list' (SQL: select `studinfo`.`id` as `studentid`, `studinfo`.`lastname`, `studinfo`.`firstname`, `studinfo`.`middlename`, `studinfo`.`suffix`, `enrolledstud`.`levelid`, `enrolledstud`.`courseid`, `enrolledstud`.`yearid` from `studinfo` inner join `enrolledstud` on `studinfo`.`id` = `enrolledstud`.`studid` where `enrolledstud`.`sectionid` = 1 and `enrolledstud`.`syid` = 2 and `enrolledstud`.`studstatus` != 0 and `enrolledstud`.`studstatus` <= 5 and `enrolledstud`.`deleted` = 0 and `studinfo`.`deleted` = 0 order by `enrolledstud`.`yearid` asc, `enrolledstud`.`courseid` asc, `studinfo`.`lastname` asc) {"userId":1,"exception":"[object] (Illuminate\\Database\\QueryException(code: 42S22): SQLSTATE[42S22]: Column not found: 1054 Unknown column 'enrolledstud.courseid' in 'field list' (SQL: select `studinfo`.`id` as `studentid`, `studinfo`.`lastname`, `studinfo`.`firstname`, `studinfo`.`middlename`, `studinfo`.`suffix`, `enrolledstud`.`levelid`, `enrolledstud`.`courseid`, `enrolledstud`.`yearid` from `studinfo` inner join `enrolledstud` on `studinfo`.`id` = `enrolledstud`.`studid` where `enrolledstud`.`sectionid` = 1 and `enrolledstud`.`syid` = 2 and `enrolledstud`.`studstatus` != 0 and `enrolledstud`.`studstatus` <= 5 and `enrolledstud`.`deleted` = 0 and `studinfo`.`deleted` = 0 order by `enrolledstud`.`yearid` asc, `enrolledstud`.`courseid` asc, `studinfo`.`lastname` asc) at C:\\laragon\\www\\es_ldcu2\\vendor\\laravel\\framework\\src\\Illuminate\\Database\\Connection.php:669)
[stacktrace]
#0 C:\\laragon\\www\\es_ldcu2\\vendor\\laravel\\framework\\src\\Illuminate\\Database\\Connection.php(629): Illuminate\\Database\\Connection->runQueryCallback('select `studinf...', Array, Object(Closure))
#1 C:\\laragon\\www\\es_ldcu2\\vendor\\laravel\\framework\\src\\Illuminate\\Database\\Connection.php(338): Illuminate\\Database\\Connection->run('select `studinf...', Array, Object(Closure))
#2 C:\\laragon\\www\\es_ldcu2\\vendor\\laravel\\framework\\src\\Illuminate\\Database\\Query\\Builder.php(2159): Illuminate\\Database\\Connection->select('select `studinf...', Array, true)
#3 C:\\laragon\\www\\es_ldcu2\\vendor\\laravel\\framework\\src\\Illuminate\\Database\\Query\\Builder.php(2147): Illuminate\\Database\\Query\\Builder->runSelect()
#4 C:\\laragon\\www\\es_ldcu2\\vendor\\laravel\\framework\\src\\Illuminate\\Database\\Query\\Builder.php(2619): Illuminate\\Database\\Query\\Builder->Illuminate\\Database\\Query\\{closure}()
#5 C:\\laragon\\www\\es_ldcu2\\vendor\\laravel\\framework\\src\\Illuminate\\Database\\Query\\Builder.php(2148): Illuminate\\Database\\Query\\Builder->onceWithColumns(Array, Object(Closure))
#6 C:\\laragon\\www\\es_ldcu2\\app\\Http\\Controllers\\Migration\\RegistrarMigration.php(342): Illuminate\\Database\\Query\\Builder->get()
#7 C:\\laragon\\www\\es_ldcu2\\vendor\\laravel\\framework\\src\\Illuminate\\Routing\\Controller.php(54): App\\Http\\Controllers\\Migration\\RegistrarMigration->downloadTorMasterlistBatch(Object(Illuminate\\Http\\Request))
#8 C:\\laragon\\www\\es_ldcu2\\vendor\\laravel\\framework\\src\\Illuminate\\Routing\\ControllerDispatcher.php(45): Illuminate\\Routing\\Controller->callAction('downloadTorMast...', Array)
#9 C:\\laragon\\www\\es_ldcu2\\vendor\\laravel\\framework\\src\\Illuminate\\Routing\\Route.php(219): Illuminate\\Routing\\ControllerDispatcher->dispatch(Object(Illuminate\\Routing\\Route), Object(App\\Http\\Controllers\\Migration\\RegistrarMigration), 'downloadTorMast...')
#10 C:\\laragon\\www\\es_ldcu2\\vendor\\laravel\\framework\\src\\Illuminate\\Routing\\Route.php(176): Illuminate\\Routing\\Route->runController()
#11 C:\\laragon\\www\\es_ldcu2\\vendor\\laravel\\framework\\src\\Illuminate\\Routing\\Router.php(681): Illuminate\\Routing\\Route->run()
#12 C:\\laragon\\www\\es_ldcu2\\vendor\\laravel\\framework\\src\\Illuminate\\Pipeline\\Pipeline.php(130): Illuminate\\Routing\\Router->Illuminate\\Routing\\{closure}(Object(Illuminate\\Http\\Request))
#13 C:\\laragon\\www\\es_ldcu2\\vendor\\laravel\\framework\\src\\Illuminate\\Routing\\Middleware\\SubstituteBindings.php(41): Illuminate\\Pipeline\\Pipeline->Illuminate\\Pipeline\\{closure}(Object(Illuminate\\Http\\Request))
#14 C:\\laragon\\www\\es_ldcu2\\vendor\\laravel\\framework\\src\\Illuminate\\Pipeline\\Pipeline.php(171): Illuminate\\Routing\\Middleware\\SubstituteBindings->handle(Object(Illuminate\\Http\\Request), Object(Closure))
#15 C:\\laragon\\www\\es_ldcu2\\vendor\\laravel\\framework\\src\\Illuminate\\Foundation\\Http\\Middleware\\VerifyCsrfToken.php(78): Illuminate\\Pipeline\\Pipeline->Illuminate\\Pipeline\\{closure}(Object(Illuminate\\Http\\Request))
#16 C:\\laragon\\www\\es_ldcu2\\vendor\\laravel\\framework\\src\\Illuminate\\Pipeline\\Pipeline.php(171): Illuminate\\Foundation\\Http\\Middleware\\VerifyCsrfToken->handle(Object(Illuminate\\Http\\Request), Object(Closure))
#17 C:\\laragon\\www\\es_ldcu2\\vendor\\laravel\\framework\\src\\Illuminate\\View\\Middleware\\ShareErrorsFromSession.php(49): Illuminate\\Pipeline\\Pipeline->Illuminate\\Pipeline\\{closure}(Object(Illuminate\\Http\\Request))
#18 C:\\laragon\\www\\es_ldcu2\\vendor\\laravel\\framework\\src\\Illuminate\\Pipeline\\Pipeline.php(171): Illuminate\\View\\Middleware\\ShareErrorsFromSession->handle(Object(Illuminate\\Http\\Request), Object(Closure))
#19 C:\\laragon\\www\\es_ldcu2\\vendor\\laravel\\framework\\src\\Illuminate\\Session\\Middleware\\StartSession.php(56): Illuminate\\Pipeline\\Pipeline->Illuminate\\Pipeline\\{closure}(Object(Illuminate\\Http\\Request))
#20 C:\\laragon\\www\\es_ldcu2\\vendor\\laravel\\framework\\src\\Illuminate\\Pipeline\\Pipeline.php(171): Illuminate\\Session\\Middleware\\StartSession->handle(Object(Illuminate\\Http\\Request), Object(Closure))
#21 C:\\laragon\\www\\es_ldcu2\\vendor\\laravel\\framework\\src\\Illuminate\\Cookie\\Middleware\\AddQueuedCookiesToResponse.php(37): Illuminate\\Pipeline\\Pipeline->Illuminate\\Pipeline\\{closure}(Object(Illuminate\\Http\\Request))
#22 C:\\laragon\\www\\es_ldcu2\\vendor\\laravel\\framework\\src\\Illuminate\\Pipeline\\Pipeline.php(171): Illuminate\\Cookie\\Middleware\\AddQueuedCookiesToResponse->handle(Object(Illuminate\\Http\\Request), Object(Closure))
#23 C:\\laragon\\www\\es_ldcu2\\vendor\\laravel\\framework\\src\\Illuminate\\Cookie\\Middleware\\EncryptCookies.php(67): Illuminate\\Pipeline\\Pipeline->Illuminate\\Pipeline\\{closure}(Object(Illuminate\\Http\\Request))
#24 C:\\laragon\\www\\es_ldcu2\\vendor\\laravel\\framework\\src\\Illuminate\\Pipeline\\Pipeline.php(171): Illuminate\\Cookie\\Middleware\\EncryptCookies->handle(Object(Illuminate\\Http\\Request), Object(Closure))
#25 C:\\laragon\\www\\es_ldcu2\\vendor\\laravel\\framework\\src\\Illuminate\\Pipeline\\Pipeline.php(105): Illuminate\\Pipeline\\Pipeline->Illuminate\\Pipeline\\{closure}(Object(Illuminate\\Http\\Request))
#26 C:\\laragon\\www\\es_ldcu2\\vendor\\laravel\\framework\\src\\Illuminate\\Routing\\Router.php(683): Illuminate\\Pipeline\\Pipeline->then(Object(Closure))
#27 C:\\laragon\\www\\es_ldcu2\\vendor\\laravel\\framework\\src\\Illuminate\\Routing\\Router.php(658): Illuminate\\Routing\\Router->runRouteWithinStack(Object(Illuminate\\Routing\\Route), Object(Illuminate\\Http\\Request))
#28 C:\\laragon\\www\\es_ldcu2\\vendor\\laravel\\framework\\src\\Illuminate\\Routing\\Router.php(624): Illuminate\\Routing\\Router->runRoute(Object(Illuminate\\Http\\Request), Object(Illuminate\\Routing\\Route))
#29 C:\\laragon\\www\\es_ldcu2\\vendor\\laravel\\framework\\src\\Illuminate\\Routing\\Router.php(613): Illuminate\\Routing\\Router->dispatchToRoute(Object(Illuminate\\Http\\Request))
#30 C:\\laragon\\www\\es_ldcu2\\vendor\\laravel\\framework\\src\\Illuminate\\Foundation\\Http\\Kernel.php(170): Illuminate\\Routing\\Router->dispatch(Object(Illuminate\\Http\\Request))
#31 C:\\laragon\\www\\es_ldcu2\\vendor\\laravel\\framework\\src\\Illuminate\\Pipeline\\Pipeline.php(130): Illuminate\\Foundation\\Http\\Kernel->Illuminate\\Foundation\\Http\\{closure}(Object(Illuminate\\Http\\Request))
#32 C:\\laragon\\www\\es_ldcu2\\vendor\\laravel\\framework\\src\\Illuminate\\Foundation\\Http\\Middleware\\TransformsRequest.php(21): Illuminate\\Pipeline\\Pipeline->Illuminate\\Pipeline\\{closure}(Object(Illuminate\\Http\\Request))
#33 C:\\laragon\\www\\es_ldcu2\\vendor\\laravel\\framework\\src\\Illuminate\\Pipeline\\Pipeline.php(171): Illuminate\\Foundation\\Http\\Middleware\\TransformsRequest->handle(Object(Illuminate\\Http\\Request), Object(Closure))
#34 C:\\laragon\\www\\es_ldcu2\\vendor\\laravel\\framework\\src\\Illuminate\\Foundation\\Http\\Middleware\\TransformsRequest.php(21): Illuminate\\Pipeline\\Pipeline->Illuminate\\Pipeline\\{closure}(Object(Illuminate\\Http\\Request))
#35 C:\\laragon\\www\\es_ldcu2\\vendor\\laravel\\framework\\src\\Illuminate\\Pipeline\\Pipeline.php(171): Illuminate\\Foundation\\Http\\Middleware\\TransformsRequest->handle(Object(Illuminate\\Http\\Request), Object(Closure))
#36 C:\\laragon\\www\\es_ldcu2\\vendor\\laravel\\framework\\src\\Illuminate\\Foundation\\Http\\Middleware\\ValidatePostSize.php(27): Illuminate\\Pipeline\\Pipeline->Illuminate\\Pipeline\\{closure}(Object(Illuminate\\Http\\Request))
#37 C:\\laragon\\www\\es_ldcu2\\vendor\\laravel\\framework\\src\\Illuminate\\Pipeline\\Pipeline.php(171): Illuminate\\Foundation\\Http\\Middleware\\ValidatePostSize->handle(Object(Illuminate\\Http\\Request), Object(Closure))
#38 C:\\laragon\\www\\es_ldcu2\\vendor\\laravel\\framework\\src\\Illuminate\\Foundation\\Http\\Middleware\\CheckForMaintenanceMode.php(63): Illuminate\\Pipeline\\Pipeline->Illuminate\\Pipeline\\{closure}(Object(Illuminate\\Http\\Request))
#39 C:\\laragon\\www\\es_ldcu2\\vendor\\laravel\\framework\\src\\Illuminate\\Pipeline\\Pipeline.php(171): Illuminate\\Foundation\\Http\\Middleware\\CheckForMaintenanceMode->handle(Object(Illuminate\\Http\\Request), Object(Closure))
#40 C:\\laragon\\www\\es_ldcu2\\vendor\\fideloper\\proxy\\src\\TrustProxies.php(57): Illuminate\\Pipeline\\Pipeline->Illuminate\\Pipeline\\{closure}(Object(Illuminate\\Http\\Request))
#41 C:\\laragon\\www\\es_ldcu2\\vendor\\laravel\\framework\\src\\Illuminate\\Pipeline\\Pipeline.php(171): Fideloper\\Proxy\\TrustProxies->handle(Object(Illuminate\\Http\\Request), Object(Closure))
#42 C:\\laragon\\www\\es_ldcu2\\vendor\\laravel\\framework\\src\\Illuminate\\Pipeline\\Pipeline.php(105): Illuminate\\Pipeline\\Pipeline->Illuminate\\Pipeline\\{closure}(Object(Illuminate\\Http\\Request))
#43 C:\\laragon\\www\\es_ldcu2\\vendor\\laravel\\framework\\src\\Illuminate\\Foundation\\Http\\Kernel.php(145): Illuminate\\Pipeline\\Pipeline->then(Object(Closure))
#44 C:\\laragon\\www\\es_ldcu2\\vendor\\laravel\\framework\\src\\Illuminate\\Foundation\\Http\\Kernel.php(110): Illuminate\\Foundation\\Http\\Kernel->sendRequestThroughRouter(Object(Illuminate\\Http\\Request))
#45 C:\\laragon\\www\\es_ldcu2\\public\\index.php(55): Illuminate\\Foundation\\Http\\Kernel->handle(Object(Illuminate\\Http\\Request))
#46 C:\\laragon\\www\\es_ldcu2\\server.php(21): require_once('C:\\\\laragon\\\\www\\\\...')
#47 {main}

[previous exception] [object] (PDOException(code: 42S22): SQLSTATE[42S22]: Column not found: 1054 Unknown column 'enrolledstud.courseid' in 'field list' at C:\\laragon\\www\\es_ldcu2\\vendor\\laravel\\framework\\src\\Illuminate\\Database\\Connection.php:331)
[stacktrace]
#0 C:\\laragon\\www\\es_ldcu2\\vendor\\laravel\\framework\\src\\Illuminate\\Database\\Connection.php(331): PDO->prepare('select `studinf...')
#1 C:\\laragon\\www\\es_ldcu2\\vendor\\laravel\\framework\\src\\Illuminate\\Database\\Connection.php(662): Illuminate\\Database\\Connection->Illuminate\\Database\\{closure}('select `studinf...', Array)
#2 C:\\laragon\\www\\es_ldcu2\\vendor\\laravel\\framework\\src\\Illuminate\\Database\\Connection.php(629): Illuminate\\Database\\Connection->runQueryCallback('select `studinf...', Array, Object(Closure))
#3 C:\\laragon\\www\\es_ldcu2\\vendor\\laravel\\framework\\src\\Illuminate\\Database\\Connection.php(338): Illuminate\\Database\\Connection->run('select `studinf...', Array, Object(Closure))
#4 C:\\laragon\\www\\es_ldcu2\\vendor\\laravel\\framework\\src\\Illuminate\\Database\\Query\\Builder.php(2159): Illuminate\\Database\\Connection->select('select `studinf...', Array, true)
#5 C:\\laragon\\www\\es_ldcu2\\vendor\\laravel\\framework\\src\\Illuminate\\Database\\Query\\Builder.php(2147): Illuminate\\Database\\Query\\Builder->runSelect()
#6 C:\\laragon\\www\\es_ldcu2\\vendor\\laravel\\framework\\src\\Illuminate\\Database\\Query\\Builder.php(2619): Illuminate\\Database\\Query\\Builder->Illuminate\\Database\\Query\\{closure}()
#7 C:\\laragon\\www\\es_ldcu2\\vendor\\laravel\\framework\\src\\Illuminate\\Database\\Query\\Builder.php(2148): Illuminate\\Database\\Query\\Builder->onceWithColumns(Array, Object(Closure))
#8 C:\\laragon\\www\\es_ldcu2\\app\\Http\\Controllers\\Migration\\RegistrarMigration.php(342): Illuminate\\Database\\Query\\Builder->get()
#9 C:\\laragon\\www\\es_ldcu2\\vendor\\laravel\\framework\\src\\Illuminate\\Routing\\Controller.php(54): App\\Http\\Controllers\\Migration\\RegistrarMigration->downloadTorMasterlistBatch(Object(Illuminate\\Http\\Request))
#10 C:\\laragon\\www\\es_ldcu2\\vendor\\laravel\\framework\\src\\Illuminate\\Routing\\ControllerDispatcher.php(45): Illuminate\\Routing\\Controller->callAction('downloadTorMast...', Array)
#11 C:\\laragon\\www\\es_ldcu2\\vendor\\laravel\\framework\\src\\Illuminate\\Routing\\Route.php(219): Illuminate\\Routing\\ControllerDispatcher->dispatch(Object(Illuminate\\Routing\\Route), Object(App\\Http\\Controllers\\Migration\\RegistrarMigration), 'downloadTorMast...')
#12 C:\\laragon\\www\\es_ldcu2\\vendor\\laravel\\framework\\src\\Illuminate\\Routing\\Route.php(176): Illuminate\\Routing\\Route->runController()
#13 C:\\laragon\\www\\es_ldcu2\\vendor\\laravel\\framework\\src\\Illuminate\\Routing\\Router.php(681): Illuminate\\Routing\\Route->run()
#14 C:\\laragon\\www\\es_ldcu2\\vendor\\laravel\\framework\\src\\Illuminate\\Pipeline\\Pipeline.php(130): Illuminate\\Routing\\Router->Illuminate\\Routing\\{closure}(Object(Illuminate\\Http\\Request))
#15 C:\\laragon\\www\\es_ldcu2\\vendor\\laravel\\framework\\src\\Illuminate\\Routing\\Middleware\\SubstituteBindings.php(41): Illuminate\\Pipeline\\Pipeline->Illuminate\\Pipeline\\{closure}(Object(Illuminate\\Http\\Request))
#16 C:\\laragon\\www\\es_ldcu2\\vendor\\laravel\\framework\\src\\Illuminate\\Pipeline\\Pipeline.php(171): Illuminate\\Routing\\Middleware\\SubstituteBindings->handle(Object(Illuminate\\Http\\Request), Object(Closure))
#17 C:\\laragon\\www\\es_ldcu2\\vendor\\laravel\\framework\\src\\Illuminate\\Foundation\\Http\\Middleware\\VerifyCsrfToken.php(78): Illuminate\\Pipeline\\Pipeline->Illuminate\\Pipeline\\{closure}(Object(Illuminate\\Http\\Request))
#18 C:\\laragon\\www\\es_ldcu2\\vendor\\laravel\\framework\\src\\Illuminate\\Pipeline\\Pipeline.php(171): Illuminate\\Foundation\\Http\\Middleware\\VerifyCsrfToken->handle(Object(Illuminate\\Http\\Request), Object(Closure))
#19 C:\\laragon\\www\\es_ldcu2\\vendor\\laravel\\framework\\src\\Illuminate\\View\\Middleware\\ShareErrorsFromSession.php(49): Illuminate\\Pipeline\\Pipeline->Illuminate\\Pipeline\\{closure}(Object(Illuminate\\Http\\Request))
#20 C:\\laragon\\www\\es_ldcu2\\vendor\\laravel\\framework\\src\\Illuminate\\Pipeline\\Pipeline.php(171): Illuminate\\View\\Middleware\\ShareErrorsFromSession->handle(Object(Illuminate\\Http\\Request), Object(Closure))
#21 C:\\laragon\\www\\es_ldcu2\\vendor\\laravel\\framework\\src\\Illuminate\\Session\\Middleware\\StartSession.php(56): Illuminate\\Pipeline\\Pipeline->Illuminate\\Pipeline\\{closure}(Object(Illuminate\\Http\\Request))
#22 C:\\laragon\\www\\es_ldcu2\\vendor\\laravel\\framework\\src\\Illuminate\\Pipeline\\Pipeline.php(171): Illuminate\\Session\\Middleware\\StartSession->handle(Object(Illuminate\\Http\\Request), Object(Closure))
#23 C:\\laragon\\www\\es_ldcu2\\vendor\\laravel\\framework\\src\\Illuminate\\Cookie\\Middleware\\AddQueuedCookiesToResponse.php(37): Illuminate\\Pipeline\\Pipeline->Illuminate\\Pipeline\\{closure}(Object(Illuminate\\Http\\Request))
#24 C:\\laragon\\www\\es_ldcu2\\vendor\\laravel\\framework\\src\\Illuminate\\Pipeline\\Pipeline.php(171): Illuminate\\Cookie\\Middleware\\AddQueuedCookiesToResponse->handle(Object(Illuminate\\Http\\Request), Object(Closure))
#25 C:\\laragon\\www\\es_ldcu2\\vendor\\laravel\\framework\\src\\Illuminate\\Cookie\\Middleware\\EncryptCookies.php(67): Illuminate\\Pipeline\\Pipeline->Illuminate\\Pipeline\\{closure}(Object(Illuminate\\Http\\Request))
#26 C:\\laragon\\www\\es_ldcu2\\vendor\\laravel\\framework\\src\\Illuminate\\Pipeline\\Pipeline.php(171): Illuminate\\Cookie\\Middleware\\EncryptCookies->handle(Object(Illuminate\\Http\\Request), Object(Closure))
#27 C:\\laragon\\www\\es_ldcu2\\vendor\\laravel\\framework\\src\\Illuminate\\Pipeline\\Pipeline.php(105): Illuminate\\Pipeline\\Pipeline->Illuminate\\Pipeline\\{closure}(Object(Illuminate\\Http\\Request))
#28 C:\\laragon\\www\\es_ldcu2\\vendor\\laravel\\framework\\src\\Illuminate\\Routing\\Router.php(683): Illuminate\\Pipeline\\Pipeline->then(Object(Closure))
#29 C:\\laragon\\www\\es_ldcu2\\vendor\\laravel\\framework\\src\\Illuminate\\Routing\\Router.php(658): Illuminate\\Routing\\Router->runRouteWithinStack(Object(Illuminate\\Routing\\Route), Object(Illuminate\\Http\\Request))
#30 C:\\laragon\\www\\es_ldcu2\\vendor\\laravel\\framework\\src\\Illuminate\\Routing\\Router.php(624): Illuminate\\Routing\\Router->runRoute(Object(Illuminate\\Http\\Request), Object(Illuminate\\Routing\\Route))
#31 C:\\laragon\\www\\es_ldcu2\\vendor\\laravel\\framework\\src\\Illuminate\\Routing\\Router.php(613): Illuminate\\Routing\\Router->dispatchToRoute(Object(Illuminate\\Http\\Request))
#32 C:\\laragon\\www\\es_ldcu2\\vendor\\laravel\\framework\\src\\Illuminate\\Foundation\\Http\\Kernel.php(170): Illuminate\\Routing\\Router->dispatch(Object(Illuminate\\Http\\Request))
#33 C:\\laragon\\www\\es_ldcu2\\vendor\\laravel\\framework\\src\\Illuminate\\Pipeline\\Pipeline.php(130): Illuminate\\Foundation\\Http\\Kernel->Illuminate\\Foundation\\Http\\{closure}(Object(Illuminate\\Http\\Request))
#34 C:\\laragon\\www\\es_ldcu2\\vendor\\laravel\\framework\\src\\Illuminate\\Foundation\\Http\\Middleware\\TransformsRequest.php(21): Illuminate\\Pipeline\\Pipeline->Illuminate\\Pipeline\\{closure}(Object(Illuminate\\Http\\Request))
#35 C:\\laragon\\www\\es_ldcu2\\vendor\\laravel\\framework\\src\\Illuminate\\Pipeline\\Pipeline.php(171): Illuminate\\Foundation\\Http\\Middleware\\TransformsRequest->handle(Object(Illuminate\\Http\\Request), Object(Closure))
#36 C:\\laragon\\www\\es_ldcu2\\vendor\\laravel\\framework\\src\\Illuminate\\Foundation\\Http\\Middleware\\TransformsRequest.php(21): Illuminate\\Pipeline\\Pipeline->Illuminate\\Pipeline\\{closure}(Object(Illuminate\\Http\\Request))
#37 C:\\laragon\\www\\es_ldcu2\\vendor\\laravel\\framework\\src\\Illuminate\\Pipeline\\Pipeline.php(171): Illuminate\\Foundation\\Http\\Middleware\\TransformsRequest->handle(Object(Illuminate\\Http\\Request), Object(Closure))
#38 C:\\laragon\\www\\es_ldcu2\\vendor\\laravel\\framework\\src\\Illuminate\\Foundation\\Http\\Middleware\\ValidatePostSize.php(27): Illuminate\\Pipeline\\Pipeline->Illuminate\\Pipeline\\{closure}(Object(Illuminate\\Http\\Request))
#39 C:\\laragon\\www\\es_ldcu2\\vendor\\laravel\\framework\\src\\Illuminate\\Pipeline\\Pipeline.php(171): Illuminate\\Foundation\\Http\\Middleware\\ValidatePostSize->handle(Object(Illuminate\\Http\\Request), Object(Closure))
#40 C:\\laragon\\www\\es_ldcu2\\vendor\\laravel\\framework\\src\\Illuminate\\Foundation\\Http\\Middleware\\CheckForMaintenanceMode.php(63): Illuminate\\Pipeline\\Pipeline->Illuminate\\Pipeline\\{closure}(Object(Illuminate\\Http\\Request))
#41 C:\\laragon\\www\\es_ldcu2\\vendor\\laravel\\framework\\src\\Illuminate\\Pipeline\\Pipeline.php(171): Illuminate\\Foundation\\Http\\Middleware\\CheckForMaintenanceMode->handle(Object(Illuminate\\Http\\Request), Object(Closure))
#42 C:\\laragon\\www\\es_ldcu2\\vendor\\fideloper\\proxy\\src\\TrustProxies.php(57): Illuminate\\Pipeline\\Pipeline->Illuminate\\Pipeline\\{closure}(Object(Illuminate\\Http\\Request))
#43 C:\\laragon\\www\\es_ldcu2\\vendor\\laravel\\framework\\src\\Illuminate\\Pipeline\\Pipeline.php(171): Fideloper\\Proxy\\TrustProxies->handle(Object(Illuminate\\Http\\Request), Object(Closure))
#44 C:\\laragon\\www\\es_ldcu2\\vendor\\laravel\\framework\\src\\Illuminate\\Pipeline\\Pipeline.php(105): Illuminate\\Pipeline\\Pipeline->Illuminate\\Pipeline\\{closure}(Object(Illuminate\\Http\\Request))
#45 C:\\laragon\\www\\es_ldcu2\\vendor\\laravel\\framework\\src\\Illuminate\\Foundation\\Http\\Kernel.php(145): Illuminate\\Pipeline\\Pipeline->then(Object(Closure))
#46 C:\\laragon\\www\\es_ldcu2\\vendor\\laravel\\framework\\src\\Illuminate\\Foundation\\Http\\Kernel.php(110): Illuminate\\Foundation\\Http\\Kernel->sendRequestThroughRouter(Object(Illuminate\\Http\\Request))
#47 C:\\laragon\\www\\es_ldcu2\\public\\index.php(55): Illuminate\\Foundation\\Http\\Kernel->handle(Object(Illuminate\\Http\\Request))
#48 C:\\laragon\\www\\es_ldcu2\\server.php(21): require_once('C:\\\\laragon\\\\www\\\\...')
#49 {main}
"} 
[2025-07-11 01:57:12] local.ERROR: SQLSTATE[42S22]: Column not found: 1054 Unknown column 'enrolledstud.yearid' in 'field list' (SQL: select `studinfo`.`id` as `studentid`, `studinfo`.`lastname`, `studinfo`.`firstname`, `studinfo`.`middlename`, `studinfo`.`suffix`, `enrolledstud`.`levelid`, `enrolledstud`.`yearid` from `studinfo` inner join `enrolledstud` on `studinfo`.`id` = `enrolledstud`.`studid` where `enrolledstud`.`sectionid` = 1 and `enrolledstud`.`syid` = 2 and `enrolledstud`.`studstatus` != 0 and `enrolledstud`.`studstatus` <= 5 and `enrolledstud`.`deleted` = 0 and `studinfo`.`deleted` = 0 order by `enrolledstud`.`yearid` asc, `studinfo`.`lastname` asc) {"userId":1,"exception":"[object] (Illuminate\\Database\\QueryException(code: 42S22): SQLSTATE[42S22]: Column not found: 1054 Unknown column 'enrolledstud.yearid' in 'field list' (SQL: select `studinfo`.`id` as `studentid`, `studinfo`.`lastname`, `studinfo`.`firstname`, `studinfo`.`middlename`, `studinfo`.`suffix`, `enrolledstud`.`levelid`, `enrolledstud`.`yearid` from `studinfo` inner join `enrolledstud` on `studinfo`.`id` = `enrolledstud`.`studid` where `enrolledstud`.`sectionid` = 1 and `enrolledstud`.`syid` = 2 and `enrolledstud`.`studstatus` != 0 and `enrolledstud`.`studstatus` <= 5 and `enrolledstud`.`deleted` = 0 and `studinfo`.`deleted` = 0 order by `enrolledstud`.`yearid` asc, `studinfo`.`lastname` asc) at C:\\laragon\\www\\es_ldcu2\\vendor\\laravel\\framework\\src\\Illuminate\\Database\\Connection.php:669)
[stacktrace]
#0 C:\\laragon\\www\\es_ldcu2\\vendor\\laravel\\framework\\src\\Illuminate\\Database\\Connection.php(629): Illuminate\\Database\\Connection->runQueryCallback('select `studinf...', Array, Object(Closure))
#1 C:\\laragon\\www\\es_ldcu2\\vendor\\laravel\\framework\\src\\Illuminate\\Database\\Connection.php(338): Illuminate\\Database\\Connection->run('select `studinf...', Array, Object(Closure))
#2 C:\\laragon\\www\\es_ldcu2\\vendor\\laravel\\framework\\src\\Illuminate\\Database\\Query\\Builder.php(2159): Illuminate\\Database\\Connection->select('select `studinf...', Array, true)
#3 C:\\laragon\\www\\es_ldcu2\\vendor\\laravel\\framework\\src\\Illuminate\\Database\\Query\\Builder.php(2147): Illuminate\\Database\\Query\\Builder->runSelect()
#4 C:\\laragon\\www\\es_ldcu2\\vendor\\laravel\\framework\\src\\Illuminate\\Database\\Query\\Builder.php(2619): Illuminate\\Database\\Query\\Builder->Illuminate\\Database\\Query\\{closure}()
#5 C:\\laragon\\www\\es_ldcu2\\vendor\\laravel\\framework\\src\\Illuminate\\Database\\Query\\Builder.php(2148): Illuminate\\Database\\Query\\Builder->onceWithColumns(Array, Object(Closure))
#6 C:\\laragon\\www\\es_ldcu2\\app\\Http\\Controllers\\Migration\\RegistrarMigration.php(340): Illuminate\\Database\\Query\\Builder->get()
#7 C:\\laragon\\www\\es_ldcu2\\vendor\\laravel\\framework\\src\\Illuminate\\Routing\\Controller.php(54): App\\Http\\Controllers\\Migration\\RegistrarMigration->downloadTorMasterlistBatch(Object(Illuminate\\Http\\Request))
#8 C:\\laragon\\www\\es_ldcu2\\vendor\\laravel\\framework\\src\\Illuminate\\Routing\\ControllerDispatcher.php(45): Illuminate\\Routing\\Controller->callAction('downloadTorMast...', Array)
#9 C:\\laragon\\www\\es_ldcu2\\vendor\\laravel\\framework\\src\\Illuminate\\Routing\\Route.php(219): Illuminate\\Routing\\ControllerDispatcher->dispatch(Object(Illuminate\\Routing\\Route), Object(App\\Http\\Controllers\\Migration\\RegistrarMigration), 'downloadTorMast...')
#10 C:\\laragon\\www\\es_ldcu2\\vendor\\laravel\\framework\\src\\Illuminate\\Routing\\Route.php(176): Illuminate\\Routing\\Route->runController()
#11 C:\\laragon\\www\\es_ldcu2\\vendor\\laravel\\framework\\src\\Illuminate\\Routing\\Router.php(681): Illuminate\\Routing\\Route->run()
#12 C:\\laragon\\www\\es_ldcu2\\vendor\\laravel\\framework\\src\\Illuminate\\Pipeline\\Pipeline.php(130): Illuminate\\Routing\\Router->Illuminate\\Routing\\{closure}(Object(Illuminate\\Http\\Request))
#13 C:\\laragon\\www\\es_ldcu2\\vendor\\laravel\\framework\\src\\Illuminate\\Routing\\Middleware\\SubstituteBindings.php(41): Illuminate\\Pipeline\\Pipeline->Illuminate\\Pipeline\\{closure}(Object(Illuminate\\Http\\Request))
#14 C:\\laragon\\www\\es_ldcu2\\vendor\\laravel\\framework\\src\\Illuminate\\Pipeline\\Pipeline.php(171): Illuminate\\Routing\\Middleware\\SubstituteBindings->handle(Object(Illuminate\\Http\\Request), Object(Closure))
#15 C:\\laragon\\www\\es_ldcu2\\vendor\\laravel\\framework\\src\\Illuminate\\Foundation\\Http\\Middleware\\VerifyCsrfToken.php(78): Illuminate\\Pipeline\\Pipeline->Illuminate\\Pipeline\\{closure}(Object(Illuminate\\Http\\Request))
#16 C:\\laragon\\www\\es_ldcu2\\vendor\\laravel\\framework\\src\\Illuminate\\Pipeline\\Pipeline.php(171): Illuminate\\Foundation\\Http\\Middleware\\VerifyCsrfToken->handle(Object(Illuminate\\Http\\Request), Object(Closure))
#17 C:\\laragon\\www\\es_ldcu2\\vendor\\laravel\\framework\\src\\Illuminate\\View\\Middleware\\ShareErrorsFromSession.php(49): Illuminate\\Pipeline\\Pipeline->Illuminate\\Pipeline\\{closure}(Object(Illuminate\\Http\\Request))
#18 C:\\laragon\\www\\es_ldcu2\\vendor\\laravel\\framework\\src\\Illuminate\\Pipeline\\Pipeline.php(171): Illuminate\\View\\Middleware\\ShareErrorsFromSession->handle(Object(Illuminate\\Http\\Request), Object(Closure))
#19 C:\\laragon\\www\\es_ldcu2\\vendor\\laravel\\framework\\src\\Illuminate\\Session\\Middleware\\StartSession.php(56): Illuminate\\Pipeline\\Pipeline->Illuminate\\Pipeline\\{closure}(Object(Illuminate\\Http\\Request))
#20 C:\\laragon\\www\\es_ldcu2\\vendor\\laravel\\framework\\src\\Illuminate\\Pipeline\\Pipeline.php(171): Illuminate\\Session\\Middleware\\StartSession->handle(Object(Illuminate\\Http\\Request), Object(Closure))
#21 C:\\laragon\\www\\es_ldcu2\\vendor\\laravel\\framework\\src\\Illuminate\\Cookie\\Middleware\\AddQueuedCookiesToResponse.php(37): Illuminate\\Pipeline\\Pipeline->Illuminate\\Pipeline\\{closure}(Object(Illuminate\\Http\\Request))
#22 C:\\laragon\\www\\es_ldcu2\\vendor\\laravel\\framework\\src\\Illuminate\\Pipeline\\Pipeline.php(171): Illuminate\\Cookie\\Middleware\\AddQueuedCookiesToResponse->handle(Object(Illuminate\\Http\\Request), Object(Closure))
#23 C:\\laragon\\www\\es_ldcu2\\vendor\\laravel\\framework\\src\\Illuminate\\Cookie\\Middleware\\EncryptCookies.php(67): Illuminate\\Pipeline\\Pipeline->Illuminate\\Pipeline\\{closure}(Object(Illuminate\\Http\\Request))
#24 C:\\laragon\\www\\es_ldcu2\\vendor\\laravel\\framework\\src\\Illuminate\\Pipeline\\Pipeline.php(171): Illuminate\\Cookie\\Middleware\\EncryptCookies->handle(Object(Illuminate\\Http\\Request), Object(Closure))
#25 C:\\laragon\\www\\es_ldcu2\\vendor\\laravel\\framework\\src\\Illuminate\\Pipeline\\Pipeline.php(105): Illuminate\\Pipeline\\Pipeline->Illuminate\\Pipeline\\{closure}(Object(Illuminate\\Http\\Request))
#26 C:\\laragon\\www\\es_ldcu2\\vendor\\laravel\\framework\\src\\Illuminate\\Routing\\Router.php(683): Illuminate\\Pipeline\\Pipeline->then(Object(Closure))
#27 C:\\laragon\\www\\es_ldcu2\\vendor\\laravel\\framework\\src\\Illuminate\\Routing\\Router.php(658): Illuminate\\Routing\\Router->runRouteWithinStack(Object(Illuminate\\Routing\\Route), Object(Illuminate\\Http\\Request))
#28 C:\\laragon\\www\\es_ldcu2\\vendor\\laravel\\framework\\src\\Illuminate\\Routing\\Router.php(624): Illuminate\\Routing\\Router->runRoute(Object(Illuminate\\Http\\Request), Object(Illuminate\\Routing\\Route))
#29 C:\\laragon\\www\\es_ldcu2\\vendor\\laravel\\framework\\src\\Illuminate\\Routing\\Router.php(613): Illuminate\\Routing\\Router->dispatchToRoute(Object(Illuminate\\Http\\Request))
#30 C:\\laragon\\www\\es_ldcu2\\vendor\\laravel\\framework\\src\\Illuminate\\Foundation\\Http\\Kernel.php(170): Illuminate\\Routing\\Router->dispatch(Object(Illuminate\\Http\\Request))
#31 C:\\laragon\\www\\es_ldcu2\\vendor\\laravel\\framework\\src\\Illuminate\\Pipeline\\Pipeline.php(130): Illuminate\\Foundation\\Http\\Kernel->Illuminate\\Foundation\\Http\\{closure}(Object(Illuminate\\Http\\Request))
#32 C:\\laragon\\www\\es_ldcu2\\vendor\\laravel\\framework\\src\\Illuminate\\Foundation\\Http\\Middleware\\TransformsRequest.php(21): Illuminate\\Pipeline\\Pipeline->Illuminate\\Pipeline\\{closure}(Object(Illuminate\\Http\\Request))
#33 C:\\laragon\\www\\es_ldcu2\\vendor\\laravel\\framework\\src\\Illuminate\\Pipeline\\Pipeline.php(171): Illuminate\\Foundation\\Http\\Middleware\\TransformsRequest->handle(Object(Illuminate\\Http\\Request), Object(Closure))
#34 C:\\laragon\\www\\es_ldcu2\\vendor\\laravel\\framework\\src\\Illuminate\\Foundation\\Http\\Middleware\\TransformsRequest.php(21): Illuminate\\Pipeline\\Pipeline->Illuminate\\Pipeline\\{closure}(Object(Illuminate\\Http\\Request))
#35 C:\\laragon\\www\\es_ldcu2\\vendor\\laravel\\framework\\src\\Illuminate\\Pipeline\\Pipeline.php(171): Illuminate\\Foundation\\Http\\Middleware\\TransformsRequest->handle(Object(Illuminate\\Http\\Request), Object(Closure))
#36 C:\\laragon\\www\\es_ldcu2\\vendor\\laravel\\framework\\src\\Illuminate\\Foundation\\Http\\Middleware\\ValidatePostSize.php(27): Illuminate\\Pipeline\\Pipeline->Illuminate\\Pipeline\\{closure}(Object(Illuminate\\Http\\Request))
#37 C:\\laragon\\www\\es_ldcu2\\vendor\\laravel\\framework\\src\\Illuminate\\Pipeline\\Pipeline.php(171): Illuminate\\Foundation\\Http\\Middleware\\ValidatePostSize->handle(Object(Illuminate\\Http\\Request), Object(Closure))
#38 C:\\laragon\\www\\es_ldcu2\\vendor\\laravel\\framework\\src\\Illuminate\\Foundation\\Http\\Middleware\\CheckForMaintenanceMode.php(63): Illuminate\\Pipeline\\Pipeline->Illuminate\\Pipeline\\{closure}(Object(Illuminate\\Http\\Request))
#39 C:\\laragon\\www\\es_ldcu2\\vendor\\laravel\\framework\\src\\Illuminate\\Pipeline\\Pipeline.php(171): Illuminate\\Foundation\\Http\\Middleware\\CheckForMaintenanceMode->handle(Object(Illuminate\\Http\\Request), Object(Closure))
#40 C:\\laragon\\www\\es_ldcu2\\vendor\\fideloper\\proxy\\src\\TrustProxies.php(57): Illuminate\\Pipeline\\Pipeline->Illuminate\\Pipeline\\{closure}(Object(Illuminate\\Http\\Request))
#41 C:\\laragon\\www\\es_ldcu2\\vendor\\laravel\\framework\\src\\Illuminate\\Pipeline\\Pipeline.php(171): Fideloper\\Proxy\\TrustProxies->handle(Object(Illuminate\\Http\\Request), Object(Closure))
#42 C:\\laragon\\www\\es_ldcu2\\vendor\\laravel\\framework\\src\\Illuminate\\Pipeline\\Pipeline.php(105): Illuminate\\Pipeline\\Pipeline->Illuminate\\Pipeline\\{closure}(Object(Illuminate\\Http\\Request))
#43 C:\\laragon\\www\\es_ldcu2\\vendor\\laravel\\framework\\src\\Illuminate\\Foundation\\Http\\Kernel.php(145): Illuminate\\Pipeline\\Pipeline->then(Object(Closure))
#44 C:\\laragon\\www\\es_ldcu2\\vendor\\laravel\\framework\\src\\Illuminate\\Foundation\\Http\\Kernel.php(110): Illuminate\\Foundation\\Http\\Kernel->sendRequestThroughRouter(Object(Illuminate\\Http\\Request))
#45 C:\\laragon\\www\\es_ldcu2\\public\\index.php(55): Illuminate\\Foundation\\Http\\Kernel->handle(Object(Illuminate\\Http\\Request))
#46 C:\\laragon\\www\\es_ldcu2\\server.php(21): require_once('C:\\\\laragon\\\\www\\\\...')
#47 {main}

[previous exception] [object] (PDOException(code: 42S22): SQLSTATE[42S22]: Column not found: 1054 Unknown column 'enrolledstud.yearid' in 'field list' at C:\\laragon\\www\\es_ldcu2\\vendor\\laravel\\framework\\src\\Illuminate\\Database\\Connection.php:331)
[stacktrace]
#0 C:\\laragon\\www\\es_ldcu2\\vendor\\laravel\\framework\\src\\Illuminate\\Database\\Connection.php(331): PDO->prepare('select `studinf...')
#1 C:\\laragon\\www\\es_ldcu2\\vendor\\laravel\\framework\\src\\Illuminate\\Database\\Connection.php(662): Illuminate\\Database\\Connection->Illuminate\\Database\\{closure}('select `studinf...', Array)
#2 C:\\laragon\\www\\es_ldcu2\\vendor\\laravel\\framework\\src\\Illuminate\\Database\\Connection.php(629): Illuminate\\Database\\Connection->runQueryCallback('select `studinf...', Array, Object(Closure))
#3 C:\\laragon\\www\\es_ldcu2\\vendor\\laravel\\framework\\src\\Illuminate\\Database\\Connection.php(338): Illuminate\\Database\\Connection->run('select `studinf...', Array, Object(Closure))
#4 C:\\laragon\\www\\es_ldcu2\\vendor\\laravel\\framework\\src\\Illuminate\\Database\\Query\\Builder.php(2159): Illuminate\\Database\\Connection->select('select `studinf...', Array, true)
#5 C:\\laragon\\www\\es_ldcu2\\vendor\\laravel\\framework\\src\\Illuminate\\Database\\Query\\Builder.php(2147): Illuminate\\Database\\Query\\Builder->runSelect()
#6 C:\\laragon\\www\\es_ldcu2\\vendor\\laravel\\framework\\src\\Illuminate\\Database\\Query\\Builder.php(2619): Illuminate\\Database\\Query\\Builder->Illuminate\\Database\\Query\\{closure}()
#7 C:\\laragon\\www\\es_ldcu2\\vendor\\laravel\\framework\\src\\Illuminate\\Database\\Query\\Builder.php(2148): Illuminate\\Database\\Query\\Builder->onceWithColumns(Array, Object(Closure))
#8 C:\\laragon\\www\\es_ldcu2\\app\\Http\\Controllers\\Migration\\RegistrarMigration.php(340): Illuminate\\Database\\Query\\Builder->get()
#9 C:\\laragon\\www\\es_ldcu2\\vendor\\laravel\\framework\\src\\Illuminate\\Routing\\Controller.php(54): App\\Http\\Controllers\\Migration\\RegistrarMigration->downloadTorMasterlistBatch(Object(Illuminate\\Http\\Request))
#10 C:\\laragon\\www\\es_ldcu2\\vendor\\laravel\\framework\\src\\Illuminate\\Routing\\ControllerDispatcher.php(45): Illuminate\\Routing\\Controller->callAction('downloadTorMast...', Array)
#11 C:\\laragon\\www\\es_ldcu2\\vendor\\laravel\\framework\\src\\Illuminate\\Routing\\Route.php(219): Illuminate\\Routing\\ControllerDispatcher->dispatch(Object(Illuminate\\Routing\\Route), Object(App\\Http\\Controllers\\Migration\\RegistrarMigration), 'downloadTorMast...')
#12 C:\\laragon\\www\\es_ldcu2\\vendor\\laravel\\framework\\src\\Illuminate\\Routing\\Route.php(176): Illuminate\\Routing\\Route->runController()
#13 C:\\laragon\\www\\es_ldcu2\\vendor\\laravel\\framework\\src\\Illuminate\\Routing\\Router.php(681): Illuminate\\Routing\\Route->run()
#14 C:\\laragon\\www\\es_ldcu2\\vendor\\laravel\\framework\\src\\Illuminate\\Pipeline\\Pipeline.php(130): Illuminate\\Routing\\Router->Illuminate\\Routing\\{closure}(Object(Illuminate\\Http\\Request))
#15 C:\\laragon\\www\\es_ldcu2\\vendor\\laravel\\framework\\src\\Illuminate\\Routing\\Middleware\\SubstituteBindings.php(41): Illuminate\\Pipeline\\Pipeline->Illuminate\\Pipeline\\{closure}(Object(Illuminate\\Http\\Request))
#16 C:\\laragon\\www\\es_ldcu2\\vendor\\laravel\\framework\\src\\Illuminate\\Pipeline\\Pipeline.php(171): Illuminate\\Routing\\Middleware\\SubstituteBindings->handle(Object(Illuminate\\Http\\Request), Object(Closure))
#17 C:\\laragon\\www\\es_ldcu2\\vendor\\laravel\\framework\\src\\Illuminate\\Foundation\\Http\\Middleware\\VerifyCsrfToken.php(78): Illuminate\\Pipeline\\Pipeline->Illuminate\\Pipeline\\{closure}(Object(Illuminate\\Http\\Request))
#18 C:\\laragon\\www\\es_ldcu2\\vendor\\laravel\\framework\\src\\Illuminate\\Pipeline\\Pipeline.php(171): Illuminate\\Foundation\\Http\\Middleware\\VerifyCsrfToken->handle(Object(Illuminate\\Http\\Request), Object(Closure))
#19 C:\\laragon\\www\\es_ldcu2\\vendor\\laravel\\framework\\src\\Illuminate\\View\\Middleware\\ShareErrorsFromSession.php(49): Illuminate\\Pipeline\\Pipeline->Illuminate\\Pipeline\\{closure}(Object(Illuminate\\Http\\Request))
#20 C:\\laragon\\www\\es_ldcu2\\vendor\\laravel\\framework\\src\\Illuminate\\Pipeline\\Pipeline.php(171): Illuminate\\View\\Middleware\\ShareErrorsFromSession->handle(Object(Illuminate\\Http\\Request), Object(Closure))
#21 C:\\laragon\\www\\es_ldcu2\\vendor\\laravel\\framework\\src\\Illuminate\\Session\\Middleware\\StartSession.php(56): Illuminate\\Pipeline\\Pipeline->Illuminate\\Pipeline\\{closure}(Object(Illuminate\\Http\\Request))
#22 C:\\laragon\\www\\es_ldcu2\\vendor\\laravel\\framework\\src\\Illuminate\\Pipeline\\Pipeline.php(171): Illuminate\\Session\\Middleware\\StartSession->handle(Object(Illuminate\\Http\\Request), Object(Closure))
#23 C:\\laragon\\www\\es_ldcu2\\vendor\\laravel\\framework\\src\\Illuminate\\Cookie\\Middleware\\AddQueuedCookiesToResponse.php(37): Illuminate\\Pipeline\\Pipeline->Illuminate\\Pipeline\\{closure}(Object(Illuminate\\Http\\Request))
#24 C:\\laragon\\www\\es_ldcu2\\vendor\\laravel\\framework\\src\\Illuminate\\Pipeline\\Pipeline.php(171): Illuminate\\Cookie\\Middleware\\AddQueuedCookiesToResponse->handle(Object(Illuminate\\Http\\Request), Object(Closure))
#25 C:\\laragon\\www\\es_ldcu2\\vendor\\laravel\\framework\\src\\Illuminate\\Cookie\\Middleware\\EncryptCookies.php(67): Illuminate\\Pipeline\\Pipeline->Illuminate\\Pipeline\\{closure}(Object(Illuminate\\Http\\Request))
#26 C:\\laragon\\www\\es_ldcu2\\vendor\\laravel\\framework\\src\\Illuminate\\Pipeline\\Pipeline.php(171): Illuminate\\Cookie\\Middleware\\EncryptCookies->handle(Object(Illuminate\\Http\\Request), Object(Closure))
#27 C:\\laragon\\www\\es_ldcu2\\vendor\\laravel\\framework\\src\\Illuminate\\Pipeline\\Pipeline.php(105): Illuminate\\Pipeline\\Pipeline->Illuminate\\Pipeline\\{closure}(Object(Illuminate\\Http\\Request))
#28 C:\\laragon\\www\\es_ldcu2\\vendor\\laravel\\framework\\src\\Illuminate\\Routing\\Router.php(683): Illuminate\\Pipeline\\Pipeline->then(Object(Closure))
#29 C:\\laragon\\www\\es_ldcu2\\vendor\\laravel\\framework\\src\\Illuminate\\Routing\\Router.php(658): Illuminate\\Routing\\Router->runRouteWithinStack(Object(Illuminate\\Routing\\Route), Object(Illuminate\\Http\\Request))
#30 C:\\laragon\\www\\es_ldcu2\\vendor\\laravel\\framework\\src\\Illuminate\\Routing\\Router.php(624): Illuminate\\Routing\\Router->runRoute(Object(Illuminate\\Http\\Request), Object(Illuminate\\Routing\\Route))
#31 C:\\laragon\\www\\es_ldcu2\\vendor\\laravel\\framework\\src\\Illuminate\\Routing\\Router.php(613): Illuminate\\Routing\\Router->dispatchToRoute(Object(Illuminate\\Http\\Request))
#32 C:\\laragon\\www\\es_ldcu2\\vendor\\laravel\\framework\\src\\Illuminate\\Foundation\\Http\\Kernel.php(170): Illuminate\\Routing\\Router->dispatch(Object(Illuminate\\Http\\Request))
#33 C:\\laragon\\www\\es_ldcu2\\vendor\\laravel\\framework\\src\\Illuminate\\Pipeline\\Pipeline.php(130): Illuminate\\Foundation\\Http\\Kernel->Illuminate\\Foundation\\Http\\{closure}(Object(Illuminate\\Http\\Request))
#34 C:\\laragon\\www\\es_ldcu2\\vendor\\laravel\\framework\\src\\Illuminate\\Foundation\\Http\\Middleware\\TransformsRequest.php(21): Illuminate\\Pipeline\\Pipeline->Illuminate\\Pipeline\\{closure}(Object(Illuminate\\Http\\Request))
#35 C:\\laragon\\www\\es_ldcu2\\vendor\\laravel\\framework\\src\\Illuminate\\Pipeline\\Pipeline.php(171): Illuminate\\Foundation\\Http\\Middleware\\TransformsRequest->handle(Object(Illuminate\\Http\\Request), Object(Closure))
#36 C:\\laragon\\www\\es_ldcu2\\vendor\\laravel\\framework\\src\\Illuminate\\Foundation\\Http\\Middleware\\TransformsRequest.php(21): Illuminate\\Pipeline\\Pipeline->Illuminate\\Pipeline\\{closure}(Object(Illuminate\\Http\\Request))
#37 C:\\laragon\\www\\es_ldcu2\\vendor\\laravel\\framework\\src\\Illuminate\\Pipeline\\Pipeline.php(171): Illuminate\\Foundation\\Http\\Middleware\\TransformsRequest->handle(Object(Illuminate\\Http\\Request), Object(Closure))
#38 C:\\laragon\\www\\es_ldcu2\\vendor\\laravel\\framework\\src\\Illuminate\\Foundation\\Http\\Middleware\\ValidatePostSize.php(27): Illuminate\\Pipeline\\Pipeline->Illuminate\\Pipeline\\{closure}(Object(Illuminate\\Http\\Request))
#39 C:\\laragon\\www\\es_ldcu2\\vendor\\laravel\\framework\\src\\Illuminate\\Pipeline\\Pipeline.php(171): Illuminate\\Foundation\\Http\\Middleware\\ValidatePostSize->handle(Object(Illuminate\\Http\\Request), Object(Closure))
#40 C:\\laragon\\www\\es_ldcu2\\vendor\\laravel\\framework\\src\\Illuminate\\Foundation\\Http\\Middleware\\CheckForMaintenanceMode.php(63): Illuminate\\Pipeline\\Pipeline->Illuminate\\Pipeline\\{closure}(Object(Illuminate\\Http\\Request))
#41 C:\\laragon\\www\\es_ldcu2\\vendor\\laravel\\framework\\src\\Illuminate\\Pipeline\\Pipeline.php(171): Illuminate\\Foundation\\Http\\Middleware\\CheckForMaintenanceMode->handle(Object(Illuminate\\Http\\Request), Object(Closure))
#42 C:\\laragon\\www\\es_ldcu2\\vendor\\fideloper\\proxy\\src\\TrustProxies.php(57): Illuminate\\Pipeline\\Pipeline->Illuminate\\Pipeline\\{closure}(Object(Illuminate\\Http\\Request))
#43 C:\\laragon\\www\\es_ldcu2\\vendor\\laravel\\framework\\src\\Illuminate\\Pipeline\\Pipeline.php(171): Fideloper\\Proxy\\TrustProxies->handle(Object(Illuminate\\Http\\Request), Object(Closure))
#44 C:\\laragon\\www\\es_ldcu2\\vendor\\laravel\\framework\\src\\Illuminate\\Pipeline\\Pipeline.php(105): Illuminate\\Pipeline\\Pipeline->Illuminate\\Pipeline\\{closure}(Object(Illuminate\\Http\\Request))
#45 C:\\laragon\\www\\es_ldcu2\\vendor\\laravel\\framework\\src\\Illuminate\\Foundation\\Http\\Kernel.php(145): Illuminate\\Pipeline\\Pipeline->then(Object(Closure))
#46 C:\\laragon\\www\\es_ldcu2\\vendor\\laravel\\framework\\src\\Illuminate\\Foundation\\Http\\Kernel.php(110): Illuminate\\Foundation\\Http\\Kernel->sendRequestThroughRouter(Object(Illuminate\\Http\\Request))
#47 C:\\laragon\\www\\es_ldcu2\\public\\index.php(55): Illuminate\\Foundation\\Http\\Kernel->handle(Object(Illuminate\\Http\\Request))
#48 C:\\laragon\\www\\es_ldcu2\\server.php(21): require_once('C:\\\\laragon\\\\www\\\\...')
#49 {main}
"} 
[2025-07-11 02:27:17] local.ERROR: SQLSTATE[42S22]: Column not found: 1054 Unknown column 'enrolledstud.yearid' in 'field list' (SQL: select `studinfo`.`id` as `studentid`, `studinfo`.`lastname`, `studinfo`.`firstname`, `studinfo`.`middlename`, `studinfo`.`suffix`, `studinfo`.`courseid`, `enrolledstud`.`levelid`, `enrolledstud`.`yearid` from `studinfo` inner join `enrolledstud` on `studinfo`.`id` = `enrolledstud`.`studid` where `enrolledstud`.`sectionid` = 1 and `enrolledstud`.`syid` = 2 and `enrolledstud`.`studstatus` != 0 and `enrolledstud`.`studstatus` <= 5 and `enrolledstud`.`deleted` = 0 and `studinfo`.`deleted` = 0 and `studinfo`.`courseid` is not null order by `enrolledstud`.`yearid` asc, `studinfo`.`courseid` asc, `studinfo`.`lastname` asc) {"userId":1,"exception":"[object] (Illuminate\\Database\\QueryException(code: 42S22): SQLSTATE[42S22]: Column not found: 1054 Unknown column 'enrolledstud.yearid' in 'field list' (SQL: select `studinfo`.`id` as `studentid`, `studinfo`.`lastname`, `studinfo`.`firstname`, `studinfo`.`middlename`, `studinfo`.`suffix`, `studinfo`.`courseid`, `enrolledstud`.`levelid`, `enrolledstud`.`yearid` from `studinfo` inner join `enrolledstud` on `studinfo`.`id` = `enrolledstud`.`studid` where `enrolledstud`.`sectionid` = 1 and `enrolledstud`.`syid` = 2 and `enrolledstud`.`studstatus` != 0 and `enrolledstud`.`studstatus` <= 5 and `enrolledstud`.`deleted` = 0 and `studinfo`.`deleted` = 0 and `studinfo`.`courseid` is not null order by `enrolledstud`.`yearid` asc, `studinfo`.`courseid` asc, `studinfo`.`lastname` asc) at C:\\laragon\\www\\es_ldcu2\\vendor\\laravel\\framework\\src\\Illuminate\\Database\\Connection.php:669)
[stacktrace]
#0 C:\\laragon\\www\\es_ldcu2\\vendor\\laravel\\framework\\src\\Illuminate\\Database\\Connection.php(629): Illuminate\\Database\\Connection->runQueryCallback('select `studinf...', Array, Object(Closure))
#1 C:\\laragon\\www\\es_ldcu2\\vendor\\laravel\\framework\\src\\Illuminate\\Database\\Connection.php(338): Illuminate\\Database\\Connection->run('select `studinf...', Array, Object(Closure))
#2 C:\\laragon\\www\\es_ldcu2\\vendor\\laravel\\framework\\src\\Illuminate\\Database\\Query\\Builder.php(2159): Illuminate\\Database\\Connection->select('select `studinf...', Array, true)
#3 C:\\laragon\\www\\es_ldcu2\\vendor\\laravel\\framework\\src\\Illuminate\\Database\\Query\\Builder.php(2147): Illuminate\\Database\\Query\\Builder->runSelect()
#4 C:\\laragon\\www\\es_ldcu2\\vendor\\laravel\\framework\\src\\Illuminate\\Database\\Query\\Builder.php(2619): Illuminate\\Database\\Query\\Builder->Illuminate\\Database\\Query\\{closure}()
#5 C:\\laragon\\www\\es_ldcu2\\vendor\\laravel\\framework\\src\\Illuminate\\Database\\Query\\Builder.php(2148): Illuminate\\Database\\Query\\Builder->onceWithColumns(Array, Object(Closure))
#6 C:\\laragon\\www\\es_ldcu2\\app\\Http\\Controllers\\Migration\\RegistrarMigration.php(343): Illuminate\\Database\\Query\\Builder->get()
#7 C:\\laragon\\www\\es_ldcu2\\vendor\\laravel\\framework\\src\\Illuminate\\Routing\\Controller.php(54): App\\Http\\Controllers\\Migration\\RegistrarMigration->downloadTorMasterlistBatch(Object(Illuminate\\Http\\Request))
#8 C:\\laragon\\www\\es_ldcu2\\vendor\\laravel\\framework\\src\\Illuminate\\Routing\\ControllerDispatcher.php(45): Illuminate\\Routing\\Controller->callAction('downloadTorMast...', Array)
#9 C:\\laragon\\www\\es_ldcu2\\vendor\\laravel\\framework\\src\\Illuminate\\Routing\\Route.php(219): Illuminate\\Routing\\ControllerDispatcher->dispatch(Object(Illuminate\\Routing\\Route), Object(App\\Http\\Controllers\\Migration\\RegistrarMigration), 'downloadTorMast...')
#10 C:\\laragon\\www\\es_ldcu2\\vendor\\laravel\\framework\\src\\Illuminate\\Routing\\Route.php(176): Illuminate\\Routing\\Route->runController()
#11 C:\\laragon\\www\\es_ldcu2\\vendor\\laravel\\framework\\src\\Illuminate\\Routing\\Router.php(681): Illuminate\\Routing\\Route->run()
#12 C:\\laragon\\www\\es_ldcu2\\vendor\\laravel\\framework\\src\\Illuminate\\Pipeline\\Pipeline.php(130): Illuminate\\Routing\\Router->Illuminate\\Routing\\{closure}(Object(Illuminate\\Http\\Request))
#13 C:\\laragon\\www\\es_ldcu2\\vendor\\laravel\\framework\\src\\Illuminate\\Routing\\Middleware\\SubstituteBindings.php(41): Illuminate\\Pipeline\\Pipeline->Illuminate\\Pipeline\\{closure}(Object(Illuminate\\Http\\Request))
#14 C:\\laragon\\www\\es_ldcu2\\vendor\\laravel\\framework\\src\\Illuminate\\Pipeline\\Pipeline.php(171): Illuminate\\Routing\\Middleware\\SubstituteBindings->handle(Object(Illuminate\\Http\\Request), Object(Closure))
#15 C:\\laragon\\www\\es_ldcu2\\vendor\\laravel\\framework\\src\\Illuminate\\Foundation\\Http\\Middleware\\VerifyCsrfToken.php(78): Illuminate\\Pipeline\\Pipeline->Illuminate\\Pipeline\\{closure}(Object(Illuminate\\Http\\Request))
#16 C:\\laragon\\www\\es_ldcu2\\vendor\\laravel\\framework\\src\\Illuminate\\Pipeline\\Pipeline.php(171): Illuminate\\Foundation\\Http\\Middleware\\VerifyCsrfToken->handle(Object(Illuminate\\Http\\Request), Object(Closure))
#17 C:\\laragon\\www\\es_ldcu2\\vendor\\laravel\\framework\\src\\Illuminate\\View\\Middleware\\ShareErrorsFromSession.php(49): Illuminate\\Pipeline\\Pipeline->Illuminate\\Pipeline\\{closure}(Object(Illuminate\\Http\\Request))
#18 C:\\laragon\\www\\es_ldcu2\\vendor\\laravel\\framework\\src\\Illuminate\\Pipeline\\Pipeline.php(171): Illuminate\\View\\Middleware\\ShareErrorsFromSession->handle(Object(Illuminate\\Http\\Request), Object(Closure))
#19 C:\\laragon\\www\\es_ldcu2\\vendor\\laravel\\framework\\src\\Illuminate\\Session\\Middleware\\StartSession.php(56): Illuminate\\Pipeline\\Pipeline->Illuminate\\Pipeline\\{closure}(Object(Illuminate\\Http\\Request))
#20 C:\\laragon\\www\\es_ldcu2\\vendor\\laravel\\framework\\src\\Illuminate\\Pipeline\\Pipeline.php(171): Illuminate\\Session\\Middleware\\StartSession->handle(Object(Illuminate\\Http\\Request), Object(Closure))
#21 C:\\laragon\\www\\es_ldcu2\\vendor\\laravel\\framework\\src\\Illuminate\\Cookie\\Middleware\\AddQueuedCookiesToResponse.php(37): Illuminate\\Pipeline\\Pipeline->Illuminate\\Pipeline\\{closure}(Object(Illuminate\\Http\\Request))
#22 C:\\laragon\\www\\es_ldcu2\\vendor\\laravel\\framework\\src\\Illuminate\\Pipeline\\Pipeline.php(171): Illuminate\\Cookie\\Middleware\\AddQueuedCookiesToResponse->handle(Object(Illuminate\\Http\\Request), Object(Closure))
#23 C:\\laragon\\www\\es_ldcu2\\vendor\\laravel\\framework\\src\\Illuminate\\Cookie\\Middleware\\EncryptCookies.php(67): Illuminate\\Pipeline\\Pipeline->Illuminate\\Pipeline\\{closure}(Object(Illuminate\\Http\\Request))
#24 C:\\laragon\\www\\es_ldcu2\\vendor\\laravel\\framework\\src\\Illuminate\\Pipeline\\Pipeline.php(171): Illuminate\\Cookie\\Middleware\\EncryptCookies->handle(Object(Illuminate\\Http\\Request), Object(Closure))
#25 C:\\laragon\\www\\es_ldcu2\\vendor\\laravel\\framework\\src\\Illuminate\\Pipeline\\Pipeline.php(105): Illuminate\\Pipeline\\Pipeline->Illuminate\\Pipeline\\{closure}(Object(Illuminate\\Http\\Request))
#26 C:\\laragon\\www\\es_ldcu2\\vendor\\laravel\\framework\\src\\Illuminate\\Routing\\Router.php(683): Illuminate\\Pipeline\\Pipeline->then(Object(Closure))
#27 C:\\laragon\\www\\es_ldcu2\\vendor\\laravel\\framework\\src\\Illuminate\\Routing\\Router.php(658): Illuminate\\Routing\\Router->runRouteWithinStack(Object(Illuminate\\Routing\\Route), Object(Illuminate\\Http\\Request))
#28 C:\\laragon\\www\\es_ldcu2\\vendor\\laravel\\framework\\src\\Illuminate\\Routing\\Router.php(624): Illuminate\\Routing\\Router->runRoute(Object(Illuminate\\Http\\Request), Object(Illuminate\\Routing\\Route))
#29 C:\\laragon\\www\\es_ldcu2\\vendor\\laravel\\framework\\src\\Illuminate\\Routing\\Router.php(613): Illuminate\\Routing\\Router->dispatchToRoute(Object(Illuminate\\Http\\Request))
#30 C:\\laragon\\www\\es_ldcu2\\vendor\\laravel\\framework\\src\\Illuminate\\Foundation\\Http\\Kernel.php(170): Illuminate\\Routing\\Router->dispatch(Object(Illuminate\\Http\\Request))
#31 C:\\laragon\\www\\es_ldcu2\\vendor\\laravel\\framework\\src\\Illuminate\\Pipeline\\Pipeline.php(130): Illuminate\\Foundation\\Http\\Kernel->Illuminate\\Foundation\\Http\\{closure}(Object(Illuminate\\Http\\Request))
#32 C:\\laragon\\www\\es_ldcu2\\vendor\\laravel\\framework\\src\\Illuminate\\Foundation\\Http\\Middleware\\TransformsRequest.php(21): Illuminate\\Pipeline\\Pipeline->Illuminate\\Pipeline\\{closure}(Object(Illuminate\\Http\\Request))
#33 C:\\laragon\\www\\es_ldcu2\\vendor\\laravel\\framework\\src\\Illuminate\\Pipeline\\Pipeline.php(171): Illuminate\\Foundation\\Http\\Middleware\\TransformsRequest->handle(Object(Illuminate\\Http\\Request), Object(Closure))
#34 C:\\laragon\\www\\es_ldcu2\\vendor\\laravel\\framework\\src\\Illuminate\\Foundation\\Http\\Middleware\\TransformsRequest.php(21): Illuminate\\Pipeline\\Pipeline->Illuminate\\Pipeline\\{closure}(Object(Illuminate\\Http\\Request))
#35 C:\\laragon\\www\\es_ldcu2\\vendor\\laravel\\framework\\src\\Illuminate\\Pipeline\\Pipeline.php(171): Illuminate\\Foundation\\Http\\Middleware\\TransformsRequest->handle(Object(Illuminate\\Http\\Request), Object(Closure))
#36 C:\\laragon\\www\\es_ldcu2\\vendor\\laravel\\framework\\src\\Illuminate\\Foundation\\Http\\Middleware\\ValidatePostSize.php(27): Illuminate\\Pipeline\\Pipeline->Illuminate\\Pipeline\\{closure}(Object(Illuminate\\Http\\Request))
#37 C:\\laragon\\www\\es_ldcu2\\vendor\\laravel\\framework\\src\\Illuminate\\Pipeline\\Pipeline.php(171): Illuminate\\Foundation\\Http\\Middleware\\ValidatePostSize->handle(Object(Illuminate\\Http\\Request), Object(Closure))
#38 C:\\laragon\\www\\es_ldcu2\\vendor\\laravel\\framework\\src\\Illuminate\\Foundation\\Http\\Middleware\\CheckForMaintenanceMode.php(63): Illuminate\\Pipeline\\Pipeline->Illuminate\\Pipeline\\{closure}(Object(Illuminate\\Http\\Request))
#39 C:\\laragon\\www\\es_ldcu2\\vendor\\laravel\\framework\\src\\Illuminate\\Pipeline\\Pipeline.php(171): Illuminate\\Foundation\\Http\\Middleware\\CheckForMaintenanceMode->handle(Object(Illuminate\\Http\\Request), Object(Closure))
#40 C:\\laragon\\www\\es_ldcu2\\vendor\\fideloper\\proxy\\src\\TrustProxies.php(57): Illuminate\\Pipeline\\Pipeline->Illuminate\\Pipeline\\{closure}(Object(Illuminate\\Http\\Request))
#41 C:\\laragon\\www\\es_ldcu2\\vendor\\laravel\\framework\\src\\Illuminate\\Pipeline\\Pipeline.php(171): Fideloper\\Proxy\\TrustProxies->handle(Object(Illuminate\\Http\\Request), Object(Closure))
#42 C:\\laragon\\www\\es_ldcu2\\vendor\\laravel\\framework\\src\\Illuminate\\Pipeline\\Pipeline.php(105): Illuminate\\Pipeline\\Pipeline->Illuminate\\Pipeline\\{closure}(Object(Illuminate\\Http\\Request))
#43 C:\\laragon\\www\\es_ldcu2\\vendor\\laravel\\framework\\src\\Illuminate\\Foundation\\Http\\Kernel.php(145): Illuminate\\Pipeline\\Pipeline->then(Object(Closure))
#44 C:\\laragon\\www\\es_ldcu2\\vendor\\laravel\\framework\\src\\Illuminate\\Foundation\\Http\\Kernel.php(110): Illuminate\\Foundation\\Http\\Kernel->sendRequestThroughRouter(Object(Illuminate\\Http\\Request))
#45 C:\\laragon\\www\\es_ldcu2\\public\\index.php(55): Illuminate\\Foundation\\Http\\Kernel->handle(Object(Illuminate\\Http\\Request))
#46 C:\\laragon\\www\\es_ldcu2\\server.php(21): require_once('C:\\\\laragon\\\\www\\\\...')
#47 {main}

[previous exception] [object] (PDOException(code: 42S22): SQLSTATE[42S22]: Column not found: 1054 Unknown column 'enrolledstud.yearid' in 'field list' at C:\\laragon\\www\\es_ldcu2\\vendor\\laravel\\framework\\src\\Illuminate\\Database\\Connection.php:331)
[stacktrace]
#0 C:\\laragon\\www\\es_ldcu2\\vendor\\laravel\\framework\\src\\Illuminate\\Database\\Connection.php(331): PDO->prepare('select `studinf...')
#1 C:\\laragon\\www\\es_ldcu2\\vendor\\laravel\\framework\\src\\Illuminate\\Database\\Connection.php(662): Illuminate\\Database\\Connection->Illuminate\\Database\\{closure}('select `studinf...', Array)
#2 C:\\laragon\\www\\es_ldcu2\\vendor\\laravel\\framework\\src\\Illuminate\\Database\\Connection.php(629): Illuminate\\Database\\Connection->runQueryCallback('select `studinf...', Array, Object(Closure))
#3 C:\\laragon\\www\\es_ldcu2\\vendor\\laravel\\framework\\src\\Illuminate\\Database\\Connection.php(338): Illuminate\\Database\\Connection->run('select `studinf...', Array, Object(Closure))
#4 C:\\laragon\\www\\es_ldcu2\\vendor\\laravel\\framework\\src\\Illuminate\\Database\\Query\\Builder.php(2159): Illuminate\\Database\\Connection->select('select `studinf...', Array, true)
#5 C:\\laragon\\www\\es_ldcu2\\vendor\\laravel\\framework\\src\\Illuminate\\Database\\Query\\Builder.php(2147): Illuminate\\Database\\Query\\Builder->runSelect()
#6 C:\\laragon\\www\\es_ldcu2\\vendor\\laravel\\framework\\src\\Illuminate\\Database\\Query\\Builder.php(2619): Illuminate\\Database\\Query\\Builder->Illuminate\\Database\\Query\\{closure}()
#7 C:\\laragon\\www\\es_ldcu2\\vendor\\laravel\\framework\\src\\Illuminate\\Database\\Query\\Builder.php(2148): Illuminate\\Database\\Query\\Builder->onceWithColumns(Array, Object(Closure))
#8 C:\\laragon\\www\\es_ldcu2\\app\\Http\\Controllers\\Migration\\RegistrarMigration.php(343): Illuminate\\Database\\Query\\Builder->get()
#9 C:\\laragon\\www\\es_ldcu2\\vendor\\laravel\\framework\\src\\Illuminate\\Routing\\Controller.php(54): App\\Http\\Controllers\\Migration\\RegistrarMigration->downloadTorMasterlistBatch(Object(Illuminate\\Http\\Request))
#10 C:\\laragon\\www\\es_ldcu2\\vendor\\laravel\\framework\\src\\Illuminate\\Routing\\ControllerDispatcher.php(45): Illuminate\\Routing\\Controller->callAction('downloadTorMast...', Array)
#11 C:\\laragon\\www\\es_ldcu2\\vendor\\laravel\\framework\\src\\Illuminate\\Routing\\Route.php(219): Illuminate\\Routing\\ControllerDispatcher->dispatch(Object(Illuminate\\Routing\\Route), Object(App\\Http\\Controllers\\Migration\\RegistrarMigration), 'downloadTorMast...')
#12 C:\\laragon\\www\\es_ldcu2\\vendor\\laravel\\framework\\src\\Illuminate\\Routing\\Route.php(176): Illuminate\\Routing\\Route->runController()
#13 C:\\laragon\\www\\es_ldcu2\\vendor\\laravel\\framework\\src\\Illuminate\\Routing\\Router.php(681): Illuminate\\Routing\\Route->run()
#14 C:\\laragon\\www\\es_ldcu2\\vendor\\laravel\\framework\\src\\Illuminate\\Pipeline\\Pipeline.php(130): Illuminate\\Routing\\Router->Illuminate\\Routing\\{closure}(Object(Illuminate\\Http\\Request))
#15 C:\\laragon\\www\\es_ldcu2\\vendor\\laravel\\framework\\src\\Illuminate\\Routing\\Middleware\\SubstituteBindings.php(41): Illuminate\\Pipeline\\Pipeline->Illuminate\\Pipeline\\{closure}(Object(Illuminate\\Http\\Request))
#16 C:\\laragon\\www\\es_ldcu2\\vendor\\laravel\\framework\\src\\Illuminate\\Pipeline\\Pipeline.php(171): Illuminate\\Routing\\Middleware\\SubstituteBindings->handle(Object(Illuminate\\Http\\Request), Object(Closure))
#17 C:\\laragon\\www\\es_ldcu2\\vendor\\laravel\\framework\\src\\Illuminate\\Foundation\\Http\\Middleware\\VerifyCsrfToken.php(78): Illuminate\\Pipeline\\Pipeline->Illuminate\\Pipeline\\{closure}(Object(Illuminate\\Http\\Request))
#18 C:\\laragon\\www\\es_ldcu2\\vendor\\laravel\\framework\\src\\Illuminate\\Pipeline\\Pipeline.php(171): Illuminate\\Foundation\\Http\\Middleware\\VerifyCsrfToken->handle(Object(Illuminate\\Http\\Request), Object(Closure))
#19 C:\\laragon\\www\\es_ldcu2\\vendor\\laravel\\framework\\src\\Illuminate\\View\\Middleware\\ShareErrorsFromSession.php(49): Illuminate\\Pipeline\\Pipeline->Illuminate\\Pipeline\\{closure}(Object(Illuminate\\Http\\Request))
#20 C:\\laragon\\www\\es_ldcu2\\vendor\\laravel\\framework\\src\\Illuminate\\Pipeline\\Pipeline.php(171): Illuminate\\View\\Middleware\\ShareErrorsFromSession->handle(Object(Illuminate\\Http\\Request), Object(Closure))
#21 C:\\laragon\\www\\es_ldcu2\\vendor\\laravel\\framework\\src\\Illuminate\\Session\\Middleware\\StartSession.php(56): Illuminate\\Pipeline\\Pipeline->Illuminate\\Pipeline\\{closure}(Object(Illuminate\\Http\\Request))
#22 C:\\laragon\\www\\es_ldcu2\\vendor\\laravel\\framework\\src\\Illuminate\\Pipeline\\Pipeline.php(171): Illuminate\\Session\\Middleware\\StartSession->handle(Object(Illuminate\\Http\\Request), Object(Closure))
#23 C:\\laragon\\www\\es_ldcu2\\vendor\\laravel\\framework\\src\\Illuminate\\Cookie\\Middleware\\AddQueuedCookiesToResponse.php(37): Illuminate\\Pipeline\\Pipeline->Illuminate\\Pipeline\\{closure}(Object(Illuminate\\Http\\Request))
#24 C:\\laragon\\www\\es_ldcu2\\vendor\\laravel\\framework\\src\\Illuminate\\Pipeline\\Pipeline.php(171): Illuminate\\Cookie\\Middleware\\AddQueuedCookiesToResponse->handle(Object(Illuminate\\Http\\Request), Object(Closure))
#25 C:\\laragon\\www\\es_ldcu2\\vendor\\laravel\\framework\\src\\Illuminate\\Cookie\\Middleware\\EncryptCookies.php(67): Illuminate\\Pipeline\\Pipeline->Illuminate\\Pipeline\\{closure}(Object(Illuminate\\Http\\Request))
#26 C:\\laragon\\www\\es_ldcu2\\vendor\\laravel\\framework\\src\\Illuminate\\Pipeline\\Pipeline.php(171): Illuminate\\Cookie\\Middleware\\EncryptCookies->handle(Object(Illuminate\\Http\\Request), Object(Closure))
#27 C:\\laragon\\www\\es_ldcu2\\vendor\\laravel\\framework\\src\\Illuminate\\Pipeline\\Pipeline.php(105): Illuminate\\Pipeline\\Pipeline->Illuminate\\Pipeline\\{closure}(Object(Illuminate\\Http\\Request))
#28 C:\\laragon\\www\\es_ldcu2\\vendor\\laravel\\framework\\src\\Illuminate\\Routing\\Router.php(683): Illuminate\\Pipeline\\Pipeline->then(Object(Closure))
#29 C:\\laragon\\www\\es_ldcu2\\vendor\\laravel\\framework\\src\\Illuminate\\Routing\\Router.php(658): Illuminate\\Routing\\Router->runRouteWithinStack(Object(Illuminate\\Routing\\Route), Object(Illuminate\\Http\\Request))
#30 C:\\laragon\\www\\es_ldcu2\\vendor\\laravel\\framework\\src\\Illuminate\\Routing\\Router.php(624): Illuminate\\Routing\\Router->runRoute(Object(Illuminate\\Http\\Request), Object(Illuminate\\Routing\\Route))
#31 C:\\laragon\\www\\es_ldcu2\\vendor\\laravel\\framework\\src\\Illuminate\\Routing\\Router.php(613): Illuminate\\Routing\\Router->dispatchToRoute(Object(Illuminate\\Http\\Request))
#32 C:\\laragon\\www\\es_ldcu2\\vendor\\laravel\\framework\\src\\Illuminate\\Foundation\\Http\\Kernel.php(170): Illuminate\\Routing\\Router->dispatch(Object(Illuminate\\Http\\Request))
#33 C:\\laragon\\www\\es_ldcu2\\vendor\\laravel\\framework\\src\\Illuminate\\Pipeline\\Pipeline.php(130): Illuminate\\Foundation\\Http\\Kernel->Illuminate\\Foundation\\Http\\{closure}(Object(Illuminate\\Http\\Request))
#34 C:\\laragon\\www\\es_ldcu2\\vendor\\laravel\\framework\\src\\Illuminate\\Foundation\\Http\\Middleware\\TransformsRequest.php(21): Illuminate\\Pipeline\\Pipeline->Illuminate\\Pipeline\\{closure}(Object(Illuminate\\Http\\Request))
#35 C:\\laragon\\www\\es_ldcu2\\vendor\\laravel\\framework\\src\\Illuminate\\Pipeline\\Pipeline.php(171): Illuminate\\Foundation\\Http\\Middleware\\TransformsRequest->handle(Object(Illuminate\\Http\\Request), Object(Closure))
#36 C:\\laragon\\www\\es_ldcu2\\vendor\\laravel\\framework\\src\\Illuminate\\Foundation\\Http\\Middleware\\TransformsRequest.php(21): Illuminate\\Pipeline\\Pipeline->Illuminate\\Pipeline\\{closure}(Object(Illuminate\\Http\\Request))
#37 C:\\laragon\\www\\es_ldcu2\\vendor\\laravel\\framework\\src\\Illuminate\\Pipeline\\Pipeline.php(171): Illuminate\\Foundation\\Http\\Middleware\\TransformsRequest->handle(Object(Illuminate\\Http\\Request), Object(Closure))
#38 C:\\laragon\\www\\es_ldcu2\\vendor\\laravel\\framework\\src\\Illuminate\\Foundation\\Http\\Middleware\\ValidatePostSize.php(27): Illuminate\\Pipeline\\Pipeline->Illuminate\\Pipeline\\{closure}(Object(Illuminate\\Http\\Request))
#39 C:\\laragon\\www\\es_ldcu2\\vendor\\laravel\\framework\\src\\Illuminate\\Pipeline\\Pipeline.php(171): Illuminate\\Foundation\\Http\\Middleware\\ValidatePostSize->handle(Object(Illuminate\\Http\\Request), Object(Closure))
#40 C:\\laragon\\www\\es_ldcu2\\vendor\\laravel\\framework\\src\\Illuminate\\Foundation\\Http\\Middleware\\CheckForMaintenanceMode.php(63): Illuminate\\Pipeline\\Pipeline->Illuminate\\Pipeline\\{closure}(Object(Illuminate\\Http\\Request))
#41 C:\\laragon\\www\\es_ldcu2\\vendor\\laravel\\framework\\src\\Illuminate\\Pipeline\\Pipeline.php(171): Illuminate\\Foundation\\Http\\Middleware\\CheckForMaintenanceMode->handle(Object(Illuminate\\Http\\Request), Object(Closure))
#42 C:\\laragon\\www\\es_ldcu2\\vendor\\fideloper\\proxy\\src\\TrustProxies.php(57): Illuminate\\Pipeline\\Pipeline->Illuminate\\Pipeline\\{closure}(Object(Illuminate\\Http\\Request))
#43 C:\\laragon\\www\\es_ldcu2\\vendor\\laravel\\framework\\src\\Illuminate\\Pipeline\\Pipeline.php(171): Fideloper\\Proxy\\TrustProxies->handle(Object(Illuminate\\Http\\Request), Object(Closure))
#44 C:\\laragon\\www\\es_ldcu2\\vendor\\laravel\\framework\\src\\Illuminate\\Pipeline\\Pipeline.php(105): Illuminate\\Pipeline\\Pipeline->Illuminate\\Pipeline\\{closure}(Object(Illuminate\\Http\\Request))
#45 C:\\laragon\\www\\es_ldcu2\\vendor\\laravel\\framework\\src\\Illuminate\\Foundation\\Http\\Kernel.php(145): Illuminate\\Pipeline\\Pipeline->then(Object(Closure))
#46 C:\\laragon\\www\\es_ldcu2\\vendor\\laravel\\framework\\src\\Illuminate\\Foundation\\Http\\Kernel.php(110): Illuminate\\Foundation\\Http\\Kernel->sendRequestThroughRouter(Object(Illuminate\\Http\\Request))
#47 C:\\laragon\\www\\es_ldcu2\\public\\index.php(55): Illuminate\\Foundation\\Http\\Kernel->handle(Object(Illuminate\\Http\\Request))
#48 C:\\laragon\\www\\es_ldcu2\\server.php(21): require_once('C:\\\\laragon\\\\www\\\\...')
#49 {main}
"} 
[2025-07-11 02:32:57] local.ERROR: SQLSTATE[42S22]: Column not found: 1054 Unknown column 'enrolledstud.yearid' in 'field list' (SQL: select `studinfo`.`id` as `studentid`, `studinfo`.`lastname`, `studinfo`.`firstname`, `studinfo`.`middlename`, `studinfo`.`suffix`, `studinfo`.`courseid`, `studinfo`.`levelid`, `enrolledstud`.`yearid` from `studinfo` inner join `enrolledstud` on `studinfo`.`id` = `enrolledstud`.`studid` where `enrolledstud`.`sectionid` = 1 and `enrolledstud`.`syid` = 2 and `enrolledstud`.`studstatus` != 0 and `enrolledstud`.`studstatus` <= 5 and `enrolledstud`.`deleted` = 0 and `studinfo`.`deleted` = 0 and `studinfo`.`courseid` is not null order by `enrolledstud`.`yearid` asc, `studinfo`.`courseid` asc, `studinfo`.`lastname` asc) {"userId":1,"exception":"[object] (Illuminate\\Database\\QueryException(code: 42S22): SQLSTATE[42S22]: Column not found: 1054 Unknown column 'enrolledstud.yearid' in 'field list' (SQL: select `studinfo`.`id` as `studentid`, `studinfo`.`lastname`, `studinfo`.`firstname`, `studinfo`.`middlename`, `studinfo`.`suffix`, `studinfo`.`courseid`, `studinfo`.`levelid`, `enrolledstud`.`yearid` from `studinfo` inner join `enrolledstud` on `studinfo`.`id` = `enrolledstud`.`studid` where `enrolledstud`.`sectionid` = 1 and `enrolledstud`.`syid` = 2 and `enrolledstud`.`studstatus` != 0 and `enrolledstud`.`studstatus` <= 5 and `enrolledstud`.`deleted` = 0 and `studinfo`.`deleted` = 0 and `studinfo`.`courseid` is not null order by `enrolledstud`.`yearid` asc, `studinfo`.`courseid` asc, `studinfo`.`lastname` asc) at C:\\laragon\\www\\es_ldcu2\\vendor\\laravel\\framework\\src\\Illuminate\\Database\\Connection.php:669)
[stacktrace]
#0 C:\\laragon\\www\\es_ldcu2\\vendor\\laravel\\framework\\src\\Illuminate\\Database\\Connection.php(629): Illuminate\\Database\\Connection->runQueryCallback('select `studinf...', Array, Object(Closure))
#1 C:\\laragon\\www\\es_ldcu2\\vendor\\laravel\\framework\\src\\Illuminate\\Database\\Connection.php(338): Illuminate\\Database\\Connection->run('select `studinf...', Array, Object(Closure))
#2 C:\\laragon\\www\\es_ldcu2\\vendor\\laravel\\framework\\src\\Illuminate\\Database\\Query\\Builder.php(2159): Illuminate\\Database\\Connection->select('select `studinf...', Array, true)
#3 C:\\laragon\\www\\es_ldcu2\\vendor\\laravel\\framework\\src\\Illuminate\\Database\\Query\\Builder.php(2147): Illuminate\\Database\\Query\\Builder->runSelect()
#4 C:\\laragon\\www\\es_ldcu2\\vendor\\laravel\\framework\\src\\Illuminate\\Database\\Query\\Builder.php(2619): Illuminate\\Database\\Query\\Builder->Illuminate\\Database\\Query\\{closure}()
#5 C:\\laragon\\www\\es_ldcu2\\vendor\\laravel\\framework\\src\\Illuminate\\Database\\Query\\Builder.php(2148): Illuminate\\Database\\Query\\Builder->onceWithColumns(Array, Object(Closure))
#6 C:\\laragon\\www\\es_ldcu2\\app\\Http\\Controllers\\Migration\\RegistrarMigration.php(343): Illuminate\\Database\\Query\\Builder->get()
#7 C:\\laragon\\www\\es_ldcu2\\vendor\\laravel\\framework\\src\\Illuminate\\Routing\\Controller.php(54): App\\Http\\Controllers\\Migration\\RegistrarMigration->downloadTorMasterlistBatch(Object(Illuminate\\Http\\Request))
#8 C:\\laragon\\www\\es_ldcu2\\vendor\\laravel\\framework\\src\\Illuminate\\Routing\\ControllerDispatcher.php(45): Illuminate\\Routing\\Controller->callAction('downloadTorMast...', Array)
#9 C:\\laragon\\www\\es_ldcu2\\vendor\\laravel\\framework\\src\\Illuminate\\Routing\\Route.php(219): Illuminate\\Routing\\ControllerDispatcher->dispatch(Object(Illuminate\\Routing\\Route), Object(App\\Http\\Controllers\\Migration\\RegistrarMigration), 'downloadTorMast...')
#10 C:\\laragon\\www\\es_ldcu2\\vendor\\laravel\\framework\\src\\Illuminate\\Routing\\Route.php(176): Illuminate\\Routing\\Route->runController()
#11 C:\\laragon\\www\\es_ldcu2\\vendor\\laravel\\framework\\src\\Illuminate\\Routing\\Router.php(681): Illuminate\\Routing\\Route->run()
#12 C:\\laragon\\www\\es_ldcu2\\vendor\\laravel\\framework\\src\\Illuminate\\Pipeline\\Pipeline.php(130): Illuminate\\Routing\\Router->Illuminate\\Routing\\{closure}(Object(Illuminate\\Http\\Request))
#13 C:\\laragon\\www\\es_ldcu2\\vendor\\laravel\\framework\\src\\Illuminate\\Routing\\Middleware\\SubstituteBindings.php(41): Illuminate\\Pipeline\\Pipeline->Illuminate\\Pipeline\\{closure}(Object(Illuminate\\Http\\Request))
#14 C:\\laragon\\www\\es_ldcu2\\vendor\\laravel\\framework\\src\\Illuminate\\Pipeline\\Pipeline.php(171): Illuminate\\Routing\\Middleware\\SubstituteBindings->handle(Object(Illuminate\\Http\\Request), Object(Closure))
#15 C:\\laragon\\www\\es_ldcu2\\vendor\\laravel\\framework\\src\\Illuminate\\Foundation\\Http\\Middleware\\VerifyCsrfToken.php(78): Illuminate\\Pipeline\\Pipeline->Illuminate\\Pipeline\\{closure}(Object(Illuminate\\Http\\Request))
#16 C:\\laragon\\www\\es_ldcu2\\vendor\\laravel\\framework\\src\\Illuminate\\Pipeline\\Pipeline.php(171): Illuminate\\Foundation\\Http\\Middleware\\VerifyCsrfToken->handle(Object(Illuminate\\Http\\Request), Object(Closure))
#17 C:\\laragon\\www\\es_ldcu2\\vendor\\laravel\\framework\\src\\Illuminate\\View\\Middleware\\ShareErrorsFromSession.php(49): Illuminate\\Pipeline\\Pipeline->Illuminate\\Pipeline\\{closure}(Object(Illuminate\\Http\\Request))
#18 C:\\laragon\\www\\es_ldcu2\\vendor\\laravel\\framework\\src\\Illuminate\\Pipeline\\Pipeline.php(171): Illuminate\\View\\Middleware\\ShareErrorsFromSession->handle(Object(Illuminate\\Http\\Request), Object(Closure))
#19 C:\\laragon\\www\\es_ldcu2\\vendor\\laravel\\framework\\src\\Illuminate\\Session\\Middleware\\StartSession.php(56): Illuminate\\Pipeline\\Pipeline->Illuminate\\Pipeline\\{closure}(Object(Illuminate\\Http\\Request))
#20 C:\\laragon\\www\\es_ldcu2\\vendor\\laravel\\framework\\src\\Illuminate\\Pipeline\\Pipeline.php(171): Illuminate\\Session\\Middleware\\StartSession->handle(Object(Illuminate\\Http\\Request), Object(Closure))
#21 C:\\laragon\\www\\es_ldcu2\\vendor\\laravel\\framework\\src\\Illuminate\\Cookie\\Middleware\\AddQueuedCookiesToResponse.php(37): Illuminate\\Pipeline\\Pipeline->Illuminate\\Pipeline\\{closure}(Object(Illuminate\\Http\\Request))
#22 C:\\laragon\\www\\es_ldcu2\\vendor\\laravel\\framework\\src\\Illuminate\\Pipeline\\Pipeline.php(171): Illuminate\\Cookie\\Middleware\\AddQueuedCookiesToResponse->handle(Object(Illuminate\\Http\\Request), Object(Closure))
#23 C:\\laragon\\www\\es_ldcu2\\vendor\\laravel\\framework\\src\\Illuminate\\Cookie\\Middleware\\EncryptCookies.php(67): Illuminate\\Pipeline\\Pipeline->Illuminate\\Pipeline\\{closure}(Object(Illuminate\\Http\\Request))
#24 C:\\laragon\\www\\es_ldcu2\\vendor\\laravel\\framework\\src\\Illuminate\\Pipeline\\Pipeline.php(171): Illuminate\\Cookie\\Middleware\\EncryptCookies->handle(Object(Illuminate\\Http\\Request), Object(Closure))
#25 C:\\laragon\\www\\es_ldcu2\\vendor\\laravel\\framework\\src\\Illuminate\\Pipeline\\Pipeline.php(105): Illuminate\\Pipeline\\Pipeline->Illuminate\\Pipeline\\{closure}(Object(Illuminate\\Http\\Request))
#26 C:\\laragon\\www\\es_ldcu2\\vendor\\laravel\\framework\\src\\Illuminate\\Routing\\Router.php(683): Illuminate\\Pipeline\\Pipeline->then(Object(Closure))
#27 C:\\laragon\\www\\es_ldcu2\\vendor\\laravel\\framework\\src\\Illuminate\\Routing\\Router.php(658): Illuminate\\Routing\\Router->runRouteWithinStack(Object(Illuminate\\Routing\\Route), Object(Illuminate\\Http\\Request))
#28 C:\\laragon\\www\\es_ldcu2\\vendor\\laravel\\framework\\src\\Illuminate\\Routing\\Router.php(624): Illuminate\\Routing\\Router->runRoute(Object(Illuminate\\Http\\Request), Object(Illuminate\\Routing\\Route))
#29 C:\\laragon\\www\\es_ldcu2\\vendor\\laravel\\framework\\src\\Illuminate\\Routing\\Router.php(613): Illuminate\\Routing\\Router->dispatchToRoute(Object(Illuminate\\Http\\Request))
#30 C:\\laragon\\www\\es_ldcu2\\vendor\\laravel\\framework\\src\\Illuminate\\Foundation\\Http\\Kernel.php(170): Illuminate\\Routing\\Router->dispatch(Object(Illuminate\\Http\\Request))
#31 C:\\laragon\\www\\es_ldcu2\\vendor\\laravel\\framework\\src\\Illuminate\\Pipeline\\Pipeline.php(130): Illuminate\\Foundation\\Http\\Kernel->Illuminate\\Foundation\\Http\\{closure}(Object(Illuminate\\Http\\Request))
#32 C:\\laragon\\www\\es_ldcu2\\vendor\\laravel\\framework\\src\\Illuminate\\Foundation\\Http\\Middleware\\TransformsRequest.php(21): Illuminate\\Pipeline\\Pipeline->Illuminate\\Pipeline\\{closure}(Object(Illuminate\\Http\\Request))
#33 C:\\laragon\\www\\es_ldcu2\\vendor\\laravel\\framework\\src\\Illuminate\\Pipeline\\Pipeline.php(171): Illuminate\\Foundation\\Http\\Middleware\\TransformsRequest->handle(Object(Illuminate\\Http\\Request), Object(Closure))
#34 C:\\laragon\\www\\es_ldcu2\\vendor\\laravel\\framework\\src\\Illuminate\\Foundation\\Http\\Middleware\\TransformsRequest.php(21): Illuminate\\Pipeline\\Pipeline->Illuminate\\Pipeline\\{closure}(Object(Illuminate\\Http\\Request))
#35 C:\\laragon\\www\\es_ldcu2\\vendor\\laravel\\framework\\src\\Illuminate\\Pipeline\\Pipeline.php(171): Illuminate\\Foundation\\Http\\Middleware\\TransformsRequest->handle(Object(Illuminate\\Http\\Request), Object(Closure))
#36 C:\\laragon\\www\\es_ldcu2\\vendor\\laravel\\framework\\src\\Illuminate\\Foundation\\Http\\Middleware\\ValidatePostSize.php(27): Illuminate\\Pipeline\\Pipeline->Illuminate\\Pipeline\\{closure}(Object(Illuminate\\Http\\Request))
#37 C:\\laragon\\www\\es_ldcu2\\vendor\\laravel\\framework\\src\\Illuminate\\Pipeline\\Pipeline.php(171): Illuminate\\Foundation\\Http\\Middleware\\ValidatePostSize->handle(Object(Illuminate\\Http\\Request), Object(Closure))
#38 C:\\laragon\\www\\es_ldcu2\\vendor\\laravel\\framework\\src\\Illuminate\\Foundation\\Http\\Middleware\\CheckForMaintenanceMode.php(63): Illuminate\\Pipeline\\Pipeline->Illuminate\\Pipeline\\{closure}(Object(Illuminate\\Http\\Request))
#39 C:\\laragon\\www\\es_ldcu2\\vendor\\laravel\\framework\\src\\Illuminate\\Pipeline\\Pipeline.php(171): Illuminate\\Foundation\\Http\\Middleware\\CheckForMaintenanceMode->handle(Object(Illuminate\\Http\\Request), Object(Closure))
#40 C:\\laragon\\www\\es_ldcu2\\vendor\\fideloper\\proxy\\src\\TrustProxies.php(57): Illuminate\\Pipeline\\Pipeline->Illuminate\\Pipeline\\{closure}(Object(Illuminate\\Http\\Request))
#41 C:\\laragon\\www\\es_ldcu2\\vendor\\laravel\\framework\\src\\Illuminate\\Pipeline\\Pipeline.php(171): Fideloper\\Proxy\\TrustProxies->handle(Object(Illuminate\\Http\\Request), Object(Closure))
#42 C:\\laragon\\www\\es_ldcu2\\vendor\\laravel\\framework\\src\\Illuminate\\Pipeline\\Pipeline.php(105): Illuminate\\Pipeline\\Pipeline->Illuminate\\Pipeline\\{closure}(Object(Illuminate\\Http\\Request))
#43 C:\\laragon\\www\\es_ldcu2\\vendor\\laravel\\framework\\src\\Illuminate\\Foundation\\Http\\Kernel.php(145): Illuminate\\Pipeline\\Pipeline->then(Object(Closure))
#44 C:\\laragon\\www\\es_ldcu2\\vendor\\laravel\\framework\\src\\Illuminate\\Foundation\\Http\\Kernel.php(110): Illuminate\\Foundation\\Http\\Kernel->sendRequestThroughRouter(Object(Illuminate\\Http\\Request))
#45 C:\\laragon\\www\\es_ldcu2\\public\\index.php(55): Illuminate\\Foundation\\Http\\Kernel->handle(Object(Illuminate\\Http\\Request))
#46 C:\\laragon\\www\\es_ldcu2\\server.php(21): require_once('C:\\\\laragon\\\\www\\\\...')
#47 {main}

[previous exception] [object] (PDOException(code: 42S22): SQLSTATE[42S22]: Column not found: 1054 Unknown column 'enrolledstud.yearid' in 'field list' at C:\\laragon\\www\\es_ldcu2\\vendor\\laravel\\framework\\src\\Illuminate\\Database\\Connection.php:331)
[stacktrace]
#0 C:\\laragon\\www\\es_ldcu2\\vendor\\laravel\\framework\\src\\Illuminate\\Database\\Connection.php(331): PDO->prepare('select `studinf...')
#1 C:\\laragon\\www\\es_ldcu2\\vendor\\laravel\\framework\\src\\Illuminate\\Database\\Connection.php(662): Illuminate\\Database\\Connection->Illuminate\\Database\\{closure}('select `studinf...', Array)
#2 C:\\laragon\\www\\es_ldcu2\\vendor\\laravel\\framework\\src\\Illuminate\\Database\\Connection.php(629): Illuminate\\Database\\Connection->runQueryCallback('select `studinf...', Array, Object(Closure))
#3 C:\\laragon\\www\\es_ldcu2\\vendor\\laravel\\framework\\src\\Illuminate\\Database\\Connection.php(338): Illuminate\\Database\\Connection->run('select `studinf...', Array, Object(Closure))
#4 C:\\laragon\\www\\es_ldcu2\\vendor\\laravel\\framework\\src\\Illuminate\\Database\\Query\\Builder.php(2159): Illuminate\\Database\\Connection->select('select `studinf...', Array, true)
#5 C:\\laragon\\www\\es_ldcu2\\vendor\\laravel\\framework\\src\\Illuminate\\Database\\Query\\Builder.php(2147): Illuminate\\Database\\Query\\Builder->runSelect()
#6 C:\\laragon\\www\\es_ldcu2\\vendor\\laravel\\framework\\src\\Illuminate\\Database\\Query\\Builder.php(2619): Illuminate\\Database\\Query\\Builder->Illuminate\\Database\\Query\\{closure}()
#7 C:\\laragon\\www\\es_ldcu2\\vendor\\laravel\\framework\\src\\Illuminate\\Database\\Query\\Builder.php(2148): Illuminate\\Database\\Query\\Builder->onceWithColumns(Array, Object(Closure))
#8 C:\\laragon\\www\\es_ldcu2\\app\\Http\\Controllers\\Migration\\RegistrarMigration.php(343): Illuminate\\Database\\Query\\Builder->get()
#9 C:\\laragon\\www\\es_ldcu2\\vendor\\laravel\\framework\\src\\Illuminate\\Routing\\Controller.php(54): App\\Http\\Controllers\\Migration\\RegistrarMigration->downloadTorMasterlistBatch(Object(Illuminate\\Http\\Request))
#10 C:\\laragon\\www\\es_ldcu2\\vendor\\laravel\\framework\\src\\Illuminate\\Routing\\ControllerDispatcher.php(45): Illuminate\\Routing\\Controller->callAction('downloadTorMast...', Array)
#11 C:\\laragon\\www\\es_ldcu2\\vendor\\laravel\\framework\\src\\Illuminate\\Routing\\Route.php(219): Illuminate\\Routing\\ControllerDispatcher->dispatch(Object(Illuminate\\Routing\\Route), Object(App\\Http\\Controllers\\Migration\\RegistrarMigration), 'downloadTorMast...')
#12 C:\\laragon\\www\\es_ldcu2\\vendor\\laravel\\framework\\src\\Illuminate\\Routing\\Route.php(176): Illuminate\\Routing\\Route->runController()
#13 C:\\laragon\\www\\es_ldcu2\\vendor\\laravel\\framework\\src\\Illuminate\\Routing\\Router.php(681): Illuminate\\Routing\\Route->run()
#14 C:\\laragon\\www\\es_ldcu2\\vendor\\laravel\\framework\\src\\Illuminate\\Pipeline\\Pipeline.php(130): Illuminate\\Routing\\Router->Illuminate\\Routing\\{closure}(Object(Illuminate\\Http\\Request))
#15 C:\\laragon\\www\\es_ldcu2\\vendor\\laravel\\framework\\src\\Illuminate\\Routing\\Middleware\\SubstituteBindings.php(41): Illuminate\\Pipeline\\Pipeline->Illuminate\\Pipeline\\{closure}(Object(Illuminate\\Http\\Request))
#16 C:\\laragon\\www\\es_ldcu2\\vendor\\laravel\\framework\\src\\Illuminate\\Pipeline\\Pipeline.php(171): Illuminate\\Routing\\Middleware\\SubstituteBindings->handle(Object(Illuminate\\Http\\Request), Object(Closure))
#17 C:\\laragon\\www\\es_ldcu2\\vendor\\laravel\\framework\\src\\Illuminate\\Foundation\\Http\\Middleware\\VerifyCsrfToken.php(78): Illuminate\\Pipeline\\Pipeline->Illuminate\\Pipeline\\{closure}(Object(Illuminate\\Http\\Request))
#18 C:\\laragon\\www\\es_ldcu2\\vendor\\laravel\\framework\\src\\Illuminate\\Pipeline\\Pipeline.php(171): Illuminate\\Foundation\\Http\\Middleware\\VerifyCsrfToken->handle(Object(Illuminate\\Http\\Request), Object(Closure))
#19 C:\\laragon\\www\\es_ldcu2\\vendor\\laravel\\framework\\src\\Illuminate\\View\\Middleware\\ShareErrorsFromSession.php(49): Illuminate\\Pipeline\\Pipeline->Illuminate\\Pipeline\\{closure}(Object(Illuminate\\Http\\Request))
#20 C:\\laragon\\www\\es_ldcu2\\vendor\\laravel\\framework\\src\\Illuminate\\Pipeline\\Pipeline.php(171): Illuminate\\View\\Middleware\\ShareErrorsFromSession->handle(Object(Illuminate\\Http\\Request), Object(Closure))
#21 C:\\laragon\\www\\es_ldcu2\\vendor\\laravel\\framework\\src\\Illuminate\\Session\\Middleware\\StartSession.php(56): Illuminate\\Pipeline\\Pipeline->Illuminate\\Pipeline\\{closure}(Object(Illuminate\\Http\\Request))
#22 C:\\laragon\\www\\es_ldcu2\\vendor\\laravel\\framework\\src\\Illuminate\\Pipeline\\Pipeline.php(171): Illuminate\\Session\\Middleware\\StartSession->handle(Object(Illuminate\\Http\\Request), Object(Closure))
#23 C:\\laragon\\www\\es_ldcu2\\vendor\\laravel\\framework\\src\\Illuminate\\Cookie\\Middleware\\AddQueuedCookiesToResponse.php(37): Illuminate\\Pipeline\\Pipeline->Illuminate\\Pipeline\\{closure}(Object(Illuminate\\Http\\Request))
#24 C:\\laragon\\www\\es_ldcu2\\vendor\\laravel\\framework\\src\\Illuminate\\Pipeline\\Pipeline.php(171): Illuminate\\Cookie\\Middleware\\AddQueuedCookiesToResponse->handle(Object(Illuminate\\Http\\Request), Object(Closure))
#25 C:\\laragon\\www\\es_ldcu2\\vendor\\laravel\\framework\\src\\Illuminate\\Cookie\\Middleware\\EncryptCookies.php(67): Illuminate\\Pipeline\\Pipeline->Illuminate\\Pipeline\\{closure}(Object(Illuminate\\Http\\Request))
#26 C:\\laragon\\www\\es_ldcu2\\vendor\\laravel\\framework\\src\\Illuminate\\Pipeline\\Pipeline.php(171): Illuminate\\Cookie\\Middleware\\EncryptCookies->handle(Object(Illuminate\\Http\\Request), Object(Closure))
#27 C:\\laragon\\www\\es_ldcu2\\vendor\\laravel\\framework\\src\\Illuminate\\Pipeline\\Pipeline.php(105): Illuminate\\Pipeline\\Pipeline->Illuminate\\Pipeline\\{closure}(Object(Illuminate\\Http\\Request))
#28 C:\\laragon\\www\\es_ldcu2\\vendor\\laravel\\framework\\src\\Illuminate\\Routing\\Router.php(683): Illuminate\\Pipeline\\Pipeline->then(Object(Closure))
#29 C:\\laragon\\www\\es_ldcu2\\vendor\\laravel\\framework\\src\\Illuminate\\Routing\\Router.php(658): Illuminate\\Routing\\Router->runRouteWithinStack(Object(Illuminate\\Routing\\Route), Object(Illuminate\\Http\\Request))
#30 C:\\laragon\\www\\es_ldcu2\\vendor\\laravel\\framework\\src\\Illuminate\\Routing\\Router.php(624): Illuminate\\Routing\\Router->runRoute(Object(Illuminate\\Http\\Request), Object(Illuminate\\Routing\\Route))
#31 C:\\laragon\\www\\es_ldcu2\\vendor\\laravel\\framework\\src\\Illuminate\\Routing\\Router.php(613): Illuminate\\Routing\\Router->dispatchToRoute(Object(Illuminate\\Http\\Request))
#32 C:\\laragon\\www\\es_ldcu2\\vendor\\laravel\\framework\\src\\Illuminate\\Foundation\\Http\\Kernel.php(170): Illuminate\\Routing\\Router->dispatch(Object(Illuminate\\Http\\Request))
#33 C:\\laragon\\www\\es_ldcu2\\vendor\\laravel\\framework\\src\\Illuminate\\Pipeline\\Pipeline.php(130): Illuminate\\Foundation\\Http\\Kernel->Illuminate\\Foundation\\Http\\{closure}(Object(Illuminate\\Http\\Request))
#34 C:\\laragon\\www\\es_ldcu2\\vendor\\laravel\\framework\\src\\Illuminate\\Foundation\\Http\\Middleware\\TransformsRequest.php(21): Illuminate\\Pipeline\\Pipeline->Illuminate\\Pipeline\\{closure}(Object(Illuminate\\Http\\Request))
#35 C:\\laragon\\www\\es_ldcu2\\vendor\\laravel\\framework\\src\\Illuminate\\Pipeline\\Pipeline.php(171): Illuminate\\Foundation\\Http\\Middleware\\TransformsRequest->handle(Object(Illuminate\\Http\\Request), Object(Closure))
#36 C:\\laragon\\www\\es_ldcu2\\vendor\\laravel\\framework\\src\\Illuminate\\Foundation\\Http\\Middleware\\TransformsRequest.php(21): Illuminate\\Pipeline\\Pipeline->Illuminate\\Pipeline\\{closure}(Object(Illuminate\\Http\\Request))
#37 C:\\laragon\\www\\es_ldcu2\\vendor\\laravel\\framework\\src\\Illuminate\\Pipeline\\Pipeline.php(171): Illuminate\\Foundation\\Http\\Middleware\\TransformsRequest->handle(Object(Illuminate\\Http\\Request), Object(Closure))
#38 C:\\laragon\\www\\es_ldcu2\\vendor\\laravel\\framework\\src\\Illuminate\\Foundation\\Http\\Middleware\\ValidatePostSize.php(27): Illuminate\\Pipeline\\Pipeline->Illuminate\\Pipeline\\{closure}(Object(Illuminate\\Http\\Request))
#39 C:\\laragon\\www\\es_ldcu2\\vendor\\laravel\\framework\\src\\Illuminate\\Pipeline\\Pipeline.php(171): Illuminate\\Foundation\\Http\\Middleware\\ValidatePostSize->handle(Object(Illuminate\\Http\\Request), Object(Closure))
#40 C:\\laragon\\www\\es_ldcu2\\vendor\\laravel\\framework\\src\\Illuminate\\Foundation\\Http\\Middleware\\CheckForMaintenanceMode.php(63): Illuminate\\Pipeline\\Pipeline->Illuminate\\Pipeline\\{closure}(Object(Illuminate\\Http\\Request))
#41 C:\\laragon\\www\\es_ldcu2\\vendor\\laravel\\framework\\src\\Illuminate\\Pipeline\\Pipeline.php(171): Illuminate\\Foundation\\Http\\Middleware\\CheckForMaintenanceMode->handle(Object(Illuminate\\Http\\Request), Object(Closure))
#42 C:\\laragon\\www\\es_ldcu2\\vendor\\fideloper\\proxy\\src\\TrustProxies.php(57): Illuminate\\Pipeline\\Pipeline->Illuminate\\Pipeline\\{closure}(Object(Illuminate\\Http\\Request))
#43 C:\\laragon\\www\\es_ldcu2\\vendor\\laravel\\framework\\src\\Illuminate\\Pipeline\\Pipeline.php(171): Fideloper\\Proxy\\TrustProxies->handle(Object(Illuminate\\Http\\Request), Object(Closure))
#44 C:\\laragon\\www\\es_ldcu2\\vendor\\laravel\\framework\\src\\Illuminate\\Pipeline\\Pipeline.php(105): Illuminate\\Pipeline\\Pipeline->Illuminate\\Pipeline\\{closure}(Object(Illuminate\\Http\\Request))
#45 C:\\laragon\\www\\es_ldcu2\\vendor\\laravel\\framework\\src\\Illuminate\\Foundation\\Http\\Kernel.php(145): Illuminate\\Pipeline\\Pipeline->then(Object(Closure))
#46 C:\\laragon\\www\\es_ldcu2\\vendor\\laravel\\framework\\src\\Illuminate\\Foundation\\Http\\Kernel.php(110): Illuminate\\Foundation\\Http\\Kernel->sendRequestThroughRouter(Object(Illuminate\\Http\\Request))
#47 C:\\laragon\\www\\es_ldcu2\\public\\index.php(55): Illuminate\\Foundation\\Http\\Kernel->handle(Object(Illuminate\\Http\\Request))
#48 C:\\laragon\\www\\es_ldcu2\\server.php(21): require_once('C:\\\\laragon\\\\www\\\\...')
#49 {main}
"} 
[2025-07-11 02:33:27] local.ERROR: SQLSTATE[42S01]: Base table or view already exists: 1050 Table 'failed_jobs' already exists (SQL: create table `failed_jobs` (`id` bigint unsigned not null auto_increment primary key, `connection` text not null, `queue` text not null, `payload` longtext not null, `exception` longtext not null, `failed_at` timestamp default CURRENT_TIMESTAMP not null) default character set utf8mb4 collate 'utf8mb4_unicode_ci') {"exception":"[object] (Illuminate\\Database\\QueryException(code: 42S01): SQLSTATE[42S01]: Base table or view already exists: 1050 Table 'failed_jobs' already exists (SQL: create table `failed_jobs` (`id` bigint unsigned not null auto_increment primary key, `connection` text not null, `queue` text not null, `payload` longtext not null, `exception` longtext not null, `failed_at` timestamp default CURRENT_TIMESTAMP not null) default character set utf8mb4 collate 'utf8mb4_unicode_ci') at C:\\laragon\\www\\es_ldcu2\\vendor\\laravel\\framework\\src\\Illuminate\\Database\\Connection.php:669)
[stacktrace]
#0 C:\\laragon\\www\\es_ldcu2\\vendor\\laravel\\framework\\src\\Illuminate\\Database\\Connection.php(629): Illuminate\\Database\\Connection->runQueryCallback('create table `f...', Array, Object(Closure))
#1 C:\\laragon\\www\\es_ldcu2\\vendor\\laravel\\framework\\src\\Illuminate\\Database\\Connection.php(464): Illuminate\\Database\\Connection->run('create table `f...', Array, Object(Closure))
#2 C:\\laragon\\www\\es_ldcu2\\vendor\\laravel\\framework\\src\\Illuminate\\Database\\Schema\\Blueprint.php(97): Illuminate\\Database\\Connection->statement('create table `f...')
#3 C:\\laragon\\www\\es_ldcu2\\vendor\\laravel\\framework\\src\\Illuminate\\Database\\Schema\\Builder.php(290): Illuminate\\Database\\Schema\\Blueprint->build(Object(Illuminate\\Database\\MySqlConnection), Object(Illuminate\\Database\\Schema\\Grammars\\MySqlGrammar))
#4 C:\\laragon\\www\\es_ldcu2\\vendor\\laravel\\framework\\src\\Illuminate\\Database\\Schema\\Builder.php(167): Illuminate\\Database\\Schema\\Builder->build(Object(Illuminate\\Database\\Schema\\Blueprint))
#5 C:\\laragon\\www\\es_ldcu2\\vendor\\laravel\\framework\\src\\Illuminate\\Support\\Facades\\Facade.php(261): Illuminate\\Database\\Schema\\Builder->create('failed_jobs', Object(Closure))
#6 C:\\laragon\\www\\es_ldcu2\\database\\migrations\\2019_08_19_000000_create_failed_jobs_table.php(23): Illuminate\\Support\\Facades\\Facade::__callStatic('create', Array)
#7 C:\\laragon\\www\\es_ldcu2\\vendor\\laravel\\framework\\src\\Illuminate\\Database\\Migrations\\Migrator.php(392): CreateFailedJobsTable->up()
#8 C:\\laragon\\www\\es_ldcu2\\vendor\\laravel\\framework\\src\\Illuminate\\Database\\Migrations\\Migrator.php(401): Illuminate\\Database\\Migrations\\Migrator->Illuminate\\Database\\Migrations\\{closure}()
#9 C:\\laragon\\www\\es_ldcu2\\vendor\\laravel\\framework\\src\\Illuminate\\Database\\Migrations\\Migrator.php(200): Illuminate\\Database\\Migrations\\Migrator->runMigration(Object(CreateFailedJobsTable), 'up')
#10 C:\\laragon\\www\\es_ldcu2\\vendor\\laravel\\framework\\src\\Illuminate\\Database\\Migrations\\Migrator.php(165): Illuminate\\Database\\Migrations\\Migrator->runUp('C:\\\\laragon\\\\www\\\\...', 2, false)
#11 C:\\laragon\\www\\es_ldcu2\\vendor\\laravel\\framework\\src\\Illuminate\\Database\\Migrations\\Migrator.php(110): Illuminate\\Database\\Migrations\\Migrator->runPending(Array, Array)
#12 C:\\laragon\\www\\es_ldcu2\\vendor\\laravel\\framework\\src\\Illuminate\\Database\\Console\\Migrations\\MigrateCommand.php(71): Illuminate\\Database\\Migrations\\Migrator->run(Array, Array)
#13 C:\\laragon\\www\\es_ldcu2\\vendor\\laravel\\framework\\src\\Illuminate\\Container\\BoundMethod.php(36): Illuminate\\Database\\Console\\Migrations\\MigrateCommand->handle()
#14 C:\\laragon\\www\\es_ldcu2\\vendor\\laravel\\framework\\src\\Illuminate\\Container\\Util.php(37): Illuminate\\Container\\BoundMethod::Illuminate\\Container\\{closure}()
#15 C:\\laragon\\www\\es_ldcu2\\vendor\\laravel\\framework\\src\\Illuminate\\Container\\BoundMethod.php(93): Illuminate\\Container\\Util::unwrapIfClosure(Object(Closure))
#16 C:\\laragon\\www\\es_ldcu2\\vendor\\laravel\\framework\\src\\Illuminate\\Container\\BoundMethod.php(37): Illuminate\\Container\\BoundMethod::callBoundMethod(Object(Illuminate\\Foundation\\Application), Array, Object(Closure))
#17 C:\\laragon\\www\\es_ldcu2\\vendor\\laravel\\framework\\src\\Illuminate\\Container\\Container.php(590): Illuminate\\Container\\BoundMethod::call(Object(Illuminate\\Foundation\\Application), Array, Array, NULL)
#18 C:\\laragon\\www\\es_ldcu2\\vendor\\laravel\\framework\\src\\Illuminate\\Console\\Command.php(134): Illuminate\\Container\\Container->call(Array)
#19 C:\\laragon\\www\\es_ldcu2\\vendor\\symfony\\console\\Command\\Command.php(255): Illuminate\\Console\\Command->execute(Object(Symfony\\Component\\Console\\Input\\StringInput), Object(Illuminate\\Console\\OutputStyle))
#20 C:\\laragon\\www\\es_ldcu2\\vendor\\laravel\\framework\\src\\Illuminate\\Console\\Command.php(121): Symfony\\Component\\Console\\Command\\Command->run(Object(Symfony\\Component\\Console\\Input\\StringInput), Object(Illuminate\\Console\\OutputStyle))
#21 C:\\laragon\\www\\es_ldcu2\\vendor\\symfony\\console\\Application.php(1021): Illuminate\\Console\\Command->run(Object(Symfony\\Component\\Console\\Input\\StringInput), Object(Symfony\\Component\\Console\\Output\\BufferedOutput))
#22 C:\\laragon\\www\\es_ldcu2\\vendor\\symfony\\console\\Application.php(275): Symfony\\Component\\Console\\Application->doRunCommand(Object(Illuminate\\Database\\Console\\Migrations\\MigrateCommand), Object(Symfony\\Component\\Console\\Input\\StringInput), Object(Symfony\\Component\\Console\\Output\\BufferedOutput))
#23 C:\\laragon\\www\\es_ldcu2\\vendor\\symfony\\console\\Application.php(149): Symfony\\Component\\Console\\Application->doRun(Object(Symfony\\Component\\Console\\Input\\StringInput), Object(Symfony\\Component\\Console\\Output\\BufferedOutput))
#24 C:\\laragon\\www\\es_ldcu2\\vendor\\laravel\\framework\\src\\Illuminate\\Console\\Application.php(93): Symfony\\Component\\Console\\Application->run(Object(Symfony\\Component\\Console\\Input\\StringInput), Object(Symfony\\Component\\Console\\Output\\BufferedOutput))
#25 C:\\laragon\\www\\es_ldcu2\\vendor\\laravel\\framework\\src\\Illuminate\\Console\\Application.php(185): Illuminate\\Console\\Application->run(Object(Symfony\\Component\\Console\\Input\\StringInput), Object(Symfony\\Component\\Console\\Output\\BufferedOutput))
#26 C:\\laragon\\www\\es_ldcu2\\vendor\\laravel\\framework\\src\\Illuminate\\Foundation\\Console\\Kernel.php(273): Illuminate\\Console\\Application->call('migrate', Array, NULL)
#27 C:\\laragon\\www\\es_ldcu2\\vendor\\laravel\\framework\\src\\Illuminate\\Support\\Facades\\Facade.php(261): Illuminate\\Foundation\\Console\\Kernel->call('migrate')
#28 C:\\laragon\\www\\es_ldcu2\\vendor\\facade\\ignition\\src\\Solutions\\RunMigrationsSolution.php(51): Illuminate\\Support\\Facades\\Facade::__callStatic('call', Array)
#29 C:\\laragon\\www\\es_ldcu2\\vendor\\facade\\ignition\\src\\Http\\Controllers\\ExecuteSolutionController.php(19): Facade\\Ignition\\Solutions\\RunMigrationsSolution->run(Array)
#30 C:\\laragon\\www\\es_ldcu2\\vendor\\laravel\\framework\\src\\Illuminate\\Routing\\ControllerDispatcher.php(48): Facade\\Ignition\\Http\\Controllers\\ExecuteSolutionController->__invoke(Object(Facade\\Ignition\\Http\\Requests\\ExecuteSolutionRequest), Object(Facade\\Ignition\\SolutionProviders\\SolutionProviderRepository))
#31 C:\\laragon\\www\\es_ldcu2\\vendor\\laravel\\framework\\src\\Illuminate\\Routing\\Route.php(219): Illuminate\\Routing\\ControllerDispatcher->dispatch(Object(Illuminate\\Routing\\Route), Object(Facade\\Ignition\\Http\\Controllers\\ExecuteSolutionController), '__invoke')
#32 C:\\laragon\\www\\es_ldcu2\\vendor\\laravel\\framework\\src\\Illuminate\\Routing\\Route.php(176): Illuminate\\Routing\\Route->runController()
#33 C:\\laragon\\www\\es_ldcu2\\vendor\\laravel\\framework\\src\\Illuminate\\Routing\\Router.php(681): Illuminate\\Routing\\Route->run()
#34 C:\\laragon\\www\\es_ldcu2\\vendor\\laravel\\framework\\src\\Illuminate\\Pipeline\\Pipeline.php(130): Illuminate\\Routing\\Router->Illuminate\\Routing\\{closure}(Object(Illuminate\\Http\\Request))
#35 C:\\laragon\\www\\es_ldcu2\\vendor\\facade\\ignition\\src\\Http\\Middleware\\IgnitionConfigValueEnabled.php(25): Illuminate\\Pipeline\\Pipeline->Illuminate\\Pipeline\\{closure}(Object(Illuminate\\Http\\Request))
#36 C:\\laragon\\www\\es_ldcu2\\vendor\\laravel\\framework\\src\\Illuminate\\Pipeline\\Pipeline.php(171): Facade\\Ignition\\Http\\Middleware\\IgnitionConfigValueEnabled->handle(Object(Illuminate\\Http\\Request), Object(Closure), 'enableRunnableS...')
#37 C:\\laragon\\www\\es_ldcu2\\vendor\\facade\\ignition\\src\\Http\\Middleware\\IgnitionEnabled.php(23): Illuminate\\Pipeline\\Pipeline->Illuminate\\Pipeline\\{closure}(Object(Illuminate\\Http\\Request))
#38 C:\\laragon\\www\\es_ldcu2\\vendor\\laravel\\framework\\src\\Illuminate\\Pipeline\\Pipeline.php(171): Facade\\Ignition\\Http\\Middleware\\IgnitionEnabled->handle(Object(Illuminate\\Http\\Request), Object(Closure))
#39 C:\\laragon\\www\\es_ldcu2\\vendor\\laravel\\framework\\src\\Illuminate\\Pipeline\\Pipeline.php(105): Illuminate\\Pipeline\\Pipeline->Illuminate\\Pipeline\\{closure}(Object(Illuminate\\Http\\Request))
#40 C:\\laragon\\www\\es_ldcu2\\vendor\\laravel\\framework\\src\\Illuminate\\Routing\\Router.php(683): Illuminate\\Pipeline\\Pipeline->then(Object(Closure))
#41 C:\\laragon\\www\\es_ldcu2\\vendor\\laravel\\framework\\src\\Illuminate\\Routing\\Router.php(658): Illuminate\\Routing\\Router->runRouteWithinStack(Object(Illuminate\\Routing\\Route), Object(Illuminate\\Http\\Request))
#42 C:\\laragon\\www\\es_ldcu2\\vendor\\laravel\\framework\\src\\Illuminate\\Routing\\Router.php(624): Illuminate\\Routing\\Router->runRoute(Object(Illuminate\\Http\\Request), Object(Illuminate\\Routing\\Route))
#43 C:\\laragon\\www\\es_ldcu2\\vendor\\laravel\\framework\\src\\Illuminate\\Routing\\Router.php(613): Illuminate\\Routing\\Router->dispatchToRoute(Object(Illuminate\\Http\\Request))
#44 C:\\laragon\\www\\es_ldcu2\\vendor\\laravel\\framework\\src\\Illuminate\\Foundation\\Http\\Kernel.php(170): Illuminate\\Routing\\Router->dispatch(Object(Illuminate\\Http\\Request))
#45 C:\\laragon\\www\\es_ldcu2\\vendor\\laravel\\framework\\src\\Illuminate\\Pipeline\\Pipeline.php(130): Illuminate\\Foundation\\Http\\Kernel->Illuminate\\Foundation\\Http\\{closure}(Object(Illuminate\\Http\\Request))
#46 C:\\laragon\\www\\es_ldcu2\\vendor\\laravel\\framework\\src\\Illuminate\\Foundation\\Http\\Middleware\\TransformsRequest.php(21): Illuminate\\Pipeline\\Pipeline->Illuminate\\Pipeline\\{closure}(Object(Illuminate\\Http\\Request))
#47 C:\\laragon\\www\\es_ldcu2\\vendor\\laravel\\framework\\src\\Illuminate\\Pipeline\\Pipeline.php(171): Illuminate\\Foundation\\Http\\Middleware\\TransformsRequest->handle(Object(Illuminate\\Http\\Request), Object(Closure))
#48 C:\\laragon\\www\\es_ldcu2\\vendor\\laravel\\framework\\src\\Illuminate\\Foundation\\Http\\Middleware\\TransformsRequest.php(21): Illuminate\\Pipeline\\Pipeline->Illuminate\\Pipeline\\{closure}(Object(Illuminate\\Http\\Request))
#49 C:\\laragon\\www\\es_ldcu2\\vendor\\laravel\\framework\\src\\Illuminate\\Pipeline\\Pipeline.php(171): Illuminate\\Foundation\\Http\\Middleware\\TransformsRequest->handle(Object(Illuminate\\Http\\Request), Object(Closure))
#50 C:\\laragon\\www\\es_ldcu2\\vendor\\laravel\\framework\\src\\Illuminate\\Foundation\\Http\\Middleware\\ValidatePostSize.php(27): Illuminate\\Pipeline\\Pipeline->Illuminate\\Pipeline\\{closure}(Object(Illuminate\\Http\\Request))
#51 C:\\laragon\\www\\es_ldcu2\\vendor\\laravel\\framework\\src\\Illuminate\\Pipeline\\Pipeline.php(171): Illuminate\\Foundation\\Http\\Middleware\\ValidatePostSize->handle(Object(Illuminate\\Http\\Request), Object(Closure))
#52 C:\\laragon\\www\\es_ldcu2\\vendor\\laravel\\framework\\src\\Illuminate\\Foundation\\Http\\Middleware\\CheckForMaintenanceMode.php(63): Illuminate\\Pipeline\\Pipeline->Illuminate\\Pipeline\\{closure}(Object(Illuminate\\Http\\Request))
#53 C:\\laragon\\www\\es_ldcu2\\vendor\\laravel\\framework\\src\\Illuminate\\Pipeline\\Pipeline.php(171): Illuminate\\Foundation\\Http\\Middleware\\CheckForMaintenanceMode->handle(Object(Illuminate\\Http\\Request), Object(Closure))
#54 C:\\laragon\\www\\es_ldcu2\\vendor\\fideloper\\proxy\\src\\TrustProxies.php(57): Illuminate\\Pipeline\\Pipeline->Illuminate\\Pipeline\\{closure}(Object(Illuminate\\Http\\Request))
#55 C:\\laragon\\www\\es_ldcu2\\vendor\\laravel\\framework\\src\\Illuminate\\Pipeline\\Pipeline.php(171): Fideloper\\Proxy\\TrustProxies->handle(Object(Illuminate\\Http\\Request), Object(Closure))
#56 C:\\laragon\\www\\es_ldcu2\\vendor\\laravel\\framework\\src\\Illuminate\\Pipeline\\Pipeline.php(105): Illuminate\\Pipeline\\Pipeline->Illuminate\\Pipeline\\{closure}(Object(Illuminate\\Http\\Request))
#57 C:\\laragon\\www\\es_ldcu2\\vendor\\laravel\\framework\\src\\Illuminate\\Foundation\\Http\\Kernel.php(145): Illuminate\\Pipeline\\Pipeline->then(Object(Closure))
#58 C:\\laragon\\www\\es_ldcu2\\vendor\\laravel\\framework\\src\\Illuminate\\Foundation\\Http\\Kernel.php(110): Illuminate\\Foundation\\Http\\Kernel->sendRequestThroughRouter(Object(Illuminate\\Http\\Request))
#59 C:\\laragon\\www\\es_ldcu2\\public\\index.php(55): Illuminate\\Foundation\\Http\\Kernel->handle(Object(Illuminate\\Http\\Request))
#60 C:\\laragon\\www\\es_ldcu2\\server.php(21): require_once('C:\\\\laragon\\\\www\\\\...')
#61 {main}

[previous exception] [object] (PDOException(code: 42S01): SQLSTATE[42S01]: Base table or view already exists: 1050 Table 'failed_jobs' already exists at C:\\laragon\\www\\es_ldcu2\\vendor\\laravel\\framework\\src\\Illuminate\\Database\\Connection.php:463)
[stacktrace]
#0 C:\\laragon\\www\\es_ldcu2\\vendor\\laravel\\framework\\src\\Illuminate\\Database\\Connection.php(463): PDOStatement->execute()
#1 C:\\laragon\\www\\es_ldcu2\\vendor\\laravel\\framework\\src\\Illuminate\\Database\\Connection.php(662): Illuminate\\Database\\Connection->Illuminate\\Database\\{closure}('create table `f...', Array)
#2 C:\\laragon\\www\\es_ldcu2\\vendor\\laravel\\framework\\src\\Illuminate\\Database\\Connection.php(629): Illuminate\\Database\\Connection->runQueryCallback('create table `f...', Array, Object(Closure))
#3 C:\\laragon\\www\\es_ldcu2\\vendor\\laravel\\framework\\src\\Illuminate\\Database\\Connection.php(464): Illuminate\\Database\\Connection->run('create table `f...', Array, Object(Closure))
#4 C:\\laragon\\www\\es_ldcu2\\vendor\\laravel\\framework\\src\\Illuminate\\Database\\Schema\\Blueprint.php(97): Illuminate\\Database\\Connection->statement('create table `f...')
#5 C:\\laragon\\www\\es_ldcu2\\vendor\\laravel\\framework\\src\\Illuminate\\Database\\Schema\\Builder.php(290): Illuminate\\Database\\Schema\\Blueprint->build(Object(Illuminate\\Database\\MySqlConnection), Object(Illuminate\\Database\\Schema\\Grammars\\MySqlGrammar))
#6 C:\\laragon\\www\\es_ldcu2\\vendor\\laravel\\framework\\src\\Illuminate\\Database\\Schema\\Builder.php(167): Illuminate\\Database\\Schema\\Builder->build(Object(Illuminate\\Database\\Schema\\Blueprint))
#7 C:\\laragon\\www\\es_ldcu2\\vendor\\laravel\\framework\\src\\Illuminate\\Support\\Facades\\Facade.php(261): Illuminate\\Database\\Schema\\Builder->create('failed_jobs', Object(Closure))
#8 C:\\laragon\\www\\es_ldcu2\\database\\migrations\\2019_08_19_000000_create_failed_jobs_table.php(23): Illuminate\\Support\\Facades\\Facade::__callStatic('create', Array)
#9 C:\\laragon\\www\\es_ldcu2\\vendor\\laravel\\framework\\src\\Illuminate\\Database\\Migrations\\Migrator.php(392): CreateFailedJobsTable->up()
#10 C:\\laragon\\www\\es_ldcu2\\vendor\\laravel\\framework\\src\\Illuminate\\Database\\Migrations\\Migrator.php(401): Illuminate\\Database\\Migrations\\Migrator->Illuminate\\Database\\Migrations\\{closure}()
#11 C:\\laragon\\www\\es_ldcu2\\vendor\\laravel\\framework\\src\\Illuminate\\Database\\Migrations\\Migrator.php(200): Illuminate\\Database\\Migrations\\Migrator->runMigration(Object(CreateFailedJobsTable), 'up')
#12 C:\\laragon\\www\\es_ldcu2\\vendor\\laravel\\framework\\src\\Illuminate\\Database\\Migrations\\Migrator.php(165): Illuminate\\Database\\Migrations\\Migrator->runUp('C:\\\\laragon\\\\www\\\\...', 2, false)
#13 C:\\laragon\\www\\es_ldcu2\\vendor\\laravel\\framework\\src\\Illuminate\\Database\\Migrations\\Migrator.php(110): Illuminate\\Database\\Migrations\\Migrator->runPending(Array, Array)
#14 C:\\laragon\\www\\es_ldcu2\\vendor\\laravel\\framework\\src\\Illuminate\\Database\\Console\\Migrations\\MigrateCommand.php(71): Illuminate\\Database\\Migrations\\Migrator->run(Array, Array)
#15 C:\\laragon\\www\\es_ldcu2\\vendor\\laravel\\framework\\src\\Illuminate\\Container\\BoundMethod.php(36): Illuminate\\Database\\Console\\Migrations\\MigrateCommand->handle()
#16 C:\\laragon\\www\\es_ldcu2\\vendor\\laravel\\framework\\src\\Illuminate\\Container\\Util.php(37): Illuminate\\Container\\BoundMethod::Illuminate\\Container\\{closure}()
#17 C:\\laragon\\www\\es_ldcu2\\vendor\\laravel\\framework\\src\\Illuminate\\Container\\BoundMethod.php(93): Illuminate\\Container\\Util::unwrapIfClosure(Object(Closure))
#18 C:\\laragon\\www\\es_ldcu2\\vendor\\laravel\\framework\\src\\Illuminate\\Container\\BoundMethod.php(37): Illuminate\\Container\\BoundMethod::callBoundMethod(Object(Illuminate\\Foundation\\Application), Array, Object(Closure))
#19 C:\\laragon\\www\\es_ldcu2\\vendor\\laravel\\framework\\src\\Illuminate\\Container\\Container.php(590): Illuminate\\Container\\BoundMethod::call(Object(Illuminate\\Foundation\\Application), Array, Array, NULL)
#20 C:\\laragon\\www\\es_ldcu2\\vendor\\laravel\\framework\\src\\Illuminate\\Console\\Command.php(134): Illuminate\\Container\\Container->call(Array)
#21 C:\\laragon\\www\\es_ldcu2\\vendor\\symfony\\console\\Command\\Command.php(255): Illuminate\\Console\\Command->execute(Object(Symfony\\Component\\Console\\Input\\StringInput), Object(Illuminate\\Console\\OutputStyle))
#22 C:\\laragon\\www\\es_ldcu2\\vendor\\laravel\\framework\\src\\Illuminate\\Console\\Command.php(121): Symfony\\Component\\Console\\Command\\Command->run(Object(Symfony\\Component\\Console\\Input\\StringInput), Object(Illuminate\\Console\\OutputStyle))
#23 C:\\laragon\\www\\es_ldcu2\\vendor\\symfony\\console\\Application.php(1021): Illuminate\\Console\\Command->run(Object(Symfony\\Component\\Console\\Input\\StringInput), Object(Symfony\\Component\\Console\\Output\\BufferedOutput))
#24 C:\\laragon\\www\\es_ldcu2\\vendor\\symfony\\console\\Application.php(275): Symfony\\Component\\Console\\Application->doRunCommand(Object(Illuminate\\Database\\Console\\Migrations\\MigrateCommand), Object(Symfony\\Component\\Console\\Input\\StringInput), Object(Symfony\\Component\\Console\\Output\\BufferedOutput))
#25 C:\\laragon\\www\\es_ldcu2\\vendor\\symfony\\console\\Application.php(149): Symfony\\Component\\Console\\Application->doRun(Object(Symfony\\Component\\Console\\Input\\StringInput), Object(Symfony\\Component\\Console\\Output\\BufferedOutput))
#26 C:\\laragon\\www\\es_ldcu2\\vendor\\laravel\\framework\\src\\Illuminate\\Console\\Application.php(93): Symfony\\Component\\Console\\Application->run(Object(Symfony\\Component\\Console\\Input\\StringInput), Object(Symfony\\Component\\Console\\Output\\BufferedOutput))
#27 C:\\laragon\\www\\es_ldcu2\\vendor\\laravel\\framework\\src\\Illuminate\\Console\\Application.php(185): Illuminate\\Console\\Application->run(Object(Symfony\\Component\\Console\\Input\\StringInput), Object(Symfony\\Component\\Console\\Output\\BufferedOutput))
#28 C:\\laragon\\www\\es_ldcu2\\vendor\\laravel\\framework\\src\\Illuminate\\Foundation\\Console\\Kernel.php(273): Illuminate\\Console\\Application->call('migrate', Array, NULL)
#29 C:\\laragon\\www\\es_ldcu2\\vendor\\laravel\\framework\\src\\Illuminate\\Support\\Facades\\Facade.php(261): Illuminate\\Foundation\\Console\\Kernel->call('migrate')
#30 C:\\laragon\\www\\es_ldcu2\\vendor\\facade\\ignition\\src\\Solutions\\RunMigrationsSolution.php(51): Illuminate\\Support\\Facades\\Facade::__callStatic('call', Array)
#31 C:\\laragon\\www\\es_ldcu2\\vendor\\facade\\ignition\\src\\Http\\Controllers\\ExecuteSolutionController.php(19): Facade\\Ignition\\Solutions\\RunMigrationsSolution->run(Array)
#32 C:\\laragon\\www\\es_ldcu2\\vendor\\laravel\\framework\\src\\Illuminate\\Routing\\ControllerDispatcher.php(48): Facade\\Ignition\\Http\\Controllers\\ExecuteSolutionController->__invoke(Object(Facade\\Ignition\\Http\\Requests\\ExecuteSolutionRequest), Object(Facade\\Ignition\\SolutionProviders\\SolutionProviderRepository))
#33 C:\\laragon\\www\\es_ldcu2\\vendor\\laravel\\framework\\src\\Illuminate\\Routing\\Route.php(219): Illuminate\\Routing\\ControllerDispatcher->dispatch(Object(Illuminate\\Routing\\Route), Object(Facade\\Ignition\\Http\\Controllers\\ExecuteSolutionController), '__invoke')
#34 C:\\laragon\\www\\es_ldcu2\\vendor\\laravel\\framework\\src\\Illuminate\\Routing\\Route.php(176): Illuminate\\Routing\\Route->runController()
#35 C:\\laragon\\www\\es_ldcu2\\vendor\\laravel\\framework\\src\\Illuminate\\Routing\\Router.php(681): Illuminate\\Routing\\Route->run()
#36 C:\\laragon\\www\\es_ldcu2\\vendor\\laravel\\framework\\src\\Illuminate\\Pipeline\\Pipeline.php(130): Illuminate\\Routing\\Router->Illuminate\\Routing\\{closure}(Object(Illuminate\\Http\\Request))
#37 C:\\laragon\\www\\es_ldcu2\\vendor\\facade\\ignition\\src\\Http\\Middleware\\IgnitionConfigValueEnabled.php(25): Illuminate\\Pipeline\\Pipeline->Illuminate\\Pipeline\\{closure}(Object(Illuminate\\Http\\Request))
#38 C:\\laragon\\www\\es_ldcu2\\vendor\\laravel\\framework\\src\\Illuminate\\Pipeline\\Pipeline.php(171): Facade\\Ignition\\Http\\Middleware\\IgnitionConfigValueEnabled->handle(Object(Illuminate\\Http\\Request), Object(Closure), 'enableRunnableS...')
#39 C:\\laragon\\www\\es_ldcu2\\vendor\\facade\\ignition\\src\\Http\\Middleware\\IgnitionEnabled.php(23): Illuminate\\Pipeline\\Pipeline->Illuminate\\Pipeline\\{closure}(Object(Illuminate\\Http\\Request))
#40 C:\\laragon\\www\\es_ldcu2\\vendor\\laravel\\framework\\src\\Illuminate\\Pipeline\\Pipeline.php(171): Facade\\Ignition\\Http\\Middleware\\IgnitionEnabled->handle(Object(Illuminate\\Http\\Request), Object(Closure))
#41 C:\\laragon\\www\\es_ldcu2\\vendor\\laravel\\framework\\src\\Illuminate\\Pipeline\\Pipeline.php(105): Illuminate\\Pipeline\\Pipeline->Illuminate\\Pipeline\\{closure}(Object(Illuminate\\Http\\Request))
#42 C:\\laragon\\www\\es_ldcu2\\vendor\\laravel\\framework\\src\\Illuminate\\Routing\\Router.php(683): Illuminate\\Pipeline\\Pipeline->then(Object(Closure))
#43 C:\\laragon\\www\\es_ldcu2\\vendor\\laravel\\framework\\src\\Illuminate\\Routing\\Router.php(658): Illuminate\\Routing\\Router->runRouteWithinStack(Object(Illuminate\\Routing\\Route), Object(Illuminate\\Http\\Request))
#44 C:\\laragon\\www\\es_ldcu2\\vendor\\laravel\\framework\\src\\Illuminate\\Routing\\Router.php(624): Illuminate\\Routing\\Router->runRoute(Object(Illuminate\\Http\\Request), Object(Illuminate\\Routing\\Route))
#45 C:\\laragon\\www\\es_ldcu2\\vendor\\laravel\\framework\\src\\Illuminate\\Routing\\Router.php(613): Illuminate\\Routing\\Router->dispatchToRoute(Object(Illuminate\\Http\\Request))
#46 C:\\laragon\\www\\es_ldcu2\\vendor\\laravel\\framework\\src\\Illuminate\\Foundation\\Http\\Kernel.php(170): Illuminate\\Routing\\Router->dispatch(Object(Illuminate\\Http\\Request))
#47 C:\\laragon\\www\\es_ldcu2\\vendor\\laravel\\framework\\src\\Illuminate\\Pipeline\\Pipeline.php(130): Illuminate\\Foundation\\Http\\Kernel->Illuminate\\Foundation\\Http\\{closure}(Object(Illuminate\\Http\\Request))
#48 C:\\laragon\\www\\es_ldcu2\\vendor\\laravel\\framework\\src\\Illuminate\\Foundation\\Http\\Middleware\\TransformsRequest.php(21): Illuminate\\Pipeline\\Pipeline->Illuminate\\Pipeline\\{closure}(Object(Illuminate\\Http\\Request))
#49 C:\\laragon\\www\\es_ldcu2\\vendor\\laravel\\framework\\src\\Illuminate\\Pipeline\\Pipeline.php(171): Illuminate\\Foundation\\Http\\Middleware\\TransformsRequest->handle(Object(Illuminate\\Http\\Request), Object(Closure))
#50 C:\\laragon\\www\\es_ldcu2\\vendor\\laravel\\framework\\src\\Illuminate\\Foundation\\Http\\Middleware\\TransformsRequest.php(21): Illuminate\\Pipeline\\Pipeline->Illuminate\\Pipeline\\{closure}(Object(Illuminate\\Http\\Request))
#51 C:\\laragon\\www\\es_ldcu2\\vendor\\laravel\\framework\\src\\Illuminate\\Pipeline\\Pipeline.php(171): Illuminate\\Foundation\\Http\\Middleware\\TransformsRequest->handle(Object(Illuminate\\Http\\Request), Object(Closure))
#52 C:\\laragon\\www\\es_ldcu2\\vendor\\laravel\\framework\\src\\Illuminate\\Foundation\\Http\\Middleware\\ValidatePostSize.php(27): Illuminate\\Pipeline\\Pipeline->Illuminate\\Pipeline\\{closure}(Object(Illuminate\\Http\\Request))
#53 C:\\laragon\\www\\es_ldcu2\\vendor\\laravel\\framework\\src\\Illuminate\\Pipeline\\Pipeline.php(171): Illuminate\\Foundation\\Http\\Middleware\\ValidatePostSize->handle(Object(Illuminate\\Http\\Request), Object(Closure))
#54 C:\\laragon\\www\\es_ldcu2\\vendor\\laravel\\framework\\src\\Illuminate\\Foundation\\Http\\Middleware\\CheckForMaintenanceMode.php(63): Illuminate\\Pipeline\\Pipeline->Illuminate\\Pipeline\\{closure}(Object(Illuminate\\Http\\Request))
#55 C:\\laragon\\www\\es_ldcu2\\vendor\\laravel\\framework\\src\\Illuminate\\Pipeline\\Pipeline.php(171): Illuminate\\Foundation\\Http\\Middleware\\CheckForMaintenanceMode->handle(Object(Illuminate\\Http\\Request), Object(Closure))
#56 C:\\laragon\\www\\es_ldcu2\\vendor\\fideloper\\proxy\\src\\TrustProxies.php(57): Illuminate\\Pipeline\\Pipeline->Illuminate\\Pipeline\\{closure}(Object(Illuminate\\Http\\Request))
#57 C:\\laragon\\www\\es_ldcu2\\vendor\\laravel\\framework\\src\\Illuminate\\Pipeline\\Pipeline.php(171): Fideloper\\Proxy\\TrustProxies->handle(Object(Illuminate\\Http\\Request), Object(Closure))
#58 C:\\laragon\\www\\es_ldcu2\\vendor\\laravel\\framework\\src\\Illuminate\\Pipeline\\Pipeline.php(105): Illuminate\\Pipeline\\Pipeline->Illuminate\\Pipeline\\{closure}(Object(Illuminate\\Http\\Request))
#59 C:\\laragon\\www\\es_ldcu2\\vendor\\laravel\\framework\\src\\Illuminate\\Foundation\\Http\\Kernel.php(145): Illuminate\\Pipeline\\Pipeline->then(Object(Closure))
#60 C:\\laragon\\www\\es_ldcu2\\vendor\\laravel\\framework\\src\\Illuminate\\Foundation\\Http\\Kernel.php(110): Illuminate\\Foundation\\Http\\Kernel->sendRequestThroughRouter(Object(Illuminate\\Http\\Request))
#61 C:\\laragon\\www\\es_ldcu2\\public\\index.php(55): Illuminate\\Foundation\\Http\\Kernel->handle(Object(Illuminate\\Http\\Request))
#62 C:\\laragon\\www\\es_ldcu2\\server.php(21): require_once('C:\\\\laragon\\\\www\\\\...')
#63 {main}
"} 
[2025-07-11 02:35:01] local.ERROR: The file "C:\laragon\www\es_ldcu2\storage\app/SIBUGAY_TECHNICAL_INSTITUTE_INC__tor_master_list.zip" does not exist {"userId":1,"exception":"[object] (Symfony\\Component\\HttpFoundation\\File\\Exception\\FileNotFoundException(code: 0): The file \"C:\\laragon\\www\\es_ldcu2\\storage\\app/SIBUGAY_TECHNICAL_INSTITUTE_INC__tor_master_list.zip\" does not exist at C:\\laragon\\www\\es_ldcu2\\vendor\\symfony\\http-foundation\\File\\File.php:36)
[stacktrace]
#0 C:\\laragon\\www\\es_ldcu2\\vendor\\symfony\\http-foundation\\BinaryFileResponse.php(93): Symfony\\Component\\HttpFoundation\\File\\File->__construct('C:\\\\laragon\\\\www\\\\...')
#1 C:\\laragon\\www\\es_ldcu2\\vendor\\symfony\\http-foundation\\BinaryFileResponse.php(52): Symfony\\Component\\HttpFoundation\\BinaryFileResponse->setFile('C:\\\\laragon\\\\www\\\\...', 'attachment', false, true)
#2 C:\\laragon\\www\\es_ldcu2\\vendor\\laravel\\framework\\src\\Illuminate\\Routing\\ResponseFactory.php(165): Symfony\\Component\\HttpFoundation\\BinaryFileResponse->__construct('C:\\\\laragon\\\\www\\\\...', 200, Array, true, 'attachment')
#3 C:\\laragon\\www\\es_ldcu2\\app\\Http\\Controllers\\Migration\\RegistrarMigration.php(501): Illuminate\\Routing\\ResponseFactory->download('C:\\\\laragon\\\\www\\\\...')
#4 C:\\laragon\\www\\es_ldcu2\\vendor\\laravel\\framework\\src\\Illuminate\\Routing\\Controller.php(54): App\\Http\\Controllers\\Migration\\RegistrarMigration->downloadTorMasterlistBatch(Object(Illuminate\\Http\\Request))
#5 C:\\laragon\\www\\es_ldcu2\\vendor\\laravel\\framework\\src\\Illuminate\\Routing\\ControllerDispatcher.php(45): Illuminate\\Routing\\Controller->callAction('downloadTorMast...', Array)
#6 C:\\laragon\\www\\es_ldcu2\\vendor\\laravel\\framework\\src\\Illuminate\\Routing\\Route.php(219): Illuminate\\Routing\\ControllerDispatcher->dispatch(Object(Illuminate\\Routing\\Route), Object(App\\Http\\Controllers\\Migration\\RegistrarMigration), 'downloadTorMast...')
#7 C:\\laragon\\www\\es_ldcu2\\vendor\\laravel\\framework\\src\\Illuminate\\Routing\\Route.php(176): Illuminate\\Routing\\Route->runController()
#8 C:\\laragon\\www\\es_ldcu2\\vendor\\laravel\\framework\\src\\Illuminate\\Routing\\Router.php(681): Illuminate\\Routing\\Route->run()
#9 C:\\laragon\\www\\es_ldcu2\\vendor\\laravel\\framework\\src\\Illuminate\\Pipeline\\Pipeline.php(130): Illuminate\\Routing\\Router->Illuminate\\Routing\\{closure}(Object(Illuminate\\Http\\Request))
#10 C:\\laragon\\www\\es_ldcu2\\vendor\\laravel\\framework\\src\\Illuminate\\Routing\\Middleware\\SubstituteBindings.php(41): Illuminate\\Pipeline\\Pipeline->Illuminate\\Pipeline\\{closure}(Object(Illuminate\\Http\\Request))
#11 C:\\laragon\\www\\es_ldcu2\\vendor\\laravel\\framework\\src\\Illuminate\\Pipeline\\Pipeline.php(171): Illuminate\\Routing\\Middleware\\SubstituteBindings->handle(Object(Illuminate\\Http\\Request), Object(Closure))
#12 C:\\laragon\\www\\es_ldcu2\\vendor\\laravel\\framework\\src\\Illuminate\\Foundation\\Http\\Middleware\\VerifyCsrfToken.php(78): Illuminate\\Pipeline\\Pipeline->Illuminate\\Pipeline\\{closure}(Object(Illuminate\\Http\\Request))
#13 C:\\laragon\\www\\es_ldcu2\\vendor\\laravel\\framework\\src\\Illuminate\\Pipeline\\Pipeline.php(171): Illuminate\\Foundation\\Http\\Middleware\\VerifyCsrfToken->handle(Object(Illuminate\\Http\\Request), Object(Closure))
#14 C:\\laragon\\www\\es_ldcu2\\vendor\\laravel\\framework\\src\\Illuminate\\View\\Middleware\\ShareErrorsFromSession.php(49): Illuminate\\Pipeline\\Pipeline->Illuminate\\Pipeline\\{closure}(Object(Illuminate\\Http\\Request))
#15 C:\\laragon\\www\\es_ldcu2\\vendor\\laravel\\framework\\src\\Illuminate\\Pipeline\\Pipeline.php(171): Illuminate\\View\\Middleware\\ShareErrorsFromSession->handle(Object(Illuminate\\Http\\Request), Object(Closure))
#16 C:\\laragon\\www\\es_ldcu2\\vendor\\laravel\\framework\\src\\Illuminate\\Session\\Middleware\\StartSession.php(56): Illuminate\\Pipeline\\Pipeline->Illuminate\\Pipeline\\{closure}(Object(Illuminate\\Http\\Request))
#17 C:\\laragon\\www\\es_ldcu2\\vendor\\laravel\\framework\\src\\Illuminate\\Pipeline\\Pipeline.php(171): Illuminate\\Session\\Middleware\\StartSession->handle(Object(Illuminate\\Http\\Request), Object(Closure))
#18 C:\\laragon\\www\\es_ldcu2\\vendor\\laravel\\framework\\src\\Illuminate\\Cookie\\Middleware\\AddQueuedCookiesToResponse.php(37): Illuminate\\Pipeline\\Pipeline->Illuminate\\Pipeline\\{closure}(Object(Illuminate\\Http\\Request))
#19 C:\\laragon\\www\\es_ldcu2\\vendor\\laravel\\framework\\src\\Illuminate\\Pipeline\\Pipeline.php(171): Illuminate\\Cookie\\Middleware\\AddQueuedCookiesToResponse->handle(Object(Illuminate\\Http\\Request), Object(Closure))
#20 C:\\laragon\\www\\es_ldcu2\\vendor\\laravel\\framework\\src\\Illuminate\\Cookie\\Middleware\\EncryptCookies.php(67): Illuminate\\Pipeline\\Pipeline->Illuminate\\Pipeline\\{closure}(Object(Illuminate\\Http\\Request))
#21 C:\\laragon\\www\\es_ldcu2\\vendor\\laravel\\framework\\src\\Illuminate\\Pipeline\\Pipeline.php(171): Illuminate\\Cookie\\Middleware\\EncryptCookies->handle(Object(Illuminate\\Http\\Request), Object(Closure))
#22 C:\\laragon\\www\\es_ldcu2\\vendor\\laravel\\framework\\src\\Illuminate\\Pipeline\\Pipeline.php(105): Illuminate\\Pipeline\\Pipeline->Illuminate\\Pipeline\\{closure}(Object(Illuminate\\Http\\Request))
#23 C:\\laragon\\www\\es_ldcu2\\vendor\\laravel\\framework\\src\\Illuminate\\Routing\\Router.php(683): Illuminate\\Pipeline\\Pipeline->then(Object(Closure))
#24 C:\\laragon\\www\\es_ldcu2\\vendor\\laravel\\framework\\src\\Illuminate\\Routing\\Router.php(658): Illuminate\\Routing\\Router->runRouteWithinStack(Object(Illuminate\\Routing\\Route), Object(Illuminate\\Http\\Request))
#25 C:\\laragon\\www\\es_ldcu2\\vendor\\laravel\\framework\\src\\Illuminate\\Routing\\Router.php(624): Illuminate\\Routing\\Router->runRoute(Object(Illuminate\\Http\\Request), Object(Illuminate\\Routing\\Route))
#26 C:\\laragon\\www\\es_ldcu2\\vendor\\laravel\\framework\\src\\Illuminate\\Routing\\Router.php(613): Illuminate\\Routing\\Router->dispatchToRoute(Object(Illuminate\\Http\\Request))
#27 C:\\laragon\\www\\es_ldcu2\\vendor\\laravel\\framework\\src\\Illuminate\\Foundation\\Http\\Kernel.php(170): Illuminate\\Routing\\Router->dispatch(Object(Illuminate\\Http\\Request))
#28 C:\\laragon\\www\\es_ldcu2\\vendor\\laravel\\framework\\src\\Illuminate\\Pipeline\\Pipeline.php(130): Illuminate\\Foundation\\Http\\Kernel->Illuminate\\Foundation\\Http\\{closure}(Object(Illuminate\\Http\\Request))
#29 C:\\laragon\\www\\es_ldcu2\\vendor\\laravel\\framework\\src\\Illuminate\\Foundation\\Http\\Middleware\\TransformsRequest.php(21): Illuminate\\Pipeline\\Pipeline->Illuminate\\Pipeline\\{closure}(Object(Illuminate\\Http\\Request))
#30 C:\\laragon\\www\\es_ldcu2\\vendor\\laravel\\framework\\src\\Illuminate\\Pipeline\\Pipeline.php(171): Illuminate\\Foundation\\Http\\Middleware\\TransformsRequest->handle(Object(Illuminate\\Http\\Request), Object(Closure))
#31 C:\\laragon\\www\\es_ldcu2\\vendor\\laravel\\framework\\src\\Illuminate\\Foundation\\Http\\Middleware\\TransformsRequest.php(21): Illuminate\\Pipeline\\Pipeline->Illuminate\\Pipeline\\{closure}(Object(Illuminate\\Http\\Request))
#32 C:\\laragon\\www\\es_ldcu2\\vendor\\laravel\\framework\\src\\Illuminate\\Pipeline\\Pipeline.php(171): Illuminate\\Foundation\\Http\\Middleware\\TransformsRequest->handle(Object(Illuminate\\Http\\Request), Object(Closure))
#33 C:\\laragon\\www\\es_ldcu2\\vendor\\laravel\\framework\\src\\Illuminate\\Foundation\\Http\\Middleware\\ValidatePostSize.php(27): Illuminate\\Pipeline\\Pipeline->Illuminate\\Pipeline\\{closure}(Object(Illuminate\\Http\\Request))
#34 C:\\laragon\\www\\es_ldcu2\\vendor\\laravel\\framework\\src\\Illuminate\\Pipeline\\Pipeline.php(171): Illuminate\\Foundation\\Http\\Middleware\\ValidatePostSize->handle(Object(Illuminate\\Http\\Request), Object(Closure))
#35 C:\\laragon\\www\\es_ldcu2\\vendor\\laravel\\framework\\src\\Illuminate\\Foundation\\Http\\Middleware\\CheckForMaintenanceMode.php(63): Illuminate\\Pipeline\\Pipeline->Illuminate\\Pipeline\\{closure}(Object(Illuminate\\Http\\Request))
#36 C:\\laragon\\www\\es_ldcu2\\vendor\\laravel\\framework\\src\\Illuminate\\Pipeline\\Pipeline.php(171): Illuminate\\Foundation\\Http\\Middleware\\CheckForMaintenanceMode->handle(Object(Illuminate\\Http\\Request), Object(Closure))
#37 C:\\laragon\\www\\es_ldcu2\\vendor\\fideloper\\proxy\\src\\TrustProxies.php(57): Illuminate\\Pipeline\\Pipeline->Illuminate\\Pipeline\\{closure}(Object(Illuminate\\Http\\Request))
#38 C:\\laragon\\www\\es_ldcu2\\vendor\\laravel\\framework\\src\\Illuminate\\Pipeline\\Pipeline.php(171): Fideloper\\Proxy\\TrustProxies->handle(Object(Illuminate\\Http\\Request), Object(Closure))
#39 C:\\laragon\\www\\es_ldcu2\\vendor\\laravel\\framework\\src\\Illuminate\\Pipeline\\Pipeline.php(105): Illuminate\\Pipeline\\Pipeline->Illuminate\\Pipeline\\{closure}(Object(Illuminate\\Http\\Request))
#40 C:\\laragon\\www\\es_ldcu2\\vendor\\laravel\\framework\\src\\Illuminate\\Foundation\\Http\\Kernel.php(145): Illuminate\\Pipeline\\Pipeline->then(Object(Closure))
#41 C:\\laragon\\www\\es_ldcu2\\vendor\\laravel\\framework\\src\\Illuminate\\Foundation\\Http\\Kernel.php(110): Illuminate\\Foundation\\Http\\Kernel->sendRequestThroughRouter(Object(Illuminate\\Http\\Request))
#42 C:\\laragon\\www\\es_ldcu2\\public\\index.php(55): Illuminate\\Foundation\\Http\\Kernel->handle(Object(Illuminate\\Http\\Request))
#43 C:\\laragon\\www\\es_ldcu2\\server.php(21): require_once('C:\\\\laragon\\\\www\\\\...')
#44 {main}
"} 
[2025-07-11 02:42:24] local.ERROR: The file "C:\laragon\www\es_ldcu2\storage\app/SIBUGAY_TECHNICAL_INSTITUTE_INC__tor_master_list.zip" does not exist {"userId":1,"exception":"[object] (Symfony\\Component\\HttpFoundation\\File\\Exception\\FileNotFoundException(code: 0): The file \"C:\\laragon\\www\\es_ldcu2\\storage\\app/SIBUGAY_TECHNICAL_INSTITUTE_INC__tor_master_list.zip\" does not exist at C:\\laragon\\www\\es_ldcu2\\vendor\\symfony\\http-foundation\\File\\File.php:36)
[stacktrace]
#0 C:\\laragon\\www\\es_ldcu2\\vendor\\symfony\\http-foundation\\BinaryFileResponse.php(93): Symfony\\Component\\HttpFoundation\\File\\File->__construct('C:\\\\laragon\\\\www\\\\...')
#1 C:\\laragon\\www\\es_ldcu2\\vendor\\symfony\\http-foundation\\BinaryFileResponse.php(52): Symfony\\Component\\HttpFoundation\\BinaryFileResponse->setFile('C:\\\\laragon\\\\www\\\\...', 'attachment', false, true)
#2 C:\\laragon\\www\\es_ldcu2\\vendor\\laravel\\framework\\src\\Illuminate\\Routing\\ResponseFactory.php(165): Symfony\\Component\\HttpFoundation\\BinaryFileResponse->__construct('C:\\\\laragon\\\\www\\\\...', 200, Array, true, 'attachment')
#3 C:\\laragon\\www\\es_ldcu2\\app\\Http\\Controllers\\Migration\\RegistrarMigration.php(501): Illuminate\\Routing\\ResponseFactory->download('C:\\\\laragon\\\\www\\\\...')
#4 C:\\laragon\\www\\es_ldcu2\\vendor\\laravel\\framework\\src\\Illuminate\\Routing\\Controller.php(54): App\\Http\\Controllers\\Migration\\RegistrarMigration->downloadTorMasterlistBatch(Object(Illuminate\\Http\\Request))
#5 C:\\laragon\\www\\es_ldcu2\\vendor\\laravel\\framework\\src\\Illuminate\\Routing\\ControllerDispatcher.php(45): Illuminate\\Routing\\Controller->callAction('downloadTorMast...', Array)
#6 C:\\laragon\\www\\es_ldcu2\\vendor\\laravel\\framework\\src\\Illuminate\\Routing\\Route.php(219): Illuminate\\Routing\\ControllerDispatcher->dispatch(Object(Illuminate\\Routing\\Route), Object(App\\Http\\Controllers\\Migration\\RegistrarMigration), 'downloadTorMast...')
#7 C:\\laragon\\www\\es_ldcu2\\vendor\\laravel\\framework\\src\\Illuminate\\Routing\\Route.php(176): Illuminate\\Routing\\Route->runController()
#8 C:\\laragon\\www\\es_ldcu2\\vendor\\laravel\\framework\\src\\Illuminate\\Routing\\Router.php(681): Illuminate\\Routing\\Route->run()
#9 C:\\laragon\\www\\es_ldcu2\\vendor\\laravel\\framework\\src\\Illuminate\\Pipeline\\Pipeline.php(130): Illuminate\\Routing\\Router->Illuminate\\Routing\\{closure}(Object(Illuminate\\Http\\Request))
#10 C:\\laragon\\www\\es_ldcu2\\vendor\\laravel\\framework\\src\\Illuminate\\Routing\\Middleware\\SubstituteBindings.php(41): Illuminate\\Pipeline\\Pipeline->Illuminate\\Pipeline\\{closure}(Object(Illuminate\\Http\\Request))
#11 C:\\laragon\\www\\es_ldcu2\\vendor\\laravel\\framework\\src\\Illuminate\\Pipeline\\Pipeline.php(171): Illuminate\\Routing\\Middleware\\SubstituteBindings->handle(Object(Illuminate\\Http\\Request), Object(Closure))
#12 C:\\laragon\\www\\es_ldcu2\\vendor\\laravel\\framework\\src\\Illuminate\\Foundation\\Http\\Middleware\\VerifyCsrfToken.php(78): Illuminate\\Pipeline\\Pipeline->Illuminate\\Pipeline\\{closure}(Object(Illuminate\\Http\\Request))
#13 C:\\laragon\\www\\es_ldcu2\\vendor\\laravel\\framework\\src\\Illuminate\\Pipeline\\Pipeline.php(171): Illuminate\\Foundation\\Http\\Middleware\\VerifyCsrfToken->handle(Object(Illuminate\\Http\\Request), Object(Closure))
#14 C:\\laragon\\www\\es_ldcu2\\vendor\\laravel\\framework\\src\\Illuminate\\View\\Middleware\\ShareErrorsFromSession.php(49): Illuminate\\Pipeline\\Pipeline->Illuminate\\Pipeline\\{closure}(Object(Illuminate\\Http\\Request))
#15 C:\\laragon\\www\\es_ldcu2\\vendor\\laravel\\framework\\src\\Illuminate\\Pipeline\\Pipeline.php(171): Illuminate\\View\\Middleware\\ShareErrorsFromSession->handle(Object(Illuminate\\Http\\Request), Object(Closure))
#16 C:\\laragon\\www\\es_ldcu2\\vendor\\laravel\\framework\\src\\Illuminate\\Session\\Middleware\\StartSession.php(56): Illuminate\\Pipeline\\Pipeline->Illuminate\\Pipeline\\{closure}(Object(Illuminate\\Http\\Request))
#17 C:\\laragon\\www\\es_ldcu2\\vendor\\laravel\\framework\\src\\Illuminate\\Pipeline\\Pipeline.php(171): Illuminate\\Session\\Middleware\\StartSession->handle(Object(Illuminate\\Http\\Request), Object(Closure))
#18 C:\\laragon\\www\\es_ldcu2\\vendor\\laravel\\framework\\src\\Illuminate\\Cookie\\Middleware\\AddQueuedCookiesToResponse.php(37): Illuminate\\Pipeline\\Pipeline->Illuminate\\Pipeline\\{closure}(Object(Illuminate\\Http\\Request))
#19 C:\\laragon\\www\\es_ldcu2\\vendor\\laravel\\framework\\src\\Illuminate\\Pipeline\\Pipeline.php(171): Illuminate\\Cookie\\Middleware\\AddQueuedCookiesToResponse->handle(Object(Illuminate\\Http\\Request), Object(Closure))
#20 C:\\laragon\\www\\es_ldcu2\\vendor\\laravel\\framework\\src\\Illuminate\\Cookie\\Middleware\\EncryptCookies.php(67): Illuminate\\Pipeline\\Pipeline->Illuminate\\Pipeline\\{closure}(Object(Illuminate\\Http\\Request))
#21 C:\\laragon\\www\\es_ldcu2\\vendor\\laravel\\framework\\src\\Illuminate\\Pipeline\\Pipeline.php(171): Illuminate\\Cookie\\Middleware\\EncryptCookies->handle(Object(Illuminate\\Http\\Request), Object(Closure))
#22 C:\\laragon\\www\\es_ldcu2\\vendor\\laravel\\framework\\src\\Illuminate\\Pipeline\\Pipeline.php(105): Illuminate\\Pipeline\\Pipeline->Illuminate\\Pipeline\\{closure}(Object(Illuminate\\Http\\Request))
#23 C:\\laragon\\www\\es_ldcu2\\vendor\\laravel\\framework\\src\\Illuminate\\Routing\\Router.php(683): Illuminate\\Pipeline\\Pipeline->then(Object(Closure))
#24 C:\\laragon\\www\\es_ldcu2\\vendor\\laravel\\framework\\src\\Illuminate\\Routing\\Router.php(658): Illuminate\\Routing\\Router->runRouteWithinStack(Object(Illuminate\\Routing\\Route), Object(Illuminate\\Http\\Request))
#25 C:\\laragon\\www\\es_ldcu2\\vendor\\laravel\\framework\\src\\Illuminate\\Routing\\Router.php(624): Illuminate\\Routing\\Router->runRoute(Object(Illuminate\\Http\\Request), Object(Illuminate\\Routing\\Route))
#26 C:\\laragon\\www\\es_ldcu2\\vendor\\laravel\\framework\\src\\Illuminate\\Routing\\Router.php(613): Illuminate\\Routing\\Router->dispatchToRoute(Object(Illuminate\\Http\\Request))
#27 C:\\laragon\\www\\es_ldcu2\\vendor\\laravel\\framework\\src\\Illuminate\\Foundation\\Http\\Kernel.php(170): Illuminate\\Routing\\Router->dispatch(Object(Illuminate\\Http\\Request))
#28 C:\\laragon\\www\\es_ldcu2\\vendor\\laravel\\framework\\src\\Illuminate\\Pipeline\\Pipeline.php(130): Illuminate\\Foundation\\Http\\Kernel->Illuminate\\Foundation\\Http\\{closure}(Object(Illuminate\\Http\\Request))
#29 C:\\laragon\\www\\es_ldcu2\\vendor\\laravel\\framework\\src\\Illuminate\\Foundation\\Http\\Middleware\\TransformsRequest.php(21): Illuminate\\Pipeline\\Pipeline->Illuminate\\Pipeline\\{closure}(Object(Illuminate\\Http\\Request))
#30 C:\\laragon\\www\\es_ldcu2\\vendor\\laravel\\framework\\src\\Illuminate\\Pipeline\\Pipeline.php(171): Illuminate\\Foundation\\Http\\Middleware\\TransformsRequest->handle(Object(Illuminate\\Http\\Request), Object(Closure))
#31 C:\\laragon\\www\\es_ldcu2\\vendor\\laravel\\framework\\src\\Illuminate\\Foundation\\Http\\Middleware\\TransformsRequest.php(21): Illuminate\\Pipeline\\Pipeline->Illuminate\\Pipeline\\{closure}(Object(Illuminate\\Http\\Request))
#32 C:\\laragon\\www\\es_ldcu2\\vendor\\laravel\\framework\\src\\Illuminate\\Pipeline\\Pipeline.php(171): Illuminate\\Foundation\\Http\\Middleware\\TransformsRequest->handle(Object(Illuminate\\Http\\Request), Object(Closure))
#33 C:\\laragon\\www\\es_ldcu2\\vendor\\laravel\\framework\\src\\Illuminate\\Foundation\\Http\\Middleware\\ValidatePostSize.php(27): Illuminate\\Pipeline\\Pipeline->Illuminate\\Pipeline\\{closure}(Object(Illuminate\\Http\\Request))
#34 C:\\laragon\\www\\es_ldcu2\\vendor\\laravel\\framework\\src\\Illuminate\\Pipeline\\Pipeline.php(171): Illuminate\\Foundation\\Http\\Middleware\\ValidatePostSize->handle(Object(Illuminate\\Http\\Request), Object(Closure))
#35 C:\\laragon\\www\\es_ldcu2\\vendor\\laravel\\framework\\src\\Illuminate\\Foundation\\Http\\Middleware\\CheckForMaintenanceMode.php(63): Illuminate\\Pipeline\\Pipeline->Illuminate\\Pipeline\\{closure}(Object(Illuminate\\Http\\Request))
#36 C:\\laragon\\www\\es_ldcu2\\vendor\\laravel\\framework\\src\\Illuminate\\Pipeline\\Pipeline.php(171): Illuminate\\Foundation\\Http\\Middleware\\CheckForMaintenanceMode->handle(Object(Illuminate\\Http\\Request), Object(Closure))
#37 C:\\laragon\\www\\es_ldcu2\\vendor\\fideloper\\proxy\\src\\TrustProxies.php(57): Illuminate\\Pipeline\\Pipeline->Illuminate\\Pipeline\\{closure}(Object(Illuminate\\Http\\Request))
#38 C:\\laragon\\www\\es_ldcu2\\vendor\\laravel\\framework\\src\\Illuminate\\Pipeline\\Pipeline.php(171): Fideloper\\Proxy\\TrustProxies->handle(Object(Illuminate\\Http\\Request), Object(Closure))
#39 C:\\laragon\\www\\es_ldcu2\\vendor\\laravel\\framework\\src\\Illuminate\\Pipeline\\Pipeline.php(105): Illuminate\\Pipeline\\Pipeline->Illuminate\\Pipeline\\{closure}(Object(Illuminate\\Http\\Request))
#40 C:\\laragon\\www\\es_ldcu2\\vendor\\laravel\\framework\\src\\Illuminate\\Foundation\\Http\\Kernel.php(145): Illuminate\\Pipeline\\Pipeline->then(Object(Closure))
#41 C:\\laragon\\www\\es_ldcu2\\vendor\\laravel\\framework\\src\\Illuminate\\Foundation\\Http\\Kernel.php(110): Illuminate\\Foundation\\Http\\Kernel->sendRequestThroughRouter(Object(Illuminate\\Http\\Request))
#42 C:\\laragon\\www\\es_ldcu2\\public\\index.php(55): Illuminate\\Foundation\\Http\\Kernel->handle(Object(Illuminate\\Http\\Request))
#43 C:\\laragon\\www\\es_ldcu2\\server.php(21): require_once('C:\\\\laragon\\\\www\\\\...')
#44 {main}
"} 
[2025-07-11 02:45:09] local.ERROR: The file "C:\laragon\www\es_ldcu2\storage\app/SIBUGAY_TECHNICAL_INSTITUTE_INC__tor_master_list.zip" does not exist {"userId":1,"exception":"[object] (Symfony\\Component\\HttpFoundation\\File\\Exception\\FileNotFoundException(code: 0): The file \"C:\\laragon\\www\\es_ldcu2\\storage\\app/SIBUGAY_TECHNICAL_INSTITUTE_INC__tor_master_list.zip\" does not exist at C:\\laragon\\www\\es_ldcu2\\vendor\\symfony\\http-foundation\\File\\File.php:36)
[stacktrace]
#0 C:\\laragon\\www\\es_ldcu2\\vendor\\symfony\\http-foundation\\BinaryFileResponse.php(93): Symfony\\Component\\HttpFoundation\\File\\File->__construct('C:\\\\laragon\\\\www\\\\...')
#1 C:\\laragon\\www\\es_ldcu2\\vendor\\symfony\\http-foundation\\BinaryFileResponse.php(52): Symfony\\Component\\HttpFoundation\\BinaryFileResponse->setFile('C:\\\\laragon\\\\www\\\\...', 'attachment', false, true)
#2 C:\\laragon\\www\\es_ldcu2\\vendor\\laravel\\framework\\src\\Illuminate\\Routing\\ResponseFactory.php(165): Symfony\\Component\\HttpFoundation\\BinaryFileResponse->__construct('C:\\\\laragon\\\\www\\\\...', 200, Array, true, 'attachment')
#3 C:\\laragon\\www\\es_ldcu2\\app\\Http\\Controllers\\Migration\\RegistrarMigration.php(507): Illuminate\\Routing\\ResponseFactory->download('C:\\\\laragon\\\\www\\\\...')
#4 C:\\laragon\\www\\es_ldcu2\\vendor\\laravel\\framework\\src\\Illuminate\\Routing\\Controller.php(54): App\\Http\\Controllers\\Migration\\RegistrarMigration->downloadTorMasterlistBatch(Object(Illuminate\\Http\\Request))
#5 C:\\laragon\\www\\es_ldcu2\\vendor\\laravel\\framework\\src\\Illuminate\\Routing\\ControllerDispatcher.php(45): Illuminate\\Routing\\Controller->callAction('downloadTorMast...', Array)
#6 C:\\laragon\\www\\es_ldcu2\\vendor\\laravel\\framework\\src\\Illuminate\\Routing\\Route.php(219): Illuminate\\Routing\\ControllerDispatcher->dispatch(Object(Illuminate\\Routing\\Route), Object(App\\Http\\Controllers\\Migration\\RegistrarMigration), 'downloadTorMast...')
#7 C:\\laragon\\www\\es_ldcu2\\vendor\\laravel\\framework\\src\\Illuminate\\Routing\\Route.php(176): Illuminate\\Routing\\Route->runController()
#8 C:\\laragon\\www\\es_ldcu2\\vendor\\laravel\\framework\\src\\Illuminate\\Routing\\Router.php(681): Illuminate\\Routing\\Route->run()
#9 C:\\laragon\\www\\es_ldcu2\\vendor\\laravel\\framework\\src\\Illuminate\\Pipeline\\Pipeline.php(130): Illuminate\\Routing\\Router->Illuminate\\Routing\\{closure}(Object(Illuminate\\Http\\Request))
#10 C:\\laragon\\www\\es_ldcu2\\vendor\\laravel\\framework\\src\\Illuminate\\Routing\\Middleware\\SubstituteBindings.php(41): Illuminate\\Pipeline\\Pipeline->Illuminate\\Pipeline\\{closure}(Object(Illuminate\\Http\\Request))
#11 C:\\laragon\\www\\es_ldcu2\\vendor\\laravel\\framework\\src\\Illuminate\\Pipeline\\Pipeline.php(171): Illuminate\\Routing\\Middleware\\SubstituteBindings->handle(Object(Illuminate\\Http\\Request), Object(Closure))
#12 C:\\laragon\\www\\es_ldcu2\\vendor\\laravel\\framework\\src\\Illuminate\\Foundation\\Http\\Middleware\\VerifyCsrfToken.php(78): Illuminate\\Pipeline\\Pipeline->Illuminate\\Pipeline\\{closure}(Object(Illuminate\\Http\\Request))
#13 C:\\laragon\\www\\es_ldcu2\\vendor\\laravel\\framework\\src\\Illuminate\\Pipeline\\Pipeline.php(171): Illuminate\\Foundation\\Http\\Middleware\\VerifyCsrfToken->handle(Object(Illuminate\\Http\\Request), Object(Closure))
#14 C:\\laragon\\www\\es_ldcu2\\vendor\\laravel\\framework\\src\\Illuminate\\View\\Middleware\\ShareErrorsFromSession.php(49): Illuminate\\Pipeline\\Pipeline->Illuminate\\Pipeline\\{closure}(Object(Illuminate\\Http\\Request))
#15 C:\\laragon\\www\\es_ldcu2\\vendor\\laravel\\framework\\src\\Illuminate\\Pipeline\\Pipeline.php(171): Illuminate\\View\\Middleware\\ShareErrorsFromSession->handle(Object(Illuminate\\Http\\Request), Object(Closure))
#16 C:\\laragon\\www\\es_ldcu2\\vendor\\laravel\\framework\\src\\Illuminate\\Session\\Middleware\\StartSession.php(56): Illuminate\\Pipeline\\Pipeline->Illuminate\\Pipeline\\{closure}(Object(Illuminate\\Http\\Request))
#17 C:\\laragon\\www\\es_ldcu2\\vendor\\laravel\\framework\\src\\Illuminate\\Pipeline\\Pipeline.php(171): Illuminate\\Session\\Middleware\\StartSession->handle(Object(Illuminate\\Http\\Request), Object(Closure))
#18 C:\\laragon\\www\\es_ldcu2\\vendor\\laravel\\framework\\src\\Illuminate\\Cookie\\Middleware\\AddQueuedCookiesToResponse.php(37): Illuminate\\Pipeline\\Pipeline->Illuminate\\Pipeline\\{closure}(Object(Illuminate\\Http\\Request))
#19 C:\\laragon\\www\\es_ldcu2\\vendor\\laravel\\framework\\src\\Illuminate\\Pipeline\\Pipeline.php(171): Illuminate\\Cookie\\Middleware\\AddQueuedCookiesToResponse->handle(Object(Illuminate\\Http\\Request), Object(Closure))
#20 C:\\laragon\\www\\es_ldcu2\\vendor\\laravel\\framework\\src\\Illuminate\\Cookie\\Middleware\\EncryptCookies.php(67): Illuminate\\Pipeline\\Pipeline->Illuminate\\Pipeline\\{closure}(Object(Illuminate\\Http\\Request))
#21 C:\\laragon\\www\\es_ldcu2\\vendor\\laravel\\framework\\src\\Illuminate\\Pipeline\\Pipeline.php(171): Illuminate\\Cookie\\Middleware\\EncryptCookies->handle(Object(Illuminate\\Http\\Request), Object(Closure))
#22 C:\\laragon\\www\\es_ldcu2\\vendor\\laravel\\framework\\src\\Illuminate\\Pipeline\\Pipeline.php(105): Illuminate\\Pipeline\\Pipeline->Illuminate\\Pipeline\\{closure}(Object(Illuminate\\Http\\Request))
#23 C:\\laragon\\www\\es_ldcu2\\vendor\\laravel\\framework\\src\\Illuminate\\Routing\\Router.php(683): Illuminate\\Pipeline\\Pipeline->then(Object(Closure))
#24 C:\\laragon\\www\\es_ldcu2\\vendor\\laravel\\framework\\src\\Illuminate\\Routing\\Router.php(658): Illuminate\\Routing\\Router->runRouteWithinStack(Object(Illuminate\\Routing\\Route), Object(Illuminate\\Http\\Request))
#25 C:\\laragon\\www\\es_ldcu2\\vendor\\laravel\\framework\\src\\Illuminate\\Routing\\Router.php(624): Illuminate\\Routing\\Router->runRoute(Object(Illuminate\\Http\\Request), Object(Illuminate\\Routing\\Route))
#26 C:\\laragon\\www\\es_ldcu2\\vendor\\laravel\\framework\\src\\Illuminate\\Routing\\Router.php(613): Illuminate\\Routing\\Router->dispatchToRoute(Object(Illuminate\\Http\\Request))
#27 C:\\laragon\\www\\es_ldcu2\\vendor\\laravel\\framework\\src\\Illuminate\\Foundation\\Http\\Kernel.php(170): Illuminate\\Routing\\Router->dispatch(Object(Illuminate\\Http\\Request))
#28 C:\\laragon\\www\\es_ldcu2\\vendor\\laravel\\framework\\src\\Illuminate\\Pipeline\\Pipeline.php(130): Illuminate\\Foundation\\Http\\Kernel->Illuminate\\Foundation\\Http\\{closure}(Object(Illuminate\\Http\\Request))
#29 C:\\laragon\\www\\es_ldcu2\\vendor\\laravel\\framework\\src\\Illuminate\\Foundation\\Http\\Middleware\\TransformsRequest.php(21): Illuminate\\Pipeline\\Pipeline->Illuminate\\Pipeline\\{closure}(Object(Illuminate\\Http\\Request))
#30 C:\\laragon\\www\\es_ldcu2\\vendor\\laravel\\framework\\src\\Illuminate\\Pipeline\\Pipeline.php(171): Illuminate\\Foundation\\Http\\Middleware\\TransformsRequest->handle(Object(Illuminate\\Http\\Request), Object(Closure))
#31 C:\\laragon\\www\\es_ldcu2\\vendor\\laravel\\framework\\src\\Illuminate\\Foundation\\Http\\Middleware\\TransformsRequest.php(21): Illuminate\\Pipeline\\Pipeline->Illuminate\\Pipeline\\{closure}(Object(Illuminate\\Http\\Request))
#32 C:\\laragon\\www\\es_ldcu2\\vendor\\laravel\\framework\\src\\Illuminate\\Pipeline\\Pipeline.php(171): Illuminate\\Foundation\\Http\\Middleware\\TransformsRequest->handle(Object(Illuminate\\Http\\Request), Object(Closure))
#33 C:\\laragon\\www\\es_ldcu2\\vendor\\laravel\\framework\\src\\Illuminate\\Foundation\\Http\\Middleware\\ValidatePostSize.php(27): Illuminate\\Pipeline\\Pipeline->Illuminate\\Pipeline\\{closure}(Object(Illuminate\\Http\\Request))
#34 C:\\laragon\\www\\es_ldcu2\\vendor\\laravel\\framework\\src\\Illuminate\\Pipeline\\Pipeline.php(171): Illuminate\\Foundation\\Http\\Middleware\\ValidatePostSize->handle(Object(Illuminate\\Http\\Request), Object(Closure))
#35 C:\\laragon\\www\\es_ldcu2\\vendor\\laravel\\framework\\src\\Illuminate\\Foundation\\Http\\Middleware\\CheckForMaintenanceMode.php(63): Illuminate\\Pipeline\\Pipeline->Illuminate\\Pipeline\\{closure}(Object(Illuminate\\Http\\Request))
#36 C:\\laragon\\www\\es_ldcu2\\vendor\\laravel\\framework\\src\\Illuminate\\Pipeline\\Pipeline.php(171): Illuminate\\Foundation\\Http\\Middleware\\CheckForMaintenanceMode->handle(Object(Illuminate\\Http\\Request), Object(Closure))
#37 C:\\laragon\\www\\es_ldcu2\\vendor\\fideloper\\proxy\\src\\TrustProxies.php(57): Illuminate\\Pipeline\\Pipeline->Illuminate\\Pipeline\\{closure}(Object(Illuminate\\Http\\Request))
#38 C:\\laragon\\www\\es_ldcu2\\vendor\\laravel\\framework\\src\\Illuminate\\Pipeline\\Pipeline.php(171): Fideloper\\Proxy\\TrustProxies->handle(Object(Illuminate\\Http\\Request), Object(Closure))
#39 C:\\laragon\\www\\es_ldcu2\\vendor\\laravel\\framework\\src\\Illuminate\\Pipeline\\Pipeline.php(105): Illuminate\\Pipeline\\Pipeline->Illuminate\\Pipeline\\{closure}(Object(Illuminate\\Http\\Request))
#40 C:\\laragon\\www\\es_ldcu2\\vendor\\laravel\\framework\\src\\Illuminate\\Foundation\\Http\\Kernel.php(145): Illuminate\\Pipeline\\Pipeline->then(Object(Closure))
#41 C:\\laragon\\www\\es_ldcu2\\vendor\\laravel\\framework\\src\\Illuminate\\Foundation\\Http\\Kernel.php(110): Illuminate\\Foundation\\Http\\Kernel->sendRequestThroughRouter(Object(Illuminate\\Http\\Request))
#42 C:\\laragon\\www\\es_ldcu2\\public\\index.php(55): Illuminate\\Foundation\\Http\\Kernel->handle(Object(Illuminate\\Http\\Request))
#43 C:\\laragon\\www\\es_ldcu2\\server.php(21): require_once('C:\\\\laragon\\\\www\\\\...')
#44 {main}
"} 
[2025-07-11 02:48:28] local.ERROR: Failed to create ZIP file: C:\laragon\www\es_ldcu2\storage\app/zip/SIBUGAY_TECHNICAL_INSTITUTE_INC__student_master_list.zip {"userId":1,"exception":"[object] (Exception(code: 0): Failed to create ZIP file: C:\\laragon\\www\\es_ldcu2\\storage\\app/zip/SIBUGAY_TECHNICAL_INSTITUTE_INC__student_master_list.zip at C:\\laragon\\www\\es_ldcu2\\app\\Http\\Controllers\\Migration\\RegistrarMigration.php:298)
[stacktrace]
#0 C:\\laragon\\www\\es_ldcu2\\vendor\\laravel\\framework\\src\\Illuminate\\Routing\\Controller.php(54): App\\Http\\Controllers\\Migration\\RegistrarMigration->downloadStudentMasterlistBatch(Object(Illuminate\\Http\\Request))
#1 C:\\laragon\\www\\es_ldcu2\\vendor\\laravel\\framework\\src\\Illuminate\\Routing\\ControllerDispatcher.php(45): Illuminate\\Routing\\Controller->callAction('downloadStudent...', Array)
#2 C:\\laragon\\www\\es_ldcu2\\vendor\\laravel\\framework\\src\\Illuminate\\Routing\\Route.php(219): Illuminate\\Routing\\ControllerDispatcher->dispatch(Object(Illuminate\\Routing\\Route), Object(App\\Http\\Controllers\\Migration\\RegistrarMigration), 'downloadStudent...')
#3 C:\\laragon\\www\\es_ldcu2\\vendor\\laravel\\framework\\src\\Illuminate\\Routing\\Route.php(176): Illuminate\\Routing\\Route->runController()
#4 C:\\laragon\\www\\es_ldcu2\\vendor\\laravel\\framework\\src\\Illuminate\\Routing\\Router.php(681): Illuminate\\Routing\\Route->run()
#5 C:\\laragon\\www\\es_ldcu2\\vendor\\laravel\\framework\\src\\Illuminate\\Pipeline\\Pipeline.php(130): Illuminate\\Routing\\Router->Illuminate\\Routing\\{closure}(Object(Illuminate\\Http\\Request))
#6 C:\\laragon\\www\\es_ldcu2\\vendor\\laravel\\framework\\src\\Illuminate\\Routing\\Middleware\\SubstituteBindings.php(41): Illuminate\\Pipeline\\Pipeline->Illuminate\\Pipeline\\{closure}(Object(Illuminate\\Http\\Request))
#7 C:\\laragon\\www\\es_ldcu2\\vendor\\laravel\\framework\\src\\Illuminate\\Pipeline\\Pipeline.php(171): Illuminate\\Routing\\Middleware\\SubstituteBindings->handle(Object(Illuminate\\Http\\Request), Object(Closure))
#8 C:\\laragon\\www\\es_ldcu2\\vendor\\laravel\\framework\\src\\Illuminate\\Foundation\\Http\\Middleware\\VerifyCsrfToken.php(78): Illuminate\\Pipeline\\Pipeline->Illuminate\\Pipeline\\{closure}(Object(Illuminate\\Http\\Request))
#9 C:\\laragon\\www\\es_ldcu2\\vendor\\laravel\\framework\\src\\Illuminate\\Pipeline\\Pipeline.php(171): Illuminate\\Foundation\\Http\\Middleware\\VerifyCsrfToken->handle(Object(Illuminate\\Http\\Request), Object(Closure))
#10 C:\\laragon\\www\\es_ldcu2\\vendor\\laravel\\framework\\src\\Illuminate\\View\\Middleware\\ShareErrorsFromSession.php(49): Illuminate\\Pipeline\\Pipeline->Illuminate\\Pipeline\\{closure}(Object(Illuminate\\Http\\Request))
#11 C:\\laragon\\www\\es_ldcu2\\vendor\\laravel\\framework\\src\\Illuminate\\Pipeline\\Pipeline.php(171): Illuminate\\View\\Middleware\\ShareErrorsFromSession->handle(Object(Illuminate\\Http\\Request), Object(Closure))
#12 C:\\laragon\\www\\es_ldcu2\\vendor\\laravel\\framework\\src\\Illuminate\\Session\\Middleware\\StartSession.php(56): Illuminate\\Pipeline\\Pipeline->Illuminate\\Pipeline\\{closure}(Object(Illuminate\\Http\\Request))
#13 C:\\laragon\\www\\es_ldcu2\\vendor\\laravel\\framework\\src\\Illuminate\\Pipeline\\Pipeline.php(171): Illuminate\\Session\\Middleware\\StartSession->handle(Object(Illuminate\\Http\\Request), Object(Closure))
#14 C:\\laragon\\www\\es_ldcu2\\vendor\\laravel\\framework\\src\\Illuminate\\Cookie\\Middleware\\AddQueuedCookiesToResponse.php(37): Illuminate\\Pipeline\\Pipeline->Illuminate\\Pipeline\\{closure}(Object(Illuminate\\Http\\Request))
#15 C:\\laragon\\www\\es_ldcu2\\vendor\\laravel\\framework\\src\\Illuminate\\Pipeline\\Pipeline.php(171): Illuminate\\Cookie\\Middleware\\AddQueuedCookiesToResponse->handle(Object(Illuminate\\Http\\Request), Object(Closure))
#16 C:\\laragon\\www\\es_ldcu2\\vendor\\laravel\\framework\\src\\Illuminate\\Cookie\\Middleware\\EncryptCookies.php(67): Illuminate\\Pipeline\\Pipeline->Illuminate\\Pipeline\\{closure}(Object(Illuminate\\Http\\Request))
#17 C:\\laragon\\www\\es_ldcu2\\vendor\\laravel\\framework\\src\\Illuminate\\Pipeline\\Pipeline.php(171): Illuminate\\Cookie\\Middleware\\EncryptCookies->handle(Object(Illuminate\\Http\\Request), Object(Closure))
#18 C:\\laragon\\www\\es_ldcu2\\vendor\\laravel\\framework\\src\\Illuminate\\Pipeline\\Pipeline.php(105): Illuminate\\Pipeline\\Pipeline->Illuminate\\Pipeline\\{closure}(Object(Illuminate\\Http\\Request))
#19 C:\\laragon\\www\\es_ldcu2\\vendor\\laravel\\framework\\src\\Illuminate\\Routing\\Router.php(683): Illuminate\\Pipeline\\Pipeline->then(Object(Closure))
#20 C:\\laragon\\www\\es_ldcu2\\vendor\\laravel\\framework\\src\\Illuminate\\Routing\\Router.php(658): Illuminate\\Routing\\Router->runRouteWithinStack(Object(Illuminate\\Routing\\Route), Object(Illuminate\\Http\\Request))
#21 C:\\laragon\\www\\es_ldcu2\\vendor\\laravel\\framework\\src\\Illuminate\\Routing\\Router.php(624): Illuminate\\Routing\\Router->runRoute(Object(Illuminate\\Http\\Request), Object(Illuminate\\Routing\\Route))
#22 C:\\laragon\\www\\es_ldcu2\\vendor\\laravel\\framework\\src\\Illuminate\\Routing\\Router.php(613): Illuminate\\Routing\\Router->dispatchToRoute(Object(Illuminate\\Http\\Request))
#23 C:\\laragon\\www\\es_ldcu2\\vendor\\laravel\\framework\\src\\Illuminate\\Foundation\\Http\\Kernel.php(170): Illuminate\\Routing\\Router->dispatch(Object(Illuminate\\Http\\Request))
#24 C:\\laragon\\www\\es_ldcu2\\vendor\\laravel\\framework\\src\\Illuminate\\Pipeline\\Pipeline.php(130): Illuminate\\Foundation\\Http\\Kernel->Illuminate\\Foundation\\Http\\{closure}(Object(Illuminate\\Http\\Request))
#25 C:\\laragon\\www\\es_ldcu2\\vendor\\laravel\\framework\\src\\Illuminate\\Foundation\\Http\\Middleware\\TransformsRequest.php(21): Illuminate\\Pipeline\\Pipeline->Illuminate\\Pipeline\\{closure}(Object(Illuminate\\Http\\Request))
#26 C:\\laragon\\www\\es_ldcu2\\vendor\\laravel\\framework\\src\\Illuminate\\Pipeline\\Pipeline.php(171): Illuminate\\Foundation\\Http\\Middleware\\TransformsRequest->handle(Object(Illuminate\\Http\\Request), Object(Closure))
#27 C:\\laragon\\www\\es_ldcu2\\vendor\\laravel\\framework\\src\\Illuminate\\Foundation\\Http\\Middleware\\TransformsRequest.php(21): Illuminate\\Pipeline\\Pipeline->Illuminate\\Pipeline\\{closure}(Object(Illuminate\\Http\\Request))
#28 C:\\laragon\\www\\es_ldcu2\\vendor\\laravel\\framework\\src\\Illuminate\\Pipeline\\Pipeline.php(171): Illuminate\\Foundation\\Http\\Middleware\\TransformsRequest->handle(Object(Illuminate\\Http\\Request), Object(Closure))
#29 C:\\laragon\\www\\es_ldcu2\\vendor\\laravel\\framework\\src\\Illuminate\\Foundation\\Http\\Middleware\\ValidatePostSize.php(27): Illuminate\\Pipeline\\Pipeline->Illuminate\\Pipeline\\{closure}(Object(Illuminate\\Http\\Request))
#30 C:\\laragon\\www\\es_ldcu2\\vendor\\laravel\\framework\\src\\Illuminate\\Pipeline\\Pipeline.php(171): Illuminate\\Foundation\\Http\\Middleware\\ValidatePostSize->handle(Object(Illuminate\\Http\\Request), Object(Closure))
#31 C:\\laragon\\www\\es_ldcu2\\vendor\\laravel\\framework\\src\\Illuminate\\Foundation\\Http\\Middleware\\CheckForMaintenanceMode.php(63): Illuminate\\Pipeline\\Pipeline->Illuminate\\Pipeline\\{closure}(Object(Illuminate\\Http\\Request))
#32 C:\\laragon\\www\\es_ldcu2\\vendor\\laravel\\framework\\src\\Illuminate\\Pipeline\\Pipeline.php(171): Illuminate\\Foundation\\Http\\Middleware\\CheckForMaintenanceMode->handle(Object(Illuminate\\Http\\Request), Object(Closure))
#33 C:\\laragon\\www\\es_ldcu2\\vendor\\fideloper\\proxy\\src\\TrustProxies.php(57): Illuminate\\Pipeline\\Pipeline->Illuminate\\Pipeline\\{closure}(Object(Illuminate\\Http\\Request))
#34 C:\\laragon\\www\\es_ldcu2\\vendor\\laravel\\framework\\src\\Illuminate\\Pipeline\\Pipeline.php(171): Fideloper\\Proxy\\TrustProxies->handle(Object(Illuminate\\Http\\Request), Object(Closure))
#35 C:\\laragon\\www\\es_ldcu2\\vendor\\laravel\\framework\\src\\Illuminate\\Pipeline\\Pipeline.php(105): Illuminate\\Pipeline\\Pipeline->Illuminate\\Pipeline\\{closure}(Object(Illuminate\\Http\\Request))
#36 C:\\laragon\\www\\es_ldcu2\\vendor\\laravel\\framework\\src\\Illuminate\\Foundation\\Http\\Kernel.php(145): Illuminate\\Pipeline\\Pipeline->then(Object(Closure))
#37 C:\\laragon\\www\\es_ldcu2\\vendor\\laravel\\framework\\src\\Illuminate\\Foundation\\Http\\Kernel.php(110): Illuminate\\Foundation\\Http\\Kernel->sendRequestThroughRouter(Object(Illuminate\\Http\\Request))
#38 C:\\laragon\\www\\es_ldcu2\\public\\index.php(55): Illuminate\\Foundation\\Http\\Kernel->handle(Object(Illuminate\\Http\\Request))
#39 C:\\laragon\\www\\es_ldcu2\\server.php(21): require_once('C:\\\\laragon\\\\www\\\\...')
#40 {main}
"} 
[2025-07-11 02:52:20] local.ERROR: The file "C:\laragon\www\es_ldcu2\storage\app/zip/SIBUGAY_TECHNICAL_INSTITUTE_INC__tor_master_list.zip" does not exist {"userId":1,"exception":"[object] (Symfony\\Component\\HttpFoundation\\File\\Exception\\FileNotFoundException(code: 0): The file \"C:\\laragon\\www\\es_ldcu2\\storage\\app/zip/SIBUGAY_TECHNICAL_INSTITUTE_INC__tor_master_list.zip\" does not exist at C:\\laragon\\www\\es_ldcu2\\vendor\\symfony\\http-foundation\\File\\File.php:36)
[stacktrace]
#0 C:\\laragon\\www\\es_ldcu2\\vendor\\symfony\\http-foundation\\BinaryFileResponse.php(93): Symfony\\Component\\HttpFoundation\\File\\File->__construct('C:\\\\laragon\\\\www\\\\...')
#1 C:\\laragon\\www\\es_ldcu2\\vendor\\symfony\\http-foundation\\BinaryFileResponse.php(52): Symfony\\Component\\HttpFoundation\\BinaryFileResponse->setFile('C:\\\\laragon\\\\www\\\\...', 'attachment', false, true)
#2 C:\\laragon\\www\\es_ldcu2\\vendor\\laravel\\framework\\src\\Illuminate\\Routing\\ResponseFactory.php(165): Symfony\\Component\\HttpFoundation\\BinaryFileResponse->__construct('C:\\\\laragon\\\\www\\\\...', 200, Array, true, 'attachment')
#3 C:\\laragon\\www\\es_ldcu2\\app\\Http\\Controllers\\Migration\\RegistrarMigration.php(507): Illuminate\\Routing\\ResponseFactory->download('C:\\\\laragon\\\\www\\\\...')
#4 C:\\laragon\\www\\es_ldcu2\\vendor\\laravel\\framework\\src\\Illuminate\\Routing\\Controller.php(54): App\\Http\\Controllers\\Migration\\RegistrarMigration->downloadTorMasterlistBatch(Object(Illuminate\\Http\\Request))
#5 C:\\laragon\\www\\es_ldcu2\\vendor\\laravel\\framework\\src\\Illuminate\\Routing\\ControllerDispatcher.php(45): Illuminate\\Routing\\Controller->callAction('downloadTorMast...', Array)
#6 C:\\laragon\\www\\es_ldcu2\\vendor\\laravel\\framework\\src\\Illuminate\\Routing\\Route.php(219): Illuminate\\Routing\\ControllerDispatcher->dispatch(Object(Illuminate\\Routing\\Route), Object(App\\Http\\Controllers\\Migration\\RegistrarMigration), 'downloadTorMast...')
#7 C:\\laragon\\www\\es_ldcu2\\vendor\\laravel\\framework\\src\\Illuminate\\Routing\\Route.php(176): Illuminate\\Routing\\Route->runController()
#8 C:\\laragon\\www\\es_ldcu2\\vendor\\laravel\\framework\\src\\Illuminate\\Routing\\Router.php(681): Illuminate\\Routing\\Route->run()
#9 C:\\laragon\\www\\es_ldcu2\\vendor\\laravel\\framework\\src\\Illuminate\\Pipeline\\Pipeline.php(130): Illuminate\\Routing\\Router->Illuminate\\Routing\\{closure}(Object(Illuminate\\Http\\Request))
#10 C:\\laragon\\www\\es_ldcu2\\vendor\\laravel\\framework\\src\\Illuminate\\Routing\\Middleware\\SubstituteBindings.php(41): Illuminate\\Pipeline\\Pipeline->Illuminate\\Pipeline\\{closure}(Object(Illuminate\\Http\\Request))
#11 C:\\laragon\\www\\es_ldcu2\\vendor\\laravel\\framework\\src\\Illuminate\\Pipeline\\Pipeline.php(171): Illuminate\\Routing\\Middleware\\SubstituteBindings->handle(Object(Illuminate\\Http\\Request), Object(Closure))
#12 C:\\laragon\\www\\es_ldcu2\\vendor\\laravel\\framework\\src\\Illuminate\\Foundation\\Http\\Middleware\\VerifyCsrfToken.php(78): Illuminate\\Pipeline\\Pipeline->Illuminate\\Pipeline\\{closure}(Object(Illuminate\\Http\\Request))
#13 C:\\laragon\\www\\es_ldcu2\\vendor\\laravel\\framework\\src\\Illuminate\\Pipeline\\Pipeline.php(171): Illuminate\\Foundation\\Http\\Middleware\\VerifyCsrfToken->handle(Object(Illuminate\\Http\\Request), Object(Closure))
#14 C:\\laragon\\www\\es_ldcu2\\vendor\\laravel\\framework\\src\\Illuminate\\View\\Middleware\\ShareErrorsFromSession.php(49): Illuminate\\Pipeline\\Pipeline->Illuminate\\Pipeline\\{closure}(Object(Illuminate\\Http\\Request))
#15 C:\\laragon\\www\\es_ldcu2\\vendor\\laravel\\framework\\src\\Illuminate\\Pipeline\\Pipeline.php(171): Illuminate\\View\\Middleware\\ShareErrorsFromSession->handle(Object(Illuminate\\Http\\Request), Object(Closure))
#16 C:\\laragon\\www\\es_ldcu2\\vendor\\laravel\\framework\\src\\Illuminate\\Session\\Middleware\\StartSession.php(56): Illuminate\\Pipeline\\Pipeline->Illuminate\\Pipeline\\{closure}(Object(Illuminate\\Http\\Request))
#17 C:\\laragon\\www\\es_ldcu2\\vendor\\laravel\\framework\\src\\Illuminate\\Pipeline\\Pipeline.php(171): Illuminate\\Session\\Middleware\\StartSession->handle(Object(Illuminate\\Http\\Request), Object(Closure))
#18 C:\\laragon\\www\\es_ldcu2\\vendor\\laravel\\framework\\src\\Illuminate\\Cookie\\Middleware\\AddQueuedCookiesToResponse.php(37): Illuminate\\Pipeline\\Pipeline->Illuminate\\Pipeline\\{closure}(Object(Illuminate\\Http\\Request))
#19 C:\\laragon\\www\\es_ldcu2\\vendor\\laravel\\framework\\src\\Illuminate\\Pipeline\\Pipeline.php(171): Illuminate\\Cookie\\Middleware\\AddQueuedCookiesToResponse->handle(Object(Illuminate\\Http\\Request), Object(Closure))
#20 C:\\laragon\\www\\es_ldcu2\\vendor\\laravel\\framework\\src\\Illuminate\\Cookie\\Middleware\\EncryptCookies.php(67): Illuminate\\Pipeline\\Pipeline->Illuminate\\Pipeline\\{closure}(Object(Illuminate\\Http\\Request))
#21 C:\\laragon\\www\\es_ldcu2\\vendor\\laravel\\framework\\src\\Illuminate\\Pipeline\\Pipeline.php(171): Illuminate\\Cookie\\Middleware\\EncryptCookies->handle(Object(Illuminate\\Http\\Request), Object(Closure))
#22 C:\\laragon\\www\\es_ldcu2\\vendor\\laravel\\framework\\src\\Illuminate\\Pipeline\\Pipeline.php(105): Illuminate\\Pipeline\\Pipeline->Illuminate\\Pipeline\\{closure}(Object(Illuminate\\Http\\Request))
#23 C:\\laragon\\www\\es_ldcu2\\vendor\\laravel\\framework\\src\\Illuminate\\Routing\\Router.php(683): Illuminate\\Pipeline\\Pipeline->then(Object(Closure))
#24 C:\\laragon\\www\\es_ldcu2\\vendor\\laravel\\framework\\src\\Illuminate\\Routing\\Router.php(658): Illuminate\\Routing\\Router->runRouteWithinStack(Object(Illuminate\\Routing\\Route), Object(Illuminate\\Http\\Request))
#25 C:\\laragon\\www\\es_ldcu2\\vendor\\laravel\\framework\\src\\Illuminate\\Routing\\Router.php(624): Illuminate\\Routing\\Router->runRoute(Object(Illuminate\\Http\\Request), Object(Illuminate\\Routing\\Route))
#26 C:\\laragon\\www\\es_ldcu2\\vendor\\laravel\\framework\\src\\Illuminate\\Routing\\Router.php(613): Illuminate\\Routing\\Router->dispatchToRoute(Object(Illuminate\\Http\\Request))
#27 C:\\laragon\\www\\es_ldcu2\\vendor\\laravel\\framework\\src\\Illuminate\\Foundation\\Http\\Kernel.php(170): Illuminate\\Routing\\Router->dispatch(Object(Illuminate\\Http\\Request))
#28 C:\\laragon\\www\\es_ldcu2\\vendor\\laravel\\framework\\src\\Illuminate\\Pipeline\\Pipeline.php(130): Illuminate\\Foundation\\Http\\Kernel->Illuminate\\Foundation\\Http\\{closure}(Object(Illuminate\\Http\\Request))
#29 C:\\laragon\\www\\es_ldcu2\\vendor\\laravel\\framework\\src\\Illuminate\\Foundation\\Http\\Middleware\\TransformsRequest.php(21): Illuminate\\Pipeline\\Pipeline->Illuminate\\Pipeline\\{closure}(Object(Illuminate\\Http\\Request))
#30 C:\\laragon\\www\\es_ldcu2\\vendor\\laravel\\framework\\src\\Illuminate\\Pipeline\\Pipeline.php(171): Illuminate\\Foundation\\Http\\Middleware\\TransformsRequest->handle(Object(Illuminate\\Http\\Request), Object(Closure))
#31 C:\\laragon\\www\\es_ldcu2\\vendor\\laravel\\framework\\src\\Illuminate\\Foundation\\Http\\Middleware\\TransformsRequest.php(21): Illuminate\\Pipeline\\Pipeline->Illuminate\\Pipeline\\{closure}(Object(Illuminate\\Http\\Request))
#32 C:\\laragon\\www\\es_ldcu2\\vendor\\laravel\\framework\\src\\Illuminate\\Pipeline\\Pipeline.php(171): Illuminate\\Foundation\\Http\\Middleware\\TransformsRequest->handle(Object(Illuminate\\Http\\Request), Object(Closure))
#33 C:\\laragon\\www\\es_ldcu2\\vendor\\laravel\\framework\\src\\Illuminate\\Foundation\\Http\\Middleware\\ValidatePostSize.php(27): Illuminate\\Pipeline\\Pipeline->Illuminate\\Pipeline\\{closure}(Object(Illuminate\\Http\\Request))
#34 C:\\laragon\\www\\es_ldcu2\\vendor\\laravel\\framework\\src\\Illuminate\\Pipeline\\Pipeline.php(171): Illuminate\\Foundation\\Http\\Middleware\\ValidatePostSize->handle(Object(Illuminate\\Http\\Request), Object(Closure))
#35 C:\\laragon\\www\\es_ldcu2\\vendor\\laravel\\framework\\src\\Illuminate\\Foundation\\Http\\Middleware\\CheckForMaintenanceMode.php(63): Illuminate\\Pipeline\\Pipeline->Illuminate\\Pipeline\\{closure}(Object(Illuminate\\Http\\Request))
#36 C:\\laragon\\www\\es_ldcu2\\vendor\\laravel\\framework\\src\\Illuminate\\Pipeline\\Pipeline.php(171): Illuminate\\Foundation\\Http\\Middleware\\CheckForMaintenanceMode->handle(Object(Illuminate\\Http\\Request), Object(Closure))
#37 C:\\laragon\\www\\es_ldcu2\\vendor\\fideloper\\proxy\\src\\TrustProxies.php(57): Illuminate\\Pipeline\\Pipeline->Illuminate\\Pipeline\\{closure}(Object(Illuminate\\Http\\Request))
#38 C:\\laragon\\www\\es_ldcu2\\vendor\\laravel\\framework\\src\\Illuminate\\Pipeline\\Pipeline.php(171): Fideloper\\Proxy\\TrustProxies->handle(Object(Illuminate\\Http\\Request), Object(Closure))
#39 C:\\laragon\\www\\es_ldcu2\\vendor\\laravel\\framework\\src\\Illuminate\\Pipeline\\Pipeline.php(105): Illuminate\\Pipeline\\Pipeline->Illuminate\\Pipeline\\{closure}(Object(Illuminate\\Http\\Request))
#40 C:\\laragon\\www\\es_ldcu2\\vendor\\laravel\\framework\\src\\Illuminate\\Foundation\\Http\\Kernel.php(145): Illuminate\\Pipeline\\Pipeline->then(Object(Closure))
#41 C:\\laragon\\www\\es_ldcu2\\vendor\\laravel\\framework\\src\\Illuminate\\Foundation\\Http\\Kernel.php(110): Illuminate\\Foundation\\Http\\Kernel->sendRequestThroughRouter(Object(Illuminate\\Http\\Request))
#42 C:\\laragon\\www\\es_ldcu2\\public\\index.php(55): Illuminate\\Foundation\\Http\\Kernel->handle(Object(Illuminate\\Http\\Request))
#43 C:\\laragon\\www\\es_ldcu2\\server.php(21): require_once('C:\\\\laragon\\\\www\\\\...')
#44 {main}
"} 
[2025-07-11 02:56:40] local.ERROR: The file "C:\laragon\www\es_ldcu2\storage\app/zip/SIBUGAY_TECHNICAL_INSTITUTE_INC__tor_master_list.zip" does not exist {"userId":1,"exception":"[object] (Symfony\\Component\\HttpFoundation\\File\\Exception\\FileNotFoundException(code: 0): The file \"C:\\laragon\\www\\es_ldcu2\\storage\\app/zip/SIBUGAY_TECHNICAL_INSTITUTE_INC__tor_master_list.zip\" does not exist at C:\\laragon\\www\\es_ldcu2\\vendor\\symfony\\http-foundation\\File\\File.php:36)
[stacktrace]
#0 C:\\laragon\\www\\es_ldcu2\\vendor\\symfony\\http-foundation\\BinaryFileResponse.php(93): Symfony\\Component\\HttpFoundation\\File\\File->__construct('C:\\\\laragon\\\\www\\\\...')
#1 C:\\laragon\\www\\es_ldcu2\\vendor\\symfony\\http-foundation\\BinaryFileResponse.php(52): Symfony\\Component\\HttpFoundation\\BinaryFileResponse->setFile('C:\\\\laragon\\\\www\\\\...', 'attachment', false, true)
#2 C:\\laragon\\www\\es_ldcu2\\vendor\\laravel\\framework\\src\\Illuminate\\Routing\\ResponseFactory.php(165): Symfony\\Component\\HttpFoundation\\BinaryFileResponse->__construct('C:\\\\laragon\\\\www\\\\...', 200, Array, true, 'attachment')
#3 C:\\laragon\\www\\es_ldcu2\\app\\Http\\Controllers\\Migration\\RegistrarMigration.php(506): Illuminate\\Routing\\ResponseFactory->download('C:\\\\laragon\\\\www\\\\...')
#4 C:\\laragon\\www\\es_ldcu2\\vendor\\laravel\\framework\\src\\Illuminate\\Routing\\Controller.php(54): App\\Http\\Controllers\\Migration\\RegistrarMigration->downloadTorMasterlistBatch(Object(Illuminate\\Http\\Request))
#5 C:\\laragon\\www\\es_ldcu2\\vendor\\laravel\\framework\\src\\Illuminate\\Routing\\ControllerDispatcher.php(45): Illuminate\\Routing\\Controller->callAction('downloadTorMast...', Array)
#6 C:\\laragon\\www\\es_ldcu2\\vendor\\laravel\\framework\\src\\Illuminate\\Routing\\Route.php(219): Illuminate\\Routing\\ControllerDispatcher->dispatch(Object(Illuminate\\Routing\\Route), Object(App\\Http\\Controllers\\Migration\\RegistrarMigration), 'downloadTorMast...')
#7 C:\\laragon\\www\\es_ldcu2\\vendor\\laravel\\framework\\src\\Illuminate\\Routing\\Route.php(176): Illuminate\\Routing\\Route->runController()
#8 C:\\laragon\\www\\es_ldcu2\\vendor\\laravel\\framework\\src\\Illuminate\\Routing\\Router.php(681): Illuminate\\Routing\\Route->run()
#9 C:\\laragon\\www\\es_ldcu2\\vendor\\laravel\\framework\\src\\Illuminate\\Pipeline\\Pipeline.php(130): Illuminate\\Routing\\Router->Illuminate\\Routing\\{closure}(Object(Illuminate\\Http\\Request))
#10 C:\\laragon\\www\\es_ldcu2\\vendor\\laravel\\framework\\src\\Illuminate\\Routing\\Middleware\\SubstituteBindings.php(41): Illuminate\\Pipeline\\Pipeline->Illuminate\\Pipeline\\{closure}(Object(Illuminate\\Http\\Request))
#11 C:\\laragon\\www\\es_ldcu2\\vendor\\laravel\\framework\\src\\Illuminate\\Pipeline\\Pipeline.php(171): Illuminate\\Routing\\Middleware\\SubstituteBindings->handle(Object(Illuminate\\Http\\Request), Object(Closure))
#12 C:\\laragon\\www\\es_ldcu2\\vendor\\laravel\\framework\\src\\Illuminate\\Foundation\\Http\\Middleware\\VerifyCsrfToken.php(78): Illuminate\\Pipeline\\Pipeline->Illuminate\\Pipeline\\{closure}(Object(Illuminate\\Http\\Request))
#13 C:\\laragon\\www\\es_ldcu2\\vendor\\laravel\\framework\\src\\Illuminate\\Pipeline\\Pipeline.php(171): Illuminate\\Foundation\\Http\\Middleware\\VerifyCsrfToken->handle(Object(Illuminate\\Http\\Request), Object(Closure))
#14 C:\\laragon\\www\\es_ldcu2\\vendor\\laravel\\framework\\src\\Illuminate\\View\\Middleware\\ShareErrorsFromSession.php(49): Illuminate\\Pipeline\\Pipeline->Illuminate\\Pipeline\\{closure}(Object(Illuminate\\Http\\Request))
#15 C:\\laragon\\www\\es_ldcu2\\vendor\\laravel\\framework\\src\\Illuminate\\Pipeline\\Pipeline.php(171): Illuminate\\View\\Middleware\\ShareErrorsFromSession->handle(Object(Illuminate\\Http\\Request), Object(Closure))
#16 C:\\laragon\\www\\es_ldcu2\\vendor\\laravel\\framework\\src\\Illuminate\\Session\\Middleware\\StartSession.php(56): Illuminate\\Pipeline\\Pipeline->Illuminate\\Pipeline\\{closure}(Object(Illuminate\\Http\\Request))
#17 C:\\laragon\\www\\es_ldcu2\\vendor\\laravel\\framework\\src\\Illuminate\\Pipeline\\Pipeline.php(171): Illuminate\\Session\\Middleware\\StartSession->handle(Object(Illuminate\\Http\\Request), Object(Closure))
#18 C:\\laragon\\www\\es_ldcu2\\vendor\\laravel\\framework\\src\\Illuminate\\Cookie\\Middleware\\AddQueuedCookiesToResponse.php(37): Illuminate\\Pipeline\\Pipeline->Illuminate\\Pipeline\\{closure}(Object(Illuminate\\Http\\Request))
#19 C:\\laragon\\www\\es_ldcu2\\vendor\\laravel\\framework\\src\\Illuminate\\Pipeline\\Pipeline.php(171): Illuminate\\Cookie\\Middleware\\AddQueuedCookiesToResponse->handle(Object(Illuminate\\Http\\Request), Object(Closure))
#20 C:\\laragon\\www\\es_ldcu2\\vendor\\laravel\\framework\\src\\Illuminate\\Cookie\\Middleware\\EncryptCookies.php(67): Illuminate\\Pipeline\\Pipeline->Illuminate\\Pipeline\\{closure}(Object(Illuminate\\Http\\Request))
#21 C:\\laragon\\www\\es_ldcu2\\vendor\\laravel\\framework\\src\\Illuminate\\Pipeline\\Pipeline.php(171): Illuminate\\Cookie\\Middleware\\EncryptCookies->handle(Object(Illuminate\\Http\\Request), Object(Closure))
#22 C:\\laragon\\www\\es_ldcu2\\vendor\\laravel\\framework\\src\\Illuminate\\Pipeline\\Pipeline.php(105): Illuminate\\Pipeline\\Pipeline->Illuminate\\Pipeline\\{closure}(Object(Illuminate\\Http\\Request))
#23 C:\\laragon\\www\\es_ldcu2\\vendor\\laravel\\framework\\src\\Illuminate\\Routing\\Router.php(683): Illuminate\\Pipeline\\Pipeline->then(Object(Closure))
#24 C:\\laragon\\www\\es_ldcu2\\vendor\\laravel\\framework\\src\\Illuminate\\Routing\\Router.php(658): Illuminate\\Routing\\Router->runRouteWithinStack(Object(Illuminate\\Routing\\Route), Object(Illuminate\\Http\\Request))
#25 C:\\laragon\\www\\es_ldcu2\\vendor\\laravel\\framework\\src\\Illuminate\\Routing\\Router.php(624): Illuminate\\Routing\\Router->runRoute(Object(Illuminate\\Http\\Request), Object(Illuminate\\Routing\\Route))
#26 C:\\laragon\\www\\es_ldcu2\\vendor\\laravel\\framework\\src\\Illuminate\\Routing\\Router.php(613): Illuminate\\Routing\\Router->dispatchToRoute(Object(Illuminate\\Http\\Request))
#27 C:\\laragon\\www\\es_ldcu2\\vendor\\laravel\\framework\\src\\Illuminate\\Foundation\\Http\\Kernel.php(170): Illuminate\\Routing\\Router->dispatch(Object(Illuminate\\Http\\Request))
#28 C:\\laragon\\www\\es_ldcu2\\vendor\\laravel\\framework\\src\\Illuminate\\Pipeline\\Pipeline.php(130): Illuminate\\Foundation\\Http\\Kernel->Illuminate\\Foundation\\Http\\{closure}(Object(Illuminate\\Http\\Request))
#29 C:\\laragon\\www\\es_ldcu2\\vendor\\laravel\\framework\\src\\Illuminate\\Foundation\\Http\\Middleware\\TransformsRequest.php(21): Illuminate\\Pipeline\\Pipeline->Illuminate\\Pipeline\\{closure}(Object(Illuminate\\Http\\Request))
#30 C:\\laragon\\www\\es_ldcu2\\vendor\\laravel\\framework\\src\\Illuminate\\Pipeline\\Pipeline.php(171): Illuminate\\Foundation\\Http\\Middleware\\TransformsRequest->handle(Object(Illuminate\\Http\\Request), Object(Closure))
#31 C:\\laragon\\www\\es_ldcu2\\vendor\\laravel\\framework\\src\\Illuminate\\Foundation\\Http\\Middleware\\TransformsRequest.php(21): Illuminate\\Pipeline\\Pipeline->Illuminate\\Pipeline\\{closure}(Object(Illuminate\\Http\\Request))
#32 C:\\laragon\\www\\es_ldcu2\\vendor\\laravel\\framework\\src\\Illuminate\\Pipeline\\Pipeline.php(171): Illuminate\\Foundation\\Http\\Middleware\\TransformsRequest->handle(Object(Illuminate\\Http\\Request), Object(Closure))
#33 C:\\laragon\\www\\es_ldcu2\\vendor\\laravel\\framework\\src\\Illuminate\\Foundation\\Http\\Middleware\\ValidatePostSize.php(27): Illuminate\\Pipeline\\Pipeline->Illuminate\\Pipeline\\{closure}(Object(Illuminate\\Http\\Request))
#34 C:\\laragon\\www\\es_ldcu2\\vendor\\laravel\\framework\\src\\Illuminate\\Pipeline\\Pipeline.php(171): Illuminate\\Foundation\\Http\\Middleware\\ValidatePostSize->handle(Object(Illuminate\\Http\\Request), Object(Closure))
#35 C:\\laragon\\www\\es_ldcu2\\vendor\\laravel\\framework\\src\\Illuminate\\Foundation\\Http\\Middleware\\CheckForMaintenanceMode.php(63): Illuminate\\Pipeline\\Pipeline->Illuminate\\Pipeline\\{closure}(Object(Illuminate\\Http\\Request))
#36 C:\\laragon\\www\\es_ldcu2\\vendor\\laravel\\framework\\src\\Illuminate\\Pipeline\\Pipeline.php(171): Illuminate\\Foundation\\Http\\Middleware\\CheckForMaintenanceMode->handle(Object(Illuminate\\Http\\Request), Object(Closure))
#37 C:\\laragon\\www\\es_ldcu2\\vendor\\fideloper\\proxy\\src\\TrustProxies.php(57): Illuminate\\Pipeline\\Pipeline->Illuminate\\Pipeline\\{closure}(Object(Illuminate\\Http\\Request))
#38 C:\\laragon\\www\\es_ldcu2\\vendor\\laravel\\framework\\src\\Illuminate\\Pipeline\\Pipeline.php(171): Fideloper\\Proxy\\TrustProxies->handle(Object(Illuminate\\Http\\Request), Object(Closure))
#39 C:\\laragon\\www\\es_ldcu2\\vendor\\laravel\\framework\\src\\Illuminate\\Pipeline\\Pipeline.php(105): Illuminate\\Pipeline\\Pipeline->Illuminate\\Pipeline\\{closure}(Object(Illuminate\\Http\\Request))
#40 C:\\laragon\\www\\es_ldcu2\\vendor\\laravel\\framework\\src\\Illuminate\\Foundation\\Http\\Kernel.php(145): Illuminate\\Pipeline\\Pipeline->then(Object(Closure))
#41 C:\\laragon\\www\\es_ldcu2\\vendor\\laravel\\framework\\src\\Illuminate\\Foundation\\Http\\Kernel.php(110): Illuminate\\Foundation\\Http\\Kernel->sendRequestThroughRouter(Object(Illuminate\\Http\\Request))
#42 C:\\laragon\\www\\es_ldcu2\\public\\index.php(55): Illuminate\\Foundation\\Http\\Kernel->handle(Object(Illuminate\\Http\\Request))
#43 C:\\laragon\\www\\es_ldcu2\\server.php(21): require_once('C:\\\\laragon\\\\www\\\\...')
#44 {main}
"} 
[2025-07-11 03:01:43] local.ERROR: No PDF files generated for ZIP. Check student data and PDF generation. {"userId":1,"exception":"[object] (Exception(code: 0): No PDF files generated for ZIP. Check student data and PDF generation. at C:\\laragon\\www\\es_ldcu2\\app\\Http\\Controllers\\Migration\\RegistrarMigration.php:496)
[stacktrace]
#0 C:\\laragon\\www\\es_ldcu2\\vendor\\laravel\\framework\\src\\Illuminate\\Routing\\Controller.php(54): App\\Http\\Controllers\\Migration\\RegistrarMigration->downloadTorMasterlistBatch(Object(Illuminate\\Http\\Request))
#1 C:\\laragon\\www\\es_ldcu2\\vendor\\laravel\\framework\\src\\Illuminate\\Routing\\ControllerDispatcher.php(45): Illuminate\\Routing\\Controller->callAction('downloadTorMast...', Array)
#2 C:\\laragon\\www\\es_ldcu2\\vendor\\laravel\\framework\\src\\Illuminate\\Routing\\Route.php(219): Illuminate\\Routing\\ControllerDispatcher->dispatch(Object(Illuminate\\Routing\\Route), Object(App\\Http\\Controllers\\Migration\\RegistrarMigration), 'downloadTorMast...')
#3 C:\\laragon\\www\\es_ldcu2\\vendor\\laravel\\framework\\src\\Illuminate\\Routing\\Route.php(176): Illuminate\\Routing\\Route->runController()
#4 C:\\laragon\\www\\es_ldcu2\\vendor\\laravel\\framework\\src\\Illuminate\\Routing\\Router.php(681): Illuminate\\Routing\\Route->run()
#5 C:\\laragon\\www\\es_ldcu2\\vendor\\laravel\\framework\\src\\Illuminate\\Pipeline\\Pipeline.php(130): Illuminate\\Routing\\Router->Illuminate\\Routing\\{closure}(Object(Illuminate\\Http\\Request))
#6 C:\\laragon\\www\\es_ldcu2\\vendor\\laravel\\framework\\src\\Illuminate\\Routing\\Middleware\\SubstituteBindings.php(41): Illuminate\\Pipeline\\Pipeline->Illuminate\\Pipeline\\{closure}(Object(Illuminate\\Http\\Request))
#7 C:\\laragon\\www\\es_ldcu2\\vendor\\laravel\\framework\\src\\Illuminate\\Pipeline\\Pipeline.php(171): Illuminate\\Routing\\Middleware\\SubstituteBindings->handle(Object(Illuminate\\Http\\Request), Object(Closure))
#8 C:\\laragon\\www\\es_ldcu2\\vendor\\laravel\\framework\\src\\Illuminate\\Foundation\\Http\\Middleware\\VerifyCsrfToken.php(78): Illuminate\\Pipeline\\Pipeline->Illuminate\\Pipeline\\{closure}(Object(Illuminate\\Http\\Request))
#9 C:\\laragon\\www\\es_ldcu2\\vendor\\laravel\\framework\\src\\Illuminate\\Pipeline\\Pipeline.php(171): Illuminate\\Foundation\\Http\\Middleware\\VerifyCsrfToken->handle(Object(Illuminate\\Http\\Request), Object(Closure))
#10 C:\\laragon\\www\\es_ldcu2\\vendor\\laravel\\framework\\src\\Illuminate\\View\\Middleware\\ShareErrorsFromSession.php(49): Illuminate\\Pipeline\\Pipeline->Illuminate\\Pipeline\\{closure}(Object(Illuminate\\Http\\Request))
#11 C:\\laragon\\www\\es_ldcu2\\vendor\\laravel\\framework\\src\\Illuminate\\Pipeline\\Pipeline.php(171): Illuminate\\View\\Middleware\\ShareErrorsFromSession->handle(Object(Illuminate\\Http\\Request), Object(Closure))
#12 C:\\laragon\\www\\es_ldcu2\\vendor\\laravel\\framework\\src\\Illuminate\\Session\\Middleware\\StartSession.php(56): Illuminate\\Pipeline\\Pipeline->Illuminate\\Pipeline\\{closure}(Object(Illuminate\\Http\\Request))
#13 C:\\laragon\\www\\es_ldcu2\\vendor\\laravel\\framework\\src\\Illuminate\\Pipeline\\Pipeline.php(171): Illuminate\\Session\\Middleware\\StartSession->handle(Object(Illuminate\\Http\\Request), Object(Closure))
#14 C:\\laragon\\www\\es_ldcu2\\vendor\\laravel\\framework\\src\\Illuminate\\Cookie\\Middleware\\AddQueuedCookiesToResponse.php(37): Illuminate\\Pipeline\\Pipeline->Illuminate\\Pipeline\\{closure}(Object(Illuminate\\Http\\Request))
#15 C:\\laragon\\www\\es_ldcu2\\vendor\\laravel\\framework\\src\\Illuminate\\Pipeline\\Pipeline.php(171): Illuminate\\Cookie\\Middleware\\AddQueuedCookiesToResponse->handle(Object(Illuminate\\Http\\Request), Object(Closure))
#16 C:\\laragon\\www\\es_ldcu2\\vendor\\laravel\\framework\\src\\Illuminate\\Cookie\\Middleware\\EncryptCookies.php(67): Illuminate\\Pipeline\\Pipeline->Illuminate\\Pipeline\\{closure}(Object(Illuminate\\Http\\Request))
#17 C:\\laragon\\www\\es_ldcu2\\vendor\\laravel\\framework\\src\\Illuminate\\Pipeline\\Pipeline.php(171): Illuminate\\Cookie\\Middleware\\EncryptCookies->handle(Object(Illuminate\\Http\\Request), Object(Closure))
#18 C:\\laragon\\www\\es_ldcu2\\vendor\\laravel\\framework\\src\\Illuminate\\Pipeline\\Pipeline.php(105): Illuminate\\Pipeline\\Pipeline->Illuminate\\Pipeline\\{closure}(Object(Illuminate\\Http\\Request))
#19 C:\\laragon\\www\\es_ldcu2\\vendor\\laravel\\framework\\src\\Illuminate\\Routing\\Router.php(683): Illuminate\\Pipeline\\Pipeline->then(Object(Closure))
#20 C:\\laragon\\www\\es_ldcu2\\vendor\\laravel\\framework\\src\\Illuminate\\Routing\\Router.php(658): Illuminate\\Routing\\Router->runRouteWithinStack(Object(Illuminate\\Routing\\Route), Object(Illuminate\\Http\\Request))
#21 C:\\laragon\\www\\es_ldcu2\\vendor\\laravel\\framework\\src\\Illuminate\\Routing\\Router.php(624): Illuminate\\Routing\\Router->runRoute(Object(Illuminate\\Http\\Request), Object(Illuminate\\Routing\\Route))
#22 C:\\laragon\\www\\es_ldcu2\\vendor\\laravel\\framework\\src\\Illuminate\\Routing\\Router.php(613): Illuminate\\Routing\\Router->dispatchToRoute(Object(Illuminate\\Http\\Request))
#23 C:\\laragon\\www\\es_ldcu2\\vendor\\laravel\\framework\\src\\Illuminate\\Foundation\\Http\\Kernel.php(170): Illuminate\\Routing\\Router->dispatch(Object(Illuminate\\Http\\Request))
#24 C:\\laragon\\www\\es_ldcu2\\vendor\\laravel\\framework\\src\\Illuminate\\Pipeline\\Pipeline.php(130): Illuminate\\Foundation\\Http\\Kernel->Illuminate\\Foundation\\Http\\{closure}(Object(Illuminate\\Http\\Request))
#25 C:\\laragon\\www\\es_ldcu2\\vendor\\laravel\\framework\\src\\Illuminate\\Foundation\\Http\\Middleware\\TransformsRequest.php(21): Illuminate\\Pipeline\\Pipeline->Illuminate\\Pipeline\\{closure}(Object(Illuminate\\Http\\Request))
#26 C:\\laragon\\www\\es_ldcu2\\vendor\\laravel\\framework\\src\\Illuminate\\Pipeline\\Pipeline.php(171): Illuminate\\Foundation\\Http\\Middleware\\TransformsRequest->handle(Object(Illuminate\\Http\\Request), Object(Closure))
#27 C:\\laragon\\www\\es_ldcu2\\vendor\\laravel\\framework\\src\\Illuminate\\Foundation\\Http\\Middleware\\TransformsRequest.php(21): Illuminate\\Pipeline\\Pipeline->Illuminate\\Pipeline\\{closure}(Object(Illuminate\\Http\\Request))
#28 C:\\laragon\\www\\es_ldcu2\\vendor\\laravel\\framework\\src\\Illuminate\\Pipeline\\Pipeline.php(171): Illuminate\\Foundation\\Http\\Middleware\\TransformsRequest->handle(Object(Illuminate\\Http\\Request), Object(Closure))
#29 C:\\laragon\\www\\es_ldcu2\\vendor\\laravel\\framework\\src\\Illuminate\\Foundation\\Http\\Middleware\\ValidatePostSize.php(27): Illuminate\\Pipeline\\Pipeline->Illuminate\\Pipeline\\{closure}(Object(Illuminate\\Http\\Request))
#30 C:\\laragon\\www\\es_ldcu2\\vendor\\laravel\\framework\\src\\Illuminate\\Pipeline\\Pipeline.php(171): Illuminate\\Foundation\\Http\\Middleware\\ValidatePostSize->handle(Object(Illuminate\\Http\\Request), Object(Closure))
#31 C:\\laragon\\www\\es_ldcu2\\vendor\\laravel\\framework\\src\\Illuminate\\Foundation\\Http\\Middleware\\CheckForMaintenanceMode.php(63): Illuminate\\Pipeline\\Pipeline->Illuminate\\Pipeline\\{closure}(Object(Illuminate\\Http\\Request))
#32 C:\\laragon\\www\\es_ldcu2\\vendor\\laravel\\framework\\src\\Illuminate\\Pipeline\\Pipeline.php(171): Illuminate\\Foundation\\Http\\Middleware\\CheckForMaintenanceMode->handle(Object(Illuminate\\Http\\Request), Object(Closure))
#33 C:\\laragon\\www\\es_ldcu2\\vendor\\fideloper\\proxy\\src\\TrustProxies.php(57): Illuminate\\Pipeline\\Pipeline->Illuminate\\Pipeline\\{closure}(Object(Illuminate\\Http\\Request))
#34 C:\\laragon\\www\\es_ldcu2\\vendor\\laravel\\framework\\src\\Illuminate\\Pipeline\\Pipeline.php(171): Fideloper\\Proxy\\TrustProxies->handle(Object(Illuminate\\Http\\Request), Object(Closure))
#35 C:\\laragon\\www\\es_ldcu2\\vendor\\laravel\\framework\\src\\Illuminate\\Pipeline\\Pipeline.php(105): Illuminate\\Pipeline\\Pipeline->Illuminate\\Pipeline\\{closure}(Object(Illuminate\\Http\\Request))
#36 C:\\laragon\\www\\es_ldcu2\\vendor\\laravel\\framework\\src\\Illuminate\\Foundation\\Http\\Kernel.php(145): Illuminate\\Pipeline\\Pipeline->then(Object(Closure))
#37 C:\\laragon\\www\\es_ldcu2\\vendor\\laravel\\framework\\src\\Illuminate\\Foundation\\Http\\Kernel.php(110): Illuminate\\Foundation\\Http\\Kernel->sendRequestThroughRouter(Object(Illuminate\\Http\\Request))
#38 C:\\laragon\\www\\es_ldcu2\\public\\index.php(55): Illuminate\\Foundation\\Http\\Kernel->handle(Object(Illuminate\\Http\\Request))
#39 C:\\laragon\\www\\es_ldcu2\\server.php(21): require_once('C:\\\\laragon\\\\www\\\\...')
#40 {main}
"} 
[2025-07-11 03:02:54] local.WARNING: No students found for section: HONESTY  
[2025-07-11 03:02:54] local.WARNING: No students found for section: INTEGRITY  
[2025-07-11 03:02:54] local.WARNING: No students found for section: HUMILITY  
[2025-07-11 03:02:54] local.WARNING: No students found for section: CHARITY  
[2025-07-11 03:02:54] local.WARNING: No students found for section: LOYALTY  
[2025-07-11 03:02:54] local.WARNING: No students found for section: DETERMINATION  
[2025-07-11 03:02:54] local.WARNING: No students found for section: KINDNESS  
[2025-07-11 03:02:54] local.WARNING: No students found for section: POSITIVITY  
[2025-07-11 03:02:54] local.WARNING: No students found for section: SPIRITUALITY  
[2025-07-11 03:02:54] local.WARNING: No students found for section: STEM - A  
[2025-07-11 03:02:54] local.WARNING: No students found for section: ABM - A  
[2025-07-11 03:02:54] local.WARNING: No students found for section: ICT - A  
[2025-07-11 03:02:54] local.WARNING: No students found for section: IA - A  
[2025-07-11 03:02:54] local.WARNING: No students found for section: STEM - A  
[2025-07-11 03:02:54] local.WARNING: No students found for section: HUMSS - A  
[2025-07-11 03:02:54] local.WARNING: No students found for section: ABM - A  
[2025-07-11 03:02:54] local.WARNING: No students found for section: HE - A  
[2025-07-11 03:02:54] local.WARNING: No students found for section: IA - A  
[2025-07-11 03:02:54] local.WARNING: No students found for section: AFA - A  
[2025-07-11 03:02:54] local.WARNING: No students found for section: ICT - A  
[2025-07-11 03:02:54] local.WARNING: No students found for section: HUMSS - A  
[2025-07-11 03:02:54] local.WARNING: No students found for section: HUMSS - B  
[2025-07-11 03:02:54] local.WARNING: No students found for section: HUMSS - C  
[2025-07-11 03:02:54] local.WARNING: No students found for section: HUMSS - D  
[2025-07-11 03:02:54] local.WARNING: No students found for section: HUMSS - E  
[2025-07-11 03:02:54] local.WARNING: No students found for section: HUMSS - F  
[2025-07-11 03:02:54] local.WARNING: No students found for section: HUMSS - G  
[2025-07-11 03:02:54] local.WARNING: No students found for section: HUMSS - H  
[2025-07-11 03:02:54] local.WARNING: No students found for section: HUMSS - I  
[2025-07-11 03:02:54] local.WARNING: No students found for section: ABM - B  
[2025-07-11 03:02:54] local.WARNING: No students found for section: STEM - B  
[2025-07-11 03:02:54] local.WARNING: No students found for section: IA - B  
[2025-07-11 03:02:54] local.WARNING: No students found for section: IA - C  
[2025-07-11 03:02:54] local.WARNING: No students found for section: IA - D  
[2025-07-11 03:02:54] local.WARNING: No students found for section: ICT - B  
[2025-07-11 03:02:54] local.WARNING: No students found for section: ICT - C  
[2025-07-11 03:02:54] local.WARNING: No students found for section: STEM - C  
[2025-07-11 03:02:54] local.WARNING: No students found for section: STEM - B  
[2025-07-11 03:02:54] local.WARNING: No students found for section: AFA - B  
[2025-07-11 03:02:54] local.WARNING: No students found for section: STEM - C  
[2025-07-11 03:02:54] local.WARNING: No students found for section: HE - B  
[2025-07-11 03:02:54] local.WARNING: No students found for section: HE - C  
[2025-07-11 03:02:54] local.WARNING: No students found for section: HUMSS - B  
[2025-07-11 03:02:54] local.WARNING: No students found for section: ABM - B  
[2025-07-11 03:02:54] local.WARNING: No students found for section: ABM - C  
[2025-07-11 03:02:54] local.WARNING: No students found for section: HUMSS - C  
[2025-07-11 03:02:54] local.WARNING: No students found for section: AFA - C  
[2025-07-11 03:02:54] local.WARNING: No students found for section: STEM - D  
[2025-07-11 03:02:54] local.WARNING: No students found for section: HUMSS - D  
[2025-07-11 03:02:54] local.WARNING: No students found for section: ICT - B  
[2025-07-11 03:02:54] local.WARNING: No students found for section: FCS - A  
[2025-07-11 03:02:54] local.WARNING: No students found for section: AFA - A  
[2025-07-11 03:02:54] local.WARNING: No students found for section: IA - B  
[2025-07-11 03:02:54] local.WARNING: No students found for section: HUMSS - J  
[2025-07-11 03:02:54] local.WARNING: No students found for section: ICT - C  
[2025-07-11 03:02:54] local.WARNING: No students found for section: IA - C  
[2025-07-11 03:02:54] local.WARNING: No students found for section: ABM - C  
[2025-07-11 03:02:54] local.ERROR: No PDF files generated for ZIP. Check student data and PDF generation. {"userId":1,"exception":"[object] (Exception(code: 0): No PDF files generated for ZIP. Check student data and PDF generation. at C:\\laragon\\www\\es_ldcu2\\app\\Http\\Controllers\\Migration\\RegistrarMigration.php:505)
[stacktrace]
#0 C:\\laragon\\www\\es_ldcu2\\vendor\\laravel\\framework\\src\\Illuminate\\Routing\\Controller.php(54): App\\Http\\Controllers\\Migration\\RegistrarMigration->downloadTorMasterlistBatch(Object(Illuminate\\Http\\Request))
#1 C:\\laragon\\www\\es_ldcu2\\vendor\\laravel\\framework\\src\\Illuminate\\Routing\\ControllerDispatcher.php(45): Illuminate\\Routing\\Controller->callAction('downloadTorMast...', Array)
#2 C:\\laragon\\www\\es_ldcu2\\vendor\\laravel\\framework\\src\\Illuminate\\Routing\\Route.php(219): Illuminate\\Routing\\ControllerDispatcher->dispatch(Object(Illuminate\\Routing\\Route), Object(App\\Http\\Controllers\\Migration\\RegistrarMigration), 'downloadTorMast...')
#3 C:\\laragon\\www\\es_ldcu2\\vendor\\laravel\\framework\\src\\Illuminate\\Routing\\Route.php(176): Illuminate\\Routing\\Route->runController()
#4 C:\\laragon\\www\\es_ldcu2\\vendor\\laravel\\framework\\src\\Illuminate\\Routing\\Router.php(681): Illuminate\\Routing\\Route->run()
#5 C:\\laragon\\www\\es_ldcu2\\vendor\\laravel\\framework\\src\\Illuminate\\Pipeline\\Pipeline.php(130): Illuminate\\Routing\\Router->Illuminate\\Routing\\{closure}(Object(Illuminate\\Http\\Request))
#6 C:\\laragon\\www\\es_ldcu2\\vendor\\laravel\\framework\\src\\Illuminate\\Routing\\Middleware\\SubstituteBindings.php(41): Illuminate\\Pipeline\\Pipeline->Illuminate\\Pipeline\\{closure}(Object(Illuminate\\Http\\Request))
#7 C:\\laragon\\www\\es_ldcu2\\vendor\\laravel\\framework\\src\\Illuminate\\Pipeline\\Pipeline.php(171): Illuminate\\Routing\\Middleware\\SubstituteBindings->handle(Object(Illuminate\\Http\\Request), Object(Closure))
#8 C:\\laragon\\www\\es_ldcu2\\vendor\\laravel\\framework\\src\\Illuminate\\Foundation\\Http\\Middleware\\VerifyCsrfToken.php(78): Illuminate\\Pipeline\\Pipeline->Illuminate\\Pipeline\\{closure}(Object(Illuminate\\Http\\Request))
#9 C:\\laragon\\www\\es_ldcu2\\vendor\\laravel\\framework\\src\\Illuminate\\Pipeline\\Pipeline.php(171): Illuminate\\Foundation\\Http\\Middleware\\VerifyCsrfToken->handle(Object(Illuminate\\Http\\Request), Object(Closure))
#10 C:\\laragon\\www\\es_ldcu2\\vendor\\laravel\\framework\\src\\Illuminate\\View\\Middleware\\ShareErrorsFromSession.php(49): Illuminate\\Pipeline\\Pipeline->Illuminate\\Pipeline\\{closure}(Object(Illuminate\\Http\\Request))
#11 C:\\laragon\\www\\es_ldcu2\\vendor\\laravel\\framework\\src\\Illuminate\\Pipeline\\Pipeline.php(171): Illuminate\\View\\Middleware\\ShareErrorsFromSession->handle(Object(Illuminate\\Http\\Request), Object(Closure))
#12 C:\\laragon\\www\\es_ldcu2\\vendor\\laravel\\framework\\src\\Illuminate\\Session\\Middleware\\StartSession.php(56): Illuminate\\Pipeline\\Pipeline->Illuminate\\Pipeline\\{closure}(Object(Illuminate\\Http\\Request))
#13 C:\\laragon\\www\\es_ldcu2\\vendor\\laravel\\framework\\src\\Illuminate\\Pipeline\\Pipeline.php(171): Illuminate\\Session\\Middleware\\StartSession->handle(Object(Illuminate\\Http\\Request), Object(Closure))
#14 C:\\laragon\\www\\es_ldcu2\\vendor\\laravel\\framework\\src\\Illuminate\\Cookie\\Middleware\\AddQueuedCookiesToResponse.php(37): Illuminate\\Pipeline\\Pipeline->Illuminate\\Pipeline\\{closure}(Object(Illuminate\\Http\\Request))
#15 C:\\laragon\\www\\es_ldcu2\\vendor\\laravel\\framework\\src\\Illuminate\\Pipeline\\Pipeline.php(171): Illuminate\\Cookie\\Middleware\\AddQueuedCookiesToResponse->handle(Object(Illuminate\\Http\\Request), Object(Closure))
#16 C:\\laragon\\www\\es_ldcu2\\vendor\\laravel\\framework\\src\\Illuminate\\Cookie\\Middleware\\EncryptCookies.php(67): Illuminate\\Pipeline\\Pipeline->Illuminate\\Pipeline\\{closure}(Object(Illuminate\\Http\\Request))
#17 C:\\laragon\\www\\es_ldcu2\\vendor\\laravel\\framework\\src\\Illuminate\\Pipeline\\Pipeline.php(171): Illuminate\\Cookie\\Middleware\\EncryptCookies->handle(Object(Illuminate\\Http\\Request), Object(Closure))
#18 C:\\laragon\\www\\es_ldcu2\\vendor\\laravel\\framework\\src\\Illuminate\\Pipeline\\Pipeline.php(105): Illuminate\\Pipeline\\Pipeline->Illuminate\\Pipeline\\{closure}(Object(Illuminate\\Http\\Request))
#19 C:\\laragon\\www\\es_ldcu2\\vendor\\laravel\\framework\\src\\Illuminate\\Routing\\Router.php(683): Illuminate\\Pipeline\\Pipeline->then(Object(Closure))
#20 C:\\laragon\\www\\es_ldcu2\\vendor\\laravel\\framework\\src\\Illuminate\\Routing\\Router.php(658): Illuminate\\Routing\\Router->runRouteWithinStack(Object(Illuminate\\Routing\\Route), Object(Illuminate\\Http\\Request))
#21 C:\\laragon\\www\\es_ldcu2\\vendor\\laravel\\framework\\src\\Illuminate\\Routing\\Router.php(624): Illuminate\\Routing\\Router->runRoute(Object(Illuminate\\Http\\Request), Object(Illuminate\\Routing\\Route))
#22 C:\\laragon\\www\\es_ldcu2\\vendor\\laravel\\framework\\src\\Illuminate\\Routing\\Router.php(613): Illuminate\\Routing\\Router->dispatchToRoute(Object(Illuminate\\Http\\Request))
#23 C:\\laragon\\www\\es_ldcu2\\vendor\\laravel\\framework\\src\\Illuminate\\Foundation\\Http\\Kernel.php(170): Illuminate\\Routing\\Router->dispatch(Object(Illuminate\\Http\\Request))
#24 C:\\laragon\\www\\es_ldcu2\\vendor\\laravel\\framework\\src\\Illuminate\\Pipeline\\Pipeline.php(130): Illuminate\\Foundation\\Http\\Kernel->Illuminate\\Foundation\\Http\\{closure}(Object(Illuminate\\Http\\Request))
#25 C:\\laragon\\www\\es_ldcu2\\vendor\\laravel\\framework\\src\\Illuminate\\Foundation\\Http\\Middleware\\TransformsRequest.php(21): Illuminate\\Pipeline\\Pipeline->Illuminate\\Pipeline\\{closure}(Object(Illuminate\\Http\\Request))
#26 C:\\laragon\\www\\es_ldcu2\\vendor\\laravel\\framework\\src\\Illuminate\\Pipeline\\Pipeline.php(171): Illuminate\\Foundation\\Http\\Middleware\\TransformsRequest->handle(Object(Illuminate\\Http\\Request), Object(Closure))
#27 C:\\laragon\\www\\es_ldcu2\\vendor\\laravel\\framework\\src\\Illuminate\\Foundation\\Http\\Middleware\\TransformsRequest.php(21): Illuminate\\Pipeline\\Pipeline->Illuminate\\Pipeline\\{closure}(Object(Illuminate\\Http\\Request))
#28 C:\\laragon\\www\\es_ldcu2\\vendor\\laravel\\framework\\src\\Illuminate\\Pipeline\\Pipeline.php(171): Illuminate\\Foundation\\Http\\Middleware\\TransformsRequest->handle(Object(Illuminate\\Http\\Request), Object(Closure))
#29 C:\\laragon\\www\\es_ldcu2\\vendor\\laravel\\framework\\src\\Illuminate\\Foundation\\Http\\Middleware\\ValidatePostSize.php(27): Illuminate\\Pipeline\\Pipeline->Illuminate\\Pipeline\\{closure}(Object(Illuminate\\Http\\Request))
#30 C:\\laragon\\www\\es_ldcu2\\vendor\\laravel\\framework\\src\\Illuminate\\Pipeline\\Pipeline.php(171): Illuminate\\Foundation\\Http\\Middleware\\ValidatePostSize->handle(Object(Illuminate\\Http\\Request), Object(Closure))
#31 C:\\laragon\\www\\es_ldcu2\\vendor\\laravel\\framework\\src\\Illuminate\\Foundation\\Http\\Middleware\\CheckForMaintenanceMode.php(63): Illuminate\\Pipeline\\Pipeline->Illuminate\\Pipeline\\{closure}(Object(Illuminate\\Http\\Request))
#32 C:\\laragon\\www\\es_ldcu2\\vendor\\laravel\\framework\\src\\Illuminate\\Pipeline\\Pipeline.php(171): Illuminate\\Foundation\\Http\\Middleware\\CheckForMaintenanceMode->handle(Object(Illuminate\\Http\\Request), Object(Closure))
#33 C:\\laragon\\www\\es_ldcu2\\vendor\\fideloper\\proxy\\src\\TrustProxies.php(57): Illuminate\\Pipeline\\Pipeline->Illuminate\\Pipeline\\{closure}(Object(Illuminate\\Http\\Request))
#34 C:\\laragon\\www\\es_ldcu2\\vendor\\laravel\\framework\\src\\Illuminate\\Pipeline\\Pipeline.php(171): Fideloper\\Proxy\\TrustProxies->handle(Object(Illuminate\\Http\\Request), Object(Closure))
#35 C:\\laragon\\www\\es_ldcu2\\vendor\\laravel\\framework\\src\\Illuminate\\Pipeline\\Pipeline.php(105): Illuminate\\Pipeline\\Pipeline->Illuminate\\Pipeline\\{closure}(Object(Illuminate\\Http\\Request))
#36 C:\\laragon\\www\\es_ldcu2\\vendor\\laravel\\framework\\src\\Illuminate\\Foundation\\Http\\Kernel.php(145): Illuminate\\Pipeline\\Pipeline->then(Object(Closure))
#37 C:\\laragon\\www\\es_ldcu2\\vendor\\laravel\\framework\\src\\Illuminate\\Foundation\\Http\\Kernel.php(110): Illuminate\\Foundation\\Http\\Kernel->sendRequestThroughRouter(Object(Illuminate\\Http\\Request))
#38 C:\\laragon\\www\\es_ldcu2\\public\\index.php(55): Illuminate\\Foundation\\Http\\Kernel->handle(Object(Illuminate\\Http\\Request))
#39 C:\\laragon\\www\\es_ldcu2\\server.php(21): require_once('C:\\\\laragon\\\\www\\\\...')
#40 {main}
"} 
[2025-07-11 03:03:00] local.WARNING: No students found for section: HONESTY  
[2025-07-11 03:03:00] local.WARNING: No students found for section: INTEGRITY  
[2025-07-11 03:03:00] local.WARNING: No students found for section: HUMILITY  
[2025-07-11 03:03:00] local.WARNING: No students found for section: CHARITY  
[2025-07-11 03:03:00] local.WARNING: No students found for section: LOYALTY  
[2025-07-11 03:03:00] local.WARNING: No students found for section: DETERMINATION  
[2025-07-11 03:03:00] local.WARNING: No students found for section: KINDNESS  
[2025-07-11 03:03:00] local.WARNING: No students found for section: POSITIVITY  
[2025-07-11 03:03:00] local.WARNING: No students found for section: SPIRITUALITY  
[2025-07-11 03:03:00] local.WARNING: No students found for section: STEM - A  
[2025-07-11 03:03:00] local.WARNING: No students found for section: ABM - A  
[2025-07-11 03:03:00] local.WARNING: No students found for section: ICT - A  
[2025-07-11 03:03:00] local.WARNING: No students found for section: IA - A  
[2025-07-11 03:03:00] local.WARNING: No students found for section: STEM - A  
[2025-07-11 03:03:00] local.WARNING: No students found for section: HUMSS - A  
[2025-07-11 03:03:00] local.WARNING: No students found for section: ABM - A  
[2025-07-11 03:03:00] local.WARNING: No students found for section: HE - A  
[2025-07-11 03:03:00] local.WARNING: No students found for section: IA - A  
[2025-07-11 03:03:00] local.WARNING: No students found for section: AFA - A  
[2025-07-11 03:03:00] local.WARNING: No students found for section: ICT - A  
[2025-07-11 03:03:00] local.WARNING: No students found for section: HUMSS - A  
[2025-07-11 03:03:00] local.WARNING: No students found for section: HUMSS - B  
[2025-07-11 03:03:00] local.WARNING: No students found for section: HUMSS - C  
[2025-07-11 03:03:00] local.WARNING: No students found for section: HUMSS - D  
[2025-07-11 03:03:00] local.WARNING: No students found for section: HUMSS - E  
[2025-07-11 03:03:00] local.WARNING: No students found for section: HUMSS - F  
[2025-07-11 03:03:00] local.WARNING: No students found for section: HUMSS - G  
[2025-07-11 03:03:00] local.WARNING: No students found for section: HUMSS - H  
[2025-07-11 03:03:00] local.WARNING: No students found for section: HUMSS - I  
[2025-07-11 03:03:00] local.WARNING: No students found for section: ABM - B  
[2025-07-11 03:03:00] local.WARNING: No students found for section: STEM - B  
[2025-07-11 03:03:00] local.WARNING: No students found for section: IA - B  
[2025-07-11 03:03:00] local.WARNING: No students found for section: IA - C  
[2025-07-11 03:03:00] local.WARNING: No students found for section: IA - D  
[2025-07-11 03:03:00] local.WARNING: No students found for section: ICT - B  
[2025-07-11 03:03:00] local.WARNING: No students found for section: ICT - C  
[2025-07-11 03:03:00] local.WARNING: No students found for section: STEM - C  
[2025-07-11 03:03:00] local.WARNING: No students found for section: STEM - B  
[2025-07-11 03:03:00] local.WARNING: No students found for section: AFA - B  
[2025-07-11 03:03:00] local.WARNING: No students found for section: STEM - C  
[2025-07-11 03:03:00] local.WARNING: No students found for section: HE - B  
[2025-07-11 03:03:00] local.WARNING: No students found for section: HE - C  
[2025-07-11 03:03:00] local.WARNING: No students found for section: HUMSS - B  
[2025-07-11 03:03:00] local.WARNING: No students found for section: ABM - B  
[2025-07-11 03:03:00] local.WARNING: No students found for section: ABM - C  
[2025-07-11 03:03:00] local.WARNING: No students found for section: HUMSS - C  
[2025-07-11 03:03:00] local.WARNING: No students found for section: AFA - C  
[2025-07-11 03:03:00] local.WARNING: No students found for section: STEM - D  
[2025-07-11 03:03:00] local.WARNING: No students found for section: HUMSS - D  
[2025-07-11 03:03:00] local.WARNING: No students found for section: ICT - B  
[2025-07-11 03:03:00] local.WARNING: No students found for section: FCS - A  
[2025-07-11 03:03:00] local.WARNING: No students found for section: AFA - A  
[2025-07-11 03:03:00] local.WARNING: No students found for section: IA - B  
[2025-07-11 03:03:00] local.WARNING: No students found for section: HUMSS - J  
[2025-07-11 03:03:00] local.WARNING: No students found for section: ICT - C  
[2025-07-11 03:03:00] local.WARNING: No students found for section: IA - C  
[2025-07-11 03:03:00] local.WARNING: No students found for section: ABM - C  
[2025-07-11 03:03:00] local.ERROR: No PDF files generated for ZIP. Check student data and PDF generation. {"userId":1,"exception":"[object] (Exception(code: 0): No PDF files generated for ZIP. Check student data and PDF generation. at C:\\laragon\\www\\es_ldcu2\\app\\Http\\Controllers\\Migration\\RegistrarMigration.php:505)
[stacktrace]
#0 C:\\laragon\\www\\es_ldcu2\\vendor\\laravel\\framework\\src\\Illuminate\\Routing\\Controller.php(54): App\\Http\\Controllers\\Migration\\RegistrarMigration->downloadTorMasterlistBatch(Object(Illuminate\\Http\\Request))
#1 C:\\laragon\\www\\es_ldcu2\\vendor\\laravel\\framework\\src\\Illuminate\\Routing\\ControllerDispatcher.php(45): Illuminate\\Routing\\Controller->callAction('downloadTorMast...', Array)
#2 C:\\laragon\\www\\es_ldcu2\\vendor\\laravel\\framework\\src\\Illuminate\\Routing\\Route.php(219): Illuminate\\Routing\\ControllerDispatcher->dispatch(Object(Illuminate\\Routing\\Route), Object(App\\Http\\Controllers\\Migration\\RegistrarMigration), 'downloadTorMast...')
#3 C:\\laragon\\www\\es_ldcu2\\vendor\\laravel\\framework\\src\\Illuminate\\Routing\\Route.php(176): Illuminate\\Routing\\Route->runController()
#4 C:\\laragon\\www\\es_ldcu2\\vendor\\laravel\\framework\\src\\Illuminate\\Routing\\Router.php(681): Illuminate\\Routing\\Route->run()
#5 C:\\laragon\\www\\es_ldcu2\\vendor\\laravel\\framework\\src\\Illuminate\\Pipeline\\Pipeline.php(130): Illuminate\\Routing\\Router->Illuminate\\Routing\\{closure}(Object(Illuminate\\Http\\Request))
#6 C:\\laragon\\www\\es_ldcu2\\vendor\\laravel\\framework\\src\\Illuminate\\Routing\\Middleware\\SubstituteBindings.php(41): Illuminate\\Pipeline\\Pipeline->Illuminate\\Pipeline\\{closure}(Object(Illuminate\\Http\\Request))
#7 C:\\laragon\\www\\es_ldcu2\\vendor\\laravel\\framework\\src\\Illuminate\\Pipeline\\Pipeline.php(171): Illuminate\\Routing\\Middleware\\SubstituteBindings->handle(Object(Illuminate\\Http\\Request), Object(Closure))
#8 C:\\laragon\\www\\es_ldcu2\\vendor\\laravel\\framework\\src\\Illuminate\\Foundation\\Http\\Middleware\\VerifyCsrfToken.php(78): Illuminate\\Pipeline\\Pipeline->Illuminate\\Pipeline\\{closure}(Object(Illuminate\\Http\\Request))
#9 C:\\laragon\\www\\es_ldcu2\\vendor\\laravel\\framework\\src\\Illuminate\\Pipeline\\Pipeline.php(171): Illuminate\\Foundation\\Http\\Middleware\\VerifyCsrfToken->handle(Object(Illuminate\\Http\\Request), Object(Closure))
#10 C:\\laragon\\www\\es_ldcu2\\vendor\\laravel\\framework\\src\\Illuminate\\View\\Middleware\\ShareErrorsFromSession.php(49): Illuminate\\Pipeline\\Pipeline->Illuminate\\Pipeline\\{closure}(Object(Illuminate\\Http\\Request))
#11 C:\\laragon\\www\\es_ldcu2\\vendor\\laravel\\framework\\src\\Illuminate\\Pipeline\\Pipeline.php(171): Illuminate\\View\\Middleware\\ShareErrorsFromSession->handle(Object(Illuminate\\Http\\Request), Object(Closure))
#12 C:\\laragon\\www\\es_ldcu2\\vendor\\laravel\\framework\\src\\Illuminate\\Session\\Middleware\\StartSession.php(56): Illuminate\\Pipeline\\Pipeline->Illuminate\\Pipeline\\{closure}(Object(Illuminate\\Http\\Request))
#13 C:\\laragon\\www\\es_ldcu2\\vendor\\laravel\\framework\\src\\Illuminate\\Pipeline\\Pipeline.php(171): Illuminate\\Session\\Middleware\\StartSession->handle(Object(Illuminate\\Http\\Request), Object(Closure))
#14 C:\\laragon\\www\\es_ldcu2\\vendor\\laravel\\framework\\src\\Illuminate\\Cookie\\Middleware\\AddQueuedCookiesToResponse.php(37): Illuminate\\Pipeline\\Pipeline->Illuminate\\Pipeline\\{closure}(Object(Illuminate\\Http\\Request))
#15 C:\\laragon\\www\\es_ldcu2\\vendor\\laravel\\framework\\src\\Illuminate\\Pipeline\\Pipeline.php(171): Illuminate\\Cookie\\Middleware\\AddQueuedCookiesToResponse->handle(Object(Illuminate\\Http\\Request), Object(Closure))
#16 C:\\laragon\\www\\es_ldcu2\\vendor\\laravel\\framework\\src\\Illuminate\\Cookie\\Middleware\\EncryptCookies.php(67): Illuminate\\Pipeline\\Pipeline->Illuminate\\Pipeline\\{closure}(Object(Illuminate\\Http\\Request))
#17 C:\\laragon\\www\\es_ldcu2\\vendor\\laravel\\framework\\src\\Illuminate\\Pipeline\\Pipeline.php(171): Illuminate\\Cookie\\Middleware\\EncryptCookies->handle(Object(Illuminate\\Http\\Request), Object(Closure))
#18 C:\\laragon\\www\\es_ldcu2\\vendor\\laravel\\framework\\src\\Illuminate\\Pipeline\\Pipeline.php(105): Illuminate\\Pipeline\\Pipeline->Illuminate\\Pipeline\\{closure}(Object(Illuminate\\Http\\Request))
#19 C:\\laragon\\www\\es_ldcu2\\vendor\\laravel\\framework\\src\\Illuminate\\Routing\\Router.php(683): Illuminate\\Pipeline\\Pipeline->then(Object(Closure))
#20 C:\\laragon\\www\\es_ldcu2\\vendor\\laravel\\framework\\src\\Illuminate\\Routing\\Router.php(658): Illuminate\\Routing\\Router->runRouteWithinStack(Object(Illuminate\\Routing\\Route), Object(Illuminate\\Http\\Request))
#21 C:\\laragon\\www\\es_ldcu2\\vendor\\laravel\\framework\\src\\Illuminate\\Routing\\Router.php(624): Illuminate\\Routing\\Router->runRoute(Object(Illuminate\\Http\\Request), Object(Illuminate\\Routing\\Route))
#22 C:\\laragon\\www\\es_ldcu2\\vendor\\laravel\\framework\\src\\Illuminate\\Routing\\Router.php(613): Illuminate\\Routing\\Router->dispatchToRoute(Object(Illuminate\\Http\\Request))
#23 C:\\laragon\\www\\es_ldcu2\\vendor\\laravel\\framework\\src\\Illuminate\\Foundation\\Http\\Kernel.php(170): Illuminate\\Routing\\Router->dispatch(Object(Illuminate\\Http\\Request))
#24 C:\\laragon\\www\\es_ldcu2\\vendor\\laravel\\framework\\src\\Illuminate\\Pipeline\\Pipeline.php(130): Illuminate\\Foundation\\Http\\Kernel->Illuminate\\Foundation\\Http\\{closure}(Object(Illuminate\\Http\\Request))
#25 C:\\laragon\\www\\es_ldcu2\\vendor\\laravel\\framework\\src\\Illuminate\\Foundation\\Http\\Middleware\\TransformsRequest.php(21): Illuminate\\Pipeline\\Pipeline->Illuminate\\Pipeline\\{closure}(Object(Illuminate\\Http\\Request))
#26 C:\\laragon\\www\\es_ldcu2\\vendor\\laravel\\framework\\src\\Illuminate\\Pipeline\\Pipeline.php(171): Illuminate\\Foundation\\Http\\Middleware\\TransformsRequest->handle(Object(Illuminate\\Http\\Request), Object(Closure))
#27 C:\\laragon\\www\\es_ldcu2\\vendor\\laravel\\framework\\src\\Illuminate\\Foundation\\Http\\Middleware\\TransformsRequest.php(21): Illuminate\\Pipeline\\Pipeline->Illuminate\\Pipeline\\{closure}(Object(Illuminate\\Http\\Request))
#28 C:\\laragon\\www\\es_ldcu2\\vendor\\laravel\\framework\\src\\Illuminate\\Pipeline\\Pipeline.php(171): Illuminate\\Foundation\\Http\\Middleware\\TransformsRequest->handle(Object(Illuminate\\Http\\Request), Object(Closure))
#29 C:\\laragon\\www\\es_ldcu2\\vendor\\laravel\\framework\\src\\Illuminate\\Foundation\\Http\\Middleware\\ValidatePostSize.php(27): Illuminate\\Pipeline\\Pipeline->Illuminate\\Pipeline\\{closure}(Object(Illuminate\\Http\\Request))
#30 C:\\laragon\\www\\es_ldcu2\\vendor\\laravel\\framework\\src\\Illuminate\\Pipeline\\Pipeline.php(171): Illuminate\\Foundation\\Http\\Middleware\\ValidatePostSize->handle(Object(Illuminate\\Http\\Request), Object(Closure))
#31 C:\\laragon\\www\\es_ldcu2\\vendor\\laravel\\framework\\src\\Illuminate\\Foundation\\Http\\Middleware\\CheckForMaintenanceMode.php(63): Illuminate\\Pipeline\\Pipeline->Illuminate\\Pipeline\\{closure}(Object(Illuminate\\Http\\Request))
#32 C:\\laragon\\www\\es_ldcu2\\vendor\\laravel\\framework\\src\\Illuminate\\Pipeline\\Pipeline.php(171): Illuminate\\Foundation\\Http\\Middleware\\CheckForMaintenanceMode->handle(Object(Illuminate\\Http\\Request), Object(Closure))
#33 C:\\laragon\\www\\es_ldcu2\\vendor\\fideloper\\proxy\\src\\TrustProxies.php(57): Illuminate\\Pipeline\\Pipeline->Illuminate\\Pipeline\\{closure}(Object(Illuminate\\Http\\Request))
#34 C:\\laragon\\www\\es_ldcu2\\vendor\\laravel\\framework\\src\\Illuminate\\Pipeline\\Pipeline.php(171): Fideloper\\Proxy\\TrustProxies->handle(Object(Illuminate\\Http\\Request), Object(Closure))
#35 C:\\laragon\\www\\es_ldcu2\\vendor\\laravel\\framework\\src\\Illuminate\\Pipeline\\Pipeline.php(105): Illuminate\\Pipeline\\Pipeline->Illuminate\\Pipeline\\{closure}(Object(Illuminate\\Http\\Request))
#36 C:\\laragon\\www\\es_ldcu2\\vendor\\laravel\\framework\\src\\Illuminate\\Foundation\\Http\\Kernel.php(145): Illuminate\\Pipeline\\Pipeline->then(Object(Closure))
#37 C:\\laragon\\www\\es_ldcu2\\vendor\\laravel\\framework\\src\\Illuminate\\Foundation\\Http\\Kernel.php(110): Illuminate\\Foundation\\Http\\Kernel->sendRequestThroughRouter(Object(Illuminate\\Http\\Request))
#38 C:\\laragon\\www\\es_ldcu2\\public\\index.php(55): Illuminate\\Foundation\\Http\\Kernel->handle(Object(Illuminate\\Http\\Request))
#39 C:\\laragon\\www\\es_ldcu2\\server.php(21): require_once('C:\\\\laragon\\\\www\\\\...')
#40 {main}
"} 
[2025-07-11 03:07:01] local.WARNING: No students found for section: HONESTY  
[2025-07-11 03:07:01] local.WARNING: No students found for section: INTEGRITY  
[2025-07-11 03:07:01] local.WARNING: No students found for section: HUMILITY  
[2025-07-11 03:07:01] local.WARNING: No students found for section: CHARITY  
[2025-07-11 03:07:01] local.WARNING: No students found for section: LOYALTY  
[2025-07-11 03:07:01] local.WARNING: No students found for section: DETERMINATION  
[2025-07-11 03:07:01] local.WARNING: No students found for section: KINDNESS  
[2025-07-11 03:07:01] local.WARNING: No students found for section: POSITIVITY  
[2025-07-11 03:07:01] local.WARNING: No students found for section: SPIRITUALITY  
[2025-07-11 03:07:01] local.WARNING: No students found for section: STEM - A  
[2025-07-11 03:07:01] local.WARNING: No students found for section: ABM - A  
[2025-07-11 03:07:01] local.WARNING: No students found for section: ICT - A  
[2025-07-11 03:07:01] local.WARNING: No students found for section: IA - A  
[2025-07-11 03:07:01] local.WARNING: No students found for section: STEM - A  
[2025-07-11 03:07:01] local.WARNING: No students found for section: HUMSS - A  
[2025-07-11 03:07:01] local.WARNING: No students found for section: ABM - A  
[2025-07-11 03:07:01] local.WARNING: No students found for section: HE - A  
[2025-07-11 03:07:01] local.WARNING: No students found for section: IA - A  
[2025-07-11 03:07:01] local.WARNING: No students found for section: AFA - A  
[2025-07-11 03:07:01] local.WARNING: No students found for section: ICT - A  
[2025-07-11 03:07:01] local.WARNING: No students found for section: HUMSS - A  
[2025-07-11 03:07:01] local.WARNING: No students found for section: HUMSS - B  
[2025-07-11 03:07:01] local.WARNING: No students found for section: HUMSS - C  
[2025-07-11 03:07:01] local.WARNING: No students found for section: HUMSS - D  
[2025-07-11 03:07:01] local.WARNING: No students found for section: HUMSS - E  
[2025-07-11 03:07:01] local.WARNING: No students found for section: HUMSS - F  
[2025-07-11 03:07:01] local.WARNING: No students found for section: HUMSS - G  
[2025-07-11 03:07:01] local.WARNING: No students found for section: HUMSS - H  
[2025-07-11 03:07:01] local.WARNING: No students found for section: HUMSS - I  
[2025-07-11 03:07:01] local.WARNING: No students found for section: ABM - B  
[2025-07-11 03:07:01] local.WARNING: No students found for section: STEM - B  
[2025-07-11 03:07:01] local.WARNING: No students found for section: IA - B  
[2025-07-11 03:07:01] local.WARNING: No students found for section: IA - C  
[2025-07-11 03:07:01] local.WARNING: No students found for section: IA - D  
[2025-07-11 03:07:01] local.WARNING: No students found for section: ICT - B  
[2025-07-11 03:07:01] local.WARNING: No students found for section: ICT - C  
[2025-07-11 03:07:01] local.WARNING: No students found for section: STEM - C  
[2025-07-11 03:07:01] local.WARNING: No students found for section: STEM - B  
[2025-07-11 03:07:01] local.WARNING: No students found for section: AFA - B  
[2025-07-11 03:07:01] local.WARNING: No students found for section: STEM - C  
[2025-07-11 03:07:01] local.WARNING: No students found for section: HE - B  
[2025-07-11 03:07:01] local.WARNING: No students found for section: HE - C  
[2025-07-11 03:07:01] local.WARNING: No students found for section: HUMSS - B  
[2025-07-11 03:07:01] local.WARNING: No students found for section: ABM - B  
[2025-07-11 03:07:01] local.WARNING: No students found for section: ABM - C  
[2025-07-11 03:07:01] local.WARNING: No students found for section: HUMSS - C  
[2025-07-11 03:07:01] local.WARNING: No students found for section: AFA - C  
[2025-07-11 03:07:01] local.WARNING: No students found for section: STEM - D  
[2025-07-11 03:07:01] local.WARNING: No students found for section: HUMSS - D  
[2025-07-11 03:07:01] local.WARNING: No students found for section: ICT - B  
[2025-07-11 03:07:01] local.WARNING: No students found for section: FCS - A  
[2025-07-11 03:07:01] local.WARNING: No students found for section: AFA - A  
[2025-07-11 03:07:01] local.WARNING: No students found for section: IA - B  
[2025-07-11 03:07:01] local.WARNING: No students found for section: HUMSS - J  
[2025-07-11 03:07:01] local.WARNING: No students found for section: ICT - C  
[2025-07-11 03:07:01] local.WARNING: No students found for section: IA - C  
[2025-07-11 03:07:01] local.WARNING: No students found for section: ABM - C  
[2025-07-11 03:07:01] local.ERROR: No PDF files generated for ZIP. Check student data and PDF generation. {"userId":1,"exception":"[object] (Exception(code: 0): No PDF files generated for ZIP. Check student data and PDF generation. at C:\\laragon\\www\\es_ldcu2\\app\\Http\\Controllers\\Migration\\RegistrarMigration.php:505)
[stacktrace]
#0 C:\\laragon\\www\\es_ldcu2\\vendor\\laravel\\framework\\src\\Illuminate\\Routing\\Controller.php(54): App\\Http\\Controllers\\Migration\\RegistrarMigration->downloadTorMasterlistBatch(Object(Illuminate\\Http\\Request))
#1 C:\\laragon\\www\\es_ldcu2\\vendor\\laravel\\framework\\src\\Illuminate\\Routing\\ControllerDispatcher.php(45): Illuminate\\Routing\\Controller->callAction('downloadTorMast...', Array)
#2 C:\\laragon\\www\\es_ldcu2\\vendor\\laravel\\framework\\src\\Illuminate\\Routing\\Route.php(219): Illuminate\\Routing\\ControllerDispatcher->dispatch(Object(Illuminate\\Routing\\Route), Object(App\\Http\\Controllers\\Migration\\RegistrarMigration), 'downloadTorMast...')
#3 C:\\laragon\\www\\es_ldcu2\\vendor\\laravel\\framework\\src\\Illuminate\\Routing\\Route.php(176): Illuminate\\Routing\\Route->runController()
#4 C:\\laragon\\www\\es_ldcu2\\vendor\\laravel\\framework\\src\\Illuminate\\Routing\\Router.php(681): Illuminate\\Routing\\Route->run()
#5 C:\\laragon\\www\\es_ldcu2\\vendor\\laravel\\framework\\src\\Illuminate\\Pipeline\\Pipeline.php(130): Illuminate\\Routing\\Router->Illuminate\\Routing\\{closure}(Object(Illuminate\\Http\\Request))
#6 C:\\laragon\\www\\es_ldcu2\\vendor\\laravel\\framework\\src\\Illuminate\\Routing\\Middleware\\SubstituteBindings.php(41): Illuminate\\Pipeline\\Pipeline->Illuminate\\Pipeline\\{closure}(Object(Illuminate\\Http\\Request))
#7 C:\\laragon\\www\\es_ldcu2\\vendor\\laravel\\framework\\src\\Illuminate\\Pipeline\\Pipeline.php(171): Illuminate\\Routing\\Middleware\\SubstituteBindings->handle(Object(Illuminate\\Http\\Request), Object(Closure))
#8 C:\\laragon\\www\\es_ldcu2\\vendor\\laravel\\framework\\src\\Illuminate\\Foundation\\Http\\Middleware\\VerifyCsrfToken.php(78): Illuminate\\Pipeline\\Pipeline->Illuminate\\Pipeline\\{closure}(Object(Illuminate\\Http\\Request))
#9 C:\\laragon\\www\\es_ldcu2\\vendor\\laravel\\framework\\src\\Illuminate\\Pipeline\\Pipeline.php(171): Illuminate\\Foundation\\Http\\Middleware\\VerifyCsrfToken->handle(Object(Illuminate\\Http\\Request), Object(Closure))
#10 C:\\laragon\\www\\es_ldcu2\\vendor\\laravel\\framework\\src\\Illuminate\\View\\Middleware\\ShareErrorsFromSession.php(49): Illuminate\\Pipeline\\Pipeline->Illuminate\\Pipeline\\{closure}(Object(Illuminate\\Http\\Request))
#11 C:\\laragon\\www\\es_ldcu2\\vendor\\laravel\\framework\\src\\Illuminate\\Pipeline\\Pipeline.php(171): Illuminate\\View\\Middleware\\ShareErrorsFromSession->handle(Object(Illuminate\\Http\\Request), Object(Closure))
#12 C:\\laragon\\www\\es_ldcu2\\vendor\\laravel\\framework\\src\\Illuminate\\Session\\Middleware\\StartSession.php(56): Illuminate\\Pipeline\\Pipeline->Illuminate\\Pipeline\\{closure}(Object(Illuminate\\Http\\Request))
#13 C:\\laragon\\www\\es_ldcu2\\vendor\\laravel\\framework\\src\\Illuminate\\Pipeline\\Pipeline.php(171): Illuminate\\Session\\Middleware\\StartSession->handle(Object(Illuminate\\Http\\Request), Object(Closure))
#14 C:\\laragon\\www\\es_ldcu2\\vendor\\laravel\\framework\\src\\Illuminate\\Cookie\\Middleware\\AddQueuedCookiesToResponse.php(37): Illuminate\\Pipeline\\Pipeline->Illuminate\\Pipeline\\{closure}(Object(Illuminate\\Http\\Request))
#15 C:\\laragon\\www\\es_ldcu2\\vendor\\laravel\\framework\\src\\Illuminate\\Pipeline\\Pipeline.php(171): Illuminate\\Cookie\\Middleware\\AddQueuedCookiesToResponse->handle(Object(Illuminate\\Http\\Request), Object(Closure))
#16 C:\\laragon\\www\\es_ldcu2\\vendor\\laravel\\framework\\src\\Illuminate\\Cookie\\Middleware\\EncryptCookies.php(67): Illuminate\\Pipeline\\Pipeline->Illuminate\\Pipeline\\{closure}(Object(Illuminate\\Http\\Request))
#17 C:\\laragon\\www\\es_ldcu2\\vendor\\laravel\\framework\\src\\Illuminate\\Pipeline\\Pipeline.php(171): Illuminate\\Cookie\\Middleware\\EncryptCookies->handle(Object(Illuminate\\Http\\Request), Object(Closure))
#18 C:\\laragon\\www\\es_ldcu2\\vendor\\laravel\\framework\\src\\Illuminate\\Pipeline\\Pipeline.php(105): Illuminate\\Pipeline\\Pipeline->Illuminate\\Pipeline\\{closure}(Object(Illuminate\\Http\\Request))
#19 C:\\laragon\\www\\es_ldcu2\\vendor\\laravel\\framework\\src\\Illuminate\\Routing\\Router.php(683): Illuminate\\Pipeline\\Pipeline->then(Object(Closure))
#20 C:\\laragon\\www\\es_ldcu2\\vendor\\laravel\\framework\\src\\Illuminate\\Routing\\Router.php(658): Illuminate\\Routing\\Router->runRouteWithinStack(Object(Illuminate\\Routing\\Route), Object(Illuminate\\Http\\Request))
#21 C:\\laragon\\www\\es_ldcu2\\vendor\\laravel\\framework\\src\\Illuminate\\Routing\\Router.php(624): Illuminate\\Routing\\Router->runRoute(Object(Illuminate\\Http\\Request), Object(Illuminate\\Routing\\Route))
#22 C:\\laragon\\www\\es_ldcu2\\vendor\\laravel\\framework\\src\\Illuminate\\Routing\\Router.php(613): Illuminate\\Routing\\Router->dispatchToRoute(Object(Illuminate\\Http\\Request))
#23 C:\\laragon\\www\\es_ldcu2\\vendor\\laravel\\framework\\src\\Illuminate\\Foundation\\Http\\Kernel.php(170): Illuminate\\Routing\\Router->dispatch(Object(Illuminate\\Http\\Request))
#24 C:\\laragon\\www\\es_ldcu2\\vendor\\laravel\\framework\\src\\Illuminate\\Pipeline\\Pipeline.php(130): Illuminate\\Foundation\\Http\\Kernel->Illuminate\\Foundation\\Http\\{closure}(Object(Illuminate\\Http\\Request))
#25 C:\\laragon\\www\\es_ldcu2\\vendor\\laravel\\framework\\src\\Illuminate\\Foundation\\Http\\Middleware\\TransformsRequest.php(21): Illuminate\\Pipeline\\Pipeline->Illuminate\\Pipeline\\{closure}(Object(Illuminate\\Http\\Request))
#26 C:\\laragon\\www\\es_ldcu2\\vendor\\laravel\\framework\\src\\Illuminate\\Pipeline\\Pipeline.php(171): Illuminate\\Foundation\\Http\\Middleware\\TransformsRequest->handle(Object(Illuminate\\Http\\Request), Object(Closure))
#27 C:\\laragon\\www\\es_ldcu2\\vendor\\laravel\\framework\\src\\Illuminate\\Foundation\\Http\\Middleware\\TransformsRequest.php(21): Illuminate\\Pipeline\\Pipeline->Illuminate\\Pipeline\\{closure}(Object(Illuminate\\Http\\Request))
#28 C:\\laragon\\www\\es_ldcu2\\vendor\\laravel\\framework\\src\\Illuminate\\Pipeline\\Pipeline.php(171): Illuminate\\Foundation\\Http\\Middleware\\TransformsRequest->handle(Object(Illuminate\\Http\\Request), Object(Closure))
#29 C:\\laragon\\www\\es_ldcu2\\vendor\\laravel\\framework\\src\\Illuminate\\Foundation\\Http\\Middleware\\ValidatePostSize.php(27): Illuminate\\Pipeline\\Pipeline->Illuminate\\Pipeline\\{closure}(Object(Illuminate\\Http\\Request))
#30 C:\\laragon\\www\\es_ldcu2\\vendor\\laravel\\framework\\src\\Illuminate\\Pipeline\\Pipeline.php(171): Illuminate\\Foundation\\Http\\Middleware\\ValidatePostSize->handle(Object(Illuminate\\Http\\Request), Object(Closure))
#31 C:\\laragon\\www\\es_ldcu2\\vendor\\laravel\\framework\\src\\Illuminate\\Foundation\\Http\\Middleware\\CheckForMaintenanceMode.php(63): Illuminate\\Pipeline\\Pipeline->Illuminate\\Pipeline\\{closure}(Object(Illuminate\\Http\\Request))
#32 C:\\laragon\\www\\es_ldcu2\\vendor\\laravel\\framework\\src\\Illuminate\\Pipeline\\Pipeline.php(171): Illuminate\\Foundation\\Http\\Middleware\\CheckForMaintenanceMode->handle(Object(Illuminate\\Http\\Request), Object(Closure))
#33 C:\\laragon\\www\\es_ldcu2\\vendor\\fideloper\\proxy\\src\\TrustProxies.php(57): Illuminate\\Pipeline\\Pipeline->Illuminate\\Pipeline\\{closure}(Object(Illuminate\\Http\\Request))
#34 C:\\laragon\\www\\es_ldcu2\\vendor\\laravel\\framework\\src\\Illuminate\\Pipeline\\Pipeline.php(171): Fideloper\\Proxy\\TrustProxies->handle(Object(Illuminate\\Http\\Request), Object(Closure))
#35 C:\\laragon\\www\\es_ldcu2\\vendor\\laravel\\framework\\src\\Illuminate\\Pipeline\\Pipeline.php(105): Illuminate\\Pipeline\\Pipeline->Illuminate\\Pipeline\\{closure}(Object(Illuminate\\Http\\Request))
#36 C:\\laragon\\www\\es_ldcu2\\vendor\\laravel\\framework\\src\\Illuminate\\Foundation\\Http\\Kernel.php(145): Illuminate\\Pipeline\\Pipeline->then(Object(Closure))
#37 C:\\laragon\\www\\es_ldcu2\\vendor\\laravel\\framework\\src\\Illuminate\\Foundation\\Http\\Kernel.php(110): Illuminate\\Foundation\\Http\\Kernel->sendRequestThroughRouter(Object(Illuminate\\Http\\Request))
#38 C:\\laragon\\www\\es_ldcu2\\public\\index.php(55): Illuminate\\Foundation\\Http\\Kernel->handle(Object(Illuminate\\Http\\Request))
#39 C:\\laragon\\www\\es_ldcu2\\server.php(21): require_once('C:\\\\laragon\\\\www\\\\...')
#40 {main}
"} 
[2025-07-11 03:07:45] local.WARNING: No college students found for section: HONESTY  
[2025-07-11 03:07:45] local.WARNING: No college students found for section: INTEGRITY  
[2025-07-11 03:08:45] local.ERROR: Maximum execution time of 60 seconds exceeded {"userId":1,"exception":"[object] (Symfony\\Component\\Debug\\Exception\\FatalErrorException(code: 1): Maximum execution time of 60 seconds exceeded at C:\\laragon\\www\\es_ldcu2\\vendor\\laravel\\framework\\src\\Illuminate\\Database\\Connection.php:337)
[stacktrace]
#0 {main}
"} 
[2025-07-11 03:10:37] local.WARNING: No college students found for section: HONESTY  
[2025-07-11 03:10:37] local.WARNING: No college students found for section: INTEGRITY  
[2025-07-11 03:11:37] local.ERROR: Maximum execution time of 60 seconds exceeded {"userId":1,"exception":"[object] (Symfony\\Component\\Debug\\Exception\\FatalErrorException(code: 1): Maximum execution time of 60 seconds exceeded at C:\\laragon\\www\\es_ldcu2\\vendor\\laravel\\framework\\src\\Illuminate\\Database\\Connection.php:337)
[stacktrace]
#0 {main}
"} 
[2025-07-11 03:25:24] local.WARNING: No college students found for section: HONESTY  
[2025-07-11 03:25:24] local.WARNING: No college students found for section: INTEGRITY  
[2025-07-11 03:31:10] local.ERROR: file_put_contents(C:\laragon\www\es_ldcu2\storage\app/zip/6870842413d8a/GRADE_10/POSITIVITY/Tayag_Rholynne_Love_Legaspi_TOR.pdf): failed to open stream: No such file or directory {"userId":1,"exception":"[object] (ErrorException(code: 0): file_put_contents(C:\\laragon\\www\\es_ldcu2\\storage\\app/zip/6870842413d8a/GRADE_10/POSITIVITY/Tayag_Rholynne_Love_Legaspi_TOR.pdf): failed to open stream: No such file or directory at C:\\laragon\\www\\es_ldcu2\\app\\Http\\Controllers\\Migration\\RegistrarMigration.php:490)
[stacktrace]
#0 [internal function]: Illuminate\\Foundation\\Bootstrap\\HandleExceptions->handleError(2, 'file_put_conten...', 'C:\\\\laragon\\\\www\\\\...', 490, Array)
#1 C:\\laragon\\www\\es_ldcu2\\app\\Http\\Controllers\\Migration\\RegistrarMigration.php(490): file_put_contents('C:\\\\laragon\\\\www\\\\...', '%PDF-1.7\\n1 0 ob...')
#2 C:\\laragon\\www\\es_ldcu2\\vendor\\laravel\\framework\\src\\Illuminate\\Routing\\Controller.php(54): App\\Http\\Controllers\\Migration\\RegistrarMigration->downloadTorMasterlistBatch(Object(Illuminate\\Http\\Request))
#3 C:\\laragon\\www\\es_ldcu2\\vendor\\laravel\\framework\\src\\Illuminate\\Routing\\ControllerDispatcher.php(45): Illuminate\\Routing\\Controller->callAction('downloadTorMast...', Array)
#4 C:\\laragon\\www\\es_ldcu2\\vendor\\laravel\\framework\\src\\Illuminate\\Routing\\Route.php(219): Illuminate\\Routing\\ControllerDispatcher->dispatch(Object(Illuminate\\Routing\\Route), Object(App\\Http\\Controllers\\Migration\\RegistrarMigration), 'downloadTorMast...')
#5 C:\\laragon\\www\\es_ldcu2\\vendor\\laravel\\framework\\src\\Illuminate\\Routing\\Route.php(176): Illuminate\\Routing\\Route->runController()
#6 C:\\laragon\\www\\es_ldcu2\\vendor\\laravel\\framework\\src\\Illuminate\\Routing\\Router.php(681): Illuminate\\Routing\\Route->run()
#7 C:\\laragon\\www\\es_ldcu2\\vendor\\laravel\\framework\\src\\Illuminate\\Pipeline\\Pipeline.php(130): Illuminate\\Routing\\Router->Illuminate\\Routing\\{closure}(Object(Illuminate\\Http\\Request))
#8 C:\\laragon\\www\\es_ldcu2\\vendor\\laravel\\framework\\src\\Illuminate\\Routing\\Middleware\\SubstituteBindings.php(41): Illuminate\\Pipeline\\Pipeline->Illuminate\\Pipeline\\{closure}(Object(Illuminate\\Http\\Request))
#9 C:\\laragon\\www\\es_ldcu2\\vendor\\laravel\\framework\\src\\Illuminate\\Pipeline\\Pipeline.php(171): Illuminate\\Routing\\Middleware\\SubstituteBindings->handle(Object(Illuminate\\Http\\Request), Object(Closure))
#10 C:\\laragon\\www\\es_ldcu2\\vendor\\laravel\\framework\\src\\Illuminate\\Foundation\\Http\\Middleware\\VerifyCsrfToken.php(78): Illuminate\\Pipeline\\Pipeline->Illuminate\\Pipeline\\{closure}(Object(Illuminate\\Http\\Request))
#11 C:\\laragon\\www\\es_ldcu2\\vendor\\laravel\\framework\\src\\Illuminate\\Pipeline\\Pipeline.php(171): Illuminate\\Foundation\\Http\\Middleware\\VerifyCsrfToken->handle(Object(Illuminate\\Http\\Request), Object(Closure))
#12 C:\\laragon\\www\\es_ldcu2\\vendor\\laravel\\framework\\src\\Illuminate\\View\\Middleware\\ShareErrorsFromSession.php(49): Illuminate\\Pipeline\\Pipeline->Illuminate\\Pipeline\\{closure}(Object(Illuminate\\Http\\Request))
#13 C:\\laragon\\www\\es_ldcu2\\vendor\\laravel\\framework\\src\\Illuminate\\Pipeline\\Pipeline.php(171): Illuminate\\View\\Middleware\\ShareErrorsFromSession->handle(Object(Illuminate\\Http\\Request), Object(Closure))
#14 C:\\laragon\\www\\es_ldcu2\\vendor\\laravel\\framework\\src\\Illuminate\\Session\\Middleware\\StartSession.php(56): Illuminate\\Pipeline\\Pipeline->Illuminate\\Pipeline\\{closure}(Object(Illuminate\\Http\\Request))
#15 C:\\laragon\\www\\es_ldcu2\\vendor\\laravel\\framework\\src\\Illuminate\\Pipeline\\Pipeline.php(171): Illuminate\\Session\\Middleware\\StartSession->handle(Object(Illuminate\\Http\\Request), Object(Closure))
#16 C:\\laragon\\www\\es_ldcu2\\vendor\\laravel\\framework\\src\\Illuminate\\Cookie\\Middleware\\AddQueuedCookiesToResponse.php(37): Illuminate\\Pipeline\\Pipeline->Illuminate\\Pipeline\\{closure}(Object(Illuminate\\Http\\Request))
#17 C:\\laragon\\www\\es_ldcu2\\vendor\\laravel\\framework\\src\\Illuminate\\Pipeline\\Pipeline.php(171): Illuminate\\Cookie\\Middleware\\AddQueuedCookiesToResponse->handle(Object(Illuminate\\Http\\Request), Object(Closure))
#18 C:\\laragon\\www\\es_ldcu2\\vendor\\laravel\\framework\\src\\Illuminate\\Cookie\\Middleware\\EncryptCookies.php(67): Illuminate\\Pipeline\\Pipeline->Illuminate\\Pipeline\\{closure}(Object(Illuminate\\Http\\Request))
#19 C:\\laragon\\www\\es_ldcu2\\vendor\\laravel\\framework\\src\\Illuminate\\Pipeline\\Pipeline.php(171): Illuminate\\Cookie\\Middleware\\EncryptCookies->handle(Object(Illuminate\\Http\\Request), Object(Closure))
#20 C:\\laragon\\www\\es_ldcu2\\vendor\\laravel\\framework\\src\\Illuminate\\Pipeline\\Pipeline.php(105): Illuminate\\Pipeline\\Pipeline->Illuminate\\Pipeline\\{closure}(Object(Illuminate\\Http\\Request))
#21 C:\\laragon\\www\\es_ldcu2\\vendor\\laravel\\framework\\src\\Illuminate\\Routing\\Router.php(683): Illuminate\\Pipeline\\Pipeline->then(Object(Closure))
#22 C:\\laragon\\www\\es_ldcu2\\vendor\\laravel\\framework\\src\\Illuminate\\Routing\\Router.php(658): Illuminate\\Routing\\Router->runRouteWithinStack(Object(Illuminate\\Routing\\Route), Object(Illuminate\\Http\\Request))
#23 C:\\laragon\\www\\es_ldcu2\\vendor\\laravel\\framework\\src\\Illuminate\\Routing\\Router.php(624): Illuminate\\Routing\\Router->runRoute(Object(Illuminate\\Http\\Request), Object(Illuminate\\Routing\\Route))
#24 C:\\laragon\\www\\es_ldcu2\\vendor\\laravel\\framework\\src\\Illuminate\\Routing\\Router.php(613): Illuminate\\Routing\\Router->dispatchToRoute(Object(Illuminate\\Http\\Request))
#25 C:\\laragon\\www\\es_ldcu2\\vendor\\laravel\\framework\\src\\Illuminate\\Foundation\\Http\\Kernel.php(170): Illuminate\\Routing\\Router->dispatch(Object(Illuminate\\Http\\Request))
#26 C:\\laragon\\www\\es_ldcu2\\vendor\\laravel\\framework\\src\\Illuminate\\Pipeline\\Pipeline.php(130): Illuminate\\Foundation\\Http\\Kernel->Illuminate\\Foundation\\Http\\{closure}(Object(Illuminate\\Http\\Request))
#27 C:\\laragon\\www\\es_ldcu2\\vendor\\laravel\\framework\\src\\Illuminate\\Foundation\\Http\\Middleware\\TransformsRequest.php(21): Illuminate\\Pipeline\\Pipeline->Illuminate\\Pipeline\\{closure}(Object(Illuminate\\Http\\Request))
#28 C:\\laragon\\www\\es_ldcu2\\vendor\\laravel\\framework\\src\\Illuminate\\Pipeline\\Pipeline.php(171): Illuminate\\Foundation\\Http\\Middleware\\TransformsRequest->handle(Object(Illuminate\\Http\\Request), Object(Closure))
#29 C:\\laragon\\www\\es_ldcu2\\vendor\\laravel\\framework\\src\\Illuminate\\Foundation\\Http\\Middleware\\TransformsRequest.php(21): Illuminate\\Pipeline\\Pipeline->Illuminate\\Pipeline\\{closure}(Object(Illuminate\\Http\\Request))
#30 C:\\laragon\\www\\es_ldcu2\\vendor\\laravel\\framework\\src\\Illuminate\\Pipeline\\Pipeline.php(171): Illuminate\\Foundation\\Http\\Middleware\\TransformsRequest->handle(Object(Illuminate\\Http\\Request), Object(Closure))
#31 C:\\laragon\\www\\es_ldcu2\\vendor\\laravel\\framework\\src\\Illuminate\\Foundation\\Http\\Middleware\\ValidatePostSize.php(27): Illuminate\\Pipeline\\Pipeline->Illuminate\\Pipeline\\{closure}(Object(Illuminate\\Http\\Request))
#32 C:\\laragon\\www\\es_ldcu2\\vendor\\laravel\\framework\\src\\Illuminate\\Pipeline\\Pipeline.php(171): Illuminate\\Foundation\\Http\\Middleware\\ValidatePostSize->handle(Object(Illuminate\\Http\\Request), Object(Closure))
#33 C:\\laragon\\www\\es_ldcu2\\vendor\\laravel\\framework\\src\\Illuminate\\Foundation\\Http\\Middleware\\CheckForMaintenanceMode.php(63): Illuminate\\Pipeline\\Pipeline->Illuminate\\Pipeline\\{closure}(Object(Illuminate\\Http\\Request))
#34 C:\\laragon\\www\\es_ldcu2\\vendor\\laravel\\framework\\src\\Illuminate\\Pipeline\\Pipeline.php(171): Illuminate\\Foundation\\Http\\Middleware\\CheckForMaintenanceMode->handle(Object(Illuminate\\Http\\Request), Object(Closure))
#35 C:\\laragon\\www\\es_ldcu2\\vendor\\fideloper\\proxy\\src\\TrustProxies.php(57): Illuminate\\Pipeline\\Pipeline->Illuminate\\Pipeline\\{closure}(Object(Illuminate\\Http\\Request))
#36 C:\\laragon\\www\\es_ldcu2\\vendor\\laravel\\framework\\src\\Illuminate\\Pipeline\\Pipeline.php(171): Fideloper\\Proxy\\TrustProxies->handle(Object(Illuminate\\Http\\Request), Object(Closure))
#37 C:\\laragon\\www\\es_ldcu2\\vendor\\laravel\\framework\\src\\Illuminate\\Pipeline\\Pipeline.php(105): Illuminate\\Pipeline\\Pipeline->Illuminate\\Pipeline\\{closure}(Object(Illuminate\\Http\\Request))
#38 C:\\laragon\\www\\es_ldcu2\\vendor\\laravel\\framework\\src\\Illuminate\\Foundation\\Http\\Kernel.php(145): Illuminate\\Pipeline\\Pipeline->then(Object(Closure))
#39 C:\\laragon\\www\\es_ldcu2\\vendor\\laravel\\framework\\src\\Illuminate\\Foundation\\Http\\Kernel.php(110): Illuminate\\Foundation\\Http\\Kernel->sendRequestThroughRouter(Object(Illuminate\\Http\\Request))
#40 C:\\laragon\\www\\es_ldcu2\\public\\index.php(55): Illuminate\\Foundation\\Http\\Kernel->handle(Object(Illuminate\\Http\\Request))
#41 C:\\laragon\\www\\es_ldcu2\\server.php(21): require_once('C:\\\\laragon\\\\www\\\\...')
#42 {main}
"} 
[2025-07-11 03:31:54] local.WARNING: No college students found for section: HONESTY  
[2025-07-11 03:31:54] local.WARNING: No college students found for section: INTEGRITY  
[2025-07-11 03:39:57] local.WARNING: No college students found for section: HUMSS - A  
[2025-07-11 03:39:57] local.WARNING: No college students found for section: ABM - A  
[2025-07-11 03:43:44] local.WARNING: No college students found for section: HUMSS - B  
[2025-07-11 03:43:44] local.WARNING: No college students found for section: HUMSS - C  
[2025-07-11 03:44:01] local.WARNING: No college students found for section: HUMSS - E  
[2025-07-11 03:48:46] local.WARNING: No college students found for section: HUMSS - H  
[2025-07-11 03:57:58] local.WARNING: No college students found for section: ICT - C  
[2025-07-11 04:52:32] local.WARNING: No college students found for section: HONESTY  
[2025-07-11 04:52:32] local.WARNING: No college students found for section: INTEGRITY  
[2025-07-11 05:00:40] local.WARNING: No college students found for section: HUMSS - A  
[2025-07-11 05:00:40] local.WARNING: No college students found for section: ABM - A  
[2025-07-11 05:04:30] local.WARNING: No college students found for section: HUMSS - B  
[2025-07-11 05:04:30] local.WARNING: No college students found for section: HUMSS - C  
[2025-07-11 05:04:47] local.WARNING: No college students found for section: HUMSS - E  
[2025-07-11 05:09:35] local.WARNING: No college students found for section: HUMSS - H  
[2025-07-11 05:18:57] local.WARNING: No college students found for section: ICT - C  
[2025-07-11 05:49:29] local.ERROR: SQLSTATE[HY000] [1049] Unknown database 'esstii' (SQL: select * from `users` where `id` = 7 limit 1) {"exception":"[object] (Illuminate\\Database\\QueryException(code: 1049): SQLSTATE[HY000] [1049] Unknown database 'esstii' (SQL: select * from `users` where `id` = 7 limit 1) at C:\\laragon\\www\\es_ldcu2\\vendor\\laravel\\framework\\src\\Illuminate\\Database\\Connection.php:669)
[stacktrace]
#0 C:\\laragon\\www\\es_ldcu2\\vendor\\laravel\\framework\\src\\Illuminate\\Database\\Connection.php(629): Illuminate\\Database\\Connection->runQueryCallback('select * from `...', Array, Object(Closure))
#1 C:\\laragon\\www\\es_ldcu2\\vendor\\laravel\\framework\\src\\Illuminate\\Database\\Connection.php(338): Illuminate\\Database\\Connection->run('select * from `...', Array, Object(Closure))
#2 C:\\laragon\\www\\es_ldcu2\\vendor\\laravel\\framework\\src\\Illuminate\\Database\\Query\\Builder.php(2159): Illuminate\\Database\\Connection->select('select * from `...', Array, true)
#3 C:\\laragon\\www\\es_ldcu2\\vendor\\laravel\\framework\\src\\Illuminate\\Database\\Query\\Builder.php(2147): Illuminate\\Database\\Query\\Builder->runSelect()
#4 C:\\laragon\\www\\es_ldcu2\\vendor\\laravel\\framework\\src\\Illuminate\\Database\\Query\\Builder.php(2619): Illuminate\\Database\\Query\\Builder->Illuminate\\Database\\Query\\{closure}()
#5 C:\\laragon\\www\\es_ldcu2\\vendor\\laravel\\framework\\src\\Illuminate\\Database\\Query\\Builder.php(2148): Illuminate\\Database\\Query\\Builder->onceWithColumns(Array, Object(Closure))
#6 C:\\laragon\\www\\es_ldcu2\\vendor\\laravel\\framework\\src\\Illuminate\\Database\\Eloquent\\Builder.php(546): Illuminate\\Database\\Query\\Builder->get(Array)
#7 C:\\laragon\\www\\es_ldcu2\\vendor\\laravel\\framework\\src\\Illuminate\\Database\\Eloquent\\Builder.php(530): Illuminate\\Database\\Eloquent\\Builder->getModels(Array)
#8 C:\\laragon\\www\\es_ldcu2\\vendor\\laravel\\framework\\src\\Illuminate\\Database\\Concerns\\BuildsQueries.php(143): Illuminate\\Database\\Eloquent\\Builder->get(Array)
#9 C:\\laragon\\www\\es_ldcu2\\vendor\\laravel\\framework\\src\\Illuminate\\Auth\\EloquentUserProvider.php(52): Illuminate\\Database\\Eloquent\\Builder->first()
#10 C:\\laragon\\www\\es_ldcu2\\vendor\\laravel\\framework\\src\\Illuminate\\Auth\\SessionGuard.php(139): Illuminate\\Auth\\EloquentUserProvider->retrieveById(7)
#11 C:\\laragon\\www\\es_ldcu2\\vendor\\laravel\\framework\\src\\Illuminate\\Auth\\GuardHelpers.php(60): Illuminate\\Auth\\SessionGuard->user()
#12 C:\\laragon\\www\\es_ldcu2\\vendor\\laravel\\framework\\src\\Illuminate\\Auth\\Middleware\\Authenticate.php(62): Illuminate\\Auth\\SessionGuard->check()
#13 C:\\laragon\\www\\es_ldcu2\\vendor\\laravel\\framework\\src\\Illuminate\\Auth\\Middleware\\Authenticate.php(41): Illuminate\\Auth\\Middleware\\Authenticate->authenticate(Object(Illuminate\\Http\\Request), Array)
#14 C:\\laragon\\www\\es_ldcu2\\vendor\\laravel\\framework\\src\\Illuminate\\Pipeline\\Pipeline.php(171): Illuminate\\Auth\\Middleware\\Authenticate->handle(Object(Illuminate\\Http\\Request), Object(Closure))
#15 C:\\laragon\\www\\es_ldcu2\\vendor\\laravel\\framework\\src\\Illuminate\\Foundation\\Http\\Middleware\\VerifyCsrfToken.php(78): Illuminate\\Pipeline\\Pipeline->Illuminate\\Pipeline\\{closure}(Object(Illuminate\\Http\\Request))
#16 C:\\laragon\\www\\es_ldcu2\\vendor\\laravel\\framework\\src\\Illuminate\\Pipeline\\Pipeline.php(171): Illuminate\\Foundation\\Http\\Middleware\\VerifyCsrfToken->handle(Object(Illuminate\\Http\\Request), Object(Closure))
#17 C:\\laragon\\www\\es_ldcu2\\vendor\\laravel\\framework\\src\\Illuminate\\View\\Middleware\\ShareErrorsFromSession.php(49): Illuminate\\Pipeline\\Pipeline->Illuminate\\Pipeline\\{closure}(Object(Illuminate\\Http\\Request))
#18 C:\\laragon\\www\\es_ldcu2\\vendor\\laravel\\framework\\src\\Illuminate\\Pipeline\\Pipeline.php(171): Illuminate\\View\\Middleware\\ShareErrorsFromSession->handle(Object(Illuminate\\Http\\Request), Object(Closure))
#19 C:\\laragon\\www\\es_ldcu2\\vendor\\laravel\\framework\\src\\Illuminate\\Session\\Middleware\\StartSession.php(56): Illuminate\\Pipeline\\Pipeline->Illuminate\\Pipeline\\{closure}(Object(Illuminate\\Http\\Request))
#20 C:\\laragon\\www\\es_ldcu2\\vendor\\laravel\\framework\\src\\Illuminate\\Pipeline\\Pipeline.php(171): Illuminate\\Session\\Middleware\\StartSession->handle(Object(Illuminate\\Http\\Request), Object(Closure))
#21 C:\\laragon\\www\\es_ldcu2\\vendor\\laravel\\framework\\src\\Illuminate\\Cookie\\Middleware\\AddQueuedCookiesToResponse.php(37): Illuminate\\Pipeline\\Pipeline->Illuminate\\Pipeline\\{closure}(Object(Illuminate\\Http\\Request))
#22 C:\\laragon\\www\\es_ldcu2\\vendor\\laravel\\framework\\src\\Illuminate\\Pipeline\\Pipeline.php(171): Illuminate\\Cookie\\Middleware\\AddQueuedCookiesToResponse->handle(Object(Illuminate\\Http\\Request), Object(Closure))
#23 C:\\laragon\\www\\es_ldcu2\\vendor\\laravel\\framework\\src\\Illuminate\\Cookie\\Middleware\\EncryptCookies.php(67): Illuminate\\Pipeline\\Pipeline->Illuminate\\Pipeline\\{closure}(Object(Illuminate\\Http\\Request))
#24 C:\\laragon\\www\\es_ldcu2\\vendor\\laravel\\framework\\src\\Illuminate\\Pipeline\\Pipeline.php(171): Illuminate\\Cookie\\Middleware\\EncryptCookies->handle(Object(Illuminate\\Http\\Request), Object(Closure))
#25 C:\\laragon\\www\\es_ldcu2\\vendor\\laravel\\framework\\src\\Illuminate\\Pipeline\\Pipeline.php(105): Illuminate\\Pipeline\\Pipeline->Illuminate\\Pipeline\\{closure}(Object(Illuminate\\Http\\Request))
#26 C:\\laragon\\www\\es_ldcu2\\vendor\\laravel\\framework\\src\\Illuminate\\Routing\\Router.php(683): Illuminate\\Pipeline\\Pipeline->then(Object(Closure))
#27 C:\\laragon\\www\\es_ldcu2\\vendor\\laravel\\framework\\src\\Illuminate\\Routing\\Router.php(658): Illuminate\\Routing\\Router->runRouteWithinStack(Object(Illuminate\\Routing\\Route), Object(Illuminate\\Http\\Request))
#28 C:\\laragon\\www\\es_ldcu2\\vendor\\laravel\\framework\\src\\Illuminate\\Routing\\Router.php(624): Illuminate\\Routing\\Router->runRoute(Object(Illuminate\\Http\\Request), Object(Illuminate\\Routing\\Route))
#29 C:\\laragon\\www\\es_ldcu2\\vendor\\laravel\\framework\\src\\Illuminate\\Routing\\Router.php(613): Illuminate\\Routing\\Router->dispatchToRoute(Object(Illuminate\\Http\\Request))
#30 C:\\laragon\\www\\es_ldcu2\\vendor\\laravel\\framework\\src\\Illuminate\\Foundation\\Http\\Kernel.php(170): Illuminate\\Routing\\Router->dispatch(Object(Illuminate\\Http\\Request))
#31 C:\\laragon\\www\\es_ldcu2\\vendor\\laravel\\framework\\src\\Illuminate\\Pipeline\\Pipeline.php(130): Illuminate\\Foundation\\Http\\Kernel->Illuminate\\Foundation\\Http\\{closure}(Object(Illuminate\\Http\\Request))
#32 C:\\laragon\\www\\es_ldcu2\\vendor\\laravel\\framework\\src\\Illuminate\\Foundation\\Http\\Middleware\\TransformsRequest.php(21): Illuminate\\Pipeline\\Pipeline->Illuminate\\Pipeline\\{closure}(Object(Illuminate\\Http\\Request))
#33 C:\\laragon\\www\\es_ldcu2\\vendor\\laravel\\framework\\src\\Illuminate\\Pipeline\\Pipeline.php(171): Illuminate\\Foundation\\Http\\Middleware\\TransformsRequest->handle(Object(Illuminate\\Http\\Request), Object(Closure))
#34 C:\\laragon\\www\\es_ldcu2\\vendor\\laravel\\framework\\src\\Illuminate\\Foundation\\Http\\Middleware\\TransformsRequest.php(21): Illuminate\\Pipeline\\Pipeline->Illuminate\\Pipeline\\{closure}(Object(Illuminate\\Http\\Request))
#35 C:\\laragon\\www\\es_ldcu2\\vendor\\laravel\\framework\\src\\Illuminate\\Pipeline\\Pipeline.php(171): Illuminate\\Foundation\\Http\\Middleware\\TransformsRequest->handle(Object(Illuminate\\Http\\Request), Object(Closure))
#36 C:\\laragon\\www\\es_ldcu2\\vendor\\laravel\\framework\\src\\Illuminate\\Foundation\\Http\\Middleware\\ValidatePostSize.php(27): Illuminate\\Pipeline\\Pipeline->Illuminate\\Pipeline\\{closure}(Object(Illuminate\\Http\\Request))
#37 C:\\laragon\\www\\es_ldcu2\\vendor\\laravel\\framework\\src\\Illuminate\\Pipeline\\Pipeline.php(171): Illuminate\\Foundation\\Http\\Middleware\\ValidatePostSize->handle(Object(Illuminate\\Http\\Request), Object(Closure))
#38 C:\\laragon\\www\\es_ldcu2\\vendor\\laravel\\framework\\src\\Illuminate\\Foundation\\Http\\Middleware\\CheckForMaintenanceMode.php(63): Illuminate\\Pipeline\\Pipeline->Illuminate\\Pipeline\\{closure}(Object(Illuminate\\Http\\Request))
#39 C:\\laragon\\www\\es_ldcu2\\vendor\\laravel\\framework\\src\\Illuminate\\Pipeline\\Pipeline.php(171): Illuminate\\Foundation\\Http\\Middleware\\CheckForMaintenanceMode->handle(Object(Illuminate\\Http\\Request), Object(Closure))
#40 C:\\laragon\\www\\es_ldcu2\\vendor\\fideloper\\proxy\\src\\TrustProxies.php(57): Illuminate\\Pipeline\\Pipeline->Illuminate\\Pipeline\\{closure}(Object(Illuminate\\Http\\Request))
#41 C:\\laragon\\www\\es_ldcu2\\vendor\\laravel\\framework\\src\\Illuminate\\Pipeline\\Pipeline.php(171): Fideloper\\Proxy\\TrustProxies->handle(Object(Illuminate\\Http\\Request), Object(Closure))
#42 C:\\laragon\\www\\es_ldcu2\\vendor\\laravel\\framework\\src\\Illuminate\\Pipeline\\Pipeline.php(105): Illuminate\\Pipeline\\Pipeline->Illuminate\\Pipeline\\{closure}(Object(Illuminate\\Http\\Request))
#43 C:\\laragon\\www\\es_ldcu2\\vendor\\laravel\\framework\\src\\Illuminate\\Foundation\\Http\\Kernel.php(145): Illuminate\\Pipeline\\Pipeline->then(Object(Closure))
#44 C:\\laragon\\www\\es_ldcu2\\vendor\\laravel\\framework\\src\\Illuminate\\Foundation\\Http\\Kernel.php(110): Illuminate\\Foundation\\Http\\Kernel->sendRequestThroughRouter(Object(Illuminate\\Http\\Request))
#45 C:\\laragon\\www\\es_ldcu2\\public\\index.php(55): Illuminate\\Foundation\\Http\\Kernel->handle(Object(Illuminate\\Http\\Request))
#46 C:\\laragon\\www\\es_ldcu2\\server.php(21): require_once('C:\\\\laragon\\\\www\\\\...')
#47 {main}

[previous exception] [object] (PDOException(code: 1049): SQLSTATE[HY000] [1049] Unknown database 'esstii' at C:\\laragon\\www\\es_ldcu2\\vendor\\laravel\\framework\\src\\Illuminate\\Database\\Connectors\\Connector.php:70)
[stacktrace]
#0 C:\\laragon\\www\\es_ldcu2\\vendor\\laravel\\framework\\src\\Illuminate\\Database\\Connectors\\Connector.php(70): PDO->__construct('mysql:host=127....', 'root', '', Array)
#1 C:\\laragon\\www\\es_ldcu2\\vendor\\laravel\\framework\\src\\Illuminate\\Database\\Connectors\\Connector.php(46): Illuminate\\Database\\Connectors\\Connector->createPdoConnection('mysql:host=127....', 'root', '', Array)
#2 C:\\laragon\\www\\es_ldcu2\\vendor\\laravel\\framework\\src\\Illuminate\\Database\\Connectors\\MySqlConnector.php(24): Illuminate\\Database\\Connectors\\Connector->createConnection('mysql:host=127....', Array, Array)
#3 C:\\laragon\\www\\es_ldcu2\\vendor\\laravel\\framework\\src\\Illuminate\\Database\\Connectors\\ConnectionFactory.php(182): Illuminate\\Database\\Connectors\\MySqlConnector->connect(Array)
#4 [internal function]: Illuminate\\Database\\Connectors\\ConnectionFactory->Illuminate\\Database\\Connectors\\{closure}()
#5 C:\\laragon\\www\\es_ldcu2\\vendor\\laravel\\framework\\src\\Illuminate\\Database\\Connection.php(924): call_user_func(Object(Closure))
#6 C:\\laragon\\www\\es_ldcu2\\vendor\\laravel\\framework\\src\\Illuminate\\Database\\Connection.php(959): Illuminate\\Database\\Connection->getPdo()
#7 C:\\laragon\\www\\es_ldcu2\\vendor\\laravel\\framework\\src\\Illuminate\\Database\\Connection.php(404): Illuminate\\Database\\Connection->getReadPdo()
#8 C:\\laragon\\www\\es_ldcu2\\vendor\\laravel\\framework\\src\\Illuminate\\Database\\Connection.php(330): Illuminate\\Database\\Connection->getPdoForSelect(true)
#9 C:\\laragon\\www\\es_ldcu2\\vendor\\laravel\\framework\\src\\Illuminate\\Database\\Connection.php(662): Illuminate\\Database\\Connection->Illuminate\\Database\\{closure}('select * from `...', Array)
#10 C:\\laragon\\www\\es_ldcu2\\vendor\\laravel\\framework\\src\\Illuminate\\Database\\Connection.php(629): Illuminate\\Database\\Connection->runQueryCallback('select * from `...', Array, Object(Closure))
#11 C:\\laragon\\www\\es_ldcu2\\vendor\\laravel\\framework\\src\\Illuminate\\Database\\Connection.php(338): Illuminate\\Database\\Connection->run('select * from `...', Array, Object(Closure))
#12 C:\\laragon\\www\\es_ldcu2\\vendor\\laravel\\framework\\src\\Illuminate\\Database\\Query\\Builder.php(2159): Illuminate\\Database\\Connection->select('select * from `...', Array, true)
#13 C:\\laragon\\www\\es_ldcu2\\vendor\\laravel\\framework\\src\\Illuminate\\Database\\Query\\Builder.php(2147): Illuminate\\Database\\Query\\Builder->runSelect()
#14 C:\\laragon\\www\\es_ldcu2\\vendor\\laravel\\framework\\src\\Illuminate\\Database\\Query\\Builder.php(2619): Illuminate\\Database\\Query\\Builder->Illuminate\\Database\\Query\\{closure}()
#15 C:\\laragon\\www\\es_ldcu2\\vendor\\laravel\\framework\\src\\Illuminate\\Database\\Query\\Builder.php(2148): Illuminate\\Database\\Query\\Builder->onceWithColumns(Array, Object(Closure))
#16 C:\\laragon\\www\\es_ldcu2\\vendor\\laravel\\framework\\src\\Illuminate\\Database\\Eloquent\\Builder.php(546): Illuminate\\Database\\Query\\Builder->get(Array)
#17 C:\\laragon\\www\\es_ldcu2\\vendor\\laravel\\framework\\src\\Illuminate\\Database\\Eloquent\\Builder.php(530): Illuminate\\Database\\Eloquent\\Builder->getModels(Array)
#18 C:\\laragon\\www\\es_ldcu2\\vendor\\laravel\\framework\\src\\Illuminate\\Database\\Concerns\\BuildsQueries.php(143): Illuminate\\Database\\Eloquent\\Builder->get(Array)
#19 C:\\laragon\\www\\es_ldcu2\\vendor\\laravel\\framework\\src\\Illuminate\\Auth\\EloquentUserProvider.php(52): Illuminate\\Database\\Eloquent\\Builder->first()
#20 C:\\laragon\\www\\es_ldcu2\\vendor\\laravel\\framework\\src\\Illuminate\\Auth\\SessionGuard.php(139): Illuminate\\Auth\\EloquentUserProvider->retrieveById(7)
#21 C:\\laragon\\www\\es_ldcu2\\vendor\\laravel\\framework\\src\\Illuminate\\Auth\\GuardHelpers.php(60): Illuminate\\Auth\\SessionGuard->user()
#22 C:\\laragon\\www\\es_ldcu2\\vendor\\laravel\\framework\\src\\Illuminate\\Auth\\Middleware\\Authenticate.php(62): Illuminate\\Auth\\SessionGuard->check()
#23 C:\\laragon\\www\\es_ldcu2\\vendor\\laravel\\framework\\src\\Illuminate\\Auth\\Middleware\\Authenticate.php(41): Illuminate\\Auth\\Middleware\\Authenticate->authenticate(Object(Illuminate\\Http\\Request), Array)
#24 C:\\laragon\\www\\es_ldcu2\\vendor\\laravel\\framework\\src\\Illuminate\\Pipeline\\Pipeline.php(171): Illuminate\\Auth\\Middleware\\Authenticate->handle(Object(Illuminate\\Http\\Request), Object(Closure))
#25 C:\\laragon\\www\\es_ldcu2\\vendor\\laravel\\framework\\src\\Illuminate\\Foundation\\Http\\Middleware\\VerifyCsrfToken.php(78): Illuminate\\Pipeline\\Pipeline->Illuminate\\Pipeline\\{closure}(Object(Illuminate\\Http\\Request))
#26 C:\\laragon\\www\\es_ldcu2\\vendor\\laravel\\framework\\src\\Illuminate\\Pipeline\\Pipeline.php(171): Illuminate\\Foundation\\Http\\Middleware\\VerifyCsrfToken->handle(Object(Illuminate\\Http\\Request), Object(Closure))
#27 C:\\laragon\\www\\es_ldcu2\\vendor\\laravel\\framework\\src\\Illuminate\\View\\Middleware\\ShareErrorsFromSession.php(49): Illuminate\\Pipeline\\Pipeline->Illuminate\\Pipeline\\{closure}(Object(Illuminate\\Http\\Request))
#28 C:\\laragon\\www\\es_ldcu2\\vendor\\laravel\\framework\\src\\Illuminate\\Pipeline\\Pipeline.php(171): Illuminate\\View\\Middleware\\ShareErrorsFromSession->handle(Object(Illuminate\\Http\\Request), Object(Closure))
#29 C:\\laragon\\www\\es_ldcu2\\vendor\\laravel\\framework\\src\\Illuminate\\Session\\Middleware\\StartSession.php(56): Illuminate\\Pipeline\\Pipeline->Illuminate\\Pipeline\\{closure}(Object(Illuminate\\Http\\Request))
#30 C:\\laragon\\www\\es_ldcu2\\vendor\\laravel\\framework\\src\\Illuminate\\Pipeline\\Pipeline.php(171): Illuminate\\Session\\Middleware\\StartSession->handle(Object(Illuminate\\Http\\Request), Object(Closure))
#31 C:\\laragon\\www\\es_ldcu2\\vendor\\laravel\\framework\\src\\Illuminate\\Cookie\\Middleware\\AddQueuedCookiesToResponse.php(37): Illuminate\\Pipeline\\Pipeline->Illuminate\\Pipeline\\{closure}(Object(Illuminate\\Http\\Request))
#32 C:\\laragon\\www\\es_ldcu2\\vendor\\laravel\\framework\\src\\Illuminate\\Pipeline\\Pipeline.php(171): Illuminate\\Cookie\\Middleware\\AddQueuedCookiesToResponse->handle(Object(Illuminate\\Http\\Request), Object(Closure))
#33 C:\\laragon\\www\\es_ldcu2\\vendor\\laravel\\framework\\src\\Illuminate\\Cookie\\Middleware\\EncryptCookies.php(67): Illuminate\\Pipeline\\Pipeline->Illuminate\\Pipeline\\{closure}(Object(Illuminate\\Http\\Request))
#34 C:\\laragon\\www\\es_ldcu2\\vendor\\laravel\\framework\\src\\Illuminate\\Pipeline\\Pipeline.php(171): Illuminate\\Cookie\\Middleware\\EncryptCookies->handle(Object(Illuminate\\Http\\Request), Object(Closure))
#35 C:\\laragon\\www\\es_ldcu2\\vendor\\laravel\\framework\\src\\Illuminate\\Pipeline\\Pipeline.php(105): Illuminate\\Pipeline\\Pipeline->Illuminate\\Pipeline\\{closure}(Object(Illuminate\\Http\\Request))
#36 C:\\laragon\\www\\es_ldcu2\\vendor\\laravel\\framework\\src\\Illuminate\\Routing\\Router.php(683): Illuminate\\Pipeline\\Pipeline->then(Object(Closure))
#37 C:\\laragon\\www\\es_ldcu2\\vendor\\laravel\\framework\\src\\Illuminate\\Routing\\Router.php(658): Illuminate\\Routing\\Router->runRouteWithinStack(Object(Illuminate\\Routing\\Route), Object(Illuminate\\Http\\Request))
#38 C:\\laragon\\www\\es_ldcu2\\vendor\\laravel\\framework\\src\\Illuminate\\Routing\\Router.php(624): Illuminate\\Routing\\Router->runRoute(Object(Illuminate\\Http\\Request), Object(Illuminate\\Routing\\Route))
#39 C:\\laragon\\www\\es_ldcu2\\vendor\\laravel\\framework\\src\\Illuminate\\Routing\\Router.php(613): Illuminate\\Routing\\Router->dispatchToRoute(Object(Illuminate\\Http\\Request))
#40 C:\\laragon\\www\\es_ldcu2\\vendor\\laravel\\framework\\src\\Illuminate\\Foundation\\Http\\Kernel.php(170): Illuminate\\Routing\\Router->dispatch(Object(Illuminate\\Http\\Request))
#41 C:\\laragon\\www\\es_ldcu2\\vendor\\laravel\\framework\\src\\Illuminate\\Pipeline\\Pipeline.php(130): Illuminate\\Foundation\\Http\\Kernel->Illuminate\\Foundation\\Http\\{closure}(Object(Illuminate\\Http\\Request))
#42 C:\\laragon\\www\\es_ldcu2\\vendor\\laravel\\framework\\src\\Illuminate\\Foundation\\Http\\Middleware\\TransformsRequest.php(21): Illuminate\\Pipeline\\Pipeline->Illuminate\\Pipeline\\{closure}(Object(Illuminate\\Http\\Request))
#43 C:\\laragon\\www\\es_ldcu2\\vendor\\laravel\\framework\\src\\Illuminate\\Pipeline\\Pipeline.php(171): Illuminate\\Foundation\\Http\\Middleware\\TransformsRequest->handle(Object(Illuminate\\Http\\Request), Object(Closure))
#44 C:\\laragon\\www\\es_ldcu2\\vendor\\laravel\\framework\\src\\Illuminate\\Foundation\\Http\\Middleware\\TransformsRequest.php(21): Illuminate\\Pipeline\\Pipeline->Illuminate\\Pipeline\\{closure}(Object(Illuminate\\Http\\Request))
#45 C:\\laragon\\www\\es_ldcu2\\vendor\\laravel\\framework\\src\\Illuminate\\Pipeline\\Pipeline.php(171): Illuminate\\Foundation\\Http\\Middleware\\TransformsRequest->handle(Object(Illuminate\\Http\\Request), Object(Closure))
#46 C:\\laragon\\www\\es_ldcu2\\vendor\\laravel\\framework\\src\\Illuminate\\Foundation\\Http\\Middleware\\ValidatePostSize.php(27): Illuminate\\Pipeline\\Pipeline->Illuminate\\Pipeline\\{closure}(Object(Illuminate\\Http\\Request))
#47 C:\\laragon\\www\\es_ldcu2\\vendor\\laravel\\framework\\src\\Illuminate\\Pipeline\\Pipeline.php(171): Illuminate\\Foundation\\Http\\Middleware\\ValidatePostSize->handle(Object(Illuminate\\Http\\Request), Object(Closure))
#48 C:\\laragon\\www\\es_ldcu2\\vendor\\laravel\\framework\\src\\Illuminate\\Foundation\\Http\\Middleware\\CheckForMaintenanceMode.php(63): Illuminate\\Pipeline\\Pipeline->Illuminate\\Pipeline\\{closure}(Object(Illuminate\\Http\\Request))
#49 C:\\laragon\\www\\es_ldcu2\\vendor\\laravel\\framework\\src\\Illuminate\\Pipeline\\Pipeline.php(171): Illuminate\\Foundation\\Http\\Middleware\\CheckForMaintenanceMode->handle(Object(Illuminate\\Http\\Request), Object(Closure))
#50 C:\\laragon\\www\\es_ldcu2\\vendor\\fideloper\\proxy\\src\\TrustProxies.php(57): Illuminate\\Pipeline\\Pipeline->Illuminate\\Pipeline\\{closure}(Object(Illuminate\\Http\\Request))
#51 C:\\laragon\\www\\es_ldcu2\\vendor\\laravel\\framework\\src\\Illuminate\\Pipeline\\Pipeline.php(171): Fideloper\\Proxy\\TrustProxies->handle(Object(Illuminate\\Http\\Request), Object(Closure))
#52 C:\\laragon\\www\\es_ldcu2\\vendor\\laravel\\framework\\src\\Illuminate\\Pipeline\\Pipeline.php(105): Illuminate\\Pipeline\\Pipeline->Illuminate\\Pipeline\\{closure}(Object(Illuminate\\Http\\Request))
#53 C:\\laragon\\www\\es_ldcu2\\vendor\\laravel\\framework\\src\\Illuminate\\Foundation\\Http\\Kernel.php(145): Illuminate\\Pipeline\\Pipeline->then(Object(Closure))
#54 C:\\laragon\\www\\es_ldcu2\\vendor\\laravel\\framework\\src\\Illuminate\\Foundation\\Http\\Kernel.php(110): Illuminate\\Foundation\\Http\\Kernel->sendRequestThroughRouter(Object(Illuminate\\Http\\Request))
#55 C:\\laragon\\www\\es_ldcu2\\public\\index.php(55): Illuminate\\Foundation\\Http\\Kernel->handle(Object(Illuminate\\Http\\Request))
#56 C:\\laragon\\www\\es_ldcu2\\server.php(21): require_once('C:\\\\laragon\\\\www\\\\...')
#57 {main}
"} 
[2025-07-11 05:49:30] local.ERROR: SQLSTATE[HY000] [1049] Unknown database 'esstii' (SQL: select * from `users` where `id` = 7 limit 1) {"exception":"[object] (Illuminate\\Database\\QueryException(code: 1049): SQLSTATE[HY000] [1049] Unknown database 'esstii' (SQL: select * from `users` where `id` = 7 limit 1) at C:\\laragon\\www\\es_ldcu2\\vendor\\laravel\\framework\\src\\Illuminate\\Database\\Connection.php:669)
[stacktrace]
#0 C:\\laragon\\www\\es_ldcu2\\vendor\\laravel\\framework\\src\\Illuminate\\Database\\Connection.php(629): Illuminate\\Database\\Connection->runQueryCallback('select * from `...', Array, Object(Closure))
#1 C:\\laragon\\www\\es_ldcu2\\vendor\\laravel\\framework\\src\\Illuminate\\Database\\Connection.php(338): Illuminate\\Database\\Connection->run('select * from `...', Array, Object(Closure))
#2 C:\\laragon\\www\\es_ldcu2\\vendor\\laravel\\framework\\src\\Illuminate\\Database\\Query\\Builder.php(2159): Illuminate\\Database\\Connection->select('select * from `...', Array, true)
#3 C:\\laragon\\www\\es_ldcu2\\vendor\\laravel\\framework\\src\\Illuminate\\Database\\Query\\Builder.php(2147): Illuminate\\Database\\Query\\Builder->runSelect()
#4 C:\\laragon\\www\\es_ldcu2\\vendor\\laravel\\framework\\src\\Illuminate\\Database\\Query\\Builder.php(2619): Illuminate\\Database\\Query\\Builder->Illuminate\\Database\\Query\\{closure}()
#5 C:\\laragon\\www\\es_ldcu2\\vendor\\laravel\\framework\\src\\Illuminate\\Database\\Query\\Builder.php(2148): Illuminate\\Database\\Query\\Builder->onceWithColumns(Array, Object(Closure))
#6 C:\\laragon\\www\\es_ldcu2\\vendor\\laravel\\framework\\src\\Illuminate\\Database\\Eloquent\\Builder.php(546): Illuminate\\Database\\Query\\Builder->get(Array)
#7 C:\\laragon\\www\\es_ldcu2\\vendor\\laravel\\framework\\src\\Illuminate\\Database\\Eloquent\\Builder.php(530): Illuminate\\Database\\Eloquent\\Builder->getModels(Array)
#8 C:\\laragon\\www\\es_ldcu2\\vendor\\laravel\\framework\\src\\Illuminate\\Database\\Concerns\\BuildsQueries.php(143): Illuminate\\Database\\Eloquent\\Builder->get(Array)
#9 C:\\laragon\\www\\es_ldcu2\\vendor\\laravel\\framework\\src\\Illuminate\\Auth\\EloquentUserProvider.php(52): Illuminate\\Database\\Eloquent\\Builder->first()
#10 C:\\laragon\\www\\es_ldcu2\\vendor\\laravel\\framework\\src\\Illuminate\\Auth\\SessionGuard.php(139): Illuminate\\Auth\\EloquentUserProvider->retrieveById(7)
#11 C:\\laragon\\www\\es_ldcu2\\vendor\\laravel\\framework\\src\\Illuminate\\Auth\\GuardHelpers.php(60): Illuminate\\Auth\\SessionGuard->user()
#12 C:\\laragon\\www\\es_ldcu2\\vendor\\laravel\\framework\\src\\Illuminate\\Auth\\Middleware\\Authenticate.php(62): Illuminate\\Auth\\SessionGuard->check()
#13 C:\\laragon\\www\\es_ldcu2\\vendor\\laravel\\framework\\src\\Illuminate\\Auth\\Middleware\\Authenticate.php(41): Illuminate\\Auth\\Middleware\\Authenticate->authenticate(Object(Illuminate\\Http\\Request), Array)
#14 C:\\laragon\\www\\es_ldcu2\\vendor\\laravel\\framework\\src\\Illuminate\\Pipeline\\Pipeline.php(171): Illuminate\\Auth\\Middleware\\Authenticate->handle(Object(Illuminate\\Http\\Request), Object(Closure))
#15 C:\\laragon\\www\\es_ldcu2\\vendor\\laravel\\framework\\src\\Illuminate\\Foundation\\Http\\Middleware\\VerifyCsrfToken.php(78): Illuminate\\Pipeline\\Pipeline->Illuminate\\Pipeline\\{closure}(Object(Illuminate\\Http\\Request))
#16 C:\\laragon\\www\\es_ldcu2\\vendor\\laravel\\framework\\src\\Illuminate\\Pipeline\\Pipeline.php(171): Illuminate\\Foundation\\Http\\Middleware\\VerifyCsrfToken->handle(Object(Illuminate\\Http\\Request), Object(Closure))
#17 C:\\laragon\\www\\es_ldcu2\\vendor\\laravel\\framework\\src\\Illuminate\\View\\Middleware\\ShareErrorsFromSession.php(49): Illuminate\\Pipeline\\Pipeline->Illuminate\\Pipeline\\{closure}(Object(Illuminate\\Http\\Request))
#18 C:\\laragon\\www\\es_ldcu2\\vendor\\laravel\\framework\\src\\Illuminate\\Pipeline\\Pipeline.php(171): Illuminate\\View\\Middleware\\ShareErrorsFromSession->handle(Object(Illuminate\\Http\\Request), Object(Closure))
#19 C:\\laragon\\www\\es_ldcu2\\vendor\\laravel\\framework\\src\\Illuminate\\Session\\Middleware\\StartSession.php(56): Illuminate\\Pipeline\\Pipeline->Illuminate\\Pipeline\\{closure}(Object(Illuminate\\Http\\Request))
#20 C:\\laragon\\www\\es_ldcu2\\vendor\\laravel\\framework\\src\\Illuminate\\Pipeline\\Pipeline.php(171): Illuminate\\Session\\Middleware\\StartSession->handle(Object(Illuminate\\Http\\Request), Object(Closure))
#21 C:\\laragon\\www\\es_ldcu2\\vendor\\laravel\\framework\\src\\Illuminate\\Cookie\\Middleware\\AddQueuedCookiesToResponse.php(37): Illuminate\\Pipeline\\Pipeline->Illuminate\\Pipeline\\{closure}(Object(Illuminate\\Http\\Request))
#22 C:\\laragon\\www\\es_ldcu2\\vendor\\laravel\\framework\\src\\Illuminate\\Pipeline\\Pipeline.php(171): Illuminate\\Cookie\\Middleware\\AddQueuedCookiesToResponse->handle(Object(Illuminate\\Http\\Request), Object(Closure))
#23 C:\\laragon\\www\\es_ldcu2\\vendor\\laravel\\framework\\src\\Illuminate\\Cookie\\Middleware\\EncryptCookies.php(67): Illuminate\\Pipeline\\Pipeline->Illuminate\\Pipeline\\{closure}(Object(Illuminate\\Http\\Request))
#24 C:\\laragon\\www\\es_ldcu2\\vendor\\laravel\\framework\\src\\Illuminate\\Pipeline\\Pipeline.php(171): Illuminate\\Cookie\\Middleware\\EncryptCookies->handle(Object(Illuminate\\Http\\Request), Object(Closure))
#25 C:\\laragon\\www\\es_ldcu2\\vendor\\laravel\\framework\\src\\Illuminate\\Pipeline\\Pipeline.php(105): Illuminate\\Pipeline\\Pipeline->Illuminate\\Pipeline\\{closure}(Object(Illuminate\\Http\\Request))
#26 C:\\laragon\\www\\es_ldcu2\\vendor\\laravel\\framework\\src\\Illuminate\\Routing\\Router.php(683): Illuminate\\Pipeline\\Pipeline->then(Object(Closure))
#27 C:\\laragon\\www\\es_ldcu2\\vendor\\laravel\\framework\\src\\Illuminate\\Routing\\Router.php(658): Illuminate\\Routing\\Router->runRouteWithinStack(Object(Illuminate\\Routing\\Route), Object(Illuminate\\Http\\Request))
#28 C:\\laragon\\www\\es_ldcu2\\vendor\\laravel\\framework\\src\\Illuminate\\Routing\\Router.php(624): Illuminate\\Routing\\Router->runRoute(Object(Illuminate\\Http\\Request), Object(Illuminate\\Routing\\Route))
#29 C:\\laragon\\www\\es_ldcu2\\vendor\\laravel\\framework\\src\\Illuminate\\Routing\\Router.php(613): Illuminate\\Routing\\Router->dispatchToRoute(Object(Illuminate\\Http\\Request))
#30 C:\\laragon\\www\\es_ldcu2\\vendor\\laravel\\framework\\src\\Illuminate\\Foundation\\Http\\Kernel.php(170): Illuminate\\Routing\\Router->dispatch(Object(Illuminate\\Http\\Request))
#31 C:\\laragon\\www\\es_ldcu2\\vendor\\laravel\\framework\\src\\Illuminate\\Pipeline\\Pipeline.php(130): Illuminate\\Foundation\\Http\\Kernel->Illuminate\\Foundation\\Http\\{closure}(Object(Illuminate\\Http\\Request))
#32 C:\\laragon\\www\\es_ldcu2\\vendor\\laravel\\framework\\src\\Illuminate\\Foundation\\Http\\Middleware\\TransformsRequest.php(21): Illuminate\\Pipeline\\Pipeline->Illuminate\\Pipeline\\{closure}(Object(Illuminate\\Http\\Request))
#33 C:\\laragon\\www\\es_ldcu2\\vendor\\laravel\\framework\\src\\Illuminate\\Pipeline\\Pipeline.php(171): Illuminate\\Foundation\\Http\\Middleware\\TransformsRequest->handle(Object(Illuminate\\Http\\Request), Object(Closure))
#34 C:\\laragon\\www\\es_ldcu2\\vendor\\laravel\\framework\\src\\Illuminate\\Foundation\\Http\\Middleware\\TransformsRequest.php(21): Illuminate\\Pipeline\\Pipeline->Illuminate\\Pipeline\\{closure}(Object(Illuminate\\Http\\Request))
#35 C:\\laragon\\www\\es_ldcu2\\vendor\\laravel\\framework\\src\\Illuminate\\Pipeline\\Pipeline.php(171): Illuminate\\Foundation\\Http\\Middleware\\TransformsRequest->handle(Object(Illuminate\\Http\\Request), Object(Closure))
#36 C:\\laragon\\www\\es_ldcu2\\vendor\\laravel\\framework\\src\\Illuminate\\Foundation\\Http\\Middleware\\ValidatePostSize.php(27): Illuminate\\Pipeline\\Pipeline->Illuminate\\Pipeline\\{closure}(Object(Illuminate\\Http\\Request))
#37 C:\\laragon\\www\\es_ldcu2\\vendor\\laravel\\framework\\src\\Illuminate\\Pipeline\\Pipeline.php(171): Illuminate\\Foundation\\Http\\Middleware\\ValidatePostSize->handle(Object(Illuminate\\Http\\Request), Object(Closure))
#38 C:\\laragon\\www\\es_ldcu2\\vendor\\laravel\\framework\\src\\Illuminate\\Foundation\\Http\\Middleware\\CheckForMaintenanceMode.php(63): Illuminate\\Pipeline\\Pipeline->Illuminate\\Pipeline\\{closure}(Object(Illuminate\\Http\\Request))
#39 C:\\laragon\\www\\es_ldcu2\\vendor\\laravel\\framework\\src\\Illuminate\\Pipeline\\Pipeline.php(171): Illuminate\\Foundation\\Http\\Middleware\\CheckForMaintenanceMode->handle(Object(Illuminate\\Http\\Request), Object(Closure))
#40 C:\\laragon\\www\\es_ldcu2\\vendor\\fideloper\\proxy\\src\\TrustProxies.php(57): Illuminate\\Pipeline\\Pipeline->Illuminate\\Pipeline\\{closure}(Object(Illuminate\\Http\\Request))
#41 C:\\laragon\\www\\es_ldcu2\\vendor\\laravel\\framework\\src\\Illuminate\\Pipeline\\Pipeline.php(171): Fideloper\\Proxy\\TrustProxies->handle(Object(Illuminate\\Http\\Request), Object(Closure))
#42 C:\\laragon\\www\\es_ldcu2\\vendor\\laravel\\framework\\src\\Illuminate\\Pipeline\\Pipeline.php(105): Illuminate\\Pipeline\\Pipeline->Illuminate\\Pipeline\\{closure}(Object(Illuminate\\Http\\Request))
#43 C:\\laragon\\www\\es_ldcu2\\vendor\\laravel\\framework\\src\\Illuminate\\Foundation\\Http\\Kernel.php(145): Illuminate\\Pipeline\\Pipeline->then(Object(Closure))
#44 C:\\laragon\\www\\es_ldcu2\\vendor\\laravel\\framework\\src\\Illuminate\\Foundation\\Http\\Kernel.php(110): Illuminate\\Foundation\\Http\\Kernel->sendRequestThroughRouter(Object(Illuminate\\Http\\Request))
#45 C:\\laragon\\www\\es_ldcu2\\public\\index.php(55): Illuminate\\Foundation\\Http\\Kernel->handle(Object(Illuminate\\Http\\Request))
#46 C:\\laragon\\www\\es_ldcu2\\server.php(21): require_once('C:\\\\laragon\\\\www\\\\...')
#47 {main}

[previous exception] [object] (PDOException(code: 1049): SQLSTATE[HY000] [1049] Unknown database 'esstii' at C:\\laragon\\www\\es_ldcu2\\vendor\\laravel\\framework\\src\\Illuminate\\Database\\Connectors\\Connector.php:70)
[stacktrace]
#0 C:\\laragon\\www\\es_ldcu2\\vendor\\laravel\\framework\\src\\Illuminate\\Database\\Connectors\\Connector.php(70): PDO->__construct('mysql:host=127....', 'root', '', Array)
#1 C:\\laragon\\www\\es_ldcu2\\vendor\\laravel\\framework\\src\\Illuminate\\Database\\Connectors\\Connector.php(46): Illuminate\\Database\\Connectors\\Connector->createPdoConnection('mysql:host=127....', 'root', '', Array)
#2 C:\\laragon\\www\\es_ldcu2\\vendor\\laravel\\framework\\src\\Illuminate\\Database\\Connectors\\MySqlConnector.php(24): Illuminate\\Database\\Connectors\\Connector->createConnection('mysql:host=127....', Array, Array)
#3 C:\\laragon\\www\\es_ldcu2\\vendor\\laravel\\framework\\src\\Illuminate\\Database\\Connectors\\ConnectionFactory.php(182): Illuminate\\Database\\Connectors\\MySqlConnector->connect(Array)
#4 [internal function]: Illuminate\\Database\\Connectors\\ConnectionFactory->Illuminate\\Database\\Connectors\\{closure}()
#5 C:\\laragon\\www\\es_ldcu2\\vendor\\laravel\\framework\\src\\Illuminate\\Database\\Connection.php(924): call_user_func(Object(Closure))
#6 C:\\laragon\\www\\es_ldcu2\\vendor\\laravel\\framework\\src\\Illuminate\\Database\\Connection.php(959): Illuminate\\Database\\Connection->getPdo()
#7 C:\\laragon\\www\\es_ldcu2\\vendor\\laravel\\framework\\src\\Illuminate\\Database\\Connection.php(404): Illuminate\\Database\\Connection->getReadPdo()
#8 C:\\laragon\\www\\es_ldcu2\\vendor\\laravel\\framework\\src\\Illuminate\\Database\\Connection.php(330): Illuminate\\Database\\Connection->getPdoForSelect(true)
#9 C:\\laragon\\www\\es_ldcu2\\vendor\\laravel\\framework\\src\\Illuminate\\Database\\Connection.php(662): Illuminate\\Database\\Connection->Illuminate\\Database\\{closure}('select * from `...', Array)
#10 C:\\laragon\\www\\es_ldcu2\\vendor\\laravel\\framework\\src\\Illuminate\\Database\\Connection.php(629): Illuminate\\Database\\Connection->runQueryCallback('select * from `...', Array, Object(Closure))
#11 C:\\laragon\\www\\es_ldcu2\\vendor\\laravel\\framework\\src\\Illuminate\\Database\\Connection.php(338): Illuminate\\Database\\Connection->run('select * from `...', Array, Object(Closure))
#12 C:\\laragon\\www\\es_ldcu2\\vendor\\laravel\\framework\\src\\Illuminate\\Database\\Query\\Builder.php(2159): Illuminate\\Database\\Connection->select('select * from `...', Array, true)
#13 C:\\laragon\\www\\es_ldcu2\\vendor\\laravel\\framework\\src\\Illuminate\\Database\\Query\\Builder.php(2147): Illuminate\\Database\\Query\\Builder->runSelect()
#14 C:\\laragon\\www\\es_ldcu2\\vendor\\laravel\\framework\\src\\Illuminate\\Database\\Query\\Builder.php(2619): Illuminate\\Database\\Query\\Builder->Illuminate\\Database\\Query\\{closure}()
#15 C:\\laragon\\www\\es_ldcu2\\vendor\\laravel\\framework\\src\\Illuminate\\Database\\Query\\Builder.php(2148): Illuminate\\Database\\Query\\Builder->onceWithColumns(Array, Object(Closure))
#16 C:\\laragon\\www\\es_ldcu2\\vendor\\laravel\\framework\\src\\Illuminate\\Database\\Eloquent\\Builder.php(546): Illuminate\\Database\\Query\\Builder->get(Array)
#17 C:\\laragon\\www\\es_ldcu2\\vendor\\laravel\\framework\\src\\Illuminate\\Database\\Eloquent\\Builder.php(530): Illuminate\\Database\\Eloquent\\Builder->getModels(Array)
#18 C:\\laragon\\www\\es_ldcu2\\vendor\\laravel\\framework\\src\\Illuminate\\Database\\Concerns\\BuildsQueries.php(143): Illuminate\\Database\\Eloquent\\Builder->get(Array)
#19 C:\\laragon\\www\\es_ldcu2\\vendor\\laravel\\framework\\src\\Illuminate\\Auth\\EloquentUserProvider.php(52): Illuminate\\Database\\Eloquent\\Builder->first()
#20 C:\\laragon\\www\\es_ldcu2\\vendor\\laravel\\framework\\src\\Illuminate\\Auth\\SessionGuard.php(139): Illuminate\\Auth\\EloquentUserProvider->retrieveById(7)
#21 C:\\laragon\\www\\es_ldcu2\\vendor\\laravel\\framework\\src\\Illuminate\\Auth\\GuardHelpers.php(60): Illuminate\\Auth\\SessionGuard->user()
#22 C:\\laragon\\www\\es_ldcu2\\vendor\\laravel\\framework\\src\\Illuminate\\Auth\\Middleware\\Authenticate.php(62): Illuminate\\Auth\\SessionGuard->check()
#23 C:\\laragon\\www\\es_ldcu2\\vendor\\laravel\\framework\\src\\Illuminate\\Auth\\Middleware\\Authenticate.php(41): Illuminate\\Auth\\Middleware\\Authenticate->authenticate(Object(Illuminate\\Http\\Request), Array)
#24 C:\\laragon\\www\\es_ldcu2\\vendor\\laravel\\framework\\src\\Illuminate\\Pipeline\\Pipeline.php(171): Illuminate\\Auth\\Middleware\\Authenticate->handle(Object(Illuminate\\Http\\Request), Object(Closure))
#25 C:\\laragon\\www\\es_ldcu2\\vendor\\laravel\\framework\\src\\Illuminate\\Foundation\\Http\\Middleware\\VerifyCsrfToken.php(78): Illuminate\\Pipeline\\Pipeline->Illuminate\\Pipeline\\{closure}(Object(Illuminate\\Http\\Request))
#26 C:\\laragon\\www\\es_ldcu2\\vendor\\laravel\\framework\\src\\Illuminate\\Pipeline\\Pipeline.php(171): Illuminate\\Foundation\\Http\\Middleware\\VerifyCsrfToken->handle(Object(Illuminate\\Http\\Request), Object(Closure))
#27 C:\\laragon\\www\\es_ldcu2\\vendor\\laravel\\framework\\src\\Illuminate\\View\\Middleware\\ShareErrorsFromSession.php(49): Illuminate\\Pipeline\\Pipeline->Illuminate\\Pipeline\\{closure}(Object(Illuminate\\Http\\Request))
#28 C:\\laragon\\www\\es_ldcu2\\vendor\\laravel\\framework\\src\\Illuminate\\Pipeline\\Pipeline.php(171): Illuminate\\View\\Middleware\\ShareErrorsFromSession->handle(Object(Illuminate\\Http\\Request), Object(Closure))
#29 C:\\laragon\\www\\es_ldcu2\\vendor\\laravel\\framework\\src\\Illuminate\\Session\\Middleware\\StartSession.php(56): Illuminate\\Pipeline\\Pipeline->Illuminate\\Pipeline\\{closure}(Object(Illuminate\\Http\\Request))
#30 C:\\laragon\\www\\es_ldcu2\\vendor\\laravel\\framework\\src\\Illuminate\\Pipeline\\Pipeline.php(171): Illuminate\\Session\\Middleware\\StartSession->handle(Object(Illuminate\\Http\\Request), Object(Closure))
#31 C:\\laragon\\www\\es_ldcu2\\vendor\\laravel\\framework\\src\\Illuminate\\Cookie\\Middleware\\AddQueuedCookiesToResponse.php(37): Illuminate\\Pipeline\\Pipeline->Illuminate\\Pipeline\\{closure}(Object(Illuminate\\Http\\Request))
#32 C:\\laragon\\www\\es_ldcu2\\vendor\\laravel\\framework\\src\\Illuminate\\Pipeline\\Pipeline.php(171): Illuminate\\Cookie\\Middleware\\AddQueuedCookiesToResponse->handle(Object(Illuminate\\Http\\Request), Object(Closure))
#33 C:\\laragon\\www\\es_ldcu2\\vendor\\laravel\\framework\\src\\Illuminate\\Cookie\\Middleware\\EncryptCookies.php(67): Illuminate\\Pipeline\\Pipeline->Illuminate\\Pipeline\\{closure}(Object(Illuminate\\Http\\Request))
#34 C:\\laragon\\www\\es_ldcu2\\vendor\\laravel\\framework\\src\\Illuminate\\Pipeline\\Pipeline.php(171): Illuminate\\Cookie\\Middleware\\EncryptCookies->handle(Object(Illuminate\\Http\\Request), Object(Closure))
#35 C:\\laragon\\www\\es_ldcu2\\vendor\\laravel\\framework\\src\\Illuminate\\Pipeline\\Pipeline.php(105): Illuminate\\Pipeline\\Pipeline->Illuminate\\Pipeline\\{closure}(Object(Illuminate\\Http\\Request))
#36 C:\\laragon\\www\\es_ldcu2\\vendor\\laravel\\framework\\src\\Illuminate\\Routing\\Router.php(683): Illuminate\\Pipeline\\Pipeline->then(Object(Closure))
#37 C:\\laragon\\www\\es_ldcu2\\vendor\\laravel\\framework\\src\\Illuminate\\Routing\\Router.php(658): Illuminate\\Routing\\Router->runRouteWithinStack(Object(Illuminate\\Routing\\Route), Object(Illuminate\\Http\\Request))
#38 C:\\laragon\\www\\es_ldcu2\\vendor\\laravel\\framework\\src\\Illuminate\\Routing\\Router.php(624): Illuminate\\Routing\\Router->runRoute(Object(Illuminate\\Http\\Request), Object(Illuminate\\Routing\\Route))
#39 C:\\laragon\\www\\es_ldcu2\\vendor\\laravel\\framework\\src\\Illuminate\\Routing\\Router.php(613): Illuminate\\Routing\\Router->dispatchToRoute(Object(Illuminate\\Http\\Request))
#40 C:\\laragon\\www\\es_ldcu2\\vendor\\laravel\\framework\\src\\Illuminate\\Foundation\\Http\\Kernel.php(170): Illuminate\\Routing\\Router->dispatch(Object(Illuminate\\Http\\Request))
#41 C:\\laragon\\www\\es_ldcu2\\vendor\\laravel\\framework\\src\\Illuminate\\Pipeline\\Pipeline.php(130): Illuminate\\Foundation\\Http\\Kernel->Illuminate\\Foundation\\Http\\{closure}(Object(Illuminate\\Http\\Request))
#42 C:\\laragon\\www\\es_ldcu2\\vendor\\laravel\\framework\\src\\Illuminate\\Foundation\\Http\\Middleware\\TransformsRequest.php(21): Illuminate\\Pipeline\\Pipeline->Illuminate\\Pipeline\\{closure}(Object(Illuminate\\Http\\Request))
#43 C:\\laragon\\www\\es_ldcu2\\vendor\\laravel\\framework\\src\\Illuminate\\Pipeline\\Pipeline.php(171): Illuminate\\Foundation\\Http\\Middleware\\TransformsRequest->handle(Object(Illuminate\\Http\\Request), Object(Closure))
#44 C:\\laragon\\www\\es_ldcu2\\vendor\\laravel\\framework\\src\\Illuminate\\Foundation\\Http\\Middleware\\TransformsRequest.php(21): Illuminate\\Pipeline\\Pipeline->Illuminate\\Pipeline\\{closure}(Object(Illuminate\\Http\\Request))
#45 C:\\laragon\\www\\es_ldcu2\\vendor\\laravel\\framework\\src\\Illuminate\\Pipeline\\Pipeline.php(171): Illuminate\\Foundation\\Http\\Middleware\\TransformsRequest->handle(Object(Illuminate\\Http\\Request), Object(Closure))
#46 C:\\laragon\\www\\es_ldcu2\\vendor\\laravel\\framework\\src\\Illuminate\\Foundation\\Http\\Middleware\\ValidatePostSize.php(27): Illuminate\\Pipeline\\Pipeline->Illuminate\\Pipeline\\{closure}(Object(Illuminate\\Http\\Request))
#47 C:\\laragon\\www\\es_ldcu2\\vendor\\laravel\\framework\\src\\Illuminate\\Pipeline\\Pipeline.php(171): Illuminate\\Foundation\\Http\\Middleware\\ValidatePostSize->handle(Object(Illuminate\\Http\\Request), Object(Closure))
#48 C:\\laragon\\www\\es_ldcu2\\vendor\\laravel\\framework\\src\\Illuminate\\Foundation\\Http\\Middleware\\CheckForMaintenanceMode.php(63): Illuminate\\Pipeline\\Pipeline->Illuminate\\Pipeline\\{closure}(Object(Illuminate\\Http\\Request))
#49 C:\\laragon\\www\\es_ldcu2\\vendor\\laravel\\framework\\src\\Illuminate\\Pipeline\\Pipeline.php(171): Illuminate\\Foundation\\Http\\Middleware\\CheckForMaintenanceMode->handle(Object(Illuminate\\Http\\Request), Object(Closure))
#50 C:\\laragon\\www\\es_ldcu2\\vendor\\fideloper\\proxy\\src\\TrustProxies.php(57): Illuminate\\Pipeline\\Pipeline->Illuminate\\Pipeline\\{closure}(Object(Illuminate\\Http\\Request))
#51 C:\\laragon\\www\\es_ldcu2\\vendor\\laravel\\framework\\src\\Illuminate\\Pipeline\\Pipeline.php(171): Fideloper\\Proxy\\TrustProxies->handle(Object(Illuminate\\Http\\Request), Object(Closure))
#52 C:\\laragon\\www\\es_ldcu2\\vendor\\laravel\\framework\\src\\Illuminate\\Pipeline\\Pipeline.php(105): Illuminate\\Pipeline\\Pipeline->Illuminate\\Pipeline\\{closure}(Object(Illuminate\\Http\\Request))
#53 C:\\laragon\\www\\es_ldcu2\\vendor\\laravel\\framework\\src\\Illuminate\\Foundation\\Http\\Kernel.php(145): Illuminate\\Pipeline\\Pipeline->then(Object(Closure))
#54 C:\\laragon\\www\\es_ldcu2\\vendor\\laravel\\framework\\src\\Illuminate\\Foundation\\Http\\Kernel.php(110): Illuminate\\Foundation\\Http\\Kernel->sendRequestThroughRouter(Object(Illuminate\\Http\\Request))
#55 C:\\laragon\\www\\es_ldcu2\\public\\index.php(55): Illuminate\\Foundation\\Http\\Kernel->handle(Object(Illuminate\\Http\\Request))
#56 C:\\laragon\\www\\es_ldcu2\\server.php(21): require_once('C:\\\\laragon\\\\www\\\\...')
#57 {main}
"} 
[2025-07-11 05:51:30] local.ERROR: SQLSTATE[42S02]: Base table or view not found: 1146 Table 'esstii.users' doesn't exist (SQL: select * from `users` where `id` = 7 limit 1) {"exception":"[object] (Illuminate\\Database\\QueryException(code: 42S02): SQLSTATE[42S02]: Base table or view not found: 1146 Table 'esstii.users' doesn't exist (SQL: select * from `users` where `id` = 7 limit 1) at C:\\laragon\\www\\es_ldcu2\\vendor\\laravel\\framework\\src\\Illuminate\\Database\\Connection.php:669)
[stacktrace]
#0 C:\\laragon\\www\\es_ldcu2\\vendor\\laravel\\framework\\src\\Illuminate\\Database\\Connection.php(629): Illuminate\\Database\\Connection->runQueryCallback('select * from `...', Array, Object(Closure))
#1 C:\\laragon\\www\\es_ldcu2\\vendor\\laravel\\framework\\src\\Illuminate\\Database\\Connection.php(338): Illuminate\\Database\\Connection->run('select * from `...', Array, Object(Closure))
#2 C:\\laragon\\www\\es_ldcu2\\vendor\\laravel\\framework\\src\\Illuminate\\Database\\Query\\Builder.php(2159): Illuminate\\Database\\Connection->select('select * from `...', Array, true)
#3 C:\\laragon\\www\\es_ldcu2\\vendor\\laravel\\framework\\src\\Illuminate\\Database\\Query\\Builder.php(2147): Illuminate\\Database\\Query\\Builder->runSelect()
#4 C:\\laragon\\www\\es_ldcu2\\vendor\\laravel\\framework\\src\\Illuminate\\Database\\Query\\Builder.php(2619): Illuminate\\Database\\Query\\Builder->Illuminate\\Database\\Query\\{closure}()
#5 C:\\laragon\\www\\es_ldcu2\\vendor\\laravel\\framework\\src\\Illuminate\\Database\\Query\\Builder.php(2148): Illuminate\\Database\\Query\\Builder->onceWithColumns(Array, Object(Closure))
#6 C:\\laragon\\www\\es_ldcu2\\vendor\\laravel\\framework\\src\\Illuminate\\Database\\Eloquent\\Builder.php(546): Illuminate\\Database\\Query\\Builder->get(Array)
#7 C:\\laragon\\www\\es_ldcu2\\vendor\\laravel\\framework\\src\\Illuminate\\Database\\Eloquent\\Builder.php(530): Illuminate\\Database\\Eloquent\\Builder->getModels(Array)
#8 C:\\laragon\\www\\es_ldcu2\\vendor\\laravel\\framework\\src\\Illuminate\\Database\\Concerns\\BuildsQueries.php(143): Illuminate\\Database\\Eloquent\\Builder->get(Array)
#9 C:\\laragon\\www\\es_ldcu2\\vendor\\laravel\\framework\\src\\Illuminate\\Auth\\EloquentUserProvider.php(52): Illuminate\\Database\\Eloquent\\Builder->first()
#10 C:\\laragon\\www\\es_ldcu2\\vendor\\laravel\\framework\\src\\Illuminate\\Auth\\SessionGuard.php(139): Illuminate\\Auth\\EloquentUserProvider->retrieveById(7)
#11 C:\\laragon\\www\\es_ldcu2\\vendor\\laravel\\framework\\src\\Illuminate\\Auth\\GuardHelpers.php(60): Illuminate\\Auth\\SessionGuard->user()
#12 C:\\laragon\\www\\es_ldcu2\\vendor\\laravel\\framework\\src\\Illuminate\\Auth\\Middleware\\Authenticate.php(62): Illuminate\\Auth\\SessionGuard->check()
#13 C:\\laragon\\www\\es_ldcu2\\vendor\\laravel\\framework\\src\\Illuminate\\Auth\\Middleware\\Authenticate.php(41): Illuminate\\Auth\\Middleware\\Authenticate->authenticate(Object(Illuminate\\Http\\Request), Array)
#14 C:\\laragon\\www\\es_ldcu2\\vendor\\laravel\\framework\\src\\Illuminate\\Pipeline\\Pipeline.php(171): Illuminate\\Auth\\Middleware\\Authenticate->handle(Object(Illuminate\\Http\\Request), Object(Closure))
#15 C:\\laragon\\www\\es_ldcu2\\vendor\\laravel\\framework\\src\\Illuminate\\Foundation\\Http\\Middleware\\VerifyCsrfToken.php(78): Illuminate\\Pipeline\\Pipeline->Illuminate\\Pipeline\\{closure}(Object(Illuminate\\Http\\Request))
#16 C:\\laragon\\www\\es_ldcu2\\vendor\\laravel\\framework\\src\\Illuminate\\Pipeline\\Pipeline.php(171): Illuminate\\Foundation\\Http\\Middleware\\VerifyCsrfToken->handle(Object(Illuminate\\Http\\Request), Object(Closure))
#17 C:\\laragon\\www\\es_ldcu2\\vendor\\laravel\\framework\\src\\Illuminate\\View\\Middleware\\ShareErrorsFromSession.php(49): Illuminate\\Pipeline\\Pipeline->Illuminate\\Pipeline\\{closure}(Object(Illuminate\\Http\\Request))
#18 C:\\laragon\\www\\es_ldcu2\\vendor\\laravel\\framework\\src\\Illuminate\\Pipeline\\Pipeline.php(171): Illuminate\\View\\Middleware\\ShareErrorsFromSession->handle(Object(Illuminate\\Http\\Request), Object(Closure))
#19 C:\\laragon\\www\\es_ldcu2\\vendor\\laravel\\framework\\src\\Illuminate\\Session\\Middleware\\StartSession.php(56): Illuminate\\Pipeline\\Pipeline->Illuminate\\Pipeline\\{closure}(Object(Illuminate\\Http\\Request))
#20 C:\\laragon\\www\\es_ldcu2\\vendor\\laravel\\framework\\src\\Illuminate\\Pipeline\\Pipeline.php(171): Illuminate\\Session\\Middleware\\StartSession->handle(Object(Illuminate\\Http\\Request), Object(Closure))
#21 C:\\laragon\\www\\es_ldcu2\\vendor\\laravel\\framework\\src\\Illuminate\\Cookie\\Middleware\\AddQueuedCookiesToResponse.php(37): Illuminate\\Pipeline\\Pipeline->Illuminate\\Pipeline\\{closure}(Object(Illuminate\\Http\\Request))
#22 C:\\laragon\\www\\es_ldcu2\\vendor\\laravel\\framework\\src\\Illuminate\\Pipeline\\Pipeline.php(171): Illuminate\\Cookie\\Middleware\\AddQueuedCookiesToResponse->handle(Object(Illuminate\\Http\\Request), Object(Closure))
#23 C:\\laragon\\www\\es_ldcu2\\vendor\\laravel\\framework\\src\\Illuminate\\Cookie\\Middleware\\EncryptCookies.php(67): Illuminate\\Pipeline\\Pipeline->Illuminate\\Pipeline\\{closure}(Object(Illuminate\\Http\\Request))
#24 C:\\laragon\\www\\es_ldcu2\\vendor\\laravel\\framework\\src\\Illuminate\\Pipeline\\Pipeline.php(171): Illuminate\\Cookie\\Middleware\\EncryptCookies->handle(Object(Illuminate\\Http\\Request), Object(Closure))
#25 C:\\laragon\\www\\es_ldcu2\\vendor\\laravel\\framework\\src\\Illuminate\\Pipeline\\Pipeline.php(105): Illuminate\\Pipeline\\Pipeline->Illuminate\\Pipeline\\{closure}(Object(Illuminate\\Http\\Request))
#26 C:\\laragon\\www\\es_ldcu2\\vendor\\laravel\\framework\\src\\Illuminate\\Routing\\Router.php(683): Illuminate\\Pipeline\\Pipeline->then(Object(Closure))
#27 C:\\laragon\\www\\es_ldcu2\\vendor\\laravel\\framework\\src\\Illuminate\\Routing\\Router.php(658): Illuminate\\Routing\\Router->runRouteWithinStack(Object(Illuminate\\Routing\\Route), Object(Illuminate\\Http\\Request))
#28 C:\\laragon\\www\\es_ldcu2\\vendor\\laravel\\framework\\src\\Illuminate\\Routing\\Router.php(624): Illuminate\\Routing\\Router->runRoute(Object(Illuminate\\Http\\Request), Object(Illuminate\\Routing\\Route))
#29 C:\\laragon\\www\\es_ldcu2\\vendor\\laravel\\framework\\src\\Illuminate\\Routing\\Router.php(613): Illuminate\\Routing\\Router->dispatchToRoute(Object(Illuminate\\Http\\Request))
#30 C:\\laragon\\www\\es_ldcu2\\vendor\\laravel\\framework\\src\\Illuminate\\Foundation\\Http\\Kernel.php(170): Illuminate\\Routing\\Router->dispatch(Object(Illuminate\\Http\\Request))
#31 C:\\laragon\\www\\es_ldcu2\\vendor\\laravel\\framework\\src\\Illuminate\\Pipeline\\Pipeline.php(130): Illuminate\\Foundation\\Http\\Kernel->Illuminate\\Foundation\\Http\\{closure}(Object(Illuminate\\Http\\Request))
#32 C:\\laragon\\www\\es_ldcu2\\vendor\\laravel\\framework\\src\\Illuminate\\Foundation\\Http\\Middleware\\TransformsRequest.php(21): Illuminate\\Pipeline\\Pipeline->Illuminate\\Pipeline\\{closure}(Object(Illuminate\\Http\\Request))
#33 C:\\laragon\\www\\es_ldcu2\\vendor\\laravel\\framework\\src\\Illuminate\\Pipeline\\Pipeline.php(171): Illuminate\\Foundation\\Http\\Middleware\\TransformsRequest->handle(Object(Illuminate\\Http\\Request), Object(Closure))
#34 C:\\laragon\\www\\es_ldcu2\\vendor\\laravel\\framework\\src\\Illuminate\\Foundation\\Http\\Middleware\\TransformsRequest.php(21): Illuminate\\Pipeline\\Pipeline->Illuminate\\Pipeline\\{closure}(Object(Illuminate\\Http\\Request))
#35 C:\\laragon\\www\\es_ldcu2\\vendor\\laravel\\framework\\src\\Illuminate\\Pipeline\\Pipeline.php(171): Illuminate\\Foundation\\Http\\Middleware\\TransformsRequest->handle(Object(Illuminate\\Http\\Request), Object(Closure))
#36 C:\\laragon\\www\\es_ldcu2\\vendor\\laravel\\framework\\src\\Illuminate\\Foundation\\Http\\Middleware\\ValidatePostSize.php(27): Illuminate\\Pipeline\\Pipeline->Illuminate\\Pipeline\\{closure}(Object(Illuminate\\Http\\Request))
#37 C:\\laragon\\www\\es_ldcu2\\vendor\\laravel\\framework\\src\\Illuminate\\Pipeline\\Pipeline.php(171): Illuminate\\Foundation\\Http\\Middleware\\ValidatePostSize->handle(Object(Illuminate\\Http\\Request), Object(Closure))
#38 C:\\laragon\\www\\es_ldcu2\\vendor\\laravel\\framework\\src\\Illuminate\\Foundation\\Http\\Middleware\\CheckForMaintenanceMode.php(63): Illuminate\\Pipeline\\Pipeline->Illuminate\\Pipeline\\{closure}(Object(Illuminate\\Http\\Request))
#39 C:\\laragon\\www\\es_ldcu2\\vendor\\laravel\\framework\\src\\Illuminate\\Pipeline\\Pipeline.php(171): Illuminate\\Foundation\\Http\\Middleware\\CheckForMaintenanceMode->handle(Object(Illuminate\\Http\\Request), Object(Closure))
#40 C:\\laragon\\www\\es_ldcu2\\vendor\\fideloper\\proxy\\src\\TrustProxies.php(57): Illuminate\\Pipeline\\Pipeline->Illuminate\\Pipeline\\{closure}(Object(Illuminate\\Http\\Request))
#41 C:\\laragon\\www\\es_ldcu2\\vendor\\laravel\\framework\\src\\Illuminate\\Pipeline\\Pipeline.php(171): Fideloper\\Proxy\\TrustProxies->handle(Object(Illuminate\\Http\\Request), Object(Closure))
#42 C:\\laragon\\www\\es_ldcu2\\vendor\\laravel\\framework\\src\\Illuminate\\Pipeline\\Pipeline.php(105): Illuminate\\Pipeline\\Pipeline->Illuminate\\Pipeline\\{closure}(Object(Illuminate\\Http\\Request))
#43 C:\\laragon\\www\\es_ldcu2\\vendor\\laravel\\framework\\src\\Illuminate\\Foundation\\Http\\Kernel.php(145): Illuminate\\Pipeline\\Pipeline->then(Object(Closure))
#44 C:\\laragon\\www\\es_ldcu2\\vendor\\laravel\\framework\\src\\Illuminate\\Foundation\\Http\\Kernel.php(110): Illuminate\\Foundation\\Http\\Kernel->sendRequestThroughRouter(Object(Illuminate\\Http\\Request))
#45 C:\\laragon\\www\\es_ldcu2\\public\\index.php(55): Illuminate\\Foundation\\Http\\Kernel->handle(Object(Illuminate\\Http\\Request))
#46 C:\\laragon\\www\\es_ldcu2\\server.php(21): require_once('C:\\\\laragon\\\\www\\\\...')
#47 {main}

[previous exception] [object] (PDOException(code: 42S02): SQLSTATE[42S02]: Base table or view not found: 1146 Table 'esstii.users' doesn't exist at C:\\laragon\\www\\es_ldcu2\\vendor\\laravel\\framework\\src\\Illuminate\\Database\\Connection.php:331)
[stacktrace]
#0 C:\\laragon\\www\\es_ldcu2\\vendor\\laravel\\framework\\src\\Illuminate\\Database\\Connection.php(331): PDO->prepare('select * from `...')
#1 C:\\laragon\\www\\es_ldcu2\\vendor\\laravel\\framework\\src\\Illuminate\\Database\\Connection.php(662): Illuminate\\Database\\Connection->Illuminate\\Database\\{closure}('select * from `...', Array)
#2 C:\\laragon\\www\\es_ldcu2\\vendor\\laravel\\framework\\src\\Illuminate\\Database\\Connection.php(629): Illuminate\\Database\\Connection->runQueryCallback('select * from `...', Array, Object(Closure))
#3 C:\\laragon\\www\\es_ldcu2\\vendor\\laravel\\framework\\src\\Illuminate\\Database\\Connection.php(338): Illuminate\\Database\\Connection->run('select * from `...', Array, Object(Closure))
#4 C:\\laragon\\www\\es_ldcu2\\vendor\\laravel\\framework\\src\\Illuminate\\Database\\Query\\Builder.php(2159): Illuminate\\Database\\Connection->select('select * from `...', Array, true)
#5 C:\\laragon\\www\\es_ldcu2\\vendor\\laravel\\framework\\src\\Illuminate\\Database\\Query\\Builder.php(2147): Illuminate\\Database\\Query\\Builder->runSelect()
#6 C:\\laragon\\www\\es_ldcu2\\vendor\\laravel\\framework\\src\\Illuminate\\Database\\Query\\Builder.php(2619): Illuminate\\Database\\Query\\Builder->Illuminate\\Database\\Query\\{closure}()
#7 C:\\laragon\\www\\es_ldcu2\\vendor\\laravel\\framework\\src\\Illuminate\\Database\\Query\\Builder.php(2148): Illuminate\\Database\\Query\\Builder->onceWithColumns(Array, Object(Closure))
#8 C:\\laragon\\www\\es_ldcu2\\vendor\\laravel\\framework\\src\\Illuminate\\Database\\Eloquent\\Builder.php(546): Illuminate\\Database\\Query\\Builder->get(Array)
#9 C:\\laragon\\www\\es_ldcu2\\vendor\\laravel\\framework\\src\\Illuminate\\Database\\Eloquent\\Builder.php(530): Illuminate\\Database\\Eloquent\\Builder->getModels(Array)
#10 C:\\laragon\\www\\es_ldcu2\\vendor\\laravel\\framework\\src\\Illuminate\\Database\\Concerns\\BuildsQueries.php(143): Illuminate\\Database\\Eloquent\\Builder->get(Array)
#11 C:\\laragon\\www\\es_ldcu2\\vendor\\laravel\\framework\\src\\Illuminate\\Auth\\EloquentUserProvider.php(52): Illuminate\\Database\\Eloquent\\Builder->first()
#12 C:\\laragon\\www\\es_ldcu2\\vendor\\laravel\\framework\\src\\Illuminate\\Auth\\SessionGuard.php(139): Illuminate\\Auth\\EloquentUserProvider->retrieveById(7)
#13 C:\\laragon\\www\\es_ldcu2\\vendor\\laravel\\framework\\src\\Illuminate\\Auth\\GuardHelpers.php(60): Illuminate\\Auth\\SessionGuard->user()
#14 C:\\laragon\\www\\es_ldcu2\\vendor\\laravel\\framework\\src\\Illuminate\\Auth\\Middleware\\Authenticate.php(62): Illuminate\\Auth\\SessionGuard->check()
#15 C:\\laragon\\www\\es_ldcu2\\vendor\\laravel\\framework\\src\\Illuminate\\Auth\\Middleware\\Authenticate.php(41): Illuminate\\Auth\\Middleware\\Authenticate->authenticate(Object(Illuminate\\Http\\Request), Array)
#16 C:\\laragon\\www\\es_ldcu2\\vendor\\laravel\\framework\\src\\Illuminate\\Pipeline\\Pipeline.php(171): Illuminate\\Auth\\Middleware\\Authenticate->handle(Object(Illuminate\\Http\\Request), Object(Closure))
#17 C:\\laragon\\www\\es_ldcu2\\vendor\\laravel\\framework\\src\\Illuminate\\Foundation\\Http\\Middleware\\VerifyCsrfToken.php(78): Illuminate\\Pipeline\\Pipeline->Illuminate\\Pipeline\\{closure}(Object(Illuminate\\Http\\Request))
#18 C:\\laragon\\www\\es_ldcu2\\vendor\\laravel\\framework\\src\\Illuminate\\Pipeline\\Pipeline.php(171): Illuminate\\Foundation\\Http\\Middleware\\VerifyCsrfToken->handle(Object(Illuminate\\Http\\Request), Object(Closure))
#19 C:\\laragon\\www\\es_ldcu2\\vendor\\laravel\\framework\\src\\Illuminate\\View\\Middleware\\ShareErrorsFromSession.php(49): Illuminate\\Pipeline\\Pipeline->Illuminate\\Pipeline\\{closure}(Object(Illuminate\\Http\\Request))
#20 C:\\laragon\\www\\es_ldcu2\\vendor\\laravel\\framework\\src\\Illuminate\\Pipeline\\Pipeline.php(171): Illuminate\\View\\Middleware\\ShareErrorsFromSession->handle(Object(Illuminate\\Http\\Request), Object(Closure))
#21 C:\\laragon\\www\\es_ldcu2\\vendor\\laravel\\framework\\src\\Illuminate\\Session\\Middleware\\StartSession.php(56): Illuminate\\Pipeline\\Pipeline->Illuminate\\Pipeline\\{closure}(Object(Illuminate\\Http\\Request))
#22 C:\\laragon\\www\\es_ldcu2\\vendor\\laravel\\framework\\src\\Illuminate\\Pipeline\\Pipeline.php(171): Illuminate\\Session\\Middleware\\StartSession->handle(Object(Illuminate\\Http\\Request), Object(Closure))
#23 C:\\laragon\\www\\es_ldcu2\\vendor\\laravel\\framework\\src\\Illuminate\\Cookie\\Middleware\\AddQueuedCookiesToResponse.php(37): Illuminate\\Pipeline\\Pipeline->Illuminate\\Pipeline\\{closure}(Object(Illuminate\\Http\\Request))
#24 C:\\laragon\\www\\es_ldcu2\\vendor\\laravel\\framework\\src\\Illuminate\\Pipeline\\Pipeline.php(171): Illuminate\\Cookie\\Middleware\\AddQueuedCookiesToResponse->handle(Object(Illuminate\\Http\\Request), Object(Closure))
#25 C:\\laragon\\www\\es_ldcu2\\vendor\\laravel\\framework\\src\\Illuminate\\Cookie\\Middleware\\EncryptCookies.php(67): Illuminate\\Pipeline\\Pipeline->Illuminate\\Pipeline\\{closure}(Object(Illuminate\\Http\\Request))
#26 C:\\laragon\\www\\es_ldcu2\\vendor\\laravel\\framework\\src\\Illuminate\\Pipeline\\Pipeline.php(171): Illuminate\\Cookie\\Middleware\\EncryptCookies->handle(Object(Illuminate\\Http\\Request), Object(Closure))
#27 C:\\laragon\\www\\es_ldcu2\\vendor\\laravel\\framework\\src\\Illuminate\\Pipeline\\Pipeline.php(105): Illuminate\\Pipeline\\Pipeline->Illuminate\\Pipeline\\{closure}(Object(Illuminate\\Http\\Request))
#28 C:\\laragon\\www\\es_ldcu2\\vendor\\laravel\\framework\\src\\Illuminate\\Routing\\Router.php(683): Illuminate\\Pipeline\\Pipeline->then(Object(Closure))
#29 C:\\laragon\\www\\es_ldcu2\\vendor\\laravel\\framework\\src\\Illuminate\\Routing\\Router.php(658): Illuminate\\Routing\\Router->runRouteWithinStack(Object(Illuminate\\Routing\\Route), Object(Illuminate\\Http\\Request))
#30 C:\\laragon\\www\\es_ldcu2\\vendor\\laravel\\framework\\src\\Illuminate\\Routing\\Router.php(624): Illuminate\\Routing\\Router->runRoute(Object(Illuminate\\Http\\Request), Object(Illuminate\\Routing\\Route))
#31 C:\\laragon\\www\\es_ldcu2\\vendor\\laravel\\framework\\src\\Illuminate\\Routing\\Router.php(613): Illuminate\\Routing\\Router->dispatchToRoute(Object(Illuminate\\Http\\Request))
#32 C:\\laragon\\www\\es_ldcu2\\vendor\\laravel\\framework\\src\\Illuminate\\Foundation\\Http\\Kernel.php(170): Illuminate\\Routing\\Router->dispatch(Object(Illuminate\\Http\\Request))
#33 C:\\laragon\\www\\es_ldcu2\\vendor\\laravel\\framework\\src\\Illuminate\\Pipeline\\Pipeline.php(130): Illuminate\\Foundation\\Http\\Kernel->Illuminate\\Foundation\\Http\\{closure}(Object(Illuminate\\Http\\Request))
#34 C:\\laragon\\www\\es_ldcu2\\vendor\\laravel\\framework\\src\\Illuminate\\Foundation\\Http\\Middleware\\TransformsRequest.php(21): Illuminate\\Pipeline\\Pipeline->Illuminate\\Pipeline\\{closure}(Object(Illuminate\\Http\\Request))
#35 C:\\laragon\\www\\es_ldcu2\\vendor\\laravel\\framework\\src\\Illuminate\\Pipeline\\Pipeline.php(171): Illuminate\\Foundation\\Http\\Middleware\\TransformsRequest->handle(Object(Illuminate\\Http\\Request), Object(Closure))
#36 C:\\laragon\\www\\es_ldcu2\\vendor\\laravel\\framework\\src\\Illuminate\\Foundation\\Http\\Middleware\\TransformsRequest.php(21): Illuminate\\Pipeline\\Pipeline->Illuminate\\Pipeline\\{closure}(Object(Illuminate\\Http\\Request))
#37 C:\\laragon\\www\\es_ldcu2\\vendor\\laravel\\framework\\src\\Illuminate\\Pipeline\\Pipeline.php(171): Illuminate\\Foundation\\Http\\Middleware\\TransformsRequest->handle(Object(Illuminate\\Http\\Request), Object(Closure))
#38 C:\\laragon\\www\\es_ldcu2\\vendor\\laravel\\framework\\src\\Illuminate\\Foundation\\Http\\Middleware\\ValidatePostSize.php(27): Illuminate\\Pipeline\\Pipeline->Illuminate\\Pipeline\\{closure}(Object(Illuminate\\Http\\Request))
#39 C:\\laragon\\www\\es_ldcu2\\vendor\\laravel\\framework\\src\\Illuminate\\Pipeline\\Pipeline.php(171): Illuminate\\Foundation\\Http\\Middleware\\ValidatePostSize->handle(Object(Illuminate\\Http\\Request), Object(Closure))
#40 C:\\laragon\\www\\es_ldcu2\\vendor\\laravel\\framework\\src\\Illuminate\\Foundation\\Http\\Middleware\\CheckForMaintenanceMode.php(63): Illuminate\\Pipeline\\Pipeline->Illuminate\\Pipeline\\{closure}(Object(Illuminate\\Http\\Request))
#41 C:\\laragon\\www\\es_ldcu2\\vendor\\laravel\\framework\\src\\Illuminate\\Pipeline\\Pipeline.php(171): Illuminate\\Foundation\\Http\\Middleware\\CheckForMaintenanceMode->handle(Object(Illuminate\\Http\\Request), Object(Closure))
#42 C:\\laragon\\www\\es_ldcu2\\vendor\\fideloper\\proxy\\src\\TrustProxies.php(57): Illuminate\\Pipeline\\Pipeline->Illuminate\\Pipeline\\{closure}(Object(Illuminate\\Http\\Request))
#43 C:\\laragon\\www\\es_ldcu2\\vendor\\laravel\\framework\\src\\Illuminate\\Pipeline\\Pipeline.php(171): Fideloper\\Proxy\\TrustProxies->handle(Object(Illuminate\\Http\\Request), Object(Closure))
#44 C:\\laragon\\www\\es_ldcu2\\vendor\\laravel\\framework\\src\\Illuminate\\Pipeline\\Pipeline.php(105): Illuminate\\Pipeline\\Pipeline->Illuminate\\Pipeline\\{closure}(Object(Illuminate\\Http\\Request))
#45 C:\\laragon\\www\\es_ldcu2\\vendor\\laravel\\framework\\src\\Illuminate\\Foundation\\Http\\Kernel.php(145): Illuminate\\Pipeline\\Pipeline->then(Object(Closure))
#46 C:\\laragon\\www\\es_ldcu2\\vendor\\laravel\\framework\\src\\Illuminate\\Foundation\\Http\\Kernel.php(110): Illuminate\\Foundation\\Http\\Kernel->sendRequestThroughRouter(Object(Illuminate\\Http\\Request))
#47 C:\\laragon\\www\\es_ldcu2\\public\\index.php(55): Illuminate\\Foundation\\Http\\Kernel->handle(Object(Illuminate\\Http\\Request))
#48 C:\\laragon\\www\\es_ldcu2\\server.php(21): require_once('C:\\\\laragon\\\\www\\\\...')
#49 {main}
"} 
[2025-07-11 05:51:31] local.ERROR: SQLSTATE[42S02]: Base table or view not found: 1146 Table 'esstii.users' doesn't exist (SQL: select * from `users` where `id` = 7 limit 1) {"exception":"[object] (Illuminate\\Database\\QueryException(code: 42S02): SQLSTATE[42S02]: Base table or view not found: 1146 Table 'esstii.users' doesn't exist (SQL: select * from `users` where `id` = 7 limit 1) at C:\\laragon\\www\\es_ldcu2\\vendor\\laravel\\framework\\src\\Illuminate\\Database\\Connection.php:669)
[stacktrace]
#0 C:\\laragon\\www\\es_ldcu2\\vendor\\laravel\\framework\\src\\Illuminate\\Database\\Connection.php(629): Illuminate\\Database\\Connection->runQueryCallback('select * from `...', Array, Object(Closure))
#1 C:\\laragon\\www\\es_ldcu2\\vendor\\laravel\\framework\\src\\Illuminate\\Database\\Connection.php(338): Illuminate\\Database\\Connection->run('select * from `...', Array, Object(Closure))
#2 C:\\laragon\\www\\es_ldcu2\\vendor\\laravel\\framework\\src\\Illuminate\\Database\\Query\\Builder.php(2159): Illuminate\\Database\\Connection->select('select * from `...', Array, true)
#3 C:\\laragon\\www\\es_ldcu2\\vendor\\laravel\\framework\\src\\Illuminate\\Database\\Query\\Builder.php(2147): Illuminate\\Database\\Query\\Builder->runSelect()
#4 C:\\laragon\\www\\es_ldcu2\\vendor\\laravel\\framework\\src\\Illuminate\\Database\\Query\\Builder.php(2619): Illuminate\\Database\\Query\\Builder->Illuminate\\Database\\Query\\{closure}()
#5 C:\\laragon\\www\\es_ldcu2\\vendor\\laravel\\framework\\src\\Illuminate\\Database\\Query\\Builder.php(2148): Illuminate\\Database\\Query\\Builder->onceWithColumns(Array, Object(Closure))
#6 C:\\laragon\\www\\es_ldcu2\\vendor\\laravel\\framework\\src\\Illuminate\\Database\\Eloquent\\Builder.php(546): Illuminate\\Database\\Query\\Builder->get(Array)
#7 C:\\laragon\\www\\es_ldcu2\\vendor\\laravel\\framework\\src\\Illuminate\\Database\\Eloquent\\Builder.php(530): Illuminate\\Database\\Eloquent\\Builder->getModels(Array)
#8 C:\\laragon\\www\\es_ldcu2\\vendor\\laravel\\framework\\src\\Illuminate\\Database\\Concerns\\BuildsQueries.php(143): Illuminate\\Database\\Eloquent\\Builder->get(Array)
#9 C:\\laragon\\www\\es_ldcu2\\vendor\\laravel\\framework\\src\\Illuminate\\Auth\\EloquentUserProvider.php(52): Illuminate\\Database\\Eloquent\\Builder->first()
#10 C:\\laragon\\www\\es_ldcu2\\vendor\\laravel\\framework\\src\\Illuminate\\Auth\\SessionGuard.php(139): Illuminate\\Auth\\EloquentUserProvider->retrieveById(7)
#11 C:\\laragon\\www\\es_ldcu2\\vendor\\laravel\\framework\\src\\Illuminate\\Auth\\GuardHelpers.php(60): Illuminate\\Auth\\SessionGuard->user()
#12 C:\\laragon\\www\\es_ldcu2\\vendor\\laravel\\framework\\src\\Illuminate\\Auth\\Middleware\\Authenticate.php(62): Illuminate\\Auth\\SessionGuard->check()
#13 C:\\laragon\\www\\es_ldcu2\\vendor\\laravel\\framework\\src\\Illuminate\\Auth\\Middleware\\Authenticate.php(41): Illuminate\\Auth\\Middleware\\Authenticate->authenticate(Object(Illuminate\\Http\\Request), Array)
#14 C:\\laragon\\www\\es_ldcu2\\vendor\\laravel\\framework\\src\\Illuminate\\Pipeline\\Pipeline.php(171): Illuminate\\Auth\\Middleware\\Authenticate->handle(Object(Illuminate\\Http\\Request), Object(Closure))
#15 C:\\laragon\\www\\es_ldcu2\\vendor\\laravel\\framework\\src\\Illuminate\\Foundation\\Http\\Middleware\\VerifyCsrfToken.php(78): Illuminate\\Pipeline\\Pipeline->Illuminate\\Pipeline\\{closure}(Object(Illuminate\\Http\\Request))
#16 C:\\laragon\\www\\es_ldcu2\\vendor\\laravel\\framework\\src\\Illuminate\\Pipeline\\Pipeline.php(171): Illuminate\\Foundation\\Http\\Middleware\\VerifyCsrfToken->handle(Object(Illuminate\\Http\\Request), Object(Closure))
#17 C:\\laragon\\www\\es_ldcu2\\vendor\\laravel\\framework\\src\\Illuminate\\View\\Middleware\\ShareErrorsFromSession.php(49): Illuminate\\Pipeline\\Pipeline->Illuminate\\Pipeline\\{closure}(Object(Illuminate\\Http\\Request))
#18 C:\\laragon\\www\\es_ldcu2\\vendor\\laravel\\framework\\src\\Illuminate\\Pipeline\\Pipeline.php(171): Illuminate\\View\\Middleware\\ShareErrorsFromSession->handle(Object(Illuminate\\Http\\Request), Object(Closure))
#19 C:\\laragon\\www\\es_ldcu2\\vendor\\laravel\\framework\\src\\Illuminate\\Session\\Middleware\\StartSession.php(56): Illuminate\\Pipeline\\Pipeline->Illuminate\\Pipeline\\{closure}(Object(Illuminate\\Http\\Request))
#20 C:\\laragon\\www\\es_ldcu2\\vendor\\laravel\\framework\\src\\Illuminate\\Pipeline\\Pipeline.php(171): Illuminate\\Session\\Middleware\\StartSession->handle(Object(Illuminate\\Http\\Request), Object(Closure))
#21 C:\\laragon\\www\\es_ldcu2\\vendor\\laravel\\framework\\src\\Illuminate\\Cookie\\Middleware\\AddQueuedCookiesToResponse.php(37): Illuminate\\Pipeline\\Pipeline->Illuminate\\Pipeline\\{closure}(Object(Illuminate\\Http\\Request))
#22 C:\\laragon\\www\\es_ldcu2\\vendor\\laravel\\framework\\src\\Illuminate\\Pipeline\\Pipeline.php(171): Illuminate\\Cookie\\Middleware\\AddQueuedCookiesToResponse->handle(Object(Illuminate\\Http\\Request), Object(Closure))
#23 C:\\laragon\\www\\es_ldcu2\\vendor\\laravel\\framework\\src\\Illuminate\\Cookie\\Middleware\\EncryptCookies.php(67): Illuminate\\Pipeline\\Pipeline->Illuminate\\Pipeline\\{closure}(Object(Illuminate\\Http\\Request))
#24 C:\\laragon\\www\\es_ldcu2\\vendor\\laravel\\framework\\src\\Illuminate\\Pipeline\\Pipeline.php(171): Illuminate\\Cookie\\Middleware\\EncryptCookies->handle(Object(Illuminate\\Http\\Request), Object(Closure))
#25 C:\\laragon\\www\\es_ldcu2\\vendor\\laravel\\framework\\src\\Illuminate\\Pipeline\\Pipeline.php(105): Illuminate\\Pipeline\\Pipeline->Illuminate\\Pipeline\\{closure}(Object(Illuminate\\Http\\Request))
#26 C:\\laragon\\www\\es_ldcu2\\vendor\\laravel\\framework\\src\\Illuminate\\Routing\\Router.php(683): Illuminate\\Pipeline\\Pipeline->then(Object(Closure))
#27 C:\\laragon\\www\\es_ldcu2\\vendor\\laravel\\framework\\src\\Illuminate\\Routing\\Router.php(658): Illuminate\\Routing\\Router->runRouteWithinStack(Object(Illuminate\\Routing\\Route), Object(Illuminate\\Http\\Request))
#28 C:\\laragon\\www\\es_ldcu2\\vendor\\laravel\\framework\\src\\Illuminate\\Routing\\Router.php(624): Illuminate\\Routing\\Router->runRoute(Object(Illuminate\\Http\\Request), Object(Illuminate\\Routing\\Route))
#29 C:\\laragon\\www\\es_ldcu2\\vendor\\laravel\\framework\\src\\Illuminate\\Routing\\Router.php(613): Illuminate\\Routing\\Router->dispatchToRoute(Object(Illuminate\\Http\\Request))
#30 C:\\laragon\\www\\es_ldcu2\\vendor\\laravel\\framework\\src\\Illuminate\\Foundation\\Http\\Kernel.php(170): Illuminate\\Routing\\Router->dispatch(Object(Illuminate\\Http\\Request))
#31 C:\\laragon\\www\\es_ldcu2\\vendor\\laravel\\framework\\src\\Illuminate\\Pipeline\\Pipeline.php(130): Illuminate\\Foundation\\Http\\Kernel->Illuminate\\Foundation\\Http\\{closure}(Object(Illuminate\\Http\\Request))
#32 C:\\laragon\\www\\es_ldcu2\\vendor\\laravel\\framework\\src\\Illuminate\\Foundation\\Http\\Middleware\\TransformsRequest.php(21): Illuminate\\Pipeline\\Pipeline->Illuminate\\Pipeline\\{closure}(Object(Illuminate\\Http\\Request))
#33 C:\\laragon\\www\\es_ldcu2\\vendor\\laravel\\framework\\src\\Illuminate\\Pipeline\\Pipeline.php(171): Illuminate\\Foundation\\Http\\Middleware\\TransformsRequest->handle(Object(Illuminate\\Http\\Request), Object(Closure))
#34 C:\\laragon\\www\\es_ldcu2\\vendor\\laravel\\framework\\src\\Illuminate\\Foundation\\Http\\Middleware\\TransformsRequest.php(21): Illuminate\\Pipeline\\Pipeline->Illuminate\\Pipeline\\{closure}(Object(Illuminate\\Http\\Request))
#35 C:\\laragon\\www\\es_ldcu2\\vendor\\laravel\\framework\\src\\Illuminate\\Pipeline\\Pipeline.php(171): Illuminate\\Foundation\\Http\\Middleware\\TransformsRequest->handle(Object(Illuminate\\Http\\Request), Object(Closure))
#36 C:\\laragon\\www\\es_ldcu2\\vendor\\laravel\\framework\\src\\Illuminate\\Foundation\\Http\\Middleware\\ValidatePostSize.php(27): Illuminate\\Pipeline\\Pipeline->Illuminate\\Pipeline\\{closure}(Object(Illuminate\\Http\\Request))
#37 C:\\laragon\\www\\es_ldcu2\\vendor\\laravel\\framework\\src\\Illuminate\\Pipeline\\Pipeline.php(171): Illuminate\\Foundation\\Http\\Middleware\\ValidatePostSize->handle(Object(Illuminate\\Http\\Request), Object(Closure))
#38 C:\\laragon\\www\\es_ldcu2\\vendor\\laravel\\framework\\src\\Illuminate\\Foundation\\Http\\Middleware\\CheckForMaintenanceMode.php(63): Illuminate\\Pipeline\\Pipeline->Illuminate\\Pipeline\\{closure}(Object(Illuminate\\Http\\Request))
#39 C:\\laragon\\www\\es_ldcu2\\vendor\\laravel\\framework\\src\\Illuminate\\Pipeline\\Pipeline.php(171): Illuminate\\Foundation\\Http\\Middleware\\CheckForMaintenanceMode->handle(Object(Illuminate\\Http\\Request), Object(Closure))
#40 C:\\laragon\\www\\es_ldcu2\\vendor\\fideloper\\proxy\\src\\TrustProxies.php(57): Illuminate\\Pipeline\\Pipeline->Illuminate\\Pipeline\\{closure}(Object(Illuminate\\Http\\Request))
#41 C:\\laragon\\www\\es_ldcu2\\vendor\\laravel\\framework\\src\\Illuminate\\Pipeline\\Pipeline.php(171): Fideloper\\Proxy\\TrustProxies->handle(Object(Illuminate\\Http\\Request), Object(Closure))
#42 C:\\laragon\\www\\es_ldcu2\\vendor\\laravel\\framework\\src\\Illuminate\\Pipeline\\Pipeline.php(105): Illuminate\\Pipeline\\Pipeline->Illuminate\\Pipeline\\{closure}(Object(Illuminate\\Http\\Request))
#43 C:\\laragon\\www\\es_ldcu2\\vendor\\laravel\\framework\\src\\Illuminate\\Foundation\\Http\\Kernel.php(145): Illuminate\\Pipeline\\Pipeline->then(Object(Closure))
#44 C:\\laragon\\www\\es_ldcu2\\vendor\\laravel\\framework\\src\\Illuminate\\Foundation\\Http\\Kernel.php(110): Illuminate\\Foundation\\Http\\Kernel->sendRequestThroughRouter(Object(Illuminate\\Http\\Request))
#45 C:\\laragon\\www\\es_ldcu2\\public\\index.php(55): Illuminate\\Foundation\\Http\\Kernel->handle(Object(Illuminate\\Http\\Request))
#46 C:\\laragon\\www\\es_ldcu2\\server.php(21): require_once('C:\\\\laragon\\\\www\\\\...')
#47 {main}

[previous exception] [object] (PDOException(code: 42S02): SQLSTATE[42S02]: Base table or view not found: 1146 Table 'esstii.users' doesn't exist at C:\\laragon\\www\\es_ldcu2\\vendor\\laravel\\framework\\src\\Illuminate\\Database\\Connection.php:331)
[stacktrace]
#0 C:\\laragon\\www\\es_ldcu2\\vendor\\laravel\\framework\\src\\Illuminate\\Database\\Connection.php(331): PDO->prepare('select * from `...')
#1 C:\\laragon\\www\\es_ldcu2\\vendor\\laravel\\framework\\src\\Illuminate\\Database\\Connection.php(662): Illuminate\\Database\\Connection->Illuminate\\Database\\{closure}('select * from `...', Array)
#2 C:\\laragon\\www\\es_ldcu2\\vendor\\laravel\\framework\\src\\Illuminate\\Database\\Connection.php(629): Illuminate\\Database\\Connection->runQueryCallback('select * from `...', Array, Object(Closure))
#3 C:\\laragon\\www\\es_ldcu2\\vendor\\laravel\\framework\\src\\Illuminate\\Database\\Connection.php(338): Illuminate\\Database\\Connection->run('select * from `...', Array, Object(Closure))
#4 C:\\laragon\\www\\es_ldcu2\\vendor\\laravel\\framework\\src\\Illuminate\\Database\\Query\\Builder.php(2159): Illuminate\\Database\\Connection->select('select * from `...', Array, true)
#5 C:\\laragon\\www\\es_ldcu2\\vendor\\laravel\\framework\\src\\Illuminate\\Database\\Query\\Builder.php(2147): Illuminate\\Database\\Query\\Builder->runSelect()
#6 C:\\laragon\\www\\es_ldcu2\\vendor\\laravel\\framework\\src\\Illuminate\\Database\\Query\\Builder.php(2619): Illuminate\\Database\\Query\\Builder->Illuminate\\Database\\Query\\{closure}()
#7 C:\\laragon\\www\\es_ldcu2\\vendor\\laravel\\framework\\src\\Illuminate\\Database\\Query\\Builder.php(2148): Illuminate\\Database\\Query\\Builder->onceWithColumns(Array, Object(Closure))
#8 C:\\laragon\\www\\es_ldcu2\\vendor\\laravel\\framework\\src\\Illuminate\\Database\\Eloquent\\Builder.php(546): Illuminate\\Database\\Query\\Builder->get(Array)
#9 C:\\laragon\\www\\es_ldcu2\\vendor\\laravel\\framework\\src\\Illuminate\\Database\\Eloquent\\Builder.php(530): Illuminate\\Database\\Eloquent\\Builder->getModels(Array)
#10 C:\\laragon\\www\\es_ldcu2\\vendor\\laravel\\framework\\src\\Illuminate\\Database\\Concerns\\BuildsQueries.php(143): Illuminate\\Database\\Eloquent\\Builder->get(Array)
#11 C:\\laragon\\www\\es_ldcu2\\vendor\\laravel\\framework\\src\\Illuminate\\Auth\\EloquentUserProvider.php(52): Illuminate\\Database\\Eloquent\\Builder->first()
#12 C:\\laragon\\www\\es_ldcu2\\vendor\\laravel\\framework\\src\\Illuminate\\Auth\\SessionGuard.php(139): Illuminate\\Auth\\EloquentUserProvider->retrieveById(7)
#13 C:\\laragon\\www\\es_ldcu2\\vendor\\laravel\\framework\\src\\Illuminate\\Auth\\GuardHelpers.php(60): Illuminate\\Auth\\SessionGuard->user()
#14 C:\\laragon\\www\\es_ldcu2\\vendor\\laravel\\framework\\src\\Illuminate\\Auth\\Middleware\\Authenticate.php(62): Illuminate\\Auth\\SessionGuard->check()
#15 C:\\laragon\\www\\es_ldcu2\\vendor\\laravel\\framework\\src\\Illuminate\\Auth\\Middleware\\Authenticate.php(41): Illuminate\\Auth\\Middleware\\Authenticate->authenticate(Object(Illuminate\\Http\\Request), Array)
#16 C:\\laragon\\www\\es_ldcu2\\vendor\\laravel\\framework\\src\\Illuminate\\Pipeline\\Pipeline.php(171): Illuminate\\Auth\\Middleware\\Authenticate->handle(Object(Illuminate\\Http\\Request), Object(Closure))
#17 C:\\laragon\\www\\es_ldcu2\\vendor\\laravel\\framework\\src\\Illuminate\\Foundation\\Http\\Middleware\\VerifyCsrfToken.php(78): Illuminate\\Pipeline\\Pipeline->Illuminate\\Pipeline\\{closure}(Object(Illuminate\\Http\\Request))
#18 C:\\laragon\\www\\es_ldcu2\\vendor\\laravel\\framework\\src\\Illuminate\\Pipeline\\Pipeline.php(171): Illuminate\\Foundation\\Http\\Middleware\\VerifyCsrfToken->handle(Object(Illuminate\\Http\\Request), Object(Closure))
#19 C:\\laragon\\www\\es_ldcu2\\vendor\\laravel\\framework\\src\\Illuminate\\View\\Middleware\\ShareErrorsFromSession.php(49): Illuminate\\Pipeline\\Pipeline->Illuminate\\Pipeline\\{closure}(Object(Illuminate\\Http\\Request))
#20 C:\\laragon\\www\\es_ldcu2\\vendor\\laravel\\framework\\src\\Illuminate\\Pipeline\\Pipeline.php(171): Illuminate\\View\\Middleware\\ShareErrorsFromSession->handle(Object(Illuminate\\Http\\Request), Object(Closure))
#21 C:\\laragon\\www\\es_ldcu2\\vendor\\laravel\\framework\\src\\Illuminate\\Session\\Middleware\\StartSession.php(56): Illuminate\\Pipeline\\Pipeline->Illuminate\\Pipeline\\{closure}(Object(Illuminate\\Http\\Request))
#22 C:\\laragon\\www\\es_ldcu2\\vendor\\laravel\\framework\\src\\Illuminate\\Pipeline\\Pipeline.php(171): Illuminate\\Session\\Middleware\\StartSession->handle(Object(Illuminate\\Http\\Request), Object(Closure))
#23 C:\\laragon\\www\\es_ldcu2\\vendor\\laravel\\framework\\src\\Illuminate\\Cookie\\Middleware\\AddQueuedCookiesToResponse.php(37): Illuminate\\Pipeline\\Pipeline->Illuminate\\Pipeline\\{closure}(Object(Illuminate\\Http\\Request))
#24 C:\\laragon\\www\\es_ldcu2\\vendor\\laravel\\framework\\src\\Illuminate\\Pipeline\\Pipeline.php(171): Illuminate\\Cookie\\Middleware\\AddQueuedCookiesToResponse->handle(Object(Illuminate\\Http\\Request), Object(Closure))
#25 C:\\laragon\\www\\es_ldcu2\\vendor\\laravel\\framework\\src\\Illuminate\\Cookie\\Middleware\\EncryptCookies.php(67): Illuminate\\Pipeline\\Pipeline->Illuminate\\Pipeline\\{closure}(Object(Illuminate\\Http\\Request))
#26 C:\\laragon\\www\\es_ldcu2\\vendor\\laravel\\framework\\src\\Illuminate\\Pipeline\\Pipeline.php(171): Illuminate\\Cookie\\Middleware\\EncryptCookies->handle(Object(Illuminate\\Http\\Request), Object(Closure))
#27 C:\\laragon\\www\\es_ldcu2\\vendor\\laravel\\framework\\src\\Illuminate\\Pipeline\\Pipeline.php(105): Illuminate\\Pipeline\\Pipeline->Illuminate\\Pipeline\\{closure}(Object(Illuminate\\Http\\Request))
#28 C:\\laragon\\www\\es_ldcu2\\vendor\\laravel\\framework\\src\\Illuminate\\Routing\\Router.php(683): Illuminate\\Pipeline\\Pipeline->then(Object(Closure))
#29 C:\\laragon\\www\\es_ldcu2\\vendor\\laravel\\framework\\src\\Illuminate\\Routing\\Router.php(658): Illuminate\\Routing\\Router->runRouteWithinStack(Object(Illuminate\\Routing\\Route), Object(Illuminate\\Http\\Request))
#30 C:\\laragon\\www\\es_ldcu2\\vendor\\laravel\\framework\\src\\Illuminate\\Routing\\Router.php(624): Illuminate\\Routing\\Router->runRoute(Object(Illuminate\\Http\\Request), Object(Illuminate\\Routing\\Route))
#31 C:\\laragon\\www\\es_ldcu2\\vendor\\laravel\\framework\\src\\Illuminate\\Routing\\Router.php(613): Illuminate\\Routing\\Router->dispatchToRoute(Object(Illuminate\\Http\\Request))
#32 C:\\laragon\\www\\es_ldcu2\\vendor\\laravel\\framework\\src\\Illuminate\\Foundation\\Http\\Kernel.php(170): Illuminate\\Routing\\Router->dispatch(Object(Illuminate\\Http\\Request))
#33 C:\\laragon\\www\\es_ldcu2\\vendor\\laravel\\framework\\src\\Illuminate\\Pipeline\\Pipeline.php(130): Illuminate\\Foundation\\Http\\Kernel->Illuminate\\Foundation\\Http\\{closure}(Object(Illuminate\\Http\\Request))
#34 C:\\laragon\\www\\es_ldcu2\\vendor\\laravel\\framework\\src\\Illuminate\\Foundation\\Http\\Middleware\\TransformsRequest.php(21): Illuminate\\Pipeline\\Pipeline->Illuminate\\Pipeline\\{closure}(Object(Illuminate\\Http\\Request))
#35 C:\\laragon\\www\\es_ldcu2\\vendor\\laravel\\framework\\src\\Illuminate\\Pipeline\\Pipeline.php(171): Illuminate\\Foundation\\Http\\Middleware\\TransformsRequest->handle(Object(Illuminate\\Http\\Request), Object(Closure))
#36 C:\\laragon\\www\\es_ldcu2\\vendor\\laravel\\framework\\src\\Illuminate\\Foundation\\Http\\Middleware\\TransformsRequest.php(21): Illuminate\\Pipeline\\Pipeline->Illuminate\\Pipeline\\{closure}(Object(Illuminate\\Http\\Request))
#37 C:\\laragon\\www\\es_ldcu2\\vendor\\laravel\\framework\\src\\Illuminate\\Pipeline\\Pipeline.php(171): Illuminate\\Foundation\\Http\\Middleware\\TransformsRequest->handle(Object(Illuminate\\Http\\Request), Object(Closure))
#38 C:\\laragon\\www\\es_ldcu2\\vendor\\laravel\\framework\\src\\Illuminate\\Foundation\\Http\\Middleware\\ValidatePostSize.php(27): Illuminate\\Pipeline\\Pipeline->Illuminate\\Pipeline\\{closure}(Object(Illuminate\\Http\\Request))
#39 C:\\laragon\\www\\es_ldcu2\\vendor\\laravel\\framework\\src\\Illuminate\\Pipeline\\Pipeline.php(171): Illuminate\\Foundation\\Http\\Middleware\\ValidatePostSize->handle(Object(Illuminate\\Http\\Request), Object(Closure))
#40 C:\\laragon\\www\\es_ldcu2\\vendor\\laravel\\framework\\src\\Illuminate\\Foundation\\Http\\Middleware\\CheckForMaintenanceMode.php(63): Illuminate\\Pipeline\\Pipeline->Illuminate\\Pipeline\\{closure}(Object(Illuminate\\Http\\Request))
#41 C:\\laragon\\www\\es_ldcu2\\vendor\\laravel\\framework\\src\\Illuminate\\Pipeline\\Pipeline.php(171): Illuminate\\Foundation\\Http\\Middleware\\CheckForMaintenanceMode->handle(Object(Illuminate\\Http\\Request), Object(Closure))
#42 C:\\laragon\\www\\es_ldcu2\\vendor\\fideloper\\proxy\\src\\TrustProxies.php(57): Illuminate\\Pipeline\\Pipeline->Illuminate\\Pipeline\\{closure}(Object(Illuminate\\Http\\Request))
#43 C:\\laragon\\www\\es_ldcu2\\vendor\\laravel\\framework\\src\\Illuminate\\Pipeline\\Pipeline.php(171): Fideloper\\Proxy\\TrustProxies->handle(Object(Illuminate\\Http\\Request), Object(Closure))
#44 C:\\laragon\\www\\es_ldcu2\\vendor\\laravel\\framework\\src\\Illuminate\\Pipeline\\Pipeline.php(105): Illuminate\\Pipeline\\Pipeline->Illuminate\\Pipeline\\{closure}(Object(Illuminate\\Http\\Request))
#45 C:\\laragon\\www\\es_ldcu2\\vendor\\laravel\\framework\\src\\Illuminate\\Foundation\\Http\\Kernel.php(145): Illuminate\\Pipeline\\Pipeline->then(Object(Closure))
#46 C:\\laragon\\www\\es_ldcu2\\vendor\\laravel\\framework\\src\\Illuminate\\Foundation\\Http\\Kernel.php(110): Illuminate\\Foundation\\Http\\Kernel->sendRequestThroughRouter(Object(Illuminate\\Http\\Request))
#47 C:\\laragon\\www\\es_ldcu2\\public\\index.php(55): Illuminate\\Foundation\\Http\\Kernel->handle(Object(Illuminate\\Http\\Request))
#48 C:\\laragon\\www\\es_ldcu2\\server.php(21): require_once('C:\\\\laragon\\\\www\\\\...')
#49 {main}
"} 
[2025-07-11 06:20:52] local.WARNING: No college students found for section: HONESTY  
[2025-07-11 06:20:52] local.WARNING: No college students found for section: INTEGRITY  
[2025-07-11 06:21:10] local.ERROR: file_put_contents(C:\laragon\www\es_ldcu2\storage\app/zip/6870ad43a0b9f/GRADE_9/CHARITY/Duma-og_Jobert_Plateros_TOR.pdf): failed to open stream: No such file or directory {"userId":1,"exception":"[object] (ErrorException(code: 0): file_put_contents(C:\\laragon\\www\\es_ldcu2\\storage\\app/zip/6870ad43a0b9f/GRADE_9/CHARITY/Duma-og_Jobert_Plateros_TOR.pdf): failed to open stream: No such file or directory at C:\\laragon\\www\\es_ldcu2\\app\\Http\\Controllers\\Migration\\RegistrarMigration.php:551)
[stacktrace]
#0 [internal function]: Illuminate\\Foundation\\Bootstrap\\HandleExceptions->handleError(2, 'file_put_conten...', 'C:\\\\laragon\\\\www\\\\...', 551, Array)
#1 C:\\laragon\\www\\es_ldcu2\\app\\Http\\Controllers\\Migration\\RegistrarMigration.php(551): file_put_contents('C:\\\\laragon\\\\www\\\\...', '%PDF-1.7\\n1 0 ob...')
#2 C:\\laragon\\www\\es_ldcu2\\vendor\\laravel\\framework\\src\\Illuminate\\Routing\\Controller.php(54): App\\Http\\Controllers\\Migration\\RegistrarMigration->downloadTorMasterlistBatch(Object(Illuminate\\Http\\Request))
#3 C:\\laragon\\www\\es_ldcu2\\vendor\\laravel\\framework\\src\\Illuminate\\Routing\\ControllerDispatcher.php(45): Illuminate\\Routing\\Controller->callAction('downloadTorMast...', Array)
#4 C:\\laragon\\www\\es_ldcu2\\vendor\\laravel\\framework\\src\\Illuminate\\Routing\\Route.php(219): Illuminate\\Routing\\ControllerDispatcher->dispatch(Object(Illuminate\\Routing\\Route), Object(App\\Http\\Controllers\\Migration\\RegistrarMigration), 'downloadTorMast...')
#5 C:\\laragon\\www\\es_ldcu2\\vendor\\laravel\\framework\\src\\Illuminate\\Routing\\Route.php(176): Illuminate\\Routing\\Route->runController()
#6 C:\\laragon\\www\\es_ldcu2\\vendor\\laravel\\framework\\src\\Illuminate\\Routing\\Router.php(681): Illuminate\\Routing\\Route->run()
#7 C:\\laragon\\www\\es_ldcu2\\vendor\\laravel\\framework\\src\\Illuminate\\Pipeline\\Pipeline.php(130): Illuminate\\Routing\\Router->Illuminate\\Routing\\{closure}(Object(Illuminate\\Http\\Request))
#8 C:\\laragon\\www\\es_ldcu2\\vendor\\laravel\\framework\\src\\Illuminate\\Routing\\Middleware\\SubstituteBindings.php(41): Illuminate\\Pipeline\\Pipeline->Illuminate\\Pipeline\\{closure}(Object(Illuminate\\Http\\Request))
#9 C:\\laragon\\www\\es_ldcu2\\vendor\\laravel\\framework\\src\\Illuminate\\Pipeline\\Pipeline.php(171): Illuminate\\Routing\\Middleware\\SubstituteBindings->handle(Object(Illuminate\\Http\\Request), Object(Closure))
#10 C:\\laragon\\www\\es_ldcu2\\vendor\\laravel\\framework\\src\\Illuminate\\Foundation\\Http\\Middleware\\VerifyCsrfToken.php(78): Illuminate\\Pipeline\\Pipeline->Illuminate\\Pipeline\\{closure}(Object(Illuminate\\Http\\Request))
#11 C:\\laragon\\www\\es_ldcu2\\vendor\\laravel\\framework\\src\\Illuminate\\Pipeline\\Pipeline.php(171): Illuminate\\Foundation\\Http\\Middleware\\VerifyCsrfToken->handle(Object(Illuminate\\Http\\Request), Object(Closure))
#12 C:\\laragon\\www\\es_ldcu2\\vendor\\laravel\\framework\\src\\Illuminate\\View\\Middleware\\ShareErrorsFromSession.php(49): Illuminate\\Pipeline\\Pipeline->Illuminate\\Pipeline\\{closure}(Object(Illuminate\\Http\\Request))
#13 C:\\laragon\\www\\es_ldcu2\\vendor\\laravel\\framework\\src\\Illuminate\\Pipeline\\Pipeline.php(171): Illuminate\\View\\Middleware\\ShareErrorsFromSession->handle(Object(Illuminate\\Http\\Request), Object(Closure))
#14 C:\\laragon\\www\\es_ldcu2\\vendor\\laravel\\framework\\src\\Illuminate\\Session\\Middleware\\StartSession.php(56): Illuminate\\Pipeline\\Pipeline->Illuminate\\Pipeline\\{closure}(Object(Illuminate\\Http\\Request))
#15 C:\\laragon\\www\\es_ldcu2\\vendor\\laravel\\framework\\src\\Illuminate\\Pipeline\\Pipeline.php(171): Illuminate\\Session\\Middleware\\StartSession->handle(Object(Illuminate\\Http\\Request), Object(Closure))
#16 C:\\laragon\\www\\es_ldcu2\\vendor\\laravel\\framework\\src\\Illuminate\\Cookie\\Middleware\\AddQueuedCookiesToResponse.php(37): Illuminate\\Pipeline\\Pipeline->Illuminate\\Pipeline\\{closure}(Object(Illuminate\\Http\\Request))
#17 C:\\laragon\\www\\es_ldcu2\\vendor\\laravel\\framework\\src\\Illuminate\\Pipeline\\Pipeline.php(171): Illuminate\\Cookie\\Middleware\\AddQueuedCookiesToResponse->handle(Object(Illuminate\\Http\\Request), Object(Closure))
#18 C:\\laragon\\www\\es_ldcu2\\vendor\\laravel\\framework\\src\\Illuminate\\Cookie\\Middleware\\EncryptCookies.php(67): Illuminate\\Pipeline\\Pipeline->Illuminate\\Pipeline\\{closure}(Object(Illuminate\\Http\\Request))
#19 C:\\laragon\\www\\es_ldcu2\\vendor\\laravel\\framework\\src\\Illuminate\\Pipeline\\Pipeline.php(171): Illuminate\\Cookie\\Middleware\\EncryptCookies->handle(Object(Illuminate\\Http\\Request), Object(Closure))
#20 C:\\laragon\\www\\es_ldcu2\\vendor\\laravel\\framework\\src\\Illuminate\\Pipeline\\Pipeline.php(105): Illuminate\\Pipeline\\Pipeline->Illuminate\\Pipeline\\{closure}(Object(Illuminate\\Http\\Request))
#21 C:\\laragon\\www\\es_ldcu2\\vendor\\laravel\\framework\\src\\Illuminate\\Routing\\Router.php(683): Illuminate\\Pipeline\\Pipeline->then(Object(Closure))
#22 C:\\laragon\\www\\es_ldcu2\\vendor\\laravel\\framework\\src\\Illuminate\\Routing\\Router.php(658): Illuminate\\Routing\\Router->runRouteWithinStack(Object(Illuminate\\Routing\\Route), Object(Illuminate\\Http\\Request))
#23 C:\\laragon\\www\\es_ldcu2\\vendor\\laravel\\framework\\src\\Illuminate\\Routing\\Router.php(624): Illuminate\\Routing\\Router->runRoute(Object(Illuminate\\Http\\Request), Object(Illuminate\\Routing\\Route))
#24 C:\\laragon\\www\\es_ldcu2\\vendor\\laravel\\framework\\src\\Illuminate\\Routing\\Router.php(613): Illuminate\\Routing\\Router->dispatchToRoute(Object(Illuminate\\Http\\Request))
#25 C:\\laragon\\www\\es_ldcu2\\vendor\\laravel\\framework\\src\\Illuminate\\Foundation\\Http\\Kernel.php(170): Illuminate\\Routing\\Router->dispatch(Object(Illuminate\\Http\\Request))
#26 C:\\laragon\\www\\es_ldcu2\\vendor\\laravel\\framework\\src\\Illuminate\\Pipeline\\Pipeline.php(130): Illuminate\\Foundation\\Http\\Kernel->Illuminate\\Foundation\\Http\\{closure}(Object(Illuminate\\Http\\Request))
#27 C:\\laragon\\www\\es_ldcu2\\vendor\\laravel\\framework\\src\\Illuminate\\Foundation\\Http\\Middleware\\TransformsRequest.php(21): Illuminate\\Pipeline\\Pipeline->Illuminate\\Pipeline\\{closure}(Object(Illuminate\\Http\\Request))
#28 C:\\laragon\\www\\es_ldcu2\\vendor\\laravel\\framework\\src\\Illuminate\\Pipeline\\Pipeline.php(171): Illuminate\\Foundation\\Http\\Middleware\\TransformsRequest->handle(Object(Illuminate\\Http\\Request), Object(Closure))
#29 C:\\laragon\\www\\es_ldcu2\\vendor\\laravel\\framework\\src\\Illuminate\\Foundation\\Http\\Middleware\\TransformsRequest.php(21): Illuminate\\Pipeline\\Pipeline->Illuminate\\Pipeline\\{closure}(Object(Illuminate\\Http\\Request))
#30 C:\\laragon\\www\\es_ldcu2\\vendor\\laravel\\framework\\src\\Illuminate\\Pipeline\\Pipeline.php(171): Illuminate\\Foundation\\Http\\Middleware\\TransformsRequest->handle(Object(Illuminate\\Http\\Request), Object(Closure))
#31 C:\\laragon\\www\\es_ldcu2\\vendor\\laravel\\framework\\src\\Illuminate\\Foundation\\Http\\Middleware\\ValidatePostSize.php(27): Illuminate\\Pipeline\\Pipeline->Illuminate\\Pipeline\\{closure}(Object(Illuminate\\Http\\Request))
#32 C:\\laragon\\www\\es_ldcu2\\vendor\\laravel\\framework\\src\\Illuminate\\Pipeline\\Pipeline.php(171): Illuminate\\Foundation\\Http\\Middleware\\ValidatePostSize->handle(Object(Illuminate\\Http\\Request), Object(Closure))
#33 C:\\laragon\\www\\es_ldcu2\\vendor\\laravel\\framework\\src\\Illuminate\\Foundation\\Http\\Middleware\\CheckForMaintenanceMode.php(63): Illuminate\\Pipeline\\Pipeline->Illuminate\\Pipeline\\{closure}(Object(Illuminate\\Http\\Request))
#34 C:\\laragon\\www\\es_ldcu2\\vendor\\laravel\\framework\\src\\Illuminate\\Pipeline\\Pipeline.php(171): Illuminate\\Foundation\\Http\\Middleware\\CheckForMaintenanceMode->handle(Object(Illuminate\\Http\\Request), Object(Closure))
#35 C:\\laragon\\www\\es_ldcu2\\vendor\\fideloper\\proxy\\src\\TrustProxies.php(57): Illuminate\\Pipeline\\Pipeline->Illuminate\\Pipeline\\{closure}(Object(Illuminate\\Http\\Request))
#36 C:\\laragon\\www\\es_ldcu2\\vendor\\laravel\\framework\\src\\Illuminate\\Pipeline\\Pipeline.php(171): Fideloper\\Proxy\\TrustProxies->handle(Object(Illuminate\\Http\\Request), Object(Closure))
#37 C:\\laragon\\www\\es_ldcu2\\vendor\\laravel\\framework\\src\\Illuminate\\Pipeline\\Pipeline.php(105): Illuminate\\Pipeline\\Pipeline->Illuminate\\Pipeline\\{closure}(Object(Illuminate\\Http\\Request))
#38 C:\\laragon\\www\\es_ldcu2\\vendor\\laravel\\framework\\src\\Illuminate\\Foundation\\Http\\Kernel.php(145): Illuminate\\Pipeline\\Pipeline->then(Object(Closure))
#39 C:\\laragon\\www\\es_ldcu2\\vendor\\laravel\\framework\\src\\Illuminate\\Foundation\\Http\\Kernel.php(110): Illuminate\\Foundation\\Http\\Kernel->sendRequestThroughRouter(Object(Illuminate\\Http\\Request))
#40 C:\\laragon\\www\\es_ldcu2\\public\\index.php(55): Illuminate\\Foundation\\Http\\Kernel->handle(Object(Illuminate\\Http\\Request))
#41 C:\\laragon\\www\\es_ldcu2\\server.php(21): require_once('C:\\\\laragon\\\\www\\\\...')
#42 {main}
"} 
[2025-07-11 06:22:46] local.WARNING: No college students found for section: HONESTY  
[2025-07-11 06:22:46] local.WARNING: No college students found for section: INTEGRITY  
[2025-07-11 06:23:46] local.ERROR: file_put_contents(C:\laragon\www\es_ldcu2\storage\app/zip/6870adb6aefdf/GRADE_10/KINDNESS/Alisna_Jemma_Saavedra_TOR.pdf): failed to open stream: No such file or directory {"userId":1,"exception":"[object] (ErrorException(code: 0): file_put_contents(C:\\laragon\\www\\es_ldcu2\\storage\\app/zip/6870adb6aefdf/GRADE_10/KINDNESS/Alisna_Jemma_Saavedra_TOR.pdf): failed to open stream: No such file or directory at C:\\laragon\\www\\es_ldcu2\\app\\Http\\Controllers\\Migration\\RegistrarMigration.php:555)
[stacktrace]
#0 [internal function]: Illuminate\\Foundation\\Bootstrap\\HandleExceptions->handleError(2, 'file_put_conten...', 'C:\\\\laragon\\\\www\\\\...', 555, Array)
#1 C:\\laragon\\www\\es_ldcu2\\app\\Http\\Controllers\\Migration\\RegistrarMigration.php(555): file_put_contents('C:\\\\laragon\\\\www\\\\...', '%PDF-1.7\\n1 0 ob...')
#2 C:\\laragon\\www\\es_ldcu2\\vendor\\laravel\\framework\\src\\Illuminate\\Routing\\Controller.php(54): App\\Http\\Controllers\\Migration\\RegistrarMigration->downloadTorMasterlistBatch(Object(Illuminate\\Http\\Request))
#3 C:\\laragon\\www\\es_ldcu2\\vendor\\laravel\\framework\\src\\Illuminate\\Routing\\ControllerDispatcher.php(45): Illuminate\\Routing\\Controller->callAction('downloadTorMast...', Array)
#4 C:\\laragon\\www\\es_ldcu2\\vendor\\laravel\\framework\\src\\Illuminate\\Routing\\Route.php(219): Illuminate\\Routing\\ControllerDispatcher->dispatch(Object(Illuminate\\Routing\\Route), Object(App\\Http\\Controllers\\Migration\\RegistrarMigration), 'downloadTorMast...')
#5 C:\\laragon\\www\\es_ldcu2\\vendor\\laravel\\framework\\src\\Illuminate\\Routing\\Route.php(176): Illuminate\\Routing\\Route->runController()
#6 C:\\laragon\\www\\es_ldcu2\\vendor\\laravel\\framework\\src\\Illuminate\\Routing\\Router.php(681): Illuminate\\Routing\\Route->run()
#7 C:\\laragon\\www\\es_ldcu2\\vendor\\laravel\\framework\\src\\Illuminate\\Pipeline\\Pipeline.php(130): Illuminate\\Routing\\Router->Illuminate\\Routing\\{closure}(Object(Illuminate\\Http\\Request))
#8 C:\\laragon\\www\\es_ldcu2\\vendor\\laravel\\framework\\src\\Illuminate\\Routing\\Middleware\\SubstituteBindings.php(41): Illuminate\\Pipeline\\Pipeline->Illuminate\\Pipeline\\{closure}(Object(Illuminate\\Http\\Request))
#9 C:\\laragon\\www\\es_ldcu2\\vendor\\laravel\\framework\\src\\Illuminate\\Pipeline\\Pipeline.php(171): Illuminate\\Routing\\Middleware\\SubstituteBindings->handle(Object(Illuminate\\Http\\Request), Object(Closure))
#10 C:\\laragon\\www\\es_ldcu2\\vendor\\laravel\\framework\\src\\Illuminate\\Foundation\\Http\\Middleware\\VerifyCsrfToken.php(78): Illuminate\\Pipeline\\Pipeline->Illuminate\\Pipeline\\{closure}(Object(Illuminate\\Http\\Request))
#11 C:\\laragon\\www\\es_ldcu2\\vendor\\laravel\\framework\\src\\Illuminate\\Pipeline\\Pipeline.php(171): Illuminate\\Foundation\\Http\\Middleware\\VerifyCsrfToken->handle(Object(Illuminate\\Http\\Request), Object(Closure))
#12 C:\\laragon\\www\\es_ldcu2\\vendor\\laravel\\framework\\src\\Illuminate\\View\\Middleware\\ShareErrorsFromSession.php(49): Illuminate\\Pipeline\\Pipeline->Illuminate\\Pipeline\\{closure}(Object(Illuminate\\Http\\Request))
#13 C:\\laragon\\www\\es_ldcu2\\vendor\\laravel\\framework\\src\\Illuminate\\Pipeline\\Pipeline.php(171): Illuminate\\View\\Middleware\\ShareErrorsFromSession->handle(Object(Illuminate\\Http\\Request), Object(Closure))
#14 C:\\laragon\\www\\es_ldcu2\\vendor\\laravel\\framework\\src\\Illuminate\\Session\\Middleware\\StartSession.php(56): Illuminate\\Pipeline\\Pipeline->Illuminate\\Pipeline\\{closure}(Object(Illuminate\\Http\\Request))
#15 C:\\laragon\\www\\es_ldcu2\\vendor\\laravel\\framework\\src\\Illuminate\\Pipeline\\Pipeline.php(171): Illuminate\\Session\\Middleware\\StartSession->handle(Object(Illuminate\\Http\\Request), Object(Closure))
#16 C:\\laragon\\www\\es_ldcu2\\vendor\\laravel\\framework\\src\\Illuminate\\Cookie\\Middleware\\AddQueuedCookiesToResponse.php(37): Illuminate\\Pipeline\\Pipeline->Illuminate\\Pipeline\\{closure}(Object(Illuminate\\Http\\Request))
#17 C:\\laragon\\www\\es_ldcu2\\vendor\\laravel\\framework\\src\\Illuminate\\Pipeline\\Pipeline.php(171): Illuminate\\Cookie\\Middleware\\AddQueuedCookiesToResponse->handle(Object(Illuminate\\Http\\Request), Object(Closure))
#18 C:\\laragon\\www\\es_ldcu2\\vendor\\laravel\\framework\\src\\Illuminate\\Cookie\\Middleware\\EncryptCookies.php(67): Illuminate\\Pipeline\\Pipeline->Illuminate\\Pipeline\\{closure}(Object(Illuminate\\Http\\Request))
#19 C:\\laragon\\www\\es_ldcu2\\vendor\\laravel\\framework\\src\\Illuminate\\Pipeline\\Pipeline.php(171): Illuminate\\Cookie\\Middleware\\EncryptCookies->handle(Object(Illuminate\\Http\\Request), Object(Closure))
#20 C:\\laragon\\www\\es_ldcu2\\vendor\\laravel\\framework\\src\\Illuminate\\Pipeline\\Pipeline.php(105): Illuminate\\Pipeline\\Pipeline->Illuminate\\Pipeline\\{closure}(Object(Illuminate\\Http\\Request))
#21 C:\\laragon\\www\\es_ldcu2\\vendor\\laravel\\framework\\src\\Illuminate\\Routing\\Router.php(683): Illuminate\\Pipeline\\Pipeline->then(Object(Closure))
#22 C:\\laragon\\www\\es_ldcu2\\vendor\\laravel\\framework\\src\\Illuminate\\Routing\\Router.php(658): Illuminate\\Routing\\Router->runRouteWithinStack(Object(Illuminate\\Routing\\Route), Object(Illuminate\\Http\\Request))
#23 C:\\laragon\\www\\es_ldcu2\\vendor\\laravel\\framework\\src\\Illuminate\\Routing\\Router.php(624): Illuminate\\Routing\\Router->runRoute(Object(Illuminate\\Http\\Request), Object(Illuminate\\Routing\\Route))
#24 C:\\laragon\\www\\es_ldcu2\\vendor\\laravel\\framework\\src\\Illuminate\\Routing\\Router.php(613): Illuminate\\Routing\\Router->dispatchToRoute(Object(Illuminate\\Http\\Request))
#25 C:\\laragon\\www\\es_ldcu2\\vendor\\laravel\\framework\\src\\Illuminate\\Foundation\\Http\\Kernel.php(170): Illuminate\\Routing\\Router->dispatch(Object(Illuminate\\Http\\Request))
#26 C:\\laragon\\www\\es_ldcu2\\vendor\\laravel\\framework\\src\\Illuminate\\Pipeline\\Pipeline.php(130): Illuminate\\Foundation\\Http\\Kernel->Illuminate\\Foundation\\Http\\{closure}(Object(Illuminate\\Http\\Request))
#27 C:\\laragon\\www\\es_ldcu2\\vendor\\laravel\\framework\\src\\Illuminate\\Foundation\\Http\\Middleware\\TransformsRequest.php(21): Illuminate\\Pipeline\\Pipeline->Illuminate\\Pipeline\\{closure}(Object(Illuminate\\Http\\Request))
#28 C:\\laragon\\www\\es_ldcu2\\vendor\\laravel\\framework\\src\\Illuminate\\Pipeline\\Pipeline.php(171): Illuminate\\Foundation\\Http\\Middleware\\TransformsRequest->handle(Object(Illuminate\\Http\\Request), Object(Closure))
#29 C:\\laragon\\www\\es_ldcu2\\vendor\\laravel\\framework\\src\\Illuminate\\Foundation\\Http\\Middleware\\TransformsRequest.php(21): Illuminate\\Pipeline\\Pipeline->Illuminate\\Pipeline\\{closure}(Object(Illuminate\\Http\\Request))
#30 C:\\laragon\\www\\es_ldcu2\\vendor\\laravel\\framework\\src\\Illuminate\\Pipeline\\Pipeline.php(171): Illuminate\\Foundation\\Http\\Middleware\\TransformsRequest->handle(Object(Illuminate\\Http\\Request), Object(Closure))
#31 C:\\laragon\\www\\es_ldcu2\\vendor\\laravel\\framework\\src\\Illuminate\\Foundation\\Http\\Middleware\\ValidatePostSize.php(27): Illuminate\\Pipeline\\Pipeline->Illuminate\\Pipeline\\{closure}(Object(Illuminate\\Http\\Request))
#32 C:\\laragon\\www\\es_ldcu2\\vendor\\laravel\\framework\\src\\Illuminate\\Pipeline\\Pipeline.php(171): Illuminate\\Foundation\\Http\\Middleware\\ValidatePostSize->handle(Object(Illuminate\\Http\\Request), Object(Closure))
#33 C:\\laragon\\www\\es_ldcu2\\vendor\\laravel\\framework\\src\\Illuminate\\Foundation\\Http\\Middleware\\CheckForMaintenanceMode.php(63): Illuminate\\Pipeline\\Pipeline->Illuminate\\Pipeline\\{closure}(Object(Illuminate\\Http\\Request))
#34 C:\\laragon\\www\\es_ldcu2\\vendor\\laravel\\framework\\src\\Illuminate\\Pipeline\\Pipeline.php(171): Illuminate\\Foundation\\Http\\Middleware\\CheckForMaintenanceMode->handle(Object(Illuminate\\Http\\Request), Object(Closure))
#35 C:\\laragon\\www\\es_ldcu2\\vendor\\fideloper\\proxy\\src\\TrustProxies.php(57): Illuminate\\Pipeline\\Pipeline->Illuminate\\Pipeline\\{closure}(Object(Illuminate\\Http\\Request))
#36 C:\\laragon\\www\\es_ldcu2\\vendor\\laravel\\framework\\src\\Illuminate\\Pipeline\\Pipeline.php(171): Fideloper\\Proxy\\TrustProxies->handle(Object(Illuminate\\Http\\Request), Object(Closure))
#37 C:\\laragon\\www\\es_ldcu2\\vendor\\laravel\\framework\\src\\Illuminate\\Pipeline\\Pipeline.php(105): Illuminate\\Pipeline\\Pipeline->Illuminate\\Pipeline\\{closure}(Object(Illuminate\\Http\\Request))
#38 C:\\laragon\\www\\es_ldcu2\\vendor\\laravel\\framework\\src\\Illuminate\\Foundation\\Http\\Kernel.php(145): Illuminate\\Pipeline\\Pipeline->then(Object(Closure))
#39 C:\\laragon\\www\\es_ldcu2\\vendor\\laravel\\framework\\src\\Illuminate\\Foundation\\Http\\Kernel.php(110): Illuminate\\Foundation\\Http\\Kernel->sendRequestThroughRouter(Object(Illuminate\\Http\\Request))
#40 C:\\laragon\\www\\es_ldcu2\\public\\index.php(55): Illuminate\\Foundation\\Http\\Kernel->handle(Object(Illuminate\\Http\\Request))
#41 C:\\laragon\\www\\es_ldcu2\\server.php(21): require_once('C:\\\\laragon\\\\www\\\\...')
#42 {main}
"} 
[2025-07-11 06:25:08] local.WARNING: No college students found for section: HONESTY  
[2025-07-11 06:25:08] local.WARNING: No college students found for section: INTEGRITY  
[2025-07-11 06:25:27] local.ERROR: file_put_contents(C:\laragon\www\es_ldcu2\storage\app/zip/6870ae440fe22/GRADE_9/CHARITY/MARRA_JAISON_JAVIER_TOR.pdf): failed to open stream: No such file or directory {"userId":1,"exception":"[object] (ErrorException(code: 0): file_put_contents(C:\\laragon\\www\\es_ldcu2\\storage\\app/zip/6870ae440fe22/GRADE_9/CHARITY/MARRA_JAISON_JAVIER_TOR.pdf): failed to open stream: No such file or directory at C:\\laragon\\www\\es_ldcu2\\app\\Http\\Controllers\\Migration\\RegistrarMigration.php:555)
[stacktrace]
#0 [internal function]: Illuminate\\Foundation\\Bootstrap\\HandleExceptions->handleError(2, 'file_put_conten...', 'C:\\\\laragon\\\\www\\\\...', 555, Array)
#1 C:\\laragon\\www\\es_ldcu2\\app\\Http\\Controllers\\Migration\\RegistrarMigration.php(555): file_put_contents('C:\\\\laragon\\\\www\\\\...', '%PDF-1.7\\n1 0 ob...')
#2 C:\\laragon\\www\\es_ldcu2\\vendor\\laravel\\framework\\src\\Illuminate\\Routing\\Controller.php(54): App\\Http\\Controllers\\Migration\\RegistrarMigration->downloadTorMasterlistBatch(Object(Illuminate\\Http\\Request))
#3 C:\\laragon\\www\\es_ldcu2\\vendor\\laravel\\framework\\src\\Illuminate\\Routing\\ControllerDispatcher.php(45): Illuminate\\Routing\\Controller->callAction('downloadTorMast...', Array)
#4 C:\\laragon\\www\\es_ldcu2\\vendor\\laravel\\framework\\src\\Illuminate\\Routing\\Route.php(219): Illuminate\\Routing\\ControllerDispatcher->dispatch(Object(Illuminate\\Routing\\Route), Object(App\\Http\\Controllers\\Migration\\RegistrarMigration), 'downloadTorMast...')
#5 C:\\laragon\\www\\es_ldcu2\\vendor\\laravel\\framework\\src\\Illuminate\\Routing\\Route.php(176): Illuminate\\Routing\\Route->runController()
#6 C:\\laragon\\www\\es_ldcu2\\vendor\\laravel\\framework\\src\\Illuminate\\Routing\\Router.php(681): Illuminate\\Routing\\Route->run()
#7 C:\\laragon\\www\\es_ldcu2\\vendor\\laravel\\framework\\src\\Illuminate\\Pipeline\\Pipeline.php(130): Illuminate\\Routing\\Router->Illuminate\\Routing\\{closure}(Object(Illuminate\\Http\\Request))
#8 C:\\laragon\\www\\es_ldcu2\\vendor\\laravel\\framework\\src\\Illuminate\\Routing\\Middleware\\SubstituteBindings.php(41): Illuminate\\Pipeline\\Pipeline->Illuminate\\Pipeline\\{closure}(Object(Illuminate\\Http\\Request))
#9 C:\\laragon\\www\\es_ldcu2\\vendor\\laravel\\framework\\src\\Illuminate\\Pipeline\\Pipeline.php(171): Illuminate\\Routing\\Middleware\\SubstituteBindings->handle(Object(Illuminate\\Http\\Request), Object(Closure))
#10 C:\\laragon\\www\\es_ldcu2\\vendor\\laravel\\framework\\src\\Illuminate\\Foundation\\Http\\Middleware\\VerifyCsrfToken.php(78): Illuminate\\Pipeline\\Pipeline->Illuminate\\Pipeline\\{closure}(Object(Illuminate\\Http\\Request))
#11 C:\\laragon\\www\\es_ldcu2\\vendor\\laravel\\framework\\src\\Illuminate\\Pipeline\\Pipeline.php(171): Illuminate\\Foundation\\Http\\Middleware\\VerifyCsrfToken->handle(Object(Illuminate\\Http\\Request), Object(Closure))
#12 C:\\laragon\\www\\es_ldcu2\\vendor\\laravel\\framework\\src\\Illuminate\\View\\Middleware\\ShareErrorsFromSession.php(49): Illuminate\\Pipeline\\Pipeline->Illuminate\\Pipeline\\{closure}(Object(Illuminate\\Http\\Request))
#13 C:\\laragon\\www\\es_ldcu2\\vendor\\laravel\\framework\\src\\Illuminate\\Pipeline\\Pipeline.php(171): Illuminate\\View\\Middleware\\ShareErrorsFromSession->handle(Object(Illuminate\\Http\\Request), Object(Closure))
#14 C:\\laragon\\www\\es_ldcu2\\vendor\\laravel\\framework\\src\\Illuminate\\Session\\Middleware\\StartSession.php(56): Illuminate\\Pipeline\\Pipeline->Illuminate\\Pipeline\\{closure}(Object(Illuminate\\Http\\Request))
#15 C:\\laragon\\www\\es_ldcu2\\vendor\\laravel\\framework\\src\\Illuminate\\Pipeline\\Pipeline.php(171): Illuminate\\Session\\Middleware\\StartSession->handle(Object(Illuminate\\Http\\Request), Object(Closure))
#16 C:\\laragon\\www\\es_ldcu2\\vendor\\laravel\\framework\\src\\Illuminate\\Cookie\\Middleware\\AddQueuedCookiesToResponse.php(37): Illuminate\\Pipeline\\Pipeline->Illuminate\\Pipeline\\{closure}(Object(Illuminate\\Http\\Request))
#17 C:\\laragon\\www\\es_ldcu2\\vendor\\laravel\\framework\\src\\Illuminate\\Pipeline\\Pipeline.php(171): Illuminate\\Cookie\\Middleware\\AddQueuedCookiesToResponse->handle(Object(Illuminate\\Http\\Request), Object(Closure))
#18 C:\\laragon\\www\\es_ldcu2\\vendor\\laravel\\framework\\src\\Illuminate\\Cookie\\Middleware\\EncryptCookies.php(67): Illuminate\\Pipeline\\Pipeline->Illuminate\\Pipeline\\{closure}(Object(Illuminate\\Http\\Request))
#19 C:\\laragon\\www\\es_ldcu2\\vendor\\laravel\\framework\\src\\Illuminate\\Pipeline\\Pipeline.php(171): Illuminate\\Cookie\\Middleware\\EncryptCookies->handle(Object(Illuminate\\Http\\Request), Object(Closure))
#20 C:\\laragon\\www\\es_ldcu2\\vendor\\laravel\\framework\\src\\Illuminate\\Pipeline\\Pipeline.php(105): Illuminate\\Pipeline\\Pipeline->Illuminate\\Pipeline\\{closure}(Object(Illuminate\\Http\\Request))
#21 C:\\laragon\\www\\es_ldcu2\\vendor\\laravel\\framework\\src\\Illuminate\\Routing\\Router.php(683): Illuminate\\Pipeline\\Pipeline->then(Object(Closure))
#22 C:\\laragon\\www\\es_ldcu2\\vendor\\laravel\\framework\\src\\Illuminate\\Routing\\Router.php(658): Illuminate\\Routing\\Router->runRouteWithinStack(Object(Illuminate\\Routing\\Route), Object(Illuminate\\Http\\Request))
#23 C:\\laragon\\www\\es_ldcu2\\vendor\\laravel\\framework\\src\\Illuminate\\Routing\\Router.php(624): Illuminate\\Routing\\Router->runRoute(Object(Illuminate\\Http\\Request), Object(Illuminate\\Routing\\Route))
#24 C:\\laragon\\www\\es_ldcu2\\vendor\\laravel\\framework\\src\\Illuminate\\Routing\\Router.php(613): Illuminate\\Routing\\Router->dispatchToRoute(Object(Illuminate\\Http\\Request))
#25 C:\\laragon\\www\\es_ldcu2\\vendor\\laravel\\framework\\src\\Illuminate\\Foundation\\Http\\Kernel.php(170): Illuminate\\Routing\\Router->dispatch(Object(Illuminate\\Http\\Request))
#26 C:\\laragon\\www\\es_ldcu2\\vendor\\laravel\\framework\\src\\Illuminate\\Pipeline\\Pipeline.php(130): Illuminate\\Foundation\\Http\\Kernel->Illuminate\\Foundation\\Http\\{closure}(Object(Illuminate\\Http\\Request))
#27 C:\\laragon\\www\\es_ldcu2\\vendor\\laravel\\framework\\src\\Illuminate\\Foundation\\Http\\Middleware\\TransformsRequest.php(21): Illuminate\\Pipeline\\Pipeline->Illuminate\\Pipeline\\{closure}(Object(Illuminate\\Http\\Request))
#28 C:\\laragon\\www\\es_ldcu2\\vendor\\laravel\\framework\\src\\Illuminate\\Pipeline\\Pipeline.php(171): Illuminate\\Foundation\\Http\\Middleware\\TransformsRequest->handle(Object(Illuminate\\Http\\Request), Object(Closure))
#29 C:\\laragon\\www\\es_ldcu2\\vendor\\laravel\\framework\\src\\Illuminate\\Foundation\\Http\\Middleware\\TransformsRequest.php(21): Illuminate\\Pipeline\\Pipeline->Illuminate\\Pipeline\\{closure}(Object(Illuminate\\Http\\Request))
#30 C:\\laragon\\www\\es_ldcu2\\vendor\\laravel\\framework\\src\\Illuminate\\Pipeline\\Pipeline.php(171): Illuminate\\Foundation\\Http\\Middleware\\TransformsRequest->handle(Object(Illuminate\\Http\\Request), Object(Closure))
#31 C:\\laragon\\www\\es_ldcu2\\vendor\\laravel\\framework\\src\\Illuminate\\Foundation\\Http\\Middleware\\ValidatePostSize.php(27): Illuminate\\Pipeline\\Pipeline->Illuminate\\Pipeline\\{closure}(Object(Illuminate\\Http\\Request))
#32 C:\\laragon\\www\\es_ldcu2\\vendor\\laravel\\framework\\src\\Illuminate\\Pipeline\\Pipeline.php(171): Illuminate\\Foundation\\Http\\Middleware\\ValidatePostSize->handle(Object(Illuminate\\Http\\Request), Object(Closure))
#33 C:\\laragon\\www\\es_ldcu2\\vendor\\laravel\\framework\\src\\Illuminate\\Foundation\\Http\\Middleware\\CheckForMaintenanceMode.php(63): Illuminate\\Pipeline\\Pipeline->Illuminate\\Pipeline\\{closure}(Object(Illuminate\\Http\\Request))
#34 C:\\laragon\\www\\es_ldcu2\\vendor\\laravel\\framework\\src\\Illuminate\\Pipeline\\Pipeline.php(171): Illuminate\\Foundation\\Http\\Middleware\\CheckForMaintenanceMode->handle(Object(Illuminate\\Http\\Request), Object(Closure))
#35 C:\\laragon\\www\\es_ldcu2\\vendor\\fideloper\\proxy\\src\\TrustProxies.php(57): Illuminate\\Pipeline\\Pipeline->Illuminate\\Pipeline\\{closure}(Object(Illuminate\\Http\\Request))
#36 C:\\laragon\\www\\es_ldcu2\\vendor\\laravel\\framework\\src\\Illuminate\\Pipeline\\Pipeline.php(171): Fideloper\\Proxy\\TrustProxies->handle(Object(Illuminate\\Http\\Request), Object(Closure))
#37 C:\\laragon\\www\\es_ldcu2\\vendor\\laravel\\framework\\src\\Illuminate\\Pipeline\\Pipeline.php(105): Illuminate\\Pipeline\\Pipeline->Illuminate\\Pipeline\\{closure}(Object(Illuminate\\Http\\Request))
#38 C:\\laragon\\www\\es_ldcu2\\vendor\\laravel\\framework\\src\\Illuminate\\Foundation\\Http\\Kernel.php(145): Illuminate\\Pipeline\\Pipeline->then(Object(Closure))
#39 C:\\laragon\\www\\es_ldcu2\\vendor\\laravel\\framework\\src\\Illuminate\\Foundation\\Http\\Kernel.php(110): Illuminate\\Foundation\\Http\\Kernel->sendRequestThroughRouter(Object(Illuminate\\Http\\Request))
#40 C:\\laragon\\www\\es_ldcu2\\public\\index.php(55): Illuminate\\Foundation\\Http\\Kernel->handle(Object(Illuminate\\Http\\Request))
#41 C:\\laragon\\www\\es_ldcu2\\server.php(21): require_once('C:\\\\laragon\\\\www\\\\...')
#42 {main}
"} 
[2025-07-11 06:28:03] local.WARNING: No college students found for section: HONESTY  
[2025-07-11 06:28:03] local.WARNING: No college students found for section: INTEGRITY  
[2025-07-11 06:28:20] local.ERROR: file_put_contents(C:\laragon\www\es_ldcu2\storage\app/zip/6870aef355e6a/GRADE_9/CHARITY/MAGABOLO_JESRIEL_LIGAO_TOR.pdf): failed to open stream: No such file or directory {"userId":1,"exception":"[object] (ErrorException(code: 0): file_put_contents(C:\\laragon\\www\\es_ldcu2\\storage\\app/zip/6870aef355e6a/GRADE_9/CHARITY/MAGABOLO_JESRIEL_LIGAO_TOR.pdf): failed to open stream: No such file or directory at C:\\laragon\\www\\es_ldcu2\\app\\Http\\Controllers\\Migration\\RegistrarMigration.php:555)
[stacktrace]
#0 [internal function]: Illuminate\\Foundation\\Bootstrap\\HandleExceptions->handleError(2, 'file_put_conten...', 'C:\\\\laragon\\\\www\\\\...', 555, Array)
#1 C:\\laragon\\www\\es_ldcu2\\app\\Http\\Controllers\\Migration\\RegistrarMigration.php(555): file_put_contents('C:\\\\laragon\\\\www\\\\...', '%PDF-1.7\\n1 0 ob...')
#2 C:\\laragon\\www\\es_ldcu2\\vendor\\laravel\\framework\\src\\Illuminate\\Routing\\Controller.php(54): App\\Http\\Controllers\\Migration\\RegistrarMigration->downloadTorMasterlistBatch(Object(Illuminate\\Http\\Request))
#3 C:\\laragon\\www\\es_ldcu2\\vendor\\laravel\\framework\\src\\Illuminate\\Routing\\ControllerDispatcher.php(45): Illuminate\\Routing\\Controller->callAction('downloadTorMast...', Array)
#4 C:\\laragon\\www\\es_ldcu2\\vendor\\laravel\\framework\\src\\Illuminate\\Routing\\Route.php(219): Illuminate\\Routing\\ControllerDispatcher->dispatch(Object(Illuminate\\Routing\\Route), Object(App\\Http\\Controllers\\Migration\\RegistrarMigration), 'downloadTorMast...')
#5 C:\\laragon\\www\\es_ldcu2\\vendor\\laravel\\framework\\src\\Illuminate\\Routing\\Route.php(176): Illuminate\\Routing\\Route->runController()
#6 C:\\laragon\\www\\es_ldcu2\\vendor\\laravel\\framework\\src\\Illuminate\\Routing\\Router.php(681): Illuminate\\Routing\\Route->run()
#7 C:\\laragon\\www\\es_ldcu2\\vendor\\laravel\\framework\\src\\Illuminate\\Pipeline\\Pipeline.php(130): Illuminate\\Routing\\Router->Illuminate\\Routing\\{closure}(Object(Illuminate\\Http\\Request))
#8 C:\\laragon\\www\\es_ldcu2\\vendor\\laravel\\framework\\src\\Illuminate\\Routing\\Middleware\\SubstituteBindings.php(41): Illuminate\\Pipeline\\Pipeline->Illuminate\\Pipeline\\{closure}(Object(Illuminate\\Http\\Request))
#9 C:\\laragon\\www\\es_ldcu2\\vendor\\laravel\\framework\\src\\Illuminate\\Pipeline\\Pipeline.php(171): Illuminate\\Routing\\Middleware\\SubstituteBindings->handle(Object(Illuminate\\Http\\Request), Object(Closure))
#10 C:\\laragon\\www\\es_ldcu2\\vendor\\laravel\\framework\\src\\Illuminate\\Foundation\\Http\\Middleware\\VerifyCsrfToken.php(78): Illuminate\\Pipeline\\Pipeline->Illuminate\\Pipeline\\{closure}(Object(Illuminate\\Http\\Request))
#11 C:\\laragon\\www\\es_ldcu2\\vendor\\laravel\\framework\\src\\Illuminate\\Pipeline\\Pipeline.php(171): Illuminate\\Foundation\\Http\\Middleware\\VerifyCsrfToken->handle(Object(Illuminate\\Http\\Request), Object(Closure))
#12 C:\\laragon\\www\\es_ldcu2\\vendor\\laravel\\framework\\src\\Illuminate\\View\\Middleware\\ShareErrorsFromSession.php(49): Illuminate\\Pipeline\\Pipeline->Illuminate\\Pipeline\\{closure}(Object(Illuminate\\Http\\Request))
#13 C:\\laragon\\www\\es_ldcu2\\vendor\\laravel\\framework\\src\\Illuminate\\Pipeline\\Pipeline.php(171): Illuminate\\View\\Middleware\\ShareErrorsFromSession->handle(Object(Illuminate\\Http\\Request), Object(Closure))
#14 C:\\laragon\\www\\es_ldcu2\\vendor\\laravel\\framework\\src\\Illuminate\\Session\\Middleware\\StartSession.php(56): Illuminate\\Pipeline\\Pipeline->Illuminate\\Pipeline\\{closure}(Object(Illuminate\\Http\\Request))
#15 C:\\laragon\\www\\es_ldcu2\\vendor\\laravel\\framework\\src\\Illuminate\\Pipeline\\Pipeline.php(171): Illuminate\\Session\\Middleware\\StartSession->handle(Object(Illuminate\\Http\\Request), Object(Closure))
#16 C:\\laragon\\www\\es_ldcu2\\vendor\\laravel\\framework\\src\\Illuminate\\Cookie\\Middleware\\AddQueuedCookiesToResponse.php(37): Illuminate\\Pipeline\\Pipeline->Illuminate\\Pipeline\\{closure}(Object(Illuminate\\Http\\Request))
#17 C:\\laragon\\www\\es_ldcu2\\vendor\\laravel\\framework\\src\\Illuminate\\Pipeline\\Pipeline.php(171): Illuminate\\Cookie\\Middleware\\AddQueuedCookiesToResponse->handle(Object(Illuminate\\Http\\Request), Object(Closure))
#18 C:\\laragon\\www\\es_ldcu2\\vendor\\laravel\\framework\\src\\Illuminate\\Cookie\\Middleware\\EncryptCookies.php(67): Illuminate\\Pipeline\\Pipeline->Illuminate\\Pipeline\\{closure}(Object(Illuminate\\Http\\Request))
#19 C:\\laragon\\www\\es_ldcu2\\vendor\\laravel\\framework\\src\\Illuminate\\Pipeline\\Pipeline.php(171): Illuminate\\Cookie\\Middleware\\EncryptCookies->handle(Object(Illuminate\\Http\\Request), Object(Closure))
#20 C:\\laragon\\www\\es_ldcu2\\vendor\\laravel\\framework\\src\\Illuminate\\Pipeline\\Pipeline.php(105): Illuminate\\Pipeline\\Pipeline->Illuminate\\Pipeline\\{closure}(Object(Illuminate\\Http\\Request))
#21 C:\\laragon\\www\\es_ldcu2\\vendor\\laravel\\framework\\src\\Illuminate\\Routing\\Router.php(683): Illuminate\\Pipeline\\Pipeline->then(Object(Closure))
#22 C:\\laragon\\www\\es_ldcu2\\vendor\\laravel\\framework\\src\\Illuminate\\Routing\\Router.php(658): Illuminate\\Routing\\Router->runRouteWithinStack(Object(Illuminate\\Routing\\Route), Object(Illuminate\\Http\\Request))
#23 C:\\laragon\\www\\es_ldcu2\\vendor\\laravel\\framework\\src\\Illuminate\\Routing\\Router.php(624): Illuminate\\Routing\\Router->runRoute(Object(Illuminate\\Http\\Request), Object(Illuminate\\Routing\\Route))
#24 C:\\laragon\\www\\es_ldcu2\\vendor\\laravel\\framework\\src\\Illuminate\\Routing\\Router.php(613): Illuminate\\Routing\\Router->dispatchToRoute(Object(Illuminate\\Http\\Request))
#25 C:\\laragon\\www\\es_ldcu2\\vendor\\laravel\\framework\\src\\Illuminate\\Foundation\\Http\\Kernel.php(170): Illuminate\\Routing\\Router->dispatch(Object(Illuminate\\Http\\Request))
#26 C:\\laragon\\www\\es_ldcu2\\vendor\\laravel\\framework\\src\\Illuminate\\Pipeline\\Pipeline.php(130): Illuminate\\Foundation\\Http\\Kernel->Illuminate\\Foundation\\Http\\{closure}(Object(Illuminate\\Http\\Request))
#27 C:\\laragon\\www\\es_ldcu2\\vendor\\laravel\\framework\\src\\Illuminate\\Foundation\\Http\\Middleware\\TransformsRequest.php(21): Illuminate\\Pipeline\\Pipeline->Illuminate\\Pipeline\\{closure}(Object(Illuminate\\Http\\Request))
#28 C:\\laragon\\www\\es_ldcu2\\vendor\\laravel\\framework\\src\\Illuminate\\Pipeline\\Pipeline.php(171): Illuminate\\Foundation\\Http\\Middleware\\TransformsRequest->handle(Object(Illuminate\\Http\\Request), Object(Closure))
#29 C:\\laragon\\www\\es_ldcu2\\vendor\\laravel\\framework\\src\\Illuminate\\Foundation\\Http\\Middleware\\TransformsRequest.php(21): Illuminate\\Pipeline\\Pipeline->Illuminate\\Pipeline\\{closure}(Object(Illuminate\\Http\\Request))
#30 C:\\laragon\\www\\es_ldcu2\\vendor\\laravel\\framework\\src\\Illuminate\\Pipeline\\Pipeline.php(171): Illuminate\\Foundation\\Http\\Middleware\\TransformsRequest->handle(Object(Illuminate\\Http\\Request), Object(Closure))
#31 C:\\laragon\\www\\es_ldcu2\\vendor\\laravel\\framework\\src\\Illuminate\\Foundation\\Http\\Middleware\\ValidatePostSize.php(27): Illuminate\\Pipeline\\Pipeline->Illuminate\\Pipeline\\{closure}(Object(Illuminate\\Http\\Request))
#32 C:\\laragon\\www\\es_ldcu2\\vendor\\laravel\\framework\\src\\Illuminate\\Pipeline\\Pipeline.php(171): Illuminate\\Foundation\\Http\\Middleware\\ValidatePostSize->handle(Object(Illuminate\\Http\\Request), Object(Closure))
#33 C:\\laragon\\www\\es_ldcu2\\vendor\\laravel\\framework\\src\\Illuminate\\Foundation\\Http\\Middleware\\CheckForMaintenanceMode.php(63): Illuminate\\Pipeline\\Pipeline->Illuminate\\Pipeline\\{closure}(Object(Illuminate\\Http\\Request))
#34 C:\\laragon\\www\\es_ldcu2\\vendor\\laravel\\framework\\src\\Illuminate\\Pipeline\\Pipeline.php(171): Illuminate\\Foundation\\Http\\Middleware\\CheckForMaintenanceMode->handle(Object(Illuminate\\Http\\Request), Object(Closure))
#35 C:\\laragon\\www\\es_ldcu2\\vendor\\fideloper\\proxy\\src\\TrustProxies.php(57): Illuminate\\Pipeline\\Pipeline->Illuminate\\Pipeline\\{closure}(Object(Illuminate\\Http\\Request))
#36 C:\\laragon\\www\\es_ldcu2\\vendor\\laravel\\framework\\src\\Illuminate\\Pipeline\\Pipeline.php(171): Fideloper\\Proxy\\TrustProxies->handle(Object(Illuminate\\Http\\Request), Object(Closure))
#37 C:\\laragon\\www\\es_ldcu2\\vendor\\laravel\\framework\\src\\Illuminate\\Pipeline\\Pipeline.php(105): Illuminate\\Pipeline\\Pipeline->Illuminate\\Pipeline\\{closure}(Object(Illuminate\\Http\\Request))
#38 C:\\laragon\\www\\es_ldcu2\\vendor\\laravel\\framework\\src\\Illuminate\\Foundation\\Http\\Kernel.php(145): Illuminate\\Pipeline\\Pipeline->then(Object(Closure))
#39 C:\\laragon\\www\\es_ldcu2\\vendor\\laravel\\framework\\src\\Illuminate\\Foundation\\Http\\Kernel.php(110): Illuminate\\Foundation\\Http\\Kernel->sendRequestThroughRouter(Object(Illuminate\\Http\\Request))
#40 C:\\laragon\\www\\es_ldcu2\\public\\index.php(55): Illuminate\\Foundation\\Http\\Kernel->handle(Object(Illuminate\\Http\\Request))
#41 C:\\laragon\\www\\es_ldcu2\\server.php(21): require_once('C:\\\\laragon\\\\www\\\\...')
#42 {main}
"} 
[2025-07-11 06:45:51] local.WARNING: No college students found for section: HONESTY  
[2025-07-11 06:45:51] local.WARNING: No college students found for section: INTEGRITY  
[2025-07-11 06:49:30] local.WARNING: No college students found for section: HUMSS - B  
[2025-07-11 06:49:30] local.WARNING: No college students found for section: HUMSS - C  
[2025-07-11 06:49:45] local.WARNING: No college students found for section: HUMSS - E  
[2025-07-11 06:50:14] local.WARNING: No college students found for section: HUMSS - H  
[2025-07-11 06:50:14] local.WARNING: No college students found for section: HUMSS - I  
[2025-07-11 06:54:40] local.ERROR: file_put_contents(C:\laragon\www\es_ldcu2\storage\app/zip/6870b31fdb6e1/4TH_YEAR_COLLEGE/BSCRIM/FABILLARAN_RONALD___TOR.pdf): failed to open stream: No such file or directory {"userId":1,"exception":"[object] (ErrorException(code: 0): file_put_contents(C:\\laragon\\www\\es_ldcu2\\storage\\app/zip/6870b31fdb6e1/4TH_YEAR_COLLEGE/BSCRIM/FABILLARAN_RONALD___TOR.pdf): failed to open stream: No such file or directory at C:\\laragon\\www\\es_ldcu2\\app\\Http\\Controllers\\Migration\\RegistrarMigration.php:549)
[stacktrace]
#0 [internal function]: Illuminate\\Foundation\\Bootstrap\\HandleExceptions->handleError(2, 'file_put_conten...', 'C:\\\\laragon\\\\www\\\\...', 549, Array)
#1 C:\\laragon\\www\\es_ldcu2\\app\\Http\\Controllers\\Migration\\RegistrarMigration.php(549): file_put_contents('C:\\\\laragon\\\\www\\\\...', '%PDF-1.7\\n1 0 ob...')
#2 C:\\laragon\\www\\es_ldcu2\\vendor\\laravel\\framework\\src\\Illuminate\\Routing\\Controller.php(54): App\\Http\\Controllers\\Migration\\RegistrarMigration->downloadTorMasterlistBatch(Object(Illuminate\\Http\\Request))
#3 C:\\laragon\\www\\es_ldcu2\\vendor\\laravel\\framework\\src\\Illuminate\\Routing\\ControllerDispatcher.php(45): Illuminate\\Routing\\Controller->callAction('downloadTorMast...', Array)
#4 C:\\laragon\\www\\es_ldcu2\\vendor\\laravel\\framework\\src\\Illuminate\\Routing\\Route.php(219): Illuminate\\Routing\\ControllerDispatcher->dispatch(Object(Illuminate\\Routing\\Route), Object(App\\Http\\Controllers\\Migration\\RegistrarMigration), 'downloadTorMast...')
#5 C:\\laragon\\www\\es_ldcu2\\vendor\\laravel\\framework\\src\\Illuminate\\Routing\\Route.php(176): Illuminate\\Routing\\Route->runController()
#6 C:\\laragon\\www\\es_ldcu2\\vendor\\laravel\\framework\\src\\Illuminate\\Routing\\Router.php(681): Illuminate\\Routing\\Route->run()
#7 C:\\laragon\\www\\es_ldcu2\\vendor\\laravel\\framework\\src\\Illuminate\\Pipeline\\Pipeline.php(130): Illuminate\\Routing\\Router->Illuminate\\Routing\\{closure}(Object(Illuminate\\Http\\Request))
#8 C:\\laragon\\www\\es_ldcu2\\vendor\\laravel\\framework\\src\\Illuminate\\Routing\\Middleware\\SubstituteBindings.php(41): Illuminate\\Pipeline\\Pipeline->Illuminate\\Pipeline\\{closure}(Object(Illuminate\\Http\\Request))
#9 C:\\laragon\\www\\es_ldcu2\\vendor\\laravel\\framework\\src\\Illuminate\\Pipeline\\Pipeline.php(171): Illuminate\\Routing\\Middleware\\SubstituteBindings->handle(Object(Illuminate\\Http\\Request), Object(Closure))
#10 C:\\laragon\\www\\es_ldcu2\\vendor\\laravel\\framework\\src\\Illuminate\\Foundation\\Http\\Middleware\\VerifyCsrfToken.php(78): Illuminate\\Pipeline\\Pipeline->Illuminate\\Pipeline\\{closure}(Object(Illuminate\\Http\\Request))
#11 C:\\laragon\\www\\es_ldcu2\\vendor\\laravel\\framework\\src\\Illuminate\\Pipeline\\Pipeline.php(171): Illuminate\\Foundation\\Http\\Middleware\\VerifyCsrfToken->handle(Object(Illuminate\\Http\\Request), Object(Closure))
#12 C:\\laragon\\www\\es_ldcu2\\vendor\\laravel\\framework\\src\\Illuminate\\View\\Middleware\\ShareErrorsFromSession.php(49): Illuminate\\Pipeline\\Pipeline->Illuminate\\Pipeline\\{closure}(Object(Illuminate\\Http\\Request))
#13 C:\\laragon\\www\\es_ldcu2\\vendor\\laravel\\framework\\src\\Illuminate\\Pipeline\\Pipeline.php(171): Illuminate\\View\\Middleware\\ShareErrorsFromSession->handle(Object(Illuminate\\Http\\Request), Object(Closure))
#14 C:\\laragon\\www\\es_ldcu2\\vendor\\laravel\\framework\\src\\Illuminate\\Session\\Middleware\\StartSession.php(56): Illuminate\\Pipeline\\Pipeline->Illuminate\\Pipeline\\{closure}(Object(Illuminate\\Http\\Request))
#15 C:\\laragon\\www\\es_ldcu2\\vendor\\laravel\\framework\\src\\Illuminate\\Pipeline\\Pipeline.php(171): Illuminate\\Session\\Middleware\\StartSession->handle(Object(Illuminate\\Http\\Request), Object(Closure))
#16 C:\\laragon\\www\\es_ldcu2\\vendor\\laravel\\framework\\src\\Illuminate\\Cookie\\Middleware\\AddQueuedCookiesToResponse.php(37): Illuminate\\Pipeline\\Pipeline->Illuminate\\Pipeline\\{closure}(Object(Illuminate\\Http\\Request))
#17 C:\\laragon\\www\\es_ldcu2\\vendor\\laravel\\framework\\src\\Illuminate\\Pipeline\\Pipeline.php(171): Illuminate\\Cookie\\Middleware\\AddQueuedCookiesToResponse->handle(Object(Illuminate\\Http\\Request), Object(Closure))
#18 C:\\laragon\\www\\es_ldcu2\\vendor\\laravel\\framework\\src\\Illuminate\\Cookie\\Middleware\\EncryptCookies.php(67): Illuminate\\Pipeline\\Pipeline->Illuminate\\Pipeline\\{closure}(Object(Illuminate\\Http\\Request))
#19 C:\\laragon\\www\\es_ldcu2\\vendor\\laravel\\framework\\src\\Illuminate\\Pipeline\\Pipeline.php(171): Illuminate\\Cookie\\Middleware\\EncryptCookies->handle(Object(Illuminate\\Http\\Request), Object(Closure))
#20 C:\\laragon\\www\\es_ldcu2\\vendor\\laravel\\framework\\src\\Illuminate\\Pipeline\\Pipeline.php(105): Illuminate\\Pipeline\\Pipeline->Illuminate\\Pipeline\\{closure}(Object(Illuminate\\Http\\Request))
#21 C:\\laragon\\www\\es_ldcu2\\vendor\\laravel\\framework\\src\\Illuminate\\Routing\\Router.php(683): Illuminate\\Pipeline\\Pipeline->then(Object(Closure))
#22 C:\\laragon\\www\\es_ldcu2\\vendor\\laravel\\framework\\src\\Illuminate\\Routing\\Router.php(658): Illuminate\\Routing\\Router->runRouteWithinStack(Object(Illuminate\\Routing\\Route), Object(Illuminate\\Http\\Request))
#23 C:\\laragon\\www\\es_ldcu2\\vendor\\laravel\\framework\\src\\Illuminate\\Routing\\Router.php(624): Illuminate\\Routing\\Router->runRoute(Object(Illuminate\\Http\\Request), Object(Illuminate\\Routing\\Route))
#24 C:\\laragon\\www\\es_ldcu2\\vendor\\laravel\\framework\\src\\Illuminate\\Routing\\Router.php(613): Illuminate\\Routing\\Router->dispatchToRoute(Object(Illuminate\\Http\\Request))
#25 C:\\laragon\\www\\es_ldcu2\\vendor\\laravel\\framework\\src\\Illuminate\\Foundation\\Http\\Kernel.php(170): Illuminate\\Routing\\Router->dispatch(Object(Illuminate\\Http\\Request))
#26 C:\\laragon\\www\\es_ldcu2\\vendor\\laravel\\framework\\src\\Illuminate\\Pipeline\\Pipeline.php(130): Illuminate\\Foundation\\Http\\Kernel->Illuminate\\Foundation\\Http\\{closure}(Object(Illuminate\\Http\\Request))
#27 C:\\laragon\\www\\es_ldcu2\\vendor\\laravel\\framework\\src\\Illuminate\\Foundation\\Http\\Middleware\\TransformsRequest.php(21): Illuminate\\Pipeline\\Pipeline->Illuminate\\Pipeline\\{closure}(Object(Illuminate\\Http\\Request))
#28 C:\\laragon\\www\\es_ldcu2\\vendor\\laravel\\framework\\src\\Illuminate\\Pipeline\\Pipeline.php(171): Illuminate\\Foundation\\Http\\Middleware\\TransformsRequest->handle(Object(Illuminate\\Http\\Request), Object(Closure))
#29 C:\\laragon\\www\\es_ldcu2\\vendor\\laravel\\framework\\src\\Illuminate\\Foundation\\Http\\Middleware\\TransformsRequest.php(21): Illuminate\\Pipeline\\Pipeline->Illuminate\\Pipeline\\{closure}(Object(Illuminate\\Http\\Request))
#30 C:\\laragon\\www\\es_ldcu2\\vendor\\laravel\\framework\\src\\Illuminate\\Pipeline\\Pipeline.php(171): Illuminate\\Foundation\\Http\\Middleware\\TransformsRequest->handle(Object(Illuminate\\Http\\Request), Object(Closure))
#31 C:\\laragon\\www\\es_ldcu2\\vendor\\laravel\\framework\\src\\Illuminate\\Foundation\\Http\\Middleware\\ValidatePostSize.php(27): Illuminate\\Pipeline\\Pipeline->Illuminate\\Pipeline\\{closure}(Object(Illuminate\\Http\\Request))
#32 C:\\laragon\\www\\es_ldcu2\\vendor\\laravel\\framework\\src\\Illuminate\\Pipeline\\Pipeline.php(171): Illuminate\\Foundation\\Http\\Middleware\\ValidatePostSize->handle(Object(Illuminate\\Http\\Request), Object(Closure))
#33 C:\\laragon\\www\\es_ldcu2\\vendor\\laravel\\framework\\src\\Illuminate\\Foundation\\Http\\Middleware\\CheckForMaintenanceMode.php(63): Illuminate\\Pipeline\\Pipeline->Illuminate\\Pipeline\\{closure}(Object(Illuminate\\Http\\Request))
#34 C:\\laragon\\www\\es_ldcu2\\vendor\\laravel\\framework\\src\\Illuminate\\Pipeline\\Pipeline.php(171): Illuminate\\Foundation\\Http\\Middleware\\CheckForMaintenanceMode->handle(Object(Illuminate\\Http\\Request), Object(Closure))
#35 C:\\laragon\\www\\es_ldcu2\\vendor\\fideloper\\proxy\\src\\TrustProxies.php(57): Illuminate\\Pipeline\\Pipeline->Illuminate\\Pipeline\\{closure}(Object(Illuminate\\Http\\Request))
#36 C:\\laragon\\www\\es_ldcu2\\vendor\\laravel\\framework\\src\\Illuminate\\Pipeline\\Pipeline.php(171): Fideloper\\Proxy\\TrustProxies->handle(Object(Illuminate\\Http\\Request), Object(Closure))
#37 C:\\laragon\\www\\es_ldcu2\\vendor\\laravel\\framework\\src\\Illuminate\\Pipeline\\Pipeline.php(105): Illuminate\\Pipeline\\Pipeline->Illuminate\\Pipeline\\{closure}(Object(Illuminate\\Http\\Request))
#38 C:\\laragon\\www\\es_ldcu2\\vendor\\laravel\\framework\\src\\Illuminate\\Foundation\\Http\\Kernel.php(145): Illuminate\\Pipeline\\Pipeline->then(Object(Closure))
#39 C:\\laragon\\www\\es_ldcu2\\vendor\\laravel\\framework\\src\\Illuminate\\Foundation\\Http\\Kernel.php(110): Illuminate\\Foundation\\Http\\Kernel->sendRequestThroughRouter(Object(Illuminate\\Http\\Request))
#40 C:\\laragon\\www\\es_ldcu2\\public\\index.php(55): Illuminate\\Foundation\\Http\\Kernel->handle(Object(Illuminate\\Http\\Request))
#41 C:\\laragon\\www\\es_ldcu2\\server.php(21): require_once('C:\\\\laragon\\\\www\\\\...')
#42 {main}
"} 
[2025-07-11 06:54:44] local.ERROR: Undefined variable: enrolledstud {"userId":1,"exception":"[object] (ErrorException(code: 0): Undefined variable: enrolledstud at C:\\laragon\\www\\es_ldcu2\\app\\Http\\Controllers\\Migration\\RegistrarMigration.php:251)
[stacktrace]
#0 C:\\laragon\\www\\es_ldcu2\\app\\Http\\Controllers\\Migration\\RegistrarMigration.php(251): Illuminate\\Foundation\\Bootstrap\\HandleExceptions->handleError(8, 'Undefined varia...', 'C:\\\\laragon\\\\www\\\\...', 251, Array)
#1 C:\\laragon\\www\\es_ldcu2\\vendor\\laravel\\framework\\src\\Illuminate\\Routing\\Controller.php(54): App\\Http\\Controllers\\Migration\\RegistrarMigration->downloadStudentMasterlistBatch(Object(Illuminate\\Http\\Request))
#2 C:\\laragon\\www\\es_ldcu2\\vendor\\laravel\\framework\\src\\Illuminate\\Routing\\ControllerDispatcher.php(45): Illuminate\\Routing\\Controller->callAction('downloadStudent...', Array)
#3 C:\\laragon\\www\\es_ldcu2\\vendor\\laravel\\framework\\src\\Illuminate\\Routing\\Route.php(219): Illuminate\\Routing\\ControllerDispatcher->dispatch(Object(Illuminate\\Routing\\Route), Object(App\\Http\\Controllers\\Migration\\RegistrarMigration), 'downloadStudent...')
#4 C:\\laragon\\www\\es_ldcu2\\vendor\\laravel\\framework\\src\\Illuminate\\Routing\\Route.php(176): Illuminate\\Routing\\Route->runController()
#5 C:\\laragon\\www\\es_ldcu2\\vendor\\laravel\\framework\\src\\Illuminate\\Routing\\Router.php(681): Illuminate\\Routing\\Route->run()
#6 C:\\laragon\\www\\es_ldcu2\\vendor\\laravel\\framework\\src\\Illuminate\\Pipeline\\Pipeline.php(130): Illuminate\\Routing\\Router->Illuminate\\Routing\\{closure}(Object(Illuminate\\Http\\Request))
#7 C:\\laragon\\www\\es_ldcu2\\vendor\\laravel\\framework\\src\\Illuminate\\Routing\\Middleware\\SubstituteBindings.php(41): Illuminate\\Pipeline\\Pipeline->Illuminate\\Pipeline\\{closure}(Object(Illuminate\\Http\\Request))
#8 C:\\laragon\\www\\es_ldcu2\\vendor\\laravel\\framework\\src\\Illuminate\\Pipeline\\Pipeline.php(171): Illuminate\\Routing\\Middleware\\SubstituteBindings->handle(Object(Illuminate\\Http\\Request), Object(Closure))
#9 C:\\laragon\\www\\es_ldcu2\\vendor\\laravel\\framework\\src\\Illuminate\\Foundation\\Http\\Middleware\\VerifyCsrfToken.php(78): Illuminate\\Pipeline\\Pipeline->Illuminate\\Pipeline\\{closure}(Object(Illuminate\\Http\\Request))
#10 C:\\laragon\\www\\es_ldcu2\\vendor\\laravel\\framework\\src\\Illuminate\\Pipeline\\Pipeline.php(171): Illuminate\\Foundation\\Http\\Middleware\\VerifyCsrfToken->handle(Object(Illuminate\\Http\\Request), Object(Closure))
#11 C:\\laragon\\www\\es_ldcu2\\vendor\\laravel\\framework\\src\\Illuminate\\View\\Middleware\\ShareErrorsFromSession.php(49): Illuminate\\Pipeline\\Pipeline->Illuminate\\Pipeline\\{closure}(Object(Illuminate\\Http\\Request))
#12 C:\\laragon\\www\\es_ldcu2\\vendor\\laravel\\framework\\src\\Illuminate\\Pipeline\\Pipeline.php(171): Illuminate\\View\\Middleware\\ShareErrorsFromSession->handle(Object(Illuminate\\Http\\Request), Object(Closure))
#13 C:\\laragon\\www\\es_ldcu2\\vendor\\laravel\\framework\\src\\Illuminate\\Session\\Middleware\\StartSession.php(56): Illuminate\\Pipeline\\Pipeline->Illuminate\\Pipeline\\{closure}(Object(Illuminate\\Http\\Request))
#14 C:\\laragon\\www\\es_ldcu2\\vendor\\laravel\\framework\\src\\Illuminate\\Pipeline\\Pipeline.php(171): Illuminate\\Session\\Middleware\\StartSession->handle(Object(Illuminate\\Http\\Request), Object(Closure))
#15 C:\\laragon\\www\\es_ldcu2\\vendor\\laravel\\framework\\src\\Illuminate\\Cookie\\Middleware\\AddQueuedCookiesToResponse.php(37): Illuminate\\Pipeline\\Pipeline->Illuminate\\Pipeline\\{closure}(Object(Illuminate\\Http\\Request))
#16 C:\\laragon\\www\\es_ldcu2\\vendor\\laravel\\framework\\src\\Illuminate\\Pipeline\\Pipeline.php(171): Illuminate\\Cookie\\Middleware\\AddQueuedCookiesToResponse->handle(Object(Illuminate\\Http\\Request), Object(Closure))
#17 C:\\laragon\\www\\es_ldcu2\\vendor\\laravel\\framework\\src\\Illuminate\\Cookie\\Middleware\\EncryptCookies.php(67): Illuminate\\Pipeline\\Pipeline->Illuminate\\Pipeline\\{closure}(Object(Illuminate\\Http\\Request))
#18 C:\\laragon\\www\\es_ldcu2\\vendor\\laravel\\framework\\src\\Illuminate\\Pipeline\\Pipeline.php(171): Illuminate\\Cookie\\Middleware\\EncryptCookies->handle(Object(Illuminate\\Http\\Request), Object(Closure))
#19 C:\\laragon\\www\\es_ldcu2\\vendor\\laravel\\framework\\src\\Illuminate\\Pipeline\\Pipeline.php(105): Illuminate\\Pipeline\\Pipeline->Illuminate\\Pipeline\\{closure}(Object(Illuminate\\Http\\Request))
#20 C:\\laragon\\www\\es_ldcu2\\vendor\\laravel\\framework\\src\\Illuminate\\Routing\\Router.php(683): Illuminate\\Pipeline\\Pipeline->then(Object(Closure))
#21 C:\\laragon\\www\\es_ldcu2\\vendor\\laravel\\framework\\src\\Illuminate\\Routing\\Router.php(658): Illuminate\\Routing\\Router->runRouteWithinStack(Object(Illuminate\\Routing\\Route), Object(Illuminate\\Http\\Request))
#22 C:\\laragon\\www\\es_ldcu2\\vendor\\laravel\\framework\\src\\Illuminate\\Routing\\Router.php(624): Illuminate\\Routing\\Router->runRoute(Object(Illuminate\\Http\\Request), Object(Illuminate\\Routing\\Route))
#23 C:\\laragon\\www\\es_ldcu2\\vendor\\laravel\\framework\\src\\Illuminate\\Routing\\Router.php(613): Illuminate\\Routing\\Router->dispatchToRoute(Object(Illuminate\\Http\\Request))
#24 C:\\laragon\\www\\es_ldcu2\\vendor\\laravel\\framework\\src\\Illuminate\\Foundation\\Http\\Kernel.php(170): Illuminate\\Routing\\Router->dispatch(Object(Illuminate\\Http\\Request))
#25 C:\\laragon\\www\\es_ldcu2\\vendor\\laravel\\framework\\src\\Illuminate\\Pipeline\\Pipeline.php(130): Illuminate\\Foundation\\Http\\Kernel->Illuminate\\Foundation\\Http\\{closure}(Object(Illuminate\\Http\\Request))
#26 C:\\laragon\\www\\es_ldcu2\\vendor\\laravel\\framework\\src\\Illuminate\\Foundation\\Http\\Middleware\\TransformsRequest.php(21): Illuminate\\Pipeline\\Pipeline->Illuminate\\Pipeline\\{closure}(Object(Illuminate\\Http\\Request))
#27 C:\\laragon\\www\\es_ldcu2\\vendor\\laravel\\framework\\src\\Illuminate\\Pipeline\\Pipeline.php(171): Illuminate\\Foundation\\Http\\Middleware\\TransformsRequest->handle(Object(Illuminate\\Http\\Request), Object(Closure))
#28 C:\\laragon\\www\\es_ldcu2\\vendor\\laravel\\framework\\src\\Illuminate\\Foundation\\Http\\Middleware\\TransformsRequest.php(21): Illuminate\\Pipeline\\Pipeline->Illuminate\\Pipeline\\{closure}(Object(Illuminate\\Http\\Request))
#29 C:\\laragon\\www\\es_ldcu2\\vendor\\laravel\\framework\\src\\Illuminate\\Pipeline\\Pipeline.php(171): Illuminate\\Foundation\\Http\\Middleware\\TransformsRequest->handle(Object(Illuminate\\Http\\Request), Object(Closure))
#30 C:\\laragon\\www\\es_ldcu2\\vendor\\laravel\\framework\\src\\Illuminate\\Foundation\\Http\\Middleware\\ValidatePostSize.php(27): Illuminate\\Pipeline\\Pipeline->Illuminate\\Pipeline\\{closure}(Object(Illuminate\\Http\\Request))
#31 C:\\laragon\\www\\es_ldcu2\\vendor\\laravel\\framework\\src\\Illuminate\\Pipeline\\Pipeline.php(171): Illuminate\\Foundation\\Http\\Middleware\\ValidatePostSize->handle(Object(Illuminate\\Http\\Request), Object(Closure))
#32 C:\\laragon\\www\\es_ldcu2\\vendor\\laravel\\framework\\src\\Illuminate\\Foundation\\Http\\Middleware\\CheckForMaintenanceMode.php(63): Illuminate\\Pipeline\\Pipeline->Illuminate\\Pipeline\\{closure}(Object(Illuminate\\Http\\Request))
#33 C:\\laragon\\www\\es_ldcu2\\vendor\\laravel\\framework\\src\\Illuminate\\Pipeline\\Pipeline.php(171): Illuminate\\Foundation\\Http\\Middleware\\CheckForMaintenanceMode->handle(Object(Illuminate\\Http\\Request), Object(Closure))
#34 C:\\laragon\\www\\es_ldcu2\\vendor\\fideloper\\proxy\\src\\TrustProxies.php(57): Illuminate\\Pipeline\\Pipeline->Illuminate\\Pipeline\\{closure}(Object(Illuminate\\Http\\Request))
#35 C:\\laragon\\www\\es_ldcu2\\vendor\\laravel\\framework\\src\\Illuminate\\Pipeline\\Pipeline.php(171): Fideloper\\Proxy\\TrustProxies->handle(Object(Illuminate\\Http\\Request), Object(Closure))
#36 C:\\laragon\\www\\es_ldcu2\\vendor\\laravel\\framework\\src\\Illuminate\\Pipeline\\Pipeline.php(105): Illuminate\\Pipeline\\Pipeline->Illuminate\\Pipeline\\{closure}(Object(Illuminate\\Http\\Request))
#37 C:\\laragon\\www\\es_ldcu2\\vendor\\laravel\\framework\\src\\Illuminate\\Foundation\\Http\\Kernel.php(145): Illuminate\\Pipeline\\Pipeline->then(Object(Closure))
#38 C:\\laragon\\www\\es_ldcu2\\vendor\\laravel\\framework\\src\\Illuminate\\Foundation\\Http\\Kernel.php(110): Illuminate\\Foundation\\Http\\Kernel->sendRequestThroughRouter(Object(Illuminate\\Http\\Request))
#39 C:\\laragon\\www\\es_ldcu2\\public\\index.php(55): Illuminate\\Foundation\\Http\\Kernel->handle(Object(Illuminate\\Http\\Request))
#40 C:\\laragon\\www\\es_ldcu2\\server.php(21): require_once('C:\\\\laragon\\\\www\\\\...')
#41 {main}
"} 
[2025-07-11 06:54:48] local.ERROR: Undefined variable: enrolledstud {"userId":1,"exception":"[object] (ErrorException(code: 0): Undefined variable: enrolledstud at C:\\laragon\\www\\es_ldcu2\\app\\Http\\Controllers\\Migration\\RegistrarMigration.php:251)
[stacktrace]
#0 C:\\laragon\\www\\es_ldcu2\\app\\Http\\Controllers\\Migration\\RegistrarMigration.php(251): Illuminate\\Foundation\\Bootstrap\\HandleExceptions->handleError(8, 'Undefined varia...', 'C:\\\\laragon\\\\www\\\\...', 251, Array)
#1 C:\\laragon\\www\\es_ldcu2\\vendor\\laravel\\framework\\src\\Illuminate\\Routing\\Controller.php(54): App\\Http\\Controllers\\Migration\\RegistrarMigration->downloadStudentMasterlistBatch(Object(Illuminate\\Http\\Request))
#2 C:\\laragon\\www\\es_ldcu2\\vendor\\laravel\\framework\\src\\Illuminate\\Routing\\ControllerDispatcher.php(45): Illuminate\\Routing\\Controller->callAction('downloadStudent...', Array)
#3 C:\\laragon\\www\\es_ldcu2\\vendor\\laravel\\framework\\src\\Illuminate\\Routing\\Route.php(219): Illuminate\\Routing\\ControllerDispatcher->dispatch(Object(Illuminate\\Routing\\Route), Object(App\\Http\\Controllers\\Migration\\RegistrarMigration), 'downloadStudent...')
#4 C:\\laragon\\www\\es_ldcu2\\vendor\\laravel\\framework\\src\\Illuminate\\Routing\\Route.php(176): Illuminate\\Routing\\Route->runController()
#5 C:\\laragon\\www\\es_ldcu2\\vendor\\laravel\\framework\\src\\Illuminate\\Routing\\Router.php(681): Illuminate\\Routing\\Route->run()
#6 C:\\laragon\\www\\es_ldcu2\\vendor\\laravel\\framework\\src\\Illuminate\\Pipeline\\Pipeline.php(130): Illuminate\\Routing\\Router->Illuminate\\Routing\\{closure}(Object(Illuminate\\Http\\Request))
#7 C:\\laragon\\www\\es_ldcu2\\vendor\\laravel\\framework\\src\\Illuminate\\Routing\\Middleware\\SubstituteBindings.php(41): Illuminate\\Pipeline\\Pipeline->Illuminate\\Pipeline\\{closure}(Object(Illuminate\\Http\\Request))
#8 C:\\laragon\\www\\es_ldcu2\\vendor\\laravel\\framework\\src\\Illuminate\\Pipeline\\Pipeline.php(171): Illuminate\\Routing\\Middleware\\SubstituteBindings->handle(Object(Illuminate\\Http\\Request), Object(Closure))
#9 C:\\laragon\\www\\es_ldcu2\\vendor\\laravel\\framework\\src\\Illuminate\\Foundation\\Http\\Middleware\\VerifyCsrfToken.php(78): Illuminate\\Pipeline\\Pipeline->Illuminate\\Pipeline\\{closure}(Object(Illuminate\\Http\\Request))
#10 C:\\laragon\\www\\es_ldcu2\\vendor\\laravel\\framework\\src\\Illuminate\\Pipeline\\Pipeline.php(171): Illuminate\\Foundation\\Http\\Middleware\\VerifyCsrfToken->handle(Object(Illuminate\\Http\\Request), Object(Closure))
#11 C:\\laragon\\www\\es_ldcu2\\vendor\\laravel\\framework\\src\\Illuminate\\View\\Middleware\\ShareErrorsFromSession.php(49): Illuminate\\Pipeline\\Pipeline->Illuminate\\Pipeline\\{closure}(Object(Illuminate\\Http\\Request))
#12 C:\\laragon\\www\\es_ldcu2\\vendor\\laravel\\framework\\src\\Illuminate\\Pipeline\\Pipeline.php(171): Illuminate\\View\\Middleware\\ShareErrorsFromSession->handle(Object(Illuminate\\Http\\Request), Object(Closure))
#13 C:\\laragon\\www\\es_ldcu2\\vendor\\laravel\\framework\\src\\Illuminate\\Session\\Middleware\\StartSession.php(56): Illuminate\\Pipeline\\Pipeline->Illuminate\\Pipeline\\{closure}(Object(Illuminate\\Http\\Request))
#14 C:\\laragon\\www\\es_ldcu2\\vendor\\laravel\\framework\\src\\Illuminate\\Pipeline\\Pipeline.php(171): Illuminate\\Session\\Middleware\\StartSession->handle(Object(Illuminate\\Http\\Request), Object(Closure))
#15 C:\\laragon\\www\\es_ldcu2\\vendor\\laravel\\framework\\src\\Illuminate\\Cookie\\Middleware\\AddQueuedCookiesToResponse.php(37): Illuminate\\Pipeline\\Pipeline->Illuminate\\Pipeline\\{closure}(Object(Illuminate\\Http\\Request))
#16 C:\\laragon\\www\\es_ldcu2\\vendor\\laravel\\framework\\src\\Illuminate\\Pipeline\\Pipeline.php(171): Illuminate\\Cookie\\Middleware\\AddQueuedCookiesToResponse->handle(Object(Illuminate\\Http\\Request), Object(Closure))
#17 C:\\laragon\\www\\es_ldcu2\\vendor\\laravel\\framework\\src\\Illuminate\\Cookie\\Middleware\\EncryptCookies.php(67): Illuminate\\Pipeline\\Pipeline->Illuminate\\Pipeline\\{closure}(Object(Illuminate\\Http\\Request))
#18 C:\\laragon\\www\\es_ldcu2\\vendor\\laravel\\framework\\src\\Illuminate\\Pipeline\\Pipeline.php(171): Illuminate\\Cookie\\Middleware\\EncryptCookies->handle(Object(Illuminate\\Http\\Request), Object(Closure))
#19 C:\\laragon\\www\\es_ldcu2\\vendor\\laravel\\framework\\src\\Illuminate\\Pipeline\\Pipeline.php(105): Illuminate\\Pipeline\\Pipeline->Illuminate\\Pipeline\\{closure}(Object(Illuminate\\Http\\Request))
#20 C:\\laragon\\www\\es_ldcu2\\vendor\\laravel\\framework\\src\\Illuminate\\Routing\\Router.php(683): Illuminate\\Pipeline\\Pipeline->then(Object(Closure))
#21 C:\\laragon\\www\\es_ldcu2\\vendor\\laravel\\framework\\src\\Illuminate\\Routing\\Router.php(658): Illuminate\\Routing\\Router->runRouteWithinStack(Object(Illuminate\\Routing\\Route), Object(Illuminate\\Http\\Request))
#22 C:\\laragon\\www\\es_ldcu2\\vendor\\laravel\\framework\\src\\Illuminate\\Routing\\Router.php(624): Illuminate\\Routing\\Router->runRoute(Object(Illuminate\\Http\\Request), Object(Illuminate\\Routing\\Route))
#23 C:\\laragon\\www\\es_ldcu2\\vendor\\laravel\\framework\\src\\Illuminate\\Routing\\Router.php(613): Illuminate\\Routing\\Router->dispatchToRoute(Object(Illuminate\\Http\\Request))
#24 C:\\laragon\\www\\es_ldcu2\\vendor\\laravel\\framework\\src\\Illuminate\\Foundation\\Http\\Kernel.php(170): Illuminate\\Routing\\Router->dispatch(Object(Illuminate\\Http\\Request))
#25 C:\\laragon\\www\\es_ldcu2\\vendor\\laravel\\framework\\src\\Illuminate\\Pipeline\\Pipeline.php(130): Illuminate\\Foundation\\Http\\Kernel->Illuminate\\Foundation\\Http\\{closure}(Object(Illuminate\\Http\\Request))
#26 C:\\laragon\\www\\es_ldcu2\\vendor\\laravel\\framework\\src\\Illuminate\\Foundation\\Http\\Middleware\\TransformsRequest.php(21): Illuminate\\Pipeline\\Pipeline->Illuminate\\Pipeline\\{closure}(Object(Illuminate\\Http\\Request))
#27 C:\\laragon\\www\\es_ldcu2\\vendor\\laravel\\framework\\src\\Illuminate\\Pipeline\\Pipeline.php(171): Illuminate\\Foundation\\Http\\Middleware\\TransformsRequest->handle(Object(Illuminate\\Http\\Request), Object(Closure))
#28 C:\\laragon\\www\\es_ldcu2\\vendor\\laravel\\framework\\src\\Illuminate\\Foundation\\Http\\Middleware\\TransformsRequest.php(21): Illuminate\\Pipeline\\Pipeline->Illuminate\\Pipeline\\{closure}(Object(Illuminate\\Http\\Request))
#29 C:\\laragon\\www\\es_ldcu2\\vendor\\laravel\\framework\\src\\Illuminate\\Pipeline\\Pipeline.php(171): Illuminate\\Foundation\\Http\\Middleware\\TransformsRequest->handle(Object(Illuminate\\Http\\Request), Object(Closure))
#30 C:\\laragon\\www\\es_ldcu2\\vendor\\laravel\\framework\\src\\Illuminate\\Foundation\\Http\\Middleware\\ValidatePostSize.php(27): Illuminate\\Pipeline\\Pipeline->Illuminate\\Pipeline\\{closure}(Object(Illuminate\\Http\\Request))
#31 C:\\laragon\\www\\es_ldcu2\\vendor\\laravel\\framework\\src\\Illuminate\\Pipeline\\Pipeline.php(171): Illuminate\\Foundation\\Http\\Middleware\\ValidatePostSize->handle(Object(Illuminate\\Http\\Request), Object(Closure))
#32 C:\\laragon\\www\\es_ldcu2\\vendor\\laravel\\framework\\src\\Illuminate\\Foundation\\Http\\Middleware\\CheckForMaintenanceMode.php(63): Illuminate\\Pipeline\\Pipeline->Illuminate\\Pipeline\\{closure}(Object(Illuminate\\Http\\Request))
#33 C:\\laragon\\www\\es_ldcu2\\vendor\\laravel\\framework\\src\\Illuminate\\Pipeline\\Pipeline.php(171): Illuminate\\Foundation\\Http\\Middleware\\CheckForMaintenanceMode->handle(Object(Illuminate\\Http\\Request), Object(Closure))
#34 C:\\laragon\\www\\es_ldcu2\\vendor\\fideloper\\proxy\\src\\TrustProxies.php(57): Illuminate\\Pipeline\\Pipeline->Illuminate\\Pipeline\\{closure}(Object(Illuminate\\Http\\Request))
#35 C:\\laragon\\www\\es_ldcu2\\vendor\\laravel\\framework\\src\\Illuminate\\Pipeline\\Pipeline.php(171): Fideloper\\Proxy\\TrustProxies->handle(Object(Illuminate\\Http\\Request), Object(Closure))
#36 C:\\laragon\\www\\es_ldcu2\\vendor\\laravel\\framework\\src\\Illuminate\\Pipeline\\Pipeline.php(105): Illuminate\\Pipeline\\Pipeline->Illuminate\\Pipeline\\{closure}(Object(Illuminate\\Http\\Request))
#37 C:\\laragon\\www\\es_ldcu2\\vendor\\laravel\\framework\\src\\Illuminate\\Foundation\\Http\\Kernel.php(145): Illuminate\\Pipeline\\Pipeline->then(Object(Closure))
#38 C:\\laragon\\www\\es_ldcu2\\vendor\\laravel\\framework\\src\\Illuminate\\Foundation\\Http\\Kernel.php(110): Illuminate\\Foundation\\Http\\Kernel->sendRequestThroughRouter(Object(Illuminate\\Http\\Request))
#39 C:\\laragon\\www\\es_ldcu2\\public\\index.php(55): Illuminate\\Foundation\\Http\\Kernel->handle(Object(Illuminate\\Http\\Request))
#40 C:\\laragon\\www\\es_ldcu2\\server.php(21): require_once('C:\\\\laragon\\\\www\\\\...')
#41 {main}
"} 
[2025-07-11 06:54:56] local.WARNING: No college students found for section: HONESTY  
[2025-07-11 06:54:56] local.WARNING: No college students found for section: INTEGRITY  
[2025-07-11 06:58:56] local.WARNING: No college students found for section: HUMSS - B  
[2025-07-11 06:58:56] local.WARNING: No college students found for section: HUMSS - C  
[2025-07-11 06:59:10] local.WARNING: No college students found for section: HUMSS - E  
[2025-07-11 06:59:40] local.WARNING: No college students found for section: HUMSS - H  
[2025-07-11 06:59:40] local.WARNING: No college students found for section: HUMSS - I  
[2025-07-11 07:20:05] local.WARNING: No college students found for section: HONESTY  
[2025-07-11 07:20:05] local.WARNING: No college students found for section: INTEGRITY  
[2025-07-11 07:23:57] local.WARNING: No college students found for section: HUMSS - B  
[2025-07-11 07:23:57] local.WARNING: No college students found for section: HUMSS - C  
[2025-07-11 07:24:11] local.WARNING: No college students found for section: HUMSS - E  
[2025-07-11 07:24:40] local.WARNING: No college students found for section: HUMSS - H  
[2025-07-11 07:24:40] local.WARNING: No college students found for section: HUMSS - I  
[2025-07-11 07:32:44] local.WARNING: No college students found for section: HONESTY  
[2025-07-11 07:32:44] local.WARNING: No college students found for section: INTEGRITY  
[2025-07-11 07:36:20] local.WARNING: No college students found for section: HUMSS - B  
[2025-07-11 07:36:20] local.WARNING: No college students found for section: HUMSS - C  
[2025-07-11 07:36:35] local.WARNING: No college students found for section: HUMSS - E  
[2025-07-11 07:37:05] local.WARNING: No college students found for section: HUMSS - H  
[2025-07-11 07:37:05] local.WARNING: No college students found for section: HUMSS - I  
[2025-07-11 07:39:15] local.ERROR: file_put_contents(C:\laragon\www\es_ldcu2\storage\app/zip/6870be1c116fb/4TH_YEAR_COLLEGE/BSCRIM/YOSORES_RAYMUND_DELIMAN_TOR.pdf): failed to open stream: No such file or directory {"userId":1,"exception":"[object] (ErrorException(code: 0): file_put_contents(C:\\laragon\\www\\es_ldcu2\\storage\\app/zip/6870be1c116fb/4TH_YEAR_COLLEGE/BSCRIM/YOSORES_RAYMUND_DELIMAN_TOR.pdf): failed to open stream: No such file or directory at C:\\laragon\\www\\es_ldcu2\\app\\Http\\Controllers\\Migration\\RegistrarMigration.php:478)
[stacktrace]
#0 [internal function]: Illuminate\\Foundation\\Bootstrap\\HandleExceptions->handleError(2, 'file_put_conten...', 'C:\\\\laragon\\\\www\\\\...', 478, Array)
#1 C:\\laragon\\www\\es_ldcu2\\app\\Http\\Controllers\\Migration\\RegistrarMigration.php(478): file_put_contents('C:\\\\laragon\\\\www\\\\...', '%PDF-1.7\\n1 0 ob...')
#2 C:\\laragon\\www\\es_ldcu2\\vendor\\laravel\\framework\\src\\Illuminate\\Routing\\Controller.php(54): App\\Http\\Controllers\\Migration\\RegistrarMigration->downloadTorMasterlistBatch(Object(Illuminate\\Http\\Request))
#3 C:\\laragon\\www\\es_ldcu2\\vendor\\laravel\\framework\\src\\Illuminate\\Routing\\ControllerDispatcher.php(45): Illuminate\\Routing\\Controller->callAction('downloadTorMast...', Array)
#4 C:\\laragon\\www\\es_ldcu2\\vendor\\laravel\\framework\\src\\Illuminate\\Routing\\Route.php(219): Illuminate\\Routing\\ControllerDispatcher->dispatch(Object(Illuminate\\Routing\\Route), Object(App\\Http\\Controllers\\Migration\\RegistrarMigration), 'downloadTorMast...')
#5 C:\\laragon\\www\\es_ldcu2\\vendor\\laravel\\framework\\src\\Illuminate\\Routing\\Route.php(176): Illuminate\\Routing\\Route->runController()
#6 C:\\laragon\\www\\es_ldcu2\\vendor\\laravel\\framework\\src\\Illuminate\\Routing\\Router.php(681): Illuminate\\Routing\\Route->run()
#7 C:\\laragon\\www\\es_ldcu2\\vendor\\laravel\\framework\\src\\Illuminate\\Pipeline\\Pipeline.php(130): Illuminate\\Routing\\Router->Illuminate\\Routing\\{closure}(Object(Illuminate\\Http\\Request))
#8 C:\\laragon\\www\\es_ldcu2\\vendor\\laravel\\framework\\src\\Illuminate\\Routing\\Middleware\\SubstituteBindings.php(41): Illuminate\\Pipeline\\Pipeline->Illuminate\\Pipeline\\{closure}(Object(Illuminate\\Http\\Request))
#9 C:\\laragon\\www\\es_ldcu2\\vendor\\laravel\\framework\\src\\Illuminate\\Pipeline\\Pipeline.php(171): Illuminate\\Routing\\Middleware\\SubstituteBindings->handle(Object(Illuminate\\Http\\Request), Object(Closure))
#10 C:\\laragon\\www\\es_ldcu2\\vendor\\laravel\\framework\\src\\Illuminate\\Foundation\\Http\\Middleware\\VerifyCsrfToken.php(78): Illuminate\\Pipeline\\Pipeline->Illuminate\\Pipeline\\{closure}(Object(Illuminate\\Http\\Request))
#11 C:\\laragon\\www\\es_ldcu2\\vendor\\laravel\\framework\\src\\Illuminate\\Pipeline\\Pipeline.php(171): Illuminate\\Foundation\\Http\\Middleware\\VerifyCsrfToken->handle(Object(Illuminate\\Http\\Request), Object(Closure))
#12 C:\\laragon\\www\\es_ldcu2\\vendor\\laravel\\framework\\src\\Illuminate\\View\\Middleware\\ShareErrorsFromSession.php(49): Illuminate\\Pipeline\\Pipeline->Illuminate\\Pipeline\\{closure}(Object(Illuminate\\Http\\Request))
#13 C:\\laragon\\www\\es_ldcu2\\vendor\\laravel\\framework\\src\\Illuminate\\Pipeline\\Pipeline.php(171): Illuminate\\View\\Middleware\\ShareErrorsFromSession->handle(Object(Illuminate\\Http\\Request), Object(Closure))
#14 C:\\laragon\\www\\es_ldcu2\\vendor\\laravel\\framework\\src\\Illuminate\\Session\\Middleware\\StartSession.php(56): Illuminate\\Pipeline\\Pipeline->Illuminate\\Pipeline\\{closure}(Object(Illuminate\\Http\\Request))
#15 C:\\laragon\\www\\es_ldcu2\\vendor\\laravel\\framework\\src\\Illuminate\\Pipeline\\Pipeline.php(171): Illuminate\\Session\\Middleware\\StartSession->handle(Object(Illuminate\\Http\\Request), Object(Closure))
#16 C:\\laragon\\www\\es_ldcu2\\vendor\\laravel\\framework\\src\\Illuminate\\Cookie\\Middleware\\AddQueuedCookiesToResponse.php(37): Illuminate\\Pipeline\\Pipeline->Illuminate\\Pipeline\\{closure}(Object(Illuminate\\Http\\Request))
#17 C:\\laragon\\www\\es_ldcu2\\vendor\\laravel\\framework\\src\\Illuminate\\Pipeline\\Pipeline.php(171): Illuminate\\Cookie\\Middleware\\AddQueuedCookiesToResponse->handle(Object(Illuminate\\Http\\Request), Object(Closure))
#18 C:\\laragon\\www\\es_ldcu2\\vendor\\laravel\\framework\\src\\Illuminate\\Cookie\\Middleware\\EncryptCookies.php(67): Illuminate\\Pipeline\\Pipeline->Illuminate\\Pipeline\\{closure}(Object(Illuminate\\Http\\Request))
#19 C:\\laragon\\www\\es_ldcu2\\vendor\\laravel\\framework\\src\\Illuminate\\Pipeline\\Pipeline.php(171): Illuminate\\Cookie\\Middleware\\EncryptCookies->handle(Object(Illuminate\\Http\\Request), Object(Closure))
#20 C:\\laragon\\www\\es_ldcu2\\vendor\\laravel\\framework\\src\\Illuminate\\Pipeline\\Pipeline.php(105): Illuminate\\Pipeline\\Pipeline->Illuminate\\Pipeline\\{closure}(Object(Illuminate\\Http\\Request))
#21 C:\\laragon\\www\\es_ldcu2\\vendor\\laravel\\framework\\src\\Illuminate\\Routing\\Router.php(683): Illuminate\\Pipeline\\Pipeline->then(Object(Closure))
#22 C:\\laragon\\www\\es_ldcu2\\vendor\\laravel\\framework\\src\\Illuminate\\Routing\\Router.php(658): Illuminate\\Routing\\Router->runRouteWithinStack(Object(Illuminate\\Routing\\Route), Object(Illuminate\\Http\\Request))
#23 C:\\laragon\\www\\es_ldcu2\\vendor\\laravel\\framework\\src\\Illuminate\\Routing\\Router.php(624): Illuminate\\Routing\\Router->runRoute(Object(Illuminate\\Http\\Request), Object(Illuminate\\Routing\\Route))
#24 C:\\laragon\\www\\es_ldcu2\\vendor\\laravel\\framework\\src\\Illuminate\\Routing\\Router.php(613): Illuminate\\Routing\\Router->dispatchToRoute(Object(Illuminate\\Http\\Request))
#25 C:\\laragon\\www\\es_ldcu2\\vendor\\laravel\\framework\\src\\Illuminate\\Foundation\\Http\\Kernel.php(170): Illuminate\\Routing\\Router->dispatch(Object(Illuminate\\Http\\Request))
#26 C:\\laragon\\www\\es_ldcu2\\vendor\\laravel\\framework\\src\\Illuminate\\Pipeline\\Pipeline.php(130): Illuminate\\Foundation\\Http\\Kernel->Illuminate\\Foundation\\Http\\{closure}(Object(Illuminate\\Http\\Request))
#27 C:\\laragon\\www\\es_ldcu2\\vendor\\laravel\\framework\\src\\Illuminate\\Foundation\\Http\\Middleware\\TransformsRequest.php(21): Illuminate\\Pipeline\\Pipeline->Illuminate\\Pipeline\\{closure}(Object(Illuminate\\Http\\Request))
#28 C:\\laragon\\www\\es_ldcu2\\vendor\\laravel\\framework\\src\\Illuminate\\Pipeline\\Pipeline.php(171): Illuminate\\Foundation\\Http\\Middleware\\TransformsRequest->handle(Object(Illuminate\\Http\\Request), Object(Closure))
#29 C:\\laragon\\www\\es_ldcu2\\vendor\\laravel\\framework\\src\\Illuminate\\Foundation\\Http\\Middleware\\TransformsRequest.php(21): Illuminate\\Pipeline\\Pipeline->Illuminate\\Pipeline\\{closure}(Object(Illuminate\\Http\\Request))
#30 C:\\laragon\\www\\es_ldcu2\\vendor\\laravel\\framework\\src\\Illuminate\\Pipeline\\Pipeline.php(171): Illuminate\\Foundation\\Http\\Middleware\\TransformsRequest->handle(Object(Illuminate\\Http\\Request), Object(Closure))
#31 C:\\laragon\\www\\es_ldcu2\\vendor\\laravel\\framework\\src\\Illuminate\\Foundation\\Http\\Middleware\\ValidatePostSize.php(27): Illuminate\\Pipeline\\Pipeline->Illuminate\\Pipeline\\{closure}(Object(Illuminate\\Http\\Request))
#32 C:\\laragon\\www\\es_ldcu2\\vendor\\laravel\\framework\\src\\Illuminate\\Pipeline\\Pipeline.php(171): Illuminate\\Foundation\\Http\\Middleware\\ValidatePostSize->handle(Object(Illuminate\\Http\\Request), Object(Closure))
#33 C:\\laragon\\www\\es_ldcu2\\vendor\\laravel\\framework\\src\\Illuminate\\Foundation\\Http\\Middleware\\CheckForMaintenanceMode.php(63): Illuminate\\Pipeline\\Pipeline->Illuminate\\Pipeline\\{closure}(Object(Illuminate\\Http\\Request))
#34 C:\\laragon\\www\\es_ldcu2\\vendor\\laravel\\framework\\src\\Illuminate\\Pipeline\\Pipeline.php(171): Illuminate\\Foundation\\Http\\Middleware\\CheckForMaintenanceMode->handle(Object(Illuminate\\Http\\Request), Object(Closure))
#35 C:\\laragon\\www\\es_ldcu2\\vendor\\fideloper\\proxy\\src\\TrustProxies.php(57): Illuminate\\Pipeline\\Pipeline->Illuminate\\Pipeline\\{closure}(Object(Illuminate\\Http\\Request))
#36 C:\\laragon\\www\\es_ldcu2\\vendor\\laravel\\framework\\src\\Illuminate\\Pipeline\\Pipeline.php(171): Fideloper\\Proxy\\TrustProxies->handle(Object(Illuminate\\Http\\Request), Object(Closure))
#37 C:\\laragon\\www\\es_ldcu2\\vendor\\laravel\\framework\\src\\Illuminate\\Pipeline\\Pipeline.php(105): Illuminate\\Pipeline\\Pipeline->Illuminate\\Pipeline\\{closure}(Object(Illuminate\\Http\\Request))
#38 C:\\laragon\\www\\es_ldcu2\\vendor\\laravel\\framework\\src\\Illuminate\\Foundation\\Http\\Kernel.php(145): Illuminate\\Pipeline\\Pipeline->then(Object(Closure))
#39 C:\\laragon\\www\\es_ldcu2\\vendor\\laravel\\framework\\src\\Illuminate\\Foundation\\Http\\Kernel.php(110): Illuminate\\Foundation\\Http\\Kernel->sendRequestThroughRouter(Object(Illuminate\\Http\\Request))
#40 C:\\laragon\\www\\es_ldcu2\\public\\index.php(55): Illuminate\\Foundation\\Http\\Kernel->handle(Object(Illuminate\\Http\\Request))
#41 C:\\laragon\\www\\es_ldcu2\\server.php(21): require_once('C:\\\\laragon\\\\www\\\\...')
#42 {main}
"} 
[2025-07-11 07:39:22] local.WARNING: No college students found for section: HONESTY  
[2025-07-11 07:39:22] local.WARNING: No college students found for section: INTEGRITY  
[2025-07-11 07:39:23] local.ERROR: Undefined variable: enrollment_his (View: C:\laragon\www\es_ldcu2\resources\views\registrar\forms\tor\pdf\pdf_tor_sait.blade.php) {"userId":1,"exception":"[object] (Facade\\Ignition\\Exceptions\\ViewException(code: 0): Undefined variable: enrollment_his (View: C:\\laragon\\www\\es_ldcu2\\resources\\views\\registrar\\forms\\tor\\pdf\\pdf_tor_sait.blade.php) at C:\\laragon\\www\\es_ldcu2\\resources\\views/registrar/forms/tor/pdf/pdf_tor_sait.blade.php:222)
[stacktrace]
#0 C:\\laragon\\www\\es_ldcu2\\resources\\views/registrar/forms/tor/pdf/pdf_tor_sait.blade.php(222): Illuminate\\Foundation\\Bootstrap\\HandleExceptions->handleError(8, 'Undefined varia...', 'C:\\\\laragon\\\\www\\\\...', 225, Array)
#1 C:\\laragon\\www\\es_ldcu2\\vendor\\laravel\\framework\\src\\Illuminate\\View\\Engines\\PhpEngine.php(43): include('C:\\\\laragon\\\\www\\\\...')
#2 C:\\laragon\\www\\es_ldcu2\\vendor\\laravel\\framework\\src\\Illuminate\\View\\Engines\\CompilerEngine.php(59): Illuminate\\View\\Engines\\PhpEngine->evaluatePath('C:\\\\laragon\\\\www\\\\...', Array)
#3 C:\\laragon\\www\\es_ldcu2\\vendor\\facade\\ignition\\src\\Views\\Engines\\CompilerEngine.php(36): Illuminate\\View\\Engines\\CompilerEngine->get('C:\\\\laragon\\\\www\\\\...', Array)
#4 C:\\laragon\\www\\es_ldcu2\\vendor\\laravel\\framework\\src\\Illuminate\\View\\View.php(143): Facade\\Ignition\\Views\\Engines\\CompilerEngine->get('C:\\\\laragon\\\\www\\\\...', Array)
#5 C:\\laragon\\www\\es_ldcu2\\vendor\\laravel\\framework\\src\\Illuminate\\View\\View.php(126): Illuminate\\View\\View->getContents()
#6 C:\\laragon\\www\\es_ldcu2\\vendor\\laravel\\framework\\src\\Illuminate\\View\\View.php(91): Illuminate\\View\\View->renderContents()
#7 C:\\laragon\\www\\es_ldcu2\\vendor\\barryvdh\\laravel-dompdf\\src\\PDF.php(132): Illuminate\\View\\View->render()
#8 C:\\laragon\\www\\es_ldcu2\\vendor\\barryvdh\\laravel-dompdf\\src\\Facade.php(31): Barryvdh\\DomPDF\\PDF->loadView('registrar/forms...', Array)
#9 C:\\laragon\\www\\es_ldcu2\\app\\Http\\Controllers\\Migration\\RegistrarMigration.php(465): Barryvdh\\DomPDF\\Facade::__callStatic('loadview', Array)
#10 C:\\laragon\\www\\es_ldcu2\\vendor\\laravel\\framework\\src\\Illuminate\\Routing\\Controller.php(54): App\\Http\\Controllers\\Migration\\RegistrarMigration->downloadTorMasterlistBatch(Object(Illuminate\\Http\\Request))
#11 C:\\laragon\\www\\es_ldcu2\\vendor\\laravel\\framework\\src\\Illuminate\\Routing\\ControllerDispatcher.php(45): Illuminate\\Routing\\Controller->callAction('downloadTorMast...', Array)
#12 C:\\laragon\\www\\es_ldcu2\\vendor\\laravel\\framework\\src\\Illuminate\\Routing\\Route.php(219): Illuminate\\Routing\\ControllerDispatcher->dispatch(Object(Illuminate\\Routing\\Route), Object(App\\Http\\Controllers\\Migration\\RegistrarMigration), 'downloadTorMast...')
#13 C:\\laragon\\www\\es_ldcu2\\vendor\\laravel\\framework\\src\\Illuminate\\Routing\\Route.php(176): Illuminate\\Routing\\Route->runController()
#14 C:\\laragon\\www\\es_ldcu2\\vendor\\laravel\\framework\\src\\Illuminate\\Routing\\Router.php(681): Illuminate\\Routing\\Route->run()
#15 C:\\laragon\\www\\es_ldcu2\\vendor\\laravel\\framework\\src\\Illuminate\\Pipeline\\Pipeline.php(130): Illuminate\\Routing\\Router->Illuminate\\Routing\\{closure}(Object(Illuminate\\Http\\Request))
#16 C:\\laragon\\www\\es_ldcu2\\vendor\\laravel\\framework\\src\\Illuminate\\Routing\\Middleware\\SubstituteBindings.php(41): Illuminate\\Pipeline\\Pipeline->Illuminate\\Pipeline\\{closure}(Object(Illuminate\\Http\\Request))
#17 C:\\laragon\\www\\es_ldcu2\\vendor\\laravel\\framework\\src\\Illuminate\\Pipeline\\Pipeline.php(171): Illuminate\\Routing\\Middleware\\SubstituteBindings->handle(Object(Illuminate\\Http\\Request), Object(Closure))
#18 C:\\laragon\\www\\es_ldcu2\\vendor\\laravel\\framework\\src\\Illuminate\\Foundation\\Http\\Middleware\\VerifyCsrfToken.php(78): Illuminate\\Pipeline\\Pipeline->Illuminate\\Pipeline\\{closure}(Object(Illuminate\\Http\\Request))
#19 C:\\laragon\\www\\es_ldcu2\\vendor\\laravel\\framework\\src\\Illuminate\\Pipeline\\Pipeline.php(171): Illuminate\\Foundation\\Http\\Middleware\\VerifyCsrfToken->handle(Object(Illuminate\\Http\\Request), Object(Closure))
#20 C:\\laragon\\www\\es_ldcu2\\vendor\\laravel\\framework\\src\\Illuminate\\View\\Middleware\\ShareErrorsFromSession.php(49): Illuminate\\Pipeline\\Pipeline->Illuminate\\Pipeline\\{closure}(Object(Illuminate\\Http\\Request))
#21 C:\\laragon\\www\\es_ldcu2\\vendor\\laravel\\framework\\src\\Illuminate\\Pipeline\\Pipeline.php(171): Illuminate\\View\\Middleware\\ShareErrorsFromSession->handle(Object(Illuminate\\Http\\Request), Object(Closure))
#22 C:\\laragon\\www\\es_ldcu2\\vendor\\laravel\\framework\\src\\Illuminate\\Session\\Middleware\\StartSession.php(56): Illuminate\\Pipeline\\Pipeline->Illuminate\\Pipeline\\{closure}(Object(Illuminate\\Http\\Request))
#23 C:\\laragon\\www\\es_ldcu2\\vendor\\laravel\\framework\\src\\Illuminate\\Pipeline\\Pipeline.php(171): Illuminate\\Session\\Middleware\\StartSession->handle(Object(Illuminate\\Http\\Request), Object(Closure))
#24 C:\\laragon\\www\\es_ldcu2\\vendor\\laravel\\framework\\src\\Illuminate\\Cookie\\Middleware\\AddQueuedCookiesToResponse.php(37): Illuminate\\Pipeline\\Pipeline->Illuminate\\Pipeline\\{closure}(Object(Illuminate\\Http\\Request))
#25 C:\\laragon\\www\\es_ldcu2\\vendor\\laravel\\framework\\src\\Illuminate\\Pipeline\\Pipeline.php(171): Illuminate\\Cookie\\Middleware\\AddQueuedCookiesToResponse->handle(Object(Illuminate\\Http\\Request), Object(Closure))
#26 C:\\laragon\\www\\es_ldcu2\\vendor\\laravel\\framework\\src\\Illuminate\\Cookie\\Middleware\\EncryptCookies.php(67): Illuminate\\Pipeline\\Pipeline->Illuminate\\Pipeline\\{closure}(Object(Illuminate\\Http\\Request))
#27 C:\\laragon\\www\\es_ldcu2\\vendor\\laravel\\framework\\src\\Illuminate\\Pipeline\\Pipeline.php(171): Illuminate\\Cookie\\Middleware\\EncryptCookies->handle(Object(Illuminate\\Http\\Request), Object(Closure))
#28 C:\\laragon\\www\\es_ldcu2\\vendor\\laravel\\framework\\src\\Illuminate\\Pipeline\\Pipeline.php(105): Illuminate\\Pipeline\\Pipeline->Illuminate\\Pipeline\\{closure}(Object(Illuminate\\Http\\Request))
#29 C:\\laragon\\www\\es_ldcu2\\vendor\\laravel\\framework\\src\\Illuminate\\Routing\\Router.php(683): Illuminate\\Pipeline\\Pipeline->then(Object(Closure))
#30 C:\\laragon\\www\\es_ldcu2\\vendor\\laravel\\framework\\src\\Illuminate\\Routing\\Router.php(658): Illuminate\\Routing\\Router->runRouteWithinStack(Object(Illuminate\\Routing\\Route), Object(Illuminate\\Http\\Request))
#31 C:\\laragon\\www\\es_ldcu2\\vendor\\laravel\\framework\\src\\Illuminate\\Routing\\Router.php(624): Illuminate\\Routing\\Router->runRoute(Object(Illuminate\\Http\\Request), Object(Illuminate\\Routing\\Route))
#32 C:\\laragon\\www\\es_ldcu2\\vendor\\laravel\\framework\\src\\Illuminate\\Routing\\Router.php(613): Illuminate\\Routing\\Router->dispatchToRoute(Object(Illuminate\\Http\\Request))
#33 C:\\laragon\\www\\es_ldcu2\\vendor\\laravel\\framework\\src\\Illuminate\\Foundation\\Http\\Kernel.php(170): Illuminate\\Routing\\Router->dispatch(Object(Illuminate\\Http\\Request))
#34 C:\\laragon\\www\\es_ldcu2\\vendor\\laravel\\framework\\src\\Illuminate\\Pipeline\\Pipeline.php(130): Illuminate\\Foundation\\Http\\Kernel->Illuminate\\Foundation\\Http\\{closure}(Object(Illuminate\\Http\\Request))
#35 C:\\laragon\\www\\es_ldcu2\\vendor\\laravel\\framework\\src\\Illuminate\\Foundation\\Http\\Middleware\\TransformsRequest.php(21): Illuminate\\Pipeline\\Pipeline->Illuminate\\Pipeline\\{closure}(Object(Illuminate\\Http\\Request))
#36 C:\\laragon\\www\\es_ldcu2\\vendor\\laravel\\framework\\src\\Illuminate\\Pipeline\\Pipeline.php(171): Illuminate\\Foundation\\Http\\Middleware\\TransformsRequest->handle(Object(Illuminate\\Http\\Request), Object(Closure))
#37 C:\\laragon\\www\\es_ldcu2\\vendor\\laravel\\framework\\src\\Illuminate\\Foundation\\Http\\Middleware\\TransformsRequest.php(21): Illuminate\\Pipeline\\Pipeline->Illuminate\\Pipeline\\{closure}(Object(Illuminate\\Http\\Request))
#38 C:\\laragon\\www\\es_ldcu2\\vendor\\laravel\\framework\\src\\Illuminate\\Pipeline\\Pipeline.php(171): Illuminate\\Foundation\\Http\\Middleware\\TransformsRequest->handle(Object(Illuminate\\Http\\Request), Object(Closure))
#39 C:\\laragon\\www\\es_ldcu2\\vendor\\laravel\\framework\\src\\Illuminate\\Foundation\\Http\\Middleware\\ValidatePostSize.php(27): Illuminate\\Pipeline\\Pipeline->Illuminate\\Pipeline\\{closure}(Object(Illuminate\\Http\\Request))
#40 C:\\laragon\\www\\es_ldcu2\\vendor\\laravel\\framework\\src\\Illuminate\\Pipeline\\Pipeline.php(171): Illuminate\\Foundation\\Http\\Middleware\\ValidatePostSize->handle(Object(Illuminate\\Http\\Request), Object(Closure))
#41 C:\\laragon\\www\\es_ldcu2\\vendor\\laravel\\framework\\src\\Illuminate\\Foundation\\Http\\Middleware\\CheckForMaintenanceMode.php(63): Illuminate\\Pipeline\\Pipeline->Illuminate\\Pipeline\\{closure}(Object(Illuminate\\Http\\Request))
#42 C:\\laragon\\www\\es_ldcu2\\vendor\\laravel\\framework\\src\\Illuminate\\Pipeline\\Pipeline.php(171): Illuminate\\Foundation\\Http\\Middleware\\CheckForMaintenanceMode->handle(Object(Illuminate\\Http\\Request), Object(Closure))
#43 C:\\laragon\\www\\es_ldcu2\\vendor\\fideloper\\proxy\\src\\TrustProxies.php(57): Illuminate\\Pipeline\\Pipeline->Illuminate\\Pipeline\\{closure}(Object(Illuminate\\Http\\Request))
#44 C:\\laragon\\www\\es_ldcu2\\vendor\\laravel\\framework\\src\\Illuminate\\Pipeline\\Pipeline.php(171): Fideloper\\Proxy\\TrustProxies->handle(Object(Illuminate\\Http\\Request), Object(Closure))
#45 C:\\laragon\\www\\es_ldcu2\\vendor\\laravel\\framework\\src\\Illuminate\\Pipeline\\Pipeline.php(105): Illuminate\\Pipeline\\Pipeline->Illuminate\\Pipeline\\{closure}(Object(Illuminate\\Http\\Request))
#46 C:\\laragon\\www\\es_ldcu2\\vendor\\laravel\\framework\\src\\Illuminate\\Foundation\\Http\\Kernel.php(145): Illuminate\\Pipeline\\Pipeline->then(Object(Closure))
#47 C:\\laragon\\www\\es_ldcu2\\vendor\\laravel\\framework\\src\\Illuminate\\Foundation\\Http\\Kernel.php(110): Illuminate\\Foundation\\Http\\Kernel->sendRequestThroughRouter(Object(Illuminate\\Http\\Request))
#48 C:\\laragon\\www\\es_ldcu2\\public\\index.php(55): Illuminate\\Foundation\\Http\\Kernel->handle(Object(Illuminate\\Http\\Request))
#49 C:\\laragon\\www\\es_ldcu2\\server.php(21): require_once('C:\\\\laragon\\\\www\\\\...')
#50 {main}

[previous exception] [object] (ErrorException(code: 0): Undefined variable: enrollment_his at C:\\laragon\\www\\es_ldcu2\\storage\\framework\\views\\43acce4dfb339ee7d835de54162130fc909d7bae.php:225)
[stacktrace]
#0 C:\\laragon\\www\\es_ldcu2\\storage\\framework\\views\\43acce4dfb339ee7d835de54162130fc909d7bae.php(225): Illuminate\\Foundation\\Bootstrap\\HandleExceptions->handleError(8, 'Undefined varia...', 'C:\\\\laragon\\\\www\\\\...', 225, Array)
#1 C:\\laragon\\www\\es_ldcu2\\vendor\\laravel\\framework\\src\\Illuminate\\View\\Engines\\PhpEngine.php(43): include('C:\\\\laragon\\\\www\\\\...')
#2 C:\\laragon\\www\\es_ldcu2\\vendor\\laravel\\framework\\src\\Illuminate\\View\\Engines\\CompilerEngine.php(59): Illuminate\\View\\Engines\\PhpEngine->evaluatePath('C:\\\\laragon\\\\www\\\\...', Array)
#3 C:\\laragon\\www\\es_ldcu2\\vendor\\facade\\ignition\\src\\Views\\Engines\\CompilerEngine.php(36): Illuminate\\View\\Engines\\CompilerEngine->get('C:\\\\laragon\\\\www\\\\...', Array)
#4 C:\\laragon\\www\\es_ldcu2\\vendor\\laravel\\framework\\src\\Illuminate\\View\\View.php(143): Facade\\Ignition\\Views\\Engines\\CompilerEngine->get('C:\\\\laragon\\\\www\\\\...', Array)
#5 C:\\laragon\\www\\es_ldcu2\\vendor\\laravel\\framework\\src\\Illuminate\\View\\View.php(126): Illuminate\\View\\View->getContents()
#6 C:\\laragon\\www\\es_ldcu2\\vendor\\laravel\\framework\\src\\Illuminate\\View\\View.php(91): Illuminate\\View\\View->renderContents()
#7 C:\\laragon\\www\\es_ldcu2\\vendor\\barryvdh\\laravel-dompdf\\src\\PDF.php(132): Illuminate\\View\\View->render()
#8 C:\\laragon\\www\\es_ldcu2\\vendor\\barryvdh\\laravel-dompdf\\src\\Facade.php(31): Barryvdh\\DomPDF\\PDF->loadView('registrar/forms...', Array)
#9 C:\\laragon\\www\\es_ldcu2\\app\\Http\\Controllers\\Migration\\RegistrarMigration.php(465): Barryvdh\\DomPDF\\Facade::__callStatic('loadview', Array)
#10 C:\\laragon\\www\\es_ldcu2\\vendor\\laravel\\framework\\src\\Illuminate\\Routing\\Controller.php(54): App\\Http\\Controllers\\Migration\\RegistrarMigration->downloadTorMasterlistBatch(Object(Illuminate\\Http\\Request))
#11 C:\\laragon\\www\\es_ldcu2\\vendor\\laravel\\framework\\src\\Illuminate\\Routing\\ControllerDispatcher.php(45): Illuminate\\Routing\\Controller->callAction('downloadTorMast...', Array)
#12 C:\\laragon\\www\\es_ldcu2\\vendor\\laravel\\framework\\src\\Illuminate\\Routing\\Route.php(219): Illuminate\\Routing\\ControllerDispatcher->dispatch(Object(Illuminate\\Routing\\Route), Object(App\\Http\\Controllers\\Migration\\RegistrarMigration), 'downloadTorMast...')
#13 C:\\laragon\\www\\es_ldcu2\\vendor\\laravel\\framework\\src\\Illuminate\\Routing\\Route.php(176): Illuminate\\Routing\\Route->runController()
#14 C:\\laragon\\www\\es_ldcu2\\vendor\\laravel\\framework\\src\\Illuminate\\Routing\\Router.php(681): Illuminate\\Routing\\Route->run()
#15 C:\\laragon\\www\\es_ldcu2\\vendor\\laravel\\framework\\src\\Illuminate\\Pipeline\\Pipeline.php(130): Illuminate\\Routing\\Router->Illuminate\\Routing\\{closure}(Object(Illuminate\\Http\\Request))
#16 C:\\laragon\\www\\es_ldcu2\\vendor\\laravel\\framework\\src\\Illuminate\\Routing\\Middleware\\SubstituteBindings.php(41): Illuminate\\Pipeline\\Pipeline->Illuminate\\Pipeline\\{closure}(Object(Illuminate\\Http\\Request))
#17 C:\\laragon\\www\\es_ldcu2\\vendor\\laravel\\framework\\src\\Illuminate\\Pipeline\\Pipeline.php(171): Illuminate\\Routing\\Middleware\\SubstituteBindings->handle(Object(Illuminate\\Http\\Request), Object(Closure))
#18 C:\\laragon\\www\\es_ldcu2\\vendor\\laravel\\framework\\src\\Illuminate\\Foundation\\Http\\Middleware\\VerifyCsrfToken.php(78): Illuminate\\Pipeline\\Pipeline->Illuminate\\Pipeline\\{closure}(Object(Illuminate\\Http\\Request))
#19 C:\\laragon\\www\\es_ldcu2\\vendor\\laravel\\framework\\src\\Illuminate\\Pipeline\\Pipeline.php(171): Illuminate\\Foundation\\Http\\Middleware\\VerifyCsrfToken->handle(Object(Illuminate\\Http\\Request), Object(Closure))
#20 C:\\laragon\\www\\es_ldcu2\\vendor\\laravel\\framework\\src\\Illuminate\\View\\Middleware\\ShareErrorsFromSession.php(49): Illuminate\\Pipeline\\Pipeline->Illuminate\\Pipeline\\{closure}(Object(Illuminate\\Http\\Request))
#21 C:\\laragon\\www\\es_ldcu2\\vendor\\laravel\\framework\\src\\Illuminate\\Pipeline\\Pipeline.php(171): Illuminate\\View\\Middleware\\ShareErrorsFromSession->handle(Object(Illuminate\\Http\\Request), Object(Closure))
#22 C:\\laragon\\www\\es_ldcu2\\vendor\\laravel\\framework\\src\\Illuminate\\Session\\Middleware\\StartSession.php(56): Illuminate\\Pipeline\\Pipeline->Illuminate\\Pipeline\\{closure}(Object(Illuminate\\Http\\Request))
#23 C:\\laragon\\www\\es_ldcu2\\vendor\\laravel\\framework\\src\\Illuminate\\Pipeline\\Pipeline.php(171): Illuminate\\Session\\Middleware\\StartSession->handle(Object(Illuminate\\Http\\Request), Object(Closure))
#24 C:\\laragon\\www\\es_ldcu2\\vendor\\laravel\\framework\\src\\Illuminate\\Cookie\\Middleware\\AddQueuedCookiesToResponse.php(37): Illuminate\\Pipeline\\Pipeline->Illuminate\\Pipeline\\{closure}(Object(Illuminate\\Http\\Request))
#25 C:\\laragon\\www\\es_ldcu2\\vendor\\laravel\\framework\\src\\Illuminate\\Pipeline\\Pipeline.php(171): Illuminate\\Cookie\\Middleware\\AddQueuedCookiesToResponse->handle(Object(Illuminate\\Http\\Request), Object(Closure))
#26 C:\\laragon\\www\\es_ldcu2\\vendor\\laravel\\framework\\src\\Illuminate\\Cookie\\Middleware\\EncryptCookies.php(67): Illuminate\\Pipeline\\Pipeline->Illuminate\\Pipeline\\{closure}(Object(Illuminate\\Http\\Request))
#27 C:\\laragon\\www\\es_ldcu2\\vendor\\laravel\\framework\\src\\Illuminate\\Pipeline\\Pipeline.php(171): Illuminate\\Cookie\\Middleware\\EncryptCookies->handle(Object(Illuminate\\Http\\Request), Object(Closure))
#28 C:\\laragon\\www\\es_ldcu2\\vendor\\laravel\\framework\\src\\Illuminate\\Pipeline\\Pipeline.php(105): Illuminate\\Pipeline\\Pipeline->Illuminate\\Pipeline\\{closure}(Object(Illuminate\\Http\\Request))
#29 C:\\laragon\\www\\es_ldcu2\\vendor\\laravel\\framework\\src\\Illuminate\\Routing\\Router.php(683): Illuminate\\Pipeline\\Pipeline->then(Object(Closure))
#30 C:\\laragon\\www\\es_ldcu2\\vendor\\laravel\\framework\\src\\Illuminate\\Routing\\Router.php(658): Illuminate\\Routing\\Router->runRouteWithinStack(Object(Illuminate\\Routing\\Route), Object(Illuminate\\Http\\Request))
#31 C:\\laragon\\www\\es_ldcu2\\vendor\\laravel\\framework\\src\\Illuminate\\Routing\\Router.php(624): Illuminate\\Routing\\Router->runRoute(Object(Illuminate\\Http\\Request), Object(Illuminate\\Routing\\Route))
#32 C:\\laragon\\www\\es_ldcu2\\vendor\\laravel\\framework\\src\\Illuminate\\Routing\\Router.php(613): Illuminate\\Routing\\Router->dispatchToRoute(Object(Illuminate\\Http\\Request))
#33 C:\\laragon\\www\\es_ldcu2\\vendor\\laravel\\framework\\src\\Illuminate\\Foundation\\Http\\Kernel.php(170): Illuminate\\Routing\\Router->dispatch(Object(Illuminate\\Http\\Request))
#34 C:\\laragon\\www\\es_ldcu2\\vendor\\laravel\\framework\\src\\Illuminate\\Pipeline\\Pipeline.php(130): Illuminate\\Foundation\\Http\\Kernel->Illuminate\\Foundation\\Http\\{closure}(Object(Illuminate\\Http\\Request))
#35 C:\\laragon\\www\\es_ldcu2\\vendor\\laravel\\framework\\src\\Illuminate\\Foundation\\Http\\Middleware\\TransformsRequest.php(21): Illuminate\\Pipeline\\Pipeline->Illuminate\\Pipeline\\{closure}(Object(Illuminate\\Http\\Request))
#36 C:\\laragon\\www\\es_ldcu2\\vendor\\laravel\\framework\\src\\Illuminate\\Pipeline\\Pipeline.php(171): Illuminate\\Foundation\\Http\\Middleware\\TransformsRequest->handle(Object(Illuminate\\Http\\Request), Object(Closure))
#37 C:\\laragon\\www\\es_ldcu2\\vendor\\laravel\\framework\\src\\Illuminate\\Foundation\\Http\\Middleware\\TransformsRequest.php(21): Illuminate\\Pipeline\\Pipeline->Illuminate\\Pipeline\\{closure}(Object(Illuminate\\Http\\Request))
#38 C:\\laragon\\www\\es_ldcu2\\vendor\\laravel\\framework\\src\\Illuminate\\Pipeline\\Pipeline.php(171): Illuminate\\Foundation\\Http\\Middleware\\TransformsRequest->handle(Object(Illuminate\\Http\\Request), Object(Closure))
#39 C:\\laragon\\www\\es_ldcu2\\vendor\\laravel\\framework\\src\\Illuminate\\Foundation\\Http\\Middleware\\ValidatePostSize.php(27): Illuminate\\Pipeline\\Pipeline->Illuminate\\Pipeline\\{closure}(Object(Illuminate\\Http\\Request))
#40 C:\\laragon\\www\\es_ldcu2\\vendor\\laravel\\framework\\src\\Illuminate\\Pipeline\\Pipeline.php(171): Illuminate\\Foundation\\Http\\Middleware\\ValidatePostSize->handle(Object(Illuminate\\Http\\Request), Object(Closure))
#41 C:\\laragon\\www\\es_ldcu2\\vendor\\laravel\\framework\\src\\Illuminate\\Foundation\\Http\\Middleware\\CheckForMaintenanceMode.php(63): Illuminate\\Pipeline\\Pipeline->Illuminate\\Pipeline\\{closure}(Object(Illuminate\\Http\\Request))
#42 C:\\laragon\\www\\es_ldcu2\\vendor\\laravel\\framework\\src\\Illuminate\\Pipeline\\Pipeline.php(171): Illuminate\\Foundation\\Http\\Middleware\\CheckForMaintenanceMode->handle(Object(Illuminate\\Http\\Request), Object(Closure))
#43 C:\\laragon\\www\\es_ldcu2\\vendor\\fideloper\\proxy\\src\\TrustProxies.php(57): Illuminate\\Pipeline\\Pipeline->Illuminate\\Pipeline\\{closure}(Object(Illuminate\\Http\\Request))
#44 C:\\laragon\\www\\es_ldcu2\\vendor\\laravel\\framework\\src\\Illuminate\\Pipeline\\Pipeline.php(171): Fideloper\\Proxy\\TrustProxies->handle(Object(Illuminate\\Http\\Request), Object(Closure))
#45 C:\\laragon\\www\\es_ldcu2\\vendor\\laravel\\framework\\src\\Illuminate\\Pipeline\\Pipeline.php(105): Illuminate\\Pipeline\\Pipeline->Illuminate\\Pipeline\\{closure}(Object(Illuminate\\Http\\Request))
#46 C:\\laragon\\www\\es_ldcu2\\vendor\\laravel\\framework\\src\\Illuminate\\Foundation\\Http\\Kernel.php(145): Illuminate\\Pipeline\\Pipeline->then(Object(Closure))
#47 C:\\laragon\\www\\es_ldcu2\\vendor\\laravel\\framework\\src\\Illuminate\\Foundation\\Http\\Kernel.php(110): Illuminate\\Foundation\\Http\\Kernel->sendRequestThroughRouter(Object(Illuminate\\Http\\Request))
#48 C:\\laragon\\www\\es_ldcu2\\public\\index.php(55): Illuminate\\Foundation\\Http\\Kernel->handle(Object(Illuminate\\Http\\Request))
#49 C:\\laragon\\www\\es_ldcu2\\server.php(21): require_once('C:\\\\laragon\\\\www\\\\...')
#50 {main}
"} 
[2025-07-11 07:42:06] local.WARNING: No college students found for section: HONESTY  
[2025-07-11 07:42:06] local.WARNING: No college students found for section: INTEGRITY  
[2025-07-11 07:42:06] local.ERROR: Undefined variable: iscollege_grad (View: C:\laragon\www\es_ldcu2\resources\views\registrar\forms\tor\pdf\pdf_tor_sait.blade.php) {"userId":1,"exception":"[object] (Facade\\Ignition\\Exceptions\\ViewException(code: 0): Undefined variable: iscollege_grad (View: C:\\laragon\\www\\es_ldcu2\\resources\\views\\registrar\\forms\\tor\\pdf\\pdf_tor_sait.blade.php) at C:\\laragon\\www\\es_ldcu2\\resources\\views/registrar/forms/tor/pdf/pdf_tor_sait.blade.php:249)
[stacktrace]
#0 C:\\laragon\\www\\es_ldcu2\\resources\\views/registrar/forms/tor/pdf/pdf_tor_sait.blade.php(249): Illuminate\\Foundation\\Bootstrap\\HandleExceptions->handleError(8, 'Undefined varia...', 'C:\\\\laragon\\\\www\\\\...', 253, Array)
#1 C:\\laragon\\www\\es_ldcu2\\vendor\\laravel\\framework\\src\\Illuminate\\View\\Engines\\PhpEngine.php(43): include('C:\\\\laragon\\\\www\\\\...')
#2 C:\\laragon\\www\\es_ldcu2\\vendor\\laravel\\framework\\src\\Illuminate\\View\\Engines\\CompilerEngine.php(59): Illuminate\\View\\Engines\\PhpEngine->evaluatePath('C:\\\\laragon\\\\www\\\\...', Array)
#3 C:\\laragon\\www\\es_ldcu2\\vendor\\facade\\ignition\\src\\Views\\Engines\\CompilerEngine.php(36): Illuminate\\View\\Engines\\CompilerEngine->get('C:\\\\laragon\\\\www\\\\...', Array)
#4 C:\\laragon\\www\\es_ldcu2\\vendor\\laravel\\framework\\src\\Illuminate\\View\\View.php(143): Facade\\Ignition\\Views\\Engines\\CompilerEngine->get('C:\\\\laragon\\\\www\\\\...', Array)
#5 C:\\laragon\\www\\es_ldcu2\\vendor\\laravel\\framework\\src\\Illuminate\\View\\View.php(126): Illuminate\\View\\View->getContents()
#6 C:\\laragon\\www\\es_ldcu2\\vendor\\laravel\\framework\\src\\Illuminate\\View\\View.php(91): Illuminate\\View\\View->renderContents()
#7 C:\\laragon\\www\\es_ldcu2\\vendor\\barryvdh\\laravel-dompdf\\src\\PDF.php(132): Illuminate\\View\\View->render()
#8 C:\\laragon\\www\\es_ldcu2\\vendor\\barryvdh\\laravel-dompdf\\src\\Facade.php(31): Barryvdh\\DomPDF\\PDF->loadView('registrar/forms...', Array)
#9 C:\\laragon\\www\\es_ldcu2\\app\\Http\\Controllers\\Migration\\RegistrarMigration.php(465): Barryvdh\\DomPDF\\Facade::__callStatic('loadview', Array)
#10 C:\\laragon\\www\\es_ldcu2\\vendor\\laravel\\framework\\src\\Illuminate\\Routing\\Controller.php(54): App\\Http\\Controllers\\Migration\\RegistrarMigration->downloadTorMasterlistBatch(Object(Illuminate\\Http\\Request))
#11 C:\\laragon\\www\\es_ldcu2\\vendor\\laravel\\framework\\src\\Illuminate\\Routing\\ControllerDispatcher.php(45): Illuminate\\Routing\\Controller->callAction('downloadTorMast...', Array)
#12 C:\\laragon\\www\\es_ldcu2\\vendor\\laravel\\framework\\src\\Illuminate\\Routing\\Route.php(219): Illuminate\\Routing\\ControllerDispatcher->dispatch(Object(Illuminate\\Routing\\Route), Object(App\\Http\\Controllers\\Migration\\RegistrarMigration), 'downloadTorMast...')
#13 C:\\laragon\\www\\es_ldcu2\\vendor\\laravel\\framework\\src\\Illuminate\\Routing\\Route.php(176): Illuminate\\Routing\\Route->runController()
#14 C:\\laragon\\www\\es_ldcu2\\vendor\\laravel\\framework\\src\\Illuminate\\Routing\\Router.php(681): Illuminate\\Routing\\Route->run()
#15 C:\\laragon\\www\\es_ldcu2\\vendor\\laravel\\framework\\src\\Illuminate\\Pipeline\\Pipeline.php(130): Illuminate\\Routing\\Router->Illuminate\\Routing\\{closure}(Object(Illuminate\\Http\\Request))
#16 C:\\laragon\\www\\es_ldcu2\\vendor\\laravel\\framework\\src\\Illuminate\\Routing\\Middleware\\SubstituteBindings.php(41): Illuminate\\Pipeline\\Pipeline->Illuminate\\Pipeline\\{closure}(Object(Illuminate\\Http\\Request))
#17 C:\\laragon\\www\\es_ldcu2\\vendor\\laravel\\framework\\src\\Illuminate\\Pipeline\\Pipeline.php(171): Illuminate\\Routing\\Middleware\\SubstituteBindings->handle(Object(Illuminate\\Http\\Request), Object(Closure))
#18 C:\\laragon\\www\\es_ldcu2\\vendor\\laravel\\framework\\src\\Illuminate\\Foundation\\Http\\Middleware\\VerifyCsrfToken.php(78): Illuminate\\Pipeline\\Pipeline->Illuminate\\Pipeline\\{closure}(Object(Illuminate\\Http\\Request))
#19 C:\\laragon\\www\\es_ldcu2\\vendor\\laravel\\framework\\src\\Illuminate\\Pipeline\\Pipeline.php(171): Illuminate\\Foundation\\Http\\Middleware\\VerifyCsrfToken->handle(Object(Illuminate\\Http\\Request), Object(Closure))
#20 C:\\laragon\\www\\es_ldcu2\\vendor\\laravel\\framework\\src\\Illuminate\\View\\Middleware\\ShareErrorsFromSession.php(49): Illuminate\\Pipeline\\Pipeline->Illuminate\\Pipeline\\{closure}(Object(Illuminate\\Http\\Request))
#21 C:\\laragon\\www\\es_ldcu2\\vendor\\laravel\\framework\\src\\Illuminate\\Pipeline\\Pipeline.php(171): Illuminate\\View\\Middleware\\ShareErrorsFromSession->handle(Object(Illuminate\\Http\\Request), Object(Closure))
#22 C:\\laragon\\www\\es_ldcu2\\vendor\\laravel\\framework\\src\\Illuminate\\Session\\Middleware\\StartSession.php(56): Illuminate\\Pipeline\\Pipeline->Illuminate\\Pipeline\\{closure}(Object(Illuminate\\Http\\Request))
#23 C:\\laragon\\www\\es_ldcu2\\vendor\\laravel\\framework\\src\\Illuminate\\Pipeline\\Pipeline.php(171): Illuminate\\Session\\Middleware\\StartSession->handle(Object(Illuminate\\Http\\Request), Object(Closure))
#24 C:\\laragon\\www\\es_ldcu2\\vendor\\laravel\\framework\\src\\Illuminate\\Cookie\\Middleware\\AddQueuedCookiesToResponse.php(37): Illuminate\\Pipeline\\Pipeline->Illuminate\\Pipeline\\{closure}(Object(Illuminate\\Http\\Request))
#25 C:\\laragon\\www\\es_ldcu2\\vendor\\laravel\\framework\\src\\Illuminate\\Pipeline\\Pipeline.php(171): Illuminate\\Cookie\\Middleware\\AddQueuedCookiesToResponse->handle(Object(Illuminate\\Http\\Request), Object(Closure))
#26 C:\\laragon\\www\\es_ldcu2\\vendor\\laravel\\framework\\src\\Illuminate\\Cookie\\Middleware\\EncryptCookies.php(67): Illuminate\\Pipeline\\Pipeline->Illuminate\\Pipeline\\{closure}(Object(Illuminate\\Http\\Request))
#27 C:\\laragon\\www\\es_ldcu2\\vendor\\laravel\\framework\\src\\Illuminate\\Pipeline\\Pipeline.php(171): Illuminate\\Cookie\\Middleware\\EncryptCookies->handle(Object(Illuminate\\Http\\Request), Object(Closure))
#28 C:\\laragon\\www\\es_ldcu2\\vendor\\laravel\\framework\\src\\Illuminate\\Pipeline\\Pipeline.php(105): Illuminate\\Pipeline\\Pipeline->Illuminate\\Pipeline\\{closure}(Object(Illuminate\\Http\\Request))
#29 C:\\laragon\\www\\es_ldcu2\\vendor\\laravel\\framework\\src\\Illuminate\\Routing\\Router.php(683): Illuminate\\Pipeline\\Pipeline->then(Object(Closure))
#30 C:\\laragon\\www\\es_ldcu2\\vendor\\laravel\\framework\\src\\Illuminate\\Routing\\Router.php(658): Illuminate\\Routing\\Router->runRouteWithinStack(Object(Illuminate\\Routing\\Route), Object(Illuminate\\Http\\Request))
#31 C:\\laragon\\www\\es_ldcu2\\vendor\\laravel\\framework\\src\\Illuminate\\Routing\\Router.php(624): Illuminate\\Routing\\Router->runRoute(Object(Illuminate\\Http\\Request), Object(Illuminate\\Routing\\Route))
#32 C:\\laragon\\www\\es_ldcu2\\vendor\\laravel\\framework\\src\\Illuminate\\Routing\\Router.php(613): Illuminate\\Routing\\Router->dispatchToRoute(Object(Illuminate\\Http\\Request))
#33 C:\\laragon\\www\\es_ldcu2\\vendor\\laravel\\framework\\src\\Illuminate\\Foundation\\Http\\Kernel.php(170): Illuminate\\Routing\\Router->dispatch(Object(Illuminate\\Http\\Request))
#34 C:\\laragon\\www\\es_ldcu2\\vendor\\laravel\\framework\\src\\Illuminate\\Pipeline\\Pipeline.php(130): Illuminate\\Foundation\\Http\\Kernel->Illuminate\\Foundation\\Http\\{closure}(Object(Illuminate\\Http\\Request))
#35 C:\\laragon\\www\\es_ldcu2\\vendor\\laravel\\framework\\src\\Illuminate\\Foundation\\Http\\Middleware\\TransformsRequest.php(21): Illuminate\\Pipeline\\Pipeline->Illuminate\\Pipeline\\{closure}(Object(Illuminate\\Http\\Request))
#36 C:\\laragon\\www\\es_ldcu2\\vendor\\laravel\\framework\\src\\Illuminate\\Pipeline\\Pipeline.php(171): Illuminate\\Foundation\\Http\\Middleware\\TransformsRequest->handle(Object(Illuminate\\Http\\Request), Object(Closure))
#37 C:\\laragon\\www\\es_ldcu2\\vendor\\laravel\\framework\\src\\Illuminate\\Foundation\\Http\\Middleware\\TransformsRequest.php(21): Illuminate\\Pipeline\\Pipeline->Illuminate\\Pipeline\\{closure}(Object(Illuminate\\Http\\Request))
#38 C:\\laragon\\www\\es_ldcu2\\vendor\\laravel\\framework\\src\\Illuminate\\Pipeline\\Pipeline.php(171): Illuminate\\Foundation\\Http\\Middleware\\TransformsRequest->handle(Object(Illuminate\\Http\\Request), Object(Closure))
#39 C:\\laragon\\www\\es_ldcu2\\vendor\\laravel\\framework\\src\\Illuminate\\Foundation\\Http\\Middleware\\ValidatePostSize.php(27): Illuminate\\Pipeline\\Pipeline->Illuminate\\Pipeline\\{closure}(Object(Illuminate\\Http\\Request))
#40 C:\\laragon\\www\\es_ldcu2\\vendor\\laravel\\framework\\src\\Illuminate\\Pipeline\\Pipeline.php(171): Illuminate\\Foundation\\Http\\Middleware\\ValidatePostSize->handle(Object(Illuminate\\Http\\Request), Object(Closure))
#41 C:\\laragon\\www\\es_ldcu2\\vendor\\laravel\\framework\\src\\Illuminate\\Foundation\\Http\\Middleware\\CheckForMaintenanceMode.php(63): Illuminate\\Pipeline\\Pipeline->Illuminate\\Pipeline\\{closure}(Object(Illuminate\\Http\\Request))
#42 C:\\laragon\\www\\es_ldcu2\\vendor\\laravel\\framework\\src\\Illuminate\\Pipeline\\Pipeline.php(171): Illuminate\\Foundation\\Http\\Middleware\\CheckForMaintenanceMode->handle(Object(Illuminate\\Http\\Request), Object(Closure))
#43 C:\\laragon\\www\\es_ldcu2\\vendor\\fideloper\\proxy\\src\\TrustProxies.php(57): Illuminate\\Pipeline\\Pipeline->Illuminate\\Pipeline\\{closure}(Object(Illuminate\\Http\\Request))
#44 C:\\laragon\\www\\es_ldcu2\\vendor\\laravel\\framework\\src\\Illuminate\\Pipeline\\Pipeline.php(171): Fideloper\\Proxy\\TrustProxies->handle(Object(Illuminate\\Http\\Request), Object(Closure))
#45 C:\\laragon\\www\\es_ldcu2\\vendor\\laravel\\framework\\src\\Illuminate\\Pipeline\\Pipeline.php(105): Illuminate\\Pipeline\\Pipeline->Illuminate\\Pipeline\\{closure}(Object(Illuminate\\Http\\Request))
#46 C:\\laragon\\www\\es_ldcu2\\vendor\\laravel\\framework\\src\\Illuminate\\Foundation\\Http\\Kernel.php(145): Illuminate\\Pipeline\\Pipeline->then(Object(Closure))
#47 C:\\laragon\\www\\es_ldcu2\\vendor\\laravel\\framework\\src\\Illuminate\\Foundation\\Http\\Kernel.php(110): Illuminate\\Foundation\\Http\\Kernel->sendRequestThroughRouter(Object(Illuminate\\Http\\Request))
#48 C:\\laragon\\www\\es_ldcu2\\public\\index.php(55): Illuminate\\Foundation\\Http\\Kernel->handle(Object(Illuminate\\Http\\Request))
#49 C:\\laragon\\www\\es_ldcu2\\server.php(21): require_once('C:\\\\laragon\\\\www\\\\...')
#50 {main}

[previous exception] [object] (ErrorException(code: 0): Undefined variable: iscollege_grad at C:\\laragon\\www\\es_ldcu2\\storage\\framework\\views\\43acce4dfb339ee7d835de54162130fc909d7bae.php:253)
[stacktrace]
#0 C:\\laragon\\www\\es_ldcu2\\storage\\framework\\views\\43acce4dfb339ee7d835de54162130fc909d7bae.php(253): Illuminate\\Foundation\\Bootstrap\\HandleExceptions->handleError(8, 'Undefined varia...', 'C:\\\\laragon\\\\www\\\\...', 253, Array)
#1 C:\\laragon\\www\\es_ldcu2\\vendor\\laravel\\framework\\src\\Illuminate\\View\\Engines\\PhpEngine.php(43): include('C:\\\\laragon\\\\www\\\\...')
#2 C:\\laragon\\www\\es_ldcu2\\vendor\\laravel\\framework\\src\\Illuminate\\View\\Engines\\CompilerEngine.php(59): Illuminate\\View\\Engines\\PhpEngine->evaluatePath('C:\\\\laragon\\\\www\\\\...', Array)
#3 C:\\laragon\\www\\es_ldcu2\\vendor\\facade\\ignition\\src\\Views\\Engines\\CompilerEngine.php(36): Illuminate\\View\\Engines\\CompilerEngine->get('C:\\\\laragon\\\\www\\\\...', Array)
#4 C:\\laragon\\www\\es_ldcu2\\vendor\\laravel\\framework\\src\\Illuminate\\View\\View.php(143): Facade\\Ignition\\Views\\Engines\\CompilerEngine->get('C:\\\\laragon\\\\www\\\\...', Array)
#5 C:\\laragon\\www\\es_ldcu2\\vendor\\laravel\\framework\\src\\Illuminate\\View\\View.php(126): Illuminate\\View\\View->getContents()
#6 C:\\laragon\\www\\es_ldcu2\\vendor\\laravel\\framework\\src\\Illuminate\\View\\View.php(91): Illuminate\\View\\View->renderContents()
#7 C:\\laragon\\www\\es_ldcu2\\vendor\\barryvdh\\laravel-dompdf\\src\\PDF.php(132): Illuminate\\View\\View->render()
#8 C:\\laragon\\www\\es_ldcu2\\vendor\\barryvdh\\laravel-dompdf\\src\\Facade.php(31): Barryvdh\\DomPDF\\PDF->loadView('registrar/forms...', Array)
#9 C:\\laragon\\www\\es_ldcu2\\app\\Http\\Controllers\\Migration\\RegistrarMigration.php(465): Barryvdh\\DomPDF\\Facade::__callStatic('loadview', Array)
#10 C:\\laragon\\www\\es_ldcu2\\vendor\\laravel\\framework\\src\\Illuminate\\Routing\\Controller.php(54): App\\Http\\Controllers\\Migration\\RegistrarMigration->downloadTorMasterlistBatch(Object(Illuminate\\Http\\Request))
#11 C:\\laragon\\www\\es_ldcu2\\vendor\\laravel\\framework\\src\\Illuminate\\Routing\\ControllerDispatcher.php(45): Illuminate\\Routing\\Controller->callAction('downloadTorMast...', Array)
#12 C:\\laragon\\www\\es_ldcu2\\vendor\\laravel\\framework\\src\\Illuminate\\Routing\\Route.php(219): Illuminate\\Routing\\ControllerDispatcher->dispatch(Object(Illuminate\\Routing\\Route), Object(App\\Http\\Controllers\\Migration\\RegistrarMigration), 'downloadTorMast...')
#13 C:\\laragon\\www\\es_ldcu2\\vendor\\laravel\\framework\\src\\Illuminate\\Routing\\Route.php(176): Illuminate\\Routing\\Route->runController()
#14 C:\\laragon\\www\\es_ldcu2\\vendor\\laravel\\framework\\src\\Illuminate\\Routing\\Router.php(681): Illuminate\\Routing\\Route->run()
#15 C:\\laragon\\www\\es_ldcu2\\vendor\\laravel\\framework\\src\\Illuminate\\Pipeline\\Pipeline.php(130): Illuminate\\Routing\\Router->Illuminate\\Routing\\{closure}(Object(Illuminate\\Http\\Request))
#16 C:\\laragon\\www\\es_ldcu2\\vendor\\laravel\\framework\\src\\Illuminate\\Routing\\Middleware\\SubstituteBindings.php(41): Illuminate\\Pipeline\\Pipeline->Illuminate\\Pipeline\\{closure}(Object(Illuminate\\Http\\Request))
#17 C:\\laragon\\www\\es_ldcu2\\vendor\\laravel\\framework\\src\\Illuminate\\Pipeline\\Pipeline.php(171): Illuminate\\Routing\\Middleware\\SubstituteBindings->handle(Object(Illuminate\\Http\\Request), Object(Closure))
#18 C:\\laragon\\www\\es_ldcu2\\vendor\\laravel\\framework\\src\\Illuminate\\Foundation\\Http\\Middleware\\VerifyCsrfToken.php(78): Illuminate\\Pipeline\\Pipeline->Illuminate\\Pipeline\\{closure}(Object(Illuminate\\Http\\Request))
#19 C:\\laragon\\www\\es_ldcu2\\vendor\\laravel\\framework\\src\\Illuminate\\Pipeline\\Pipeline.php(171): Illuminate\\Foundation\\Http\\Middleware\\VerifyCsrfToken->handle(Object(Illuminate\\Http\\Request), Object(Closure))
#20 C:\\laragon\\www\\es_ldcu2\\vendor\\laravel\\framework\\src\\Illuminate\\View\\Middleware\\ShareErrorsFromSession.php(49): Illuminate\\Pipeline\\Pipeline->Illuminate\\Pipeline\\{closure}(Object(Illuminate\\Http\\Request))
#21 C:\\laragon\\www\\es_ldcu2\\vendor\\laravel\\framework\\src\\Illuminate\\Pipeline\\Pipeline.php(171): Illuminate\\View\\Middleware\\ShareErrorsFromSession->handle(Object(Illuminate\\Http\\Request), Object(Closure))
#22 C:\\laragon\\www\\es_ldcu2\\vendor\\laravel\\framework\\src\\Illuminate\\Session\\Middleware\\StartSession.php(56): Illuminate\\Pipeline\\Pipeline->Illuminate\\Pipeline\\{closure}(Object(Illuminate\\Http\\Request))
#23 C:\\laragon\\www\\es_ldcu2\\vendor\\laravel\\framework\\src\\Illuminate\\Pipeline\\Pipeline.php(171): Illuminate\\Session\\Middleware\\StartSession->handle(Object(Illuminate\\Http\\Request), Object(Closure))
#24 C:\\laragon\\www\\es_ldcu2\\vendor\\laravel\\framework\\src\\Illuminate\\Cookie\\Middleware\\AddQueuedCookiesToResponse.php(37): Illuminate\\Pipeline\\Pipeline->Illuminate\\Pipeline\\{closure}(Object(Illuminate\\Http\\Request))
#25 C:\\laragon\\www\\es_ldcu2\\vendor\\laravel\\framework\\src\\Illuminate\\Pipeline\\Pipeline.php(171): Illuminate\\Cookie\\Middleware\\AddQueuedCookiesToResponse->handle(Object(Illuminate\\Http\\Request), Object(Closure))
#26 C:\\laragon\\www\\es_ldcu2\\vendor\\laravel\\framework\\src\\Illuminate\\Cookie\\Middleware\\EncryptCookies.php(67): Illuminate\\Pipeline\\Pipeline->Illuminate\\Pipeline\\{closure}(Object(Illuminate\\Http\\Request))
#27 C:\\laragon\\www\\es_ldcu2\\vendor\\laravel\\framework\\src\\Illuminate\\Pipeline\\Pipeline.php(171): Illuminate\\Cookie\\Middleware\\EncryptCookies->handle(Object(Illuminate\\Http\\Request), Object(Closure))
#28 C:\\laragon\\www\\es_ldcu2\\vendor\\laravel\\framework\\src\\Illuminate\\Pipeline\\Pipeline.php(105): Illuminate\\Pipeline\\Pipeline->Illuminate\\Pipeline\\{closure}(Object(Illuminate\\Http\\Request))
#29 C:\\laragon\\www\\es_ldcu2\\vendor\\laravel\\framework\\src\\Illuminate\\Routing\\Router.php(683): Illuminate\\Pipeline\\Pipeline->then(Object(Closure))
#30 C:\\laragon\\www\\es_ldcu2\\vendor\\laravel\\framework\\src\\Illuminate\\Routing\\Router.php(658): Illuminate\\Routing\\Router->runRouteWithinStack(Object(Illuminate\\Routing\\Route), Object(Illuminate\\Http\\Request))
#31 C:\\laragon\\www\\es_ldcu2\\vendor\\laravel\\framework\\src\\Illuminate\\Routing\\Router.php(624): Illuminate\\Routing\\Router->runRoute(Object(Illuminate\\Http\\Request), Object(Illuminate\\Routing\\Route))
#32 C:\\laragon\\www\\es_ldcu2\\vendor\\laravel\\framework\\src\\Illuminate\\Routing\\Router.php(613): Illuminate\\Routing\\Router->dispatchToRoute(Object(Illuminate\\Http\\Request))
#33 C:\\laragon\\www\\es_ldcu2\\vendor\\laravel\\framework\\src\\Illuminate\\Foundation\\Http\\Kernel.php(170): Illuminate\\Routing\\Router->dispatch(Object(Illuminate\\Http\\Request))
#34 C:\\laragon\\www\\es_ldcu2\\vendor\\laravel\\framework\\src\\Illuminate\\Pipeline\\Pipeline.php(130): Illuminate\\Foundation\\Http\\Kernel->Illuminate\\Foundation\\Http\\{closure}(Object(Illuminate\\Http\\Request))
#35 C:\\laragon\\www\\es_ldcu2\\vendor\\laravel\\framework\\src\\Illuminate\\Foundation\\Http\\Middleware\\TransformsRequest.php(21): Illuminate\\Pipeline\\Pipeline->Illuminate\\Pipeline\\{closure}(Object(Illuminate\\Http\\Request))
#36 C:\\laragon\\www\\es_ldcu2\\vendor\\laravel\\framework\\src\\Illuminate\\Pipeline\\Pipeline.php(171): Illuminate\\Foundation\\Http\\Middleware\\TransformsRequest->handle(Object(Illuminate\\Http\\Request), Object(Closure))
#37 C:\\laragon\\www\\es_ldcu2\\vendor\\laravel\\framework\\src\\Illuminate\\Foundation\\Http\\Middleware\\TransformsRequest.php(21): Illuminate\\Pipeline\\Pipeline->Illuminate\\Pipeline\\{closure}(Object(Illuminate\\Http\\Request))
#38 C:\\laragon\\www\\es_ldcu2\\vendor\\laravel\\framework\\src\\Illuminate\\Pipeline\\Pipeline.php(171): Illuminate\\Foundation\\Http\\Middleware\\TransformsRequest->handle(Object(Illuminate\\Http\\Request), Object(Closure))
#39 C:\\laragon\\www\\es_ldcu2\\vendor\\laravel\\framework\\src\\Illuminate\\Foundation\\Http\\Middleware\\ValidatePostSize.php(27): Illuminate\\Pipeline\\Pipeline->Illuminate\\Pipeline\\{closure}(Object(Illuminate\\Http\\Request))
#40 C:\\laragon\\www\\es_ldcu2\\vendor\\laravel\\framework\\src\\Illuminate\\Pipeline\\Pipeline.php(171): Illuminate\\Foundation\\Http\\Middleware\\ValidatePostSize->handle(Object(Illuminate\\Http\\Request), Object(Closure))
#41 C:\\laragon\\www\\es_ldcu2\\vendor\\laravel\\framework\\src\\Illuminate\\Foundation\\Http\\Middleware\\CheckForMaintenanceMode.php(63): Illuminate\\Pipeline\\Pipeline->Illuminate\\Pipeline\\{closure}(Object(Illuminate\\Http\\Request))
#42 C:\\laragon\\www\\es_ldcu2\\vendor\\laravel\\framework\\src\\Illuminate\\Pipeline\\Pipeline.php(171): Illuminate\\Foundation\\Http\\Middleware\\CheckForMaintenanceMode->handle(Object(Illuminate\\Http\\Request), Object(Closure))
#43 C:\\laragon\\www\\es_ldcu2\\vendor\\fideloper\\proxy\\src\\TrustProxies.php(57): Illuminate\\Pipeline\\Pipeline->Illuminate\\Pipeline\\{closure}(Object(Illuminate\\Http\\Request))
#44 C:\\laragon\\www\\es_ldcu2\\vendor\\laravel\\framework\\src\\Illuminate\\Pipeline\\Pipeline.php(171): Fideloper\\Proxy\\TrustProxies->handle(Object(Illuminate\\Http\\Request), Object(Closure))
#45 C:\\laragon\\www\\es_ldcu2\\vendor\\laravel\\framework\\src\\Illuminate\\Pipeline\\Pipeline.php(105): Illuminate\\Pipeline\\Pipeline->Illuminate\\Pipeline\\{closure}(Object(Illuminate\\Http\\Request))
#46 C:\\laragon\\www\\es_ldcu2\\vendor\\laravel\\framework\\src\\Illuminate\\Foundation\\Http\\Kernel.php(145): Illuminate\\Pipeline\\Pipeline->then(Object(Closure))
#47 C:\\laragon\\www\\es_ldcu2\\vendor\\laravel\\framework\\src\\Illuminate\\Foundation\\Http\\Kernel.php(110): Illuminate\\Foundation\\Http\\Kernel->sendRequestThroughRouter(Object(Illuminate\\Http\\Request))
#48 C:\\laragon\\www\\es_ldcu2\\public\\index.php(55): Illuminate\\Foundation\\Http\\Kernel->handle(Object(Illuminate\\Http\\Request))
#49 C:\\laragon\\www\\es_ldcu2\\server.php(21): require_once('C:\\\\laragon\\\\www\\\\...')
#50 {main}
"} 
[2025-07-11 07:42:13] local.WARNING: No college students found for section: HONESTY  
[2025-07-11 07:42:13] local.WARNING: No college students found for section: INTEGRITY  
[2025-07-11 07:42:14] local.ERROR: Undefined variable: lastterm (View: C:\laragon\www\es_ldcu2\resources\views\registrar\forms\tor\pdf\pdf_tor_sait.blade.php) {"userId":1,"exception":"[object] (Facade\\Ignition\\Exceptions\\ViewException(code: 0): Undefined variable: lastterm (View: C:\\laragon\\www\\es_ldcu2\\resources\\views\\registrar\\forms\\tor\\pdf\\pdf_tor_sait.blade.php) at C:\\laragon\\www\\es_ldcu2\\resources\\views/registrar/forms/tor/pdf/pdf_tor_sait.blade.php:271)
[stacktrace]
#0 C:\\laragon\\www\\es_ldcu2\\resources\\views/registrar/forms/tor/pdf/pdf_tor_sait.blade.php(271): Illuminate\\Foundation\\Bootstrap\\HandleExceptions->handleError(8, 'Undefined varia...', 'C:\\\\laragon\\\\www\\\\...', 275, Array)
#1 C:\\laragon\\www\\es_ldcu2\\vendor\\laravel\\framework\\src\\Illuminate\\View\\Engines\\PhpEngine.php(43): include('C:\\\\laragon\\\\www\\\\...')
#2 C:\\laragon\\www\\es_ldcu2\\vendor\\laravel\\framework\\src\\Illuminate\\View\\Engines\\CompilerEngine.php(59): Illuminate\\View\\Engines\\PhpEngine->evaluatePath('C:\\\\laragon\\\\www\\\\...', Array)
#3 C:\\laragon\\www\\es_ldcu2\\vendor\\facade\\ignition\\src\\Views\\Engines\\CompilerEngine.php(36): Illuminate\\View\\Engines\\CompilerEngine->get('C:\\\\laragon\\\\www\\\\...', Array)
#4 C:\\laragon\\www\\es_ldcu2\\vendor\\laravel\\framework\\src\\Illuminate\\View\\View.php(143): Facade\\Ignition\\Views\\Engines\\CompilerEngine->get('C:\\\\laragon\\\\www\\\\...', Array)
#5 C:\\laragon\\www\\es_ldcu2\\vendor\\laravel\\framework\\src\\Illuminate\\View\\View.php(126): Illuminate\\View\\View->getContents()
#6 C:\\laragon\\www\\es_ldcu2\\vendor\\laravel\\framework\\src\\Illuminate\\View\\View.php(91): Illuminate\\View\\View->renderContents()
#7 C:\\laragon\\www\\es_ldcu2\\vendor\\barryvdh\\laravel-dompdf\\src\\PDF.php(132): Illuminate\\View\\View->render()
#8 C:\\laragon\\www\\es_ldcu2\\vendor\\barryvdh\\laravel-dompdf\\src\\Facade.php(31): Barryvdh\\DomPDF\\PDF->loadView('registrar/forms...', Array)
#9 C:\\laragon\\www\\es_ldcu2\\app\\Http\\Controllers\\Migration\\RegistrarMigration.php(465): Barryvdh\\DomPDF\\Facade::__callStatic('loadview', Array)
#10 C:\\laragon\\www\\es_ldcu2\\vendor\\laravel\\framework\\src\\Illuminate\\Routing\\Controller.php(54): App\\Http\\Controllers\\Migration\\RegistrarMigration->downloadTorMasterlistBatch(Object(Illuminate\\Http\\Request))
#11 C:\\laragon\\www\\es_ldcu2\\vendor\\laravel\\framework\\src\\Illuminate\\Routing\\ControllerDispatcher.php(45): Illuminate\\Routing\\Controller->callAction('downloadTorMast...', Array)
#12 C:\\laragon\\www\\es_ldcu2\\vendor\\laravel\\framework\\src\\Illuminate\\Routing\\Route.php(219): Illuminate\\Routing\\ControllerDispatcher->dispatch(Object(Illuminate\\Routing\\Route), Object(App\\Http\\Controllers\\Migration\\RegistrarMigration), 'downloadTorMast...')
#13 C:\\laragon\\www\\es_ldcu2\\vendor\\laravel\\framework\\src\\Illuminate\\Routing\\Route.php(176): Illuminate\\Routing\\Route->runController()
#14 C:\\laragon\\www\\es_ldcu2\\vendor\\laravel\\framework\\src\\Illuminate\\Routing\\Router.php(681): Illuminate\\Routing\\Route->run()
#15 C:\\laragon\\www\\es_ldcu2\\vendor\\laravel\\framework\\src\\Illuminate\\Pipeline\\Pipeline.php(130): Illuminate\\Routing\\Router->Illuminate\\Routing\\{closure}(Object(Illuminate\\Http\\Request))
#16 C:\\laragon\\www\\es_ldcu2\\vendor\\laravel\\framework\\src\\Illuminate\\Routing\\Middleware\\SubstituteBindings.php(41): Illuminate\\Pipeline\\Pipeline->Illuminate\\Pipeline\\{closure}(Object(Illuminate\\Http\\Request))
#17 C:\\laragon\\www\\es_ldcu2\\vendor\\laravel\\framework\\src\\Illuminate\\Pipeline\\Pipeline.php(171): Illuminate\\Routing\\Middleware\\SubstituteBindings->handle(Object(Illuminate\\Http\\Request), Object(Closure))
#18 C:\\laragon\\www\\es_ldcu2\\vendor\\laravel\\framework\\src\\Illuminate\\Foundation\\Http\\Middleware\\VerifyCsrfToken.php(78): Illuminate\\Pipeline\\Pipeline->Illuminate\\Pipeline\\{closure}(Object(Illuminate\\Http\\Request))
#19 C:\\laragon\\www\\es_ldcu2\\vendor\\laravel\\framework\\src\\Illuminate\\Pipeline\\Pipeline.php(171): Illuminate\\Foundation\\Http\\Middleware\\VerifyCsrfToken->handle(Object(Illuminate\\Http\\Request), Object(Closure))
#20 C:\\laragon\\www\\es_ldcu2\\vendor\\laravel\\framework\\src\\Illuminate\\View\\Middleware\\ShareErrorsFromSession.php(49): Illuminate\\Pipeline\\Pipeline->Illuminate\\Pipeline\\{closure}(Object(Illuminate\\Http\\Request))
#21 C:\\laragon\\www\\es_ldcu2\\vendor\\laravel\\framework\\src\\Illuminate\\Pipeline\\Pipeline.php(171): Illuminate\\View\\Middleware\\ShareErrorsFromSession->handle(Object(Illuminate\\Http\\Request), Object(Closure))
#22 C:\\laragon\\www\\es_ldcu2\\vendor\\laravel\\framework\\src\\Illuminate\\Session\\Middleware\\StartSession.php(56): Illuminate\\Pipeline\\Pipeline->Illuminate\\Pipeline\\{closure}(Object(Illuminate\\Http\\Request))
#23 C:\\laragon\\www\\es_ldcu2\\vendor\\laravel\\framework\\src\\Illuminate\\Pipeline\\Pipeline.php(171): Illuminate\\Session\\Middleware\\StartSession->handle(Object(Illuminate\\Http\\Request), Object(Closure))
#24 C:\\laragon\\www\\es_ldcu2\\vendor\\laravel\\framework\\src\\Illuminate\\Cookie\\Middleware\\AddQueuedCookiesToResponse.php(37): Illuminate\\Pipeline\\Pipeline->Illuminate\\Pipeline\\{closure}(Object(Illuminate\\Http\\Request))
#25 C:\\laragon\\www\\es_ldcu2\\vendor\\laravel\\framework\\src\\Illuminate\\Pipeline\\Pipeline.php(171): Illuminate\\Cookie\\Middleware\\AddQueuedCookiesToResponse->handle(Object(Illuminate\\Http\\Request), Object(Closure))
#26 C:\\laragon\\www\\es_ldcu2\\vendor\\laravel\\framework\\src\\Illuminate\\Cookie\\Middleware\\EncryptCookies.php(67): Illuminate\\Pipeline\\Pipeline->Illuminate\\Pipeline\\{closure}(Object(Illuminate\\Http\\Request))
#27 C:\\laragon\\www\\es_ldcu2\\vendor\\laravel\\framework\\src\\Illuminate\\Pipeline\\Pipeline.php(171): Illuminate\\Cookie\\Middleware\\EncryptCookies->handle(Object(Illuminate\\Http\\Request), Object(Closure))
#28 C:\\laragon\\www\\es_ldcu2\\vendor\\laravel\\framework\\src\\Illuminate\\Pipeline\\Pipeline.php(105): Illuminate\\Pipeline\\Pipeline->Illuminate\\Pipeline\\{closure}(Object(Illuminate\\Http\\Request))
#29 C:\\laragon\\www\\es_ldcu2\\vendor\\laravel\\framework\\src\\Illuminate\\Routing\\Router.php(683): Illuminate\\Pipeline\\Pipeline->then(Object(Closure))
#30 C:\\laragon\\www\\es_ldcu2\\vendor\\laravel\\framework\\src\\Illuminate\\Routing\\Router.php(658): Illuminate\\Routing\\Router->runRouteWithinStack(Object(Illuminate\\Routing\\Route), Object(Illuminate\\Http\\Request))
#31 C:\\laragon\\www\\es_ldcu2\\vendor\\laravel\\framework\\src\\Illuminate\\Routing\\Router.php(624): Illuminate\\Routing\\Router->runRoute(Object(Illuminate\\Http\\Request), Object(Illuminate\\Routing\\Route))
#32 C:\\laragon\\www\\es_ldcu2\\vendor\\laravel\\framework\\src\\Illuminate\\Routing\\Router.php(613): Illuminate\\Routing\\Router->dispatchToRoute(Object(Illuminate\\Http\\Request))
#33 C:\\laragon\\www\\es_ldcu2\\vendor\\laravel\\framework\\src\\Illuminate\\Foundation\\Http\\Kernel.php(170): Illuminate\\Routing\\Router->dispatch(Object(Illuminate\\Http\\Request))
#34 C:\\laragon\\www\\es_ldcu2\\vendor\\laravel\\framework\\src\\Illuminate\\Pipeline\\Pipeline.php(130): Illuminate\\Foundation\\Http\\Kernel->Illuminate\\Foundation\\Http\\{closure}(Object(Illuminate\\Http\\Request))
#35 C:\\laragon\\www\\es_ldcu2\\vendor\\laravel\\framework\\src\\Illuminate\\Foundation\\Http\\Middleware\\TransformsRequest.php(21): Illuminate\\Pipeline\\Pipeline->Illuminate\\Pipeline\\{closure}(Object(Illuminate\\Http\\Request))
#36 C:\\laragon\\www\\es_ldcu2\\vendor\\laravel\\framework\\src\\Illuminate\\Pipeline\\Pipeline.php(171): Illuminate\\Foundation\\Http\\Middleware\\TransformsRequest->handle(Object(Illuminate\\Http\\Request), Object(Closure))
#37 C:\\laragon\\www\\es_ldcu2\\vendor\\laravel\\framework\\src\\Illuminate\\Foundation\\Http\\Middleware\\TransformsRequest.php(21): Illuminate\\Pipeline\\Pipeline->Illuminate\\Pipeline\\{closure}(Object(Illuminate\\Http\\Request))
#38 C:\\laragon\\www\\es_ldcu2\\vendor\\laravel\\framework\\src\\Illuminate\\Pipeline\\Pipeline.php(171): Illuminate\\Foundation\\Http\\Middleware\\TransformsRequest->handle(Object(Illuminate\\Http\\Request), Object(Closure))
#39 C:\\laragon\\www\\es_ldcu2\\vendor\\laravel\\framework\\src\\Illuminate\\Foundation\\Http\\Middleware\\ValidatePostSize.php(27): Illuminate\\Pipeline\\Pipeline->Illuminate\\Pipeline\\{closure}(Object(Illuminate\\Http\\Request))
#40 C:\\laragon\\www\\es_ldcu2\\vendor\\laravel\\framework\\src\\Illuminate\\Pipeline\\Pipeline.php(171): Illuminate\\Foundation\\Http\\Middleware\\ValidatePostSize->handle(Object(Illuminate\\Http\\Request), Object(Closure))
#41 C:\\laragon\\www\\es_ldcu2\\vendor\\laravel\\framework\\src\\Illuminate\\Foundation\\Http\\Middleware\\CheckForMaintenanceMode.php(63): Illuminate\\Pipeline\\Pipeline->Illuminate\\Pipeline\\{closure}(Object(Illuminate\\Http\\Request))
#42 C:\\laragon\\www\\es_ldcu2\\vendor\\laravel\\framework\\src\\Illuminate\\Pipeline\\Pipeline.php(171): Illuminate\\Foundation\\Http\\Middleware\\CheckForMaintenanceMode->handle(Object(Illuminate\\Http\\Request), Object(Closure))
#43 C:\\laragon\\www\\es_ldcu2\\vendor\\fideloper\\proxy\\src\\TrustProxies.php(57): Illuminate\\Pipeline\\Pipeline->Illuminate\\Pipeline\\{closure}(Object(Illuminate\\Http\\Request))
#44 C:\\laragon\\www\\es_ldcu2\\vendor\\laravel\\framework\\src\\Illuminate\\Pipeline\\Pipeline.php(171): Fideloper\\Proxy\\TrustProxies->handle(Object(Illuminate\\Http\\Request), Object(Closure))
#45 C:\\laragon\\www\\es_ldcu2\\vendor\\laravel\\framework\\src\\Illuminate\\Pipeline\\Pipeline.php(105): Illuminate\\Pipeline\\Pipeline->Illuminate\\Pipeline\\{closure}(Object(Illuminate\\Http\\Request))
#46 C:\\laragon\\www\\es_ldcu2\\vendor\\laravel\\framework\\src\\Illuminate\\Foundation\\Http\\Kernel.php(145): Illuminate\\Pipeline\\Pipeline->then(Object(Closure))
#47 C:\\laragon\\www\\es_ldcu2\\vendor\\laravel\\framework\\src\\Illuminate\\Foundation\\Http\\Kernel.php(110): Illuminate\\Foundation\\Http\\Kernel->sendRequestThroughRouter(Object(Illuminate\\Http\\Request))
#48 C:\\laragon\\www\\es_ldcu2\\public\\index.php(55): Illuminate\\Foundation\\Http\\Kernel->handle(Object(Illuminate\\Http\\Request))
#49 C:\\laragon\\www\\es_ldcu2\\server.php(21): require_once('C:\\\\laragon\\\\www\\\\...')
#50 {main}

[previous exception] [object] (ErrorException(code: 0): Undefined variable: lastterm at C:\\laragon\\www\\es_ldcu2\\storage\\framework\\views\\43acce4dfb339ee7d835de54162130fc909d7bae.php:275)
[stacktrace]
#0 C:\\laragon\\www\\es_ldcu2\\storage\\framework\\views\\43acce4dfb339ee7d835de54162130fc909d7bae.php(275): Illuminate\\Foundation\\Bootstrap\\HandleExceptions->handleError(8, 'Undefined varia...', 'C:\\\\laragon\\\\www\\\\...', 275, Array)
#1 C:\\laragon\\www\\es_ldcu2\\vendor\\laravel\\framework\\src\\Illuminate\\View\\Engines\\PhpEngine.php(43): include('C:\\\\laragon\\\\www\\\\...')
#2 C:\\laragon\\www\\es_ldcu2\\vendor\\laravel\\framework\\src\\Illuminate\\View\\Engines\\CompilerEngine.php(59): Illuminate\\View\\Engines\\PhpEngine->evaluatePath('C:\\\\laragon\\\\www\\\\...', Array)
#3 C:\\laragon\\www\\es_ldcu2\\vendor\\facade\\ignition\\src\\Views\\Engines\\CompilerEngine.php(36): Illuminate\\View\\Engines\\CompilerEngine->get('C:\\\\laragon\\\\www\\\\...', Array)
#4 C:\\laragon\\www\\es_ldcu2\\vendor\\laravel\\framework\\src\\Illuminate\\View\\View.php(143): Facade\\Ignition\\Views\\Engines\\CompilerEngine->get('C:\\\\laragon\\\\www\\\\...', Array)
#5 C:\\laragon\\www\\es_ldcu2\\vendor\\laravel\\framework\\src\\Illuminate\\View\\View.php(126): Illuminate\\View\\View->getContents()
#6 C:\\laragon\\www\\es_ldcu2\\vendor\\laravel\\framework\\src\\Illuminate\\View\\View.php(91): Illuminate\\View\\View->renderContents()
#7 C:\\laragon\\www\\es_ldcu2\\vendor\\barryvdh\\laravel-dompdf\\src\\PDF.php(132): Illuminate\\View\\View->render()
#8 C:\\laragon\\www\\es_ldcu2\\vendor\\barryvdh\\laravel-dompdf\\src\\Facade.php(31): Barryvdh\\DomPDF\\PDF->loadView('registrar/forms...', Array)
#9 C:\\laragon\\www\\es_ldcu2\\app\\Http\\Controllers\\Migration\\RegistrarMigration.php(465): Barryvdh\\DomPDF\\Facade::__callStatic('loadview', Array)
#10 C:\\laragon\\www\\es_ldcu2\\vendor\\laravel\\framework\\src\\Illuminate\\Routing\\Controller.php(54): App\\Http\\Controllers\\Migration\\RegistrarMigration->downloadTorMasterlistBatch(Object(Illuminate\\Http\\Request))
#11 C:\\laragon\\www\\es_ldcu2\\vendor\\laravel\\framework\\src\\Illuminate\\Routing\\ControllerDispatcher.php(45): Illuminate\\Routing\\Controller->callAction('downloadTorMast...', Array)
#12 C:\\laragon\\www\\es_ldcu2\\vendor\\laravel\\framework\\src\\Illuminate\\Routing\\Route.php(219): Illuminate\\Routing\\ControllerDispatcher->dispatch(Object(Illuminate\\Routing\\Route), Object(App\\Http\\Controllers\\Migration\\RegistrarMigration), 'downloadTorMast...')
#13 C:\\laragon\\www\\es_ldcu2\\vendor\\laravel\\framework\\src\\Illuminate\\Routing\\Route.php(176): Illuminate\\Routing\\Route->runController()
#14 C:\\laragon\\www\\es_ldcu2\\vendor\\laravel\\framework\\src\\Illuminate\\Routing\\Router.php(681): Illuminate\\Routing\\Route->run()
#15 C:\\laragon\\www\\es_ldcu2\\vendor\\laravel\\framework\\src\\Illuminate\\Pipeline\\Pipeline.php(130): Illuminate\\Routing\\Router->Illuminate\\Routing\\{closure}(Object(Illuminate\\Http\\Request))
#16 C:\\laragon\\www\\es_ldcu2\\vendor\\laravel\\framework\\src\\Illuminate\\Routing\\Middleware\\SubstituteBindings.php(41): Illuminate\\Pipeline\\Pipeline->Illuminate\\Pipeline\\{closure}(Object(Illuminate\\Http\\Request))
#17 C:\\laragon\\www\\es_ldcu2\\vendor\\laravel\\framework\\src\\Illuminate\\Pipeline\\Pipeline.php(171): Illuminate\\Routing\\Middleware\\SubstituteBindings->handle(Object(Illuminate\\Http\\Request), Object(Closure))
#18 C:\\laragon\\www\\es_ldcu2\\vendor\\laravel\\framework\\src\\Illuminate\\Foundation\\Http\\Middleware\\VerifyCsrfToken.php(78): Illuminate\\Pipeline\\Pipeline->Illuminate\\Pipeline\\{closure}(Object(Illuminate\\Http\\Request))
#19 C:\\laragon\\www\\es_ldcu2\\vendor\\laravel\\framework\\src\\Illuminate\\Pipeline\\Pipeline.php(171): Illuminate\\Foundation\\Http\\Middleware\\VerifyCsrfToken->handle(Object(Illuminate\\Http\\Request), Object(Closure))
#20 C:\\laragon\\www\\es_ldcu2\\vendor\\laravel\\framework\\src\\Illuminate\\View\\Middleware\\ShareErrorsFromSession.php(49): Illuminate\\Pipeline\\Pipeline->Illuminate\\Pipeline\\{closure}(Object(Illuminate\\Http\\Request))
#21 C:\\laragon\\www\\es_ldcu2\\vendor\\laravel\\framework\\src\\Illuminate\\Pipeline\\Pipeline.php(171): Illuminate\\View\\Middleware\\ShareErrorsFromSession->handle(Object(Illuminate\\Http\\Request), Object(Closure))
#22 C:\\laragon\\www\\es_ldcu2\\vendor\\laravel\\framework\\src\\Illuminate\\Session\\Middleware\\StartSession.php(56): Illuminate\\Pipeline\\Pipeline->Illuminate\\Pipeline\\{closure}(Object(Illuminate\\Http\\Request))
#23 C:\\laragon\\www\\es_ldcu2\\vendor\\laravel\\framework\\src\\Illuminate\\Pipeline\\Pipeline.php(171): Illuminate\\Session\\Middleware\\StartSession->handle(Object(Illuminate\\Http\\Request), Object(Closure))
#24 C:\\laragon\\www\\es_ldcu2\\vendor\\laravel\\framework\\src\\Illuminate\\Cookie\\Middleware\\AddQueuedCookiesToResponse.php(37): Illuminate\\Pipeline\\Pipeline->Illuminate\\Pipeline\\{closure}(Object(Illuminate\\Http\\Request))
#25 C:\\laragon\\www\\es_ldcu2\\vendor\\laravel\\framework\\src\\Illuminate\\Pipeline\\Pipeline.php(171): Illuminate\\Cookie\\Middleware\\AddQueuedCookiesToResponse->handle(Object(Illuminate\\Http\\Request), Object(Closure))
#26 C:\\laragon\\www\\es_ldcu2\\vendor\\laravel\\framework\\src\\Illuminate\\Cookie\\Middleware\\EncryptCookies.php(67): Illuminate\\Pipeline\\Pipeline->Illuminate\\Pipeline\\{closure}(Object(Illuminate\\Http\\Request))
#27 C:\\laragon\\www\\es_ldcu2\\vendor\\laravel\\framework\\src\\Illuminate\\Pipeline\\Pipeline.php(171): Illuminate\\Cookie\\Middleware\\EncryptCookies->handle(Object(Illuminate\\Http\\Request), Object(Closure))
#28 C:\\laragon\\www\\es_ldcu2\\vendor\\laravel\\framework\\src\\Illuminate\\Pipeline\\Pipeline.php(105): Illuminate\\Pipeline\\Pipeline->Illuminate\\Pipeline\\{closure}(Object(Illuminate\\Http\\Request))
#29 C:\\laragon\\www\\es_ldcu2\\vendor\\laravel\\framework\\src\\Illuminate\\Routing\\Router.php(683): Illuminate\\Pipeline\\Pipeline->then(Object(Closure))
#30 C:\\laragon\\www\\es_ldcu2\\vendor\\laravel\\framework\\src\\Illuminate\\Routing\\Router.php(658): Illuminate\\Routing\\Router->runRouteWithinStack(Object(Illuminate\\Routing\\Route), Object(Illuminate\\Http\\Request))
#31 C:\\laragon\\www\\es_ldcu2\\vendor\\laravel\\framework\\src\\Illuminate\\Routing\\Router.php(624): Illuminate\\Routing\\Router->runRoute(Object(Illuminate\\Http\\Request), Object(Illuminate\\Routing\\Route))
#32 C:\\laragon\\www\\es_ldcu2\\vendor\\laravel\\framework\\src\\Illuminate\\Routing\\Router.php(613): Illuminate\\Routing\\Router->dispatchToRoute(Object(Illuminate\\Http\\Request))
#33 C:\\laragon\\www\\es_ldcu2\\vendor\\laravel\\framework\\src\\Illuminate\\Foundation\\Http\\Kernel.php(170): Illuminate\\Routing\\Router->dispatch(Object(Illuminate\\Http\\Request))
#34 C:\\laragon\\www\\es_ldcu2\\vendor\\laravel\\framework\\src\\Illuminate\\Pipeline\\Pipeline.php(130): Illuminate\\Foundation\\Http\\Kernel->Illuminate\\Foundation\\Http\\{closure}(Object(Illuminate\\Http\\Request))
#35 C:\\laragon\\www\\es_ldcu2\\vendor\\laravel\\framework\\src\\Illuminate\\Foundation\\Http\\Middleware\\TransformsRequest.php(21): Illuminate\\Pipeline\\Pipeline->Illuminate\\Pipeline\\{closure}(Object(Illuminate\\Http\\Request))
#36 C:\\laragon\\www\\es_ldcu2\\vendor\\laravel\\framework\\src\\Illuminate\\Pipeline\\Pipeline.php(171): Illuminate\\Foundation\\Http\\Middleware\\TransformsRequest->handle(Object(Illuminate\\Http\\Request), Object(Closure))
#37 C:\\laragon\\www\\es_ldcu2\\vendor\\laravel\\framework\\src\\Illuminate\\Foundation\\Http\\Middleware\\TransformsRequest.php(21): Illuminate\\Pipeline\\Pipeline->Illuminate\\Pipeline\\{closure}(Object(Illuminate\\Http\\Request))
#38 C:\\laragon\\www\\es_ldcu2\\vendor\\laravel\\framework\\src\\Illuminate\\Pipeline\\Pipeline.php(171): Illuminate\\Foundation\\Http\\Middleware\\TransformsRequest->handle(Object(Illuminate\\Http\\Request), Object(Closure))
#39 C:\\laragon\\www\\es_ldcu2\\vendor\\laravel\\framework\\src\\Illuminate\\Foundation\\Http\\Middleware\\ValidatePostSize.php(27): Illuminate\\Pipeline\\Pipeline->Illuminate\\Pipeline\\{closure}(Object(Illuminate\\Http\\Request))
#40 C:\\laragon\\www\\es_ldcu2\\vendor\\laravel\\framework\\src\\Illuminate\\Pipeline\\Pipeline.php(171): Illuminate\\Foundation\\Http\\Middleware\\ValidatePostSize->handle(Object(Illuminate\\Http\\Request), Object(Closure))
#41 C:\\laragon\\www\\es_ldcu2\\vendor\\laravel\\framework\\src\\Illuminate\\Foundation\\Http\\Middleware\\CheckForMaintenanceMode.php(63): Illuminate\\Pipeline\\Pipeline->Illuminate\\Pipeline\\{closure}(Object(Illuminate\\Http\\Request))
#42 C:\\laragon\\www\\es_ldcu2\\vendor\\laravel\\framework\\src\\Illuminate\\Pipeline\\Pipeline.php(171): Illuminate\\Foundation\\Http\\Middleware\\CheckForMaintenanceMode->handle(Object(Illuminate\\Http\\Request), Object(Closure))
#43 C:\\laragon\\www\\es_ldcu2\\vendor\\fideloper\\proxy\\src\\TrustProxies.php(57): Illuminate\\Pipeline\\Pipeline->Illuminate\\Pipeline\\{closure}(Object(Illuminate\\Http\\Request))
#44 C:\\laragon\\www\\es_ldcu2\\vendor\\laravel\\framework\\src\\Illuminate\\Pipeline\\Pipeline.php(171): Fideloper\\Proxy\\TrustProxies->handle(Object(Illuminate\\Http\\Request), Object(Closure))
#45 C:\\laragon\\www\\es_ldcu2\\vendor\\laravel\\framework\\src\\Illuminate\\Pipeline\\Pipeline.php(105): Illuminate\\Pipeline\\Pipeline->Illuminate\\Pipeline\\{closure}(Object(Illuminate\\Http\\Request))
#46 C:\\laragon\\www\\es_ldcu2\\vendor\\laravel\\framework\\src\\Illuminate\\Foundation\\Http\\Kernel.php(145): Illuminate\\Pipeline\\Pipeline->then(Object(Closure))
#47 C:\\laragon\\www\\es_ldcu2\\vendor\\laravel\\framework\\src\\Illuminate\\Foundation\\Http\\Kernel.php(110): Illuminate\\Foundation\\Http\\Kernel->sendRequestThroughRouter(Object(Illuminate\\Http\\Request))
#48 C:\\laragon\\www\\es_ldcu2\\public\\index.php(55): Illuminate\\Foundation\\Http\\Kernel->handle(Object(Illuminate\\Http\\Request))
#49 C:\\laragon\\www\\es_ldcu2\\server.php(21): require_once('C:\\\\laragon\\\\www\\\\...')
#50 {main}
"} 
[2025-07-11 07:43:30] local.WARNING: No college students found for section: HONESTY  
[2025-07-11 07:43:30] local.WARNING: No college students found for section: INTEGRITY  
[2025-07-11 07:47:06] local.WARNING: No college students found for section: HUMSS - B  
[2025-07-11 07:47:06] local.WARNING: No college students found for section: HUMSS - C  
[2025-07-11 07:47:19] local.WARNING: No college students found for section: HUMSS - E  
[2025-07-11 07:47:49] local.WARNING: No college students found for section: HUMSS - H  
[2025-07-11 07:47:49] local.WARNING: No college students found for section: HUMSS - I  
