[2025-07-14 05:32:18] local.ERROR: Cannot use object of type stdClass as array (View: C:\laragon\www\es_ldcu2\resources\views\principalsportal\forms\sf9layout\ica\jhs.blade.php) {"userId":1,"exception":"[object] (Facade\\Ignition\\Exceptions\\ViewException(code: 0): Cannot use object of type stdClass as array (View: C:\\laragon\\www\\es_ldcu2\\resources\\views\\principalsportal\\forms\\sf9layout\\ica\\jhs.blade.php) at C:\\laragon\\www\\es_ldcu2\\resources\\views/principalsportal/forms/sf9layout/ica/jhs.blade.php:380)
[stacktrace]
#0 C:\\laragon\\www\\es_ldcu2\\vendor\\laravel\\framework\\src\\Illuminate\\View\\Engines\\PhpEngine.php(43): include()
#1 C:\\laragon\\www\\es_ldcu2\\vendor\\laravel\\framework\\src\\Illuminate\\View\\Engines\\CompilerEngine.php(59): Illuminate\\View\\Engines\\PhpEngine->evaluatePath('C:\\\\laragon\\\\www\\\\...', Array)
#2 C:\\laragon\\www\\es_ldcu2\\vendor\\facade\\ignition\\src\\Views\\Engines\\CompilerEngine.php(36): Illuminate\\View\\Engines\\CompilerEngine->get('C:\\\\laragon\\\\www\\\\...', Array)
#3 C:\\laragon\\www\\es_ldcu2\\vendor\\laravel\\framework\\src\\Illuminate\\View\\View.php(143): Facade\\Ignition\\Views\\Engines\\CompilerEngine->get('C:\\\\laragon\\\\www\\\\...', Array)
#4 C:\\laragon\\www\\es_ldcu2\\vendor\\laravel\\framework\\src\\Illuminate\\View\\View.php(126): Illuminate\\View\\View->getContents()
#5 C:\\laragon\\www\\es_ldcu2\\vendor\\laravel\\framework\\src\\Illuminate\\View\\View.php(91): Illuminate\\View\\View->renderContents()
#6 C:\\laragon\\www\\es_ldcu2\\vendor\\barryvdh\\laravel-dompdf\\src\\PDF.php(132): Illuminate\\View\\View->render()
#7 C:\\laragon\\www\\es_ldcu2\\vendor\\barryvdh\\laravel-dompdf\\src\\Facade.php(31): Barryvdh\\DomPDF\\PDF->loadView('principalsporta...', Array)
#8 C:\\laragon\\www\\es_ldcu2\\app\\Http\\Controllers\\Migration\\RegistrarMigration.php(591): Barryvdh\\DomPDF\\Facade::__callStatic('loadView', Array)
#9 C:\\laragon\\www\\es_ldcu2\\vendor\\laravel\\framework\\src\\Illuminate\\Routing\\Controller.php(54): App\\Http\\Controllers\\Migration\\RegistrarMigration->downloadSf9MasterlistBatch(Object(Illuminate\\Http\\Request))
#10 C:\\laragon\\www\\es_ldcu2\\vendor\\laravel\\framework\\src\\Illuminate\\Routing\\ControllerDispatcher.php(45): Illuminate\\Routing\\Controller->callAction('downloadSf9Mast...', Array)
#11 C:\\laragon\\www\\es_ldcu2\\vendor\\laravel\\framework\\src\\Illuminate\\Routing\\Route.php(219): Illuminate\\Routing\\ControllerDispatcher->dispatch(Object(Illuminate\\Routing\\Route), Object(App\\Http\\Controllers\\Migration\\RegistrarMigration), 'downloadSf9Mast...')
#12 C:\\laragon\\www\\es_ldcu2\\vendor\\laravel\\framework\\src\\Illuminate\\Routing\\Route.php(176): Illuminate\\Routing\\Route->runController()
#13 C:\\laragon\\www\\es_ldcu2\\vendor\\laravel\\framework\\src\\Illuminate\\Routing\\Router.php(681): Illuminate\\Routing\\Route->run()
#14 C:\\laragon\\www\\es_ldcu2\\vendor\\laravel\\framework\\src\\Illuminate\\Pipeline\\Pipeline.php(130): Illuminate\\Routing\\Router->Illuminate\\Routing\\{closure}(Object(Illuminate\\Http\\Request))
#15 C:\\laragon\\www\\es_ldcu2\\vendor\\laravel\\framework\\src\\Illuminate\\Routing\\Middleware\\SubstituteBindings.php(41): Illuminate\\Pipeline\\Pipeline->Illuminate\\Pipeline\\{closure}(Object(Illuminate\\Http\\Request))
#16 C:\\laragon\\www\\es_ldcu2\\vendor\\laravel\\framework\\src\\Illuminate\\Pipeline\\Pipeline.php(171): Illuminate\\Routing\\Middleware\\SubstituteBindings->handle(Object(Illuminate\\Http\\Request), Object(Closure))
#17 C:\\laragon\\www\\es_ldcu2\\vendor\\laravel\\framework\\src\\Illuminate\\Foundation\\Http\\Middleware\\VerifyCsrfToken.php(78): Illuminate\\Pipeline\\Pipeline->Illuminate\\Pipeline\\{closure}(Object(Illuminate\\Http\\Request))
#18 C:\\laragon\\www\\es_ldcu2\\vendor\\laravel\\framework\\src\\Illuminate\\Pipeline\\Pipeline.php(171): Illuminate\\Foundation\\Http\\Middleware\\VerifyCsrfToken->handle(Object(Illuminate\\Http\\Request), Object(Closure))
#19 C:\\laragon\\www\\es_ldcu2\\vendor\\laravel\\framework\\src\\Illuminate\\View\\Middleware\\ShareErrorsFromSession.php(49): Illuminate\\Pipeline\\Pipeline->Illuminate\\Pipeline\\{closure}(Object(Illuminate\\Http\\Request))
#20 C:\\laragon\\www\\es_ldcu2\\vendor\\laravel\\framework\\src\\Illuminate\\Pipeline\\Pipeline.php(171): Illuminate\\View\\Middleware\\ShareErrorsFromSession->handle(Object(Illuminate\\Http\\Request), Object(Closure))
#21 C:\\laragon\\www\\es_ldcu2\\vendor\\laravel\\framework\\src\\Illuminate\\Session\\Middleware\\StartSession.php(56): Illuminate\\Pipeline\\Pipeline->Illuminate\\Pipeline\\{closure}(Object(Illuminate\\Http\\Request))
#22 C:\\laragon\\www\\es_ldcu2\\vendor\\laravel\\framework\\src\\Illuminate\\Pipeline\\Pipeline.php(171): Illuminate\\Session\\Middleware\\StartSession->handle(Object(Illuminate\\Http\\Request), Object(Closure))
#23 C:\\laragon\\www\\es_ldcu2\\vendor\\laravel\\framework\\src\\Illuminate\\Cookie\\Middleware\\AddQueuedCookiesToResponse.php(37): Illuminate\\Pipeline\\Pipeline->Illuminate\\Pipeline\\{closure}(Object(Illuminate\\Http\\Request))
#24 C:\\laragon\\www\\es_ldcu2\\vendor\\laravel\\framework\\src\\Illuminate\\Pipeline\\Pipeline.php(171): Illuminate\\Cookie\\Middleware\\AddQueuedCookiesToResponse->handle(Object(Illuminate\\Http\\Request), Object(Closure))
#25 C:\\laragon\\www\\es_ldcu2\\vendor\\laravel\\framework\\src\\Illuminate\\Cookie\\Middleware\\EncryptCookies.php(67): Illuminate\\Pipeline\\Pipeline->Illuminate\\Pipeline\\{closure}(Object(Illuminate\\Http\\Request))
#26 C:\\laragon\\www\\es_ldcu2\\vendor\\laravel\\framework\\src\\Illuminate\\Pipeline\\Pipeline.php(171): Illuminate\\Cookie\\Middleware\\EncryptCookies->handle(Object(Illuminate\\Http\\Request), Object(Closure))
#27 C:\\laragon\\www\\es_ldcu2\\vendor\\laravel\\framework\\src\\Illuminate\\Pipeline\\Pipeline.php(105): Illuminate\\Pipeline\\Pipeline->Illuminate\\Pipeline\\{closure}(Object(Illuminate\\Http\\Request))
#28 C:\\laragon\\www\\es_ldcu2\\vendor\\laravel\\framework\\src\\Illuminate\\Routing\\Router.php(683): Illuminate\\Pipeline\\Pipeline->then(Object(Closure))
#29 C:\\laragon\\www\\es_ldcu2\\vendor\\laravel\\framework\\src\\Illuminate\\Routing\\Router.php(658): Illuminate\\Routing\\Router->runRouteWithinStack(Object(Illuminate\\Routing\\Route), Object(Illuminate\\Http\\Request))
#30 C:\\laragon\\www\\es_ldcu2\\vendor\\laravel\\framework\\src\\Illuminate\\Routing\\Router.php(624): Illuminate\\Routing\\Router->runRoute(Object(Illuminate\\Http\\Request), Object(Illuminate\\Routing\\Route))
#31 C:\\laragon\\www\\es_ldcu2\\vendor\\laravel\\framework\\src\\Illuminate\\Routing\\Router.php(613): Illuminate\\Routing\\Router->dispatchToRoute(Object(Illuminate\\Http\\Request))
#32 C:\\laragon\\www\\es_ldcu2\\vendor\\laravel\\framework\\src\\Illuminate\\Foundation\\Http\\Kernel.php(170): Illuminate\\Routing\\Router->dispatch(Object(Illuminate\\Http\\Request))
#33 C:\\laragon\\www\\es_ldcu2\\vendor\\laravel\\framework\\src\\Illuminate\\Pipeline\\Pipeline.php(130): Illuminate\\Foundation\\Http\\Kernel->Illuminate\\Foundation\\Http\\{closure}(Object(Illuminate\\Http\\Request))
#34 C:\\laragon\\www\\es_ldcu2\\vendor\\laravel\\framework\\src\\Illuminate\\Foundation\\Http\\Middleware\\TransformsRequest.php(21): Illuminate\\Pipeline\\Pipeline->Illuminate\\Pipeline\\{closure}(Object(Illuminate\\Http\\Request))
#35 C:\\laragon\\www\\es_ldcu2\\vendor\\laravel\\framework\\src\\Illuminate\\Pipeline\\Pipeline.php(171): Illuminate\\Foundation\\Http\\Middleware\\TransformsRequest->handle(Object(Illuminate\\Http\\Request), Object(Closure))
#36 C:\\laragon\\www\\es_ldcu2\\vendor\\laravel\\framework\\src\\Illuminate\\Foundation\\Http\\Middleware\\TransformsRequest.php(21): Illuminate\\Pipeline\\Pipeline->Illuminate\\Pipeline\\{closure}(Object(Illuminate\\Http\\Request))
#37 C:\\laragon\\www\\es_ldcu2\\vendor\\laravel\\framework\\src\\Illuminate\\Pipeline\\Pipeline.php(171): Illuminate\\Foundation\\Http\\Middleware\\TransformsRequest->handle(Object(Illuminate\\Http\\Request), Object(Closure))
#38 C:\\laragon\\www\\es_ldcu2\\vendor\\laravel\\framework\\src\\Illuminate\\Foundation\\Http\\Middleware\\ValidatePostSize.php(27): Illuminate\\Pipeline\\Pipeline->Illuminate\\Pipeline\\{closure}(Object(Illuminate\\Http\\Request))
#39 C:\\laragon\\www\\es_ldcu2\\vendor\\laravel\\framework\\src\\Illuminate\\Pipeline\\Pipeline.php(171): Illuminate\\Foundation\\Http\\Middleware\\ValidatePostSize->handle(Object(Illuminate\\Http\\Request), Object(Closure))
#40 C:\\laragon\\www\\es_ldcu2\\vendor\\laravel\\framework\\src\\Illuminate\\Foundation\\Http\\Middleware\\CheckForMaintenanceMode.php(63): Illuminate\\Pipeline\\Pipeline->Illuminate\\Pipeline\\{closure}(Object(Illuminate\\Http\\Request))
#41 C:\\laragon\\www\\es_ldcu2\\vendor\\laravel\\framework\\src\\Illuminate\\Pipeline\\Pipeline.php(171): Illuminate\\Foundation\\Http\\Middleware\\CheckForMaintenanceMode->handle(Object(Illuminate\\Http\\Request), Object(Closure))
#42 C:\\laragon\\www\\es_ldcu2\\vendor\\fideloper\\proxy\\src\\TrustProxies.php(57): Illuminate\\Pipeline\\Pipeline->Illuminate\\Pipeline\\{closure}(Object(Illuminate\\Http\\Request))
#43 C:\\laragon\\www\\es_ldcu2\\vendor\\laravel\\framework\\src\\Illuminate\\Pipeline\\Pipeline.php(171): Fideloper\\Proxy\\TrustProxies->handle(Object(Illuminate\\Http\\Request), Object(Closure))
#44 C:\\laragon\\www\\es_ldcu2\\vendor\\laravel\\framework\\src\\Illuminate\\Pipeline\\Pipeline.php(105): Illuminate\\Pipeline\\Pipeline->Illuminate\\Pipeline\\{closure}(Object(Illuminate\\Http\\Request))
#45 C:\\laragon\\www\\es_ldcu2\\vendor\\laravel\\framework\\src\\Illuminate\\Foundation\\Http\\Kernel.php(145): Illuminate\\Pipeline\\Pipeline->then(Object(Closure))
#46 C:\\laragon\\www\\es_ldcu2\\vendor\\laravel\\framework\\src\\Illuminate\\Foundation\\Http\\Kernel.php(110): Illuminate\\Foundation\\Http\\Kernel->sendRequestThroughRouter(Object(Illuminate\\Http\\Request))
#47 C:\\laragon\\www\\es_ldcu2\\public\\index.php(55): Illuminate\\Foundation\\Http\\Kernel->handle(Object(Illuminate\\Http\\Request))
#48 C:\\laragon\\www\\es_ldcu2\\server.php(21): require_once('C:\\\\laragon\\\\www\\\\...')
#49 {main}

[previous exception] [object] (Symfony\\Component\\Debug\\Exception\\FatalThrowableError(code: 0): Cannot use object of type stdClass as array at C:\\laragon\\www\\es_ldcu2\\storage\\framework\\views\\e9fb05b7e2da42a09e321f4862534db12a8eda51.php:384)
[stacktrace]
#0 C:\\laragon\\www\\es_ldcu2\\vendor\\laravel\\framework\\src\\Illuminate\\View\\Engines\\PhpEngine.php(43): include()
#1 C:\\laragon\\www\\es_ldcu2\\vendor\\laravel\\framework\\src\\Illuminate\\View\\Engines\\CompilerEngine.php(59): Illuminate\\View\\Engines\\PhpEngine->evaluatePath('C:\\\\laragon\\\\www\\\\...', Array)
#2 C:\\laragon\\www\\es_ldcu2\\vendor\\facade\\ignition\\src\\Views\\Engines\\CompilerEngine.php(36): Illuminate\\View\\Engines\\CompilerEngine->get('C:\\\\laragon\\\\www\\\\...', Array)
#3 C:\\laragon\\www\\es_ldcu2\\vendor\\laravel\\framework\\src\\Illuminate\\View\\View.php(143): Facade\\Ignition\\Views\\Engines\\CompilerEngine->get('C:\\\\laragon\\\\www\\\\...', Array)
#4 C:\\laragon\\www\\es_ldcu2\\vendor\\laravel\\framework\\src\\Illuminate\\View\\View.php(126): Illuminate\\View\\View->getContents()
#5 C:\\laragon\\www\\es_ldcu2\\vendor\\laravel\\framework\\src\\Illuminate\\View\\View.php(91): Illuminate\\View\\View->renderContents()
#6 C:\\laragon\\www\\es_ldcu2\\vendor\\barryvdh\\laravel-dompdf\\src\\PDF.php(132): Illuminate\\View\\View->render()
#7 C:\\laragon\\www\\es_ldcu2\\vendor\\barryvdh\\laravel-dompdf\\src\\Facade.php(31): Barryvdh\\DomPDF\\PDF->loadView('principalsporta...', Array)
#8 C:\\laragon\\www\\es_ldcu2\\app\\Http\\Controllers\\Migration\\RegistrarMigration.php(591): Barryvdh\\DomPDF\\Facade::__callStatic('loadView', Array)
#9 C:\\laragon\\www\\es_ldcu2\\vendor\\laravel\\framework\\src\\Illuminate\\Routing\\Controller.php(54): App\\Http\\Controllers\\Migration\\RegistrarMigration->downloadSf9MasterlistBatch(Object(Illuminate\\Http\\Request))
#10 C:\\laragon\\www\\es_ldcu2\\vendor\\laravel\\framework\\src\\Illuminate\\Routing\\ControllerDispatcher.php(45): Illuminate\\Routing\\Controller->callAction('downloadSf9Mast...', Array)
#11 C:\\laragon\\www\\es_ldcu2\\vendor\\laravel\\framework\\src\\Illuminate\\Routing\\Route.php(219): Illuminate\\Routing\\ControllerDispatcher->dispatch(Object(Illuminate\\Routing\\Route), Object(App\\Http\\Controllers\\Migration\\RegistrarMigration), 'downloadSf9Mast...')
#12 C:\\laragon\\www\\es_ldcu2\\vendor\\laravel\\framework\\src\\Illuminate\\Routing\\Route.php(176): Illuminate\\Routing\\Route->runController()
#13 C:\\laragon\\www\\es_ldcu2\\vendor\\laravel\\framework\\src\\Illuminate\\Routing\\Router.php(681): Illuminate\\Routing\\Route->run()
#14 C:\\laragon\\www\\es_ldcu2\\vendor\\laravel\\framework\\src\\Illuminate\\Pipeline\\Pipeline.php(130): Illuminate\\Routing\\Router->Illuminate\\Routing\\{closure}(Object(Illuminate\\Http\\Request))
#15 C:\\laragon\\www\\es_ldcu2\\vendor\\laravel\\framework\\src\\Illuminate\\Routing\\Middleware\\SubstituteBindings.php(41): Illuminate\\Pipeline\\Pipeline->Illuminate\\Pipeline\\{closure}(Object(Illuminate\\Http\\Request))
#16 C:\\laragon\\www\\es_ldcu2\\vendor\\laravel\\framework\\src\\Illuminate\\Pipeline\\Pipeline.php(171): Illuminate\\Routing\\Middleware\\SubstituteBindings->handle(Object(Illuminate\\Http\\Request), Object(Closure))
#17 C:\\laragon\\www\\es_ldcu2\\vendor\\laravel\\framework\\src\\Illuminate\\Foundation\\Http\\Middleware\\VerifyCsrfToken.php(78): Illuminate\\Pipeline\\Pipeline->Illuminate\\Pipeline\\{closure}(Object(Illuminate\\Http\\Request))
#18 C:\\laragon\\www\\es_ldcu2\\vendor\\laravel\\framework\\src\\Illuminate\\Pipeline\\Pipeline.php(171): Illuminate\\Foundation\\Http\\Middleware\\VerifyCsrfToken->handle(Object(Illuminate\\Http\\Request), Object(Closure))
#19 C:\\laragon\\www\\es_ldcu2\\vendor\\laravel\\framework\\src\\Illuminate\\View\\Middleware\\ShareErrorsFromSession.php(49): Illuminate\\Pipeline\\Pipeline->Illuminate\\Pipeline\\{closure}(Object(Illuminate\\Http\\Request))
#20 C:\\laragon\\www\\es_ldcu2\\vendor\\laravel\\framework\\src\\Illuminate\\Pipeline\\Pipeline.php(171): Illuminate\\View\\Middleware\\ShareErrorsFromSession->handle(Object(Illuminate\\Http\\Request), Object(Closure))
#21 C:\\laragon\\www\\es_ldcu2\\vendor\\laravel\\framework\\src\\Illuminate\\Session\\Middleware\\StartSession.php(56): Illuminate\\Pipeline\\Pipeline->Illuminate\\Pipeline\\{closure}(Object(Illuminate\\Http\\Request))
#22 C:\\laragon\\www\\es_ldcu2\\vendor\\laravel\\framework\\src\\Illuminate\\Pipeline\\Pipeline.php(171): Illuminate\\Session\\Middleware\\StartSession->handle(Object(Illuminate\\Http\\Request), Object(Closure))
#23 C:\\laragon\\www\\es_ldcu2\\vendor\\laravel\\framework\\src\\Illuminate\\Cookie\\Middleware\\AddQueuedCookiesToResponse.php(37): Illuminate\\Pipeline\\Pipeline->Illuminate\\Pipeline\\{closure}(Object(Illuminate\\Http\\Request))
#24 C:\\laragon\\www\\es_ldcu2\\vendor\\laravel\\framework\\src\\Illuminate\\Pipeline\\Pipeline.php(171): Illuminate\\Cookie\\Middleware\\AddQueuedCookiesToResponse->handle(Object(Illuminate\\Http\\Request), Object(Closure))
#25 C:\\laragon\\www\\es_ldcu2\\vendor\\laravel\\framework\\src\\Illuminate\\Cookie\\Middleware\\EncryptCookies.php(67): Illuminate\\Pipeline\\Pipeline->Illuminate\\Pipeline\\{closure}(Object(Illuminate\\Http\\Request))
#26 C:\\laragon\\www\\es_ldcu2\\vendor\\laravel\\framework\\src\\Illuminate\\Pipeline\\Pipeline.php(171): Illuminate\\Cookie\\Middleware\\EncryptCookies->handle(Object(Illuminate\\Http\\Request), Object(Closure))
#27 C:\\laragon\\www\\es_ldcu2\\vendor\\laravel\\framework\\src\\Illuminate\\Pipeline\\Pipeline.php(105): Illuminate\\Pipeline\\Pipeline->Illuminate\\Pipeline\\{closure}(Object(Illuminate\\Http\\Request))
#28 C:\\laragon\\www\\es_ldcu2\\vendor\\laravel\\framework\\src\\Illuminate\\Routing\\Router.php(683): Illuminate\\Pipeline\\Pipeline->then(Object(Closure))
#29 C:\\laragon\\www\\es_ldcu2\\vendor\\laravel\\framework\\src\\Illuminate\\Routing\\Router.php(658): Illuminate\\Routing\\Router->runRouteWithinStack(Object(Illuminate\\Routing\\Route), Object(Illuminate\\Http\\Request))
#30 C:\\laragon\\www\\es_ldcu2\\vendor\\laravel\\framework\\src\\Illuminate\\Routing\\Router.php(624): Illuminate\\Routing\\Router->runRoute(Object(Illuminate\\Http\\Request), Object(Illuminate\\Routing\\Route))
#31 C:\\laragon\\www\\es_ldcu2\\vendor\\laravel\\framework\\src\\Illuminate\\Routing\\Router.php(613): Illuminate\\Routing\\Router->dispatchToRoute(Object(Illuminate\\Http\\Request))
#32 C:\\laragon\\www\\es_ldcu2\\vendor\\laravel\\framework\\src\\Illuminate\\Foundation\\Http\\Kernel.php(170): Illuminate\\Routing\\Router->dispatch(Object(Illuminate\\Http\\Request))
#33 C:\\laragon\\www\\es_ldcu2\\vendor\\laravel\\framework\\src\\Illuminate\\Pipeline\\Pipeline.php(130): Illuminate\\Foundation\\Http\\Kernel->Illuminate\\Foundation\\Http\\{closure}(Object(Illuminate\\Http\\Request))
#34 C:\\laragon\\www\\es_ldcu2\\vendor\\laravel\\framework\\src\\Illuminate\\Foundation\\Http\\Middleware\\TransformsRequest.php(21): Illuminate\\Pipeline\\Pipeline->Illuminate\\Pipeline\\{closure}(Object(Illuminate\\Http\\Request))
#35 C:\\laragon\\www\\es_ldcu2\\vendor\\laravel\\framework\\src\\Illuminate\\Pipeline\\Pipeline.php(171): Illuminate\\Foundation\\Http\\Middleware\\TransformsRequest->handle(Object(Illuminate\\Http\\Request), Object(Closure))
#36 C:\\laragon\\www\\es_ldcu2\\vendor\\laravel\\framework\\src\\Illuminate\\Foundation\\Http\\Middleware\\TransformsRequest.php(21): Illuminate\\Pipeline\\Pipeline->Illuminate\\Pipeline\\{closure}(Object(Illuminate\\Http\\Request))
#37 C:\\laragon\\www\\es_ldcu2\\vendor\\laravel\\framework\\src\\Illuminate\\Pipeline\\Pipeline.php(171): Illuminate\\Foundation\\Http\\Middleware\\TransformsRequest->handle(Object(Illuminate\\Http\\Request), Object(Closure))
#38 C:\\laragon\\www\\es_ldcu2\\vendor\\laravel\\framework\\src\\Illuminate\\Foundation\\Http\\Middleware\\ValidatePostSize.php(27): Illuminate\\Pipeline\\Pipeline->Illuminate\\Pipeline\\{closure}(Object(Illuminate\\Http\\Request))
#39 C:\\laragon\\www\\es_ldcu2\\vendor\\laravel\\framework\\src\\Illuminate\\Pipeline\\Pipeline.php(171): Illuminate\\Foundation\\Http\\Middleware\\ValidatePostSize->handle(Object(Illuminate\\Http\\Request), Object(Closure))
#40 C:\\laragon\\www\\es_ldcu2\\vendor\\laravel\\framework\\src\\Illuminate\\Foundation\\Http\\Middleware\\CheckForMaintenanceMode.php(63): Illuminate\\Pipeline\\Pipeline->Illuminate\\Pipeline\\{closure}(Object(Illuminate\\Http\\Request))
#41 C:\\laragon\\www\\es_ldcu2\\vendor\\laravel\\framework\\src\\Illuminate\\Pipeline\\Pipeline.php(171): Illuminate\\Foundation\\Http\\Middleware\\CheckForMaintenanceMode->handle(Object(Illuminate\\Http\\Request), Object(Closure))
#42 C:\\laragon\\www\\es_ldcu2\\vendor\\fideloper\\proxy\\src\\TrustProxies.php(57): Illuminate\\Pipeline\\Pipeline->Illuminate\\Pipeline\\{closure}(Object(Illuminate\\Http\\Request))
#43 C:\\laragon\\www\\es_ldcu2\\vendor\\laravel\\framework\\src\\Illuminate\\Pipeline\\Pipeline.php(171): Fideloper\\Proxy\\TrustProxies->handle(Object(Illuminate\\Http\\Request), Object(Closure))
#44 C:\\laragon\\www\\es_ldcu2\\vendor\\laravel\\framework\\src\\Illuminate\\Pipeline\\Pipeline.php(105): Illuminate\\Pipeline\\Pipeline->Illuminate\\Pipeline\\{closure}(Object(Illuminate\\Http\\Request))
#45 C:\\laragon\\www\\es_ldcu2\\vendor\\laravel\\framework\\src\\Illuminate\\Foundation\\Http\\Kernel.php(145): Illuminate\\Pipeline\\Pipeline->then(Object(Closure))
#46 C:\\laragon\\www\\es_ldcu2\\vendor\\laravel\\framework\\src\\Illuminate\\Foundation\\Http\\Kernel.php(110): Illuminate\\Foundation\\Http\\Kernel->sendRequestThroughRouter(Object(Illuminate\\Http\\Request))
#47 C:\\laragon\\www\\es_ldcu2\\public\\index.php(55): Illuminate\\Foundation\\Http\\Kernel->handle(Object(Illuminate\\Http\\Request))
#48 C:\\laragon\\www\\es_ldcu2\\server.php(21): require_once('C:\\\\laragon\\\\www\\\\...')
#49 {main}
"} 
[2025-07-14 05:34:44] local.ERROR: Cannot use object of type stdClass as array (View: C:\laragon\www\es_ldcu2\resources\views\principalsportal\forms\sf9layout\ica\jhs.blade.php) {"userId":1,"exception":"[object] (Facade\\Ignition\\Exceptions\\ViewException(code: 0): Cannot use object of type stdClass as array (View: C:\\laragon\\www\\es_ldcu2\\resources\\views\\principalsportal\\forms\\sf9layout\\ica\\jhs.blade.php) at C:\\laragon\\www\\es_ldcu2\\resources\\views/principalsportal/forms/sf9layout/ica/jhs.blade.php:378)
[stacktrace]
#0 C:\\laragon\\www\\es_ldcu2\\vendor\\laravel\\framework\\src\\Illuminate\\View\\Engines\\PhpEngine.php(43): include()
#1 C:\\laragon\\www\\es_ldcu2\\vendor\\laravel\\framework\\src\\Illuminate\\View\\Engines\\CompilerEngine.php(59): Illuminate\\View\\Engines\\PhpEngine->evaluatePath('C:\\\\laragon\\\\www\\\\...', Array)
#2 C:\\laragon\\www\\es_ldcu2\\vendor\\facade\\ignition\\src\\Views\\Engines\\CompilerEngine.php(36): Illuminate\\View\\Engines\\CompilerEngine->get('C:\\\\laragon\\\\www\\\\...', Array)
#3 C:\\laragon\\www\\es_ldcu2\\vendor\\laravel\\framework\\src\\Illuminate\\View\\View.php(143): Facade\\Ignition\\Views\\Engines\\CompilerEngine->get('C:\\\\laragon\\\\www\\\\...', Array)
#4 C:\\laragon\\www\\es_ldcu2\\vendor\\laravel\\framework\\src\\Illuminate\\View\\View.php(126): Illuminate\\View\\View->getContents()
#5 C:\\laragon\\www\\es_ldcu2\\vendor\\laravel\\framework\\src\\Illuminate\\View\\View.php(91): Illuminate\\View\\View->renderContents()
#6 C:\\laragon\\www\\es_ldcu2\\vendor\\barryvdh\\laravel-dompdf\\src\\PDF.php(132): Illuminate\\View\\View->render()
#7 C:\\laragon\\www\\es_ldcu2\\vendor\\barryvdh\\laravel-dompdf\\src\\Facade.php(31): Barryvdh\\DomPDF\\PDF->loadView('principalsporta...', Array)
#8 C:\\laragon\\www\\es_ldcu2\\app\\Http\\Controllers\\Migration\\RegistrarMigration.php(591): Barryvdh\\DomPDF\\Facade::__callStatic('loadView', Array)
#9 C:\\laragon\\www\\es_ldcu2\\vendor\\laravel\\framework\\src\\Illuminate\\Routing\\Controller.php(54): App\\Http\\Controllers\\Migration\\RegistrarMigration->downloadSf9MasterlistBatch(Object(Illuminate\\Http\\Request))
#10 C:\\laragon\\www\\es_ldcu2\\vendor\\laravel\\framework\\src\\Illuminate\\Routing\\ControllerDispatcher.php(45): Illuminate\\Routing\\Controller->callAction('downloadSf9Mast...', Array)
#11 C:\\laragon\\www\\es_ldcu2\\vendor\\laravel\\framework\\src\\Illuminate\\Routing\\Route.php(219): Illuminate\\Routing\\ControllerDispatcher->dispatch(Object(Illuminate\\Routing\\Route), Object(App\\Http\\Controllers\\Migration\\RegistrarMigration), 'downloadSf9Mast...')
#12 C:\\laragon\\www\\es_ldcu2\\vendor\\laravel\\framework\\src\\Illuminate\\Routing\\Route.php(176): Illuminate\\Routing\\Route->runController()
#13 C:\\laragon\\www\\es_ldcu2\\vendor\\laravel\\framework\\src\\Illuminate\\Routing\\Router.php(681): Illuminate\\Routing\\Route->run()
#14 C:\\laragon\\www\\es_ldcu2\\vendor\\laravel\\framework\\src\\Illuminate\\Pipeline\\Pipeline.php(130): Illuminate\\Routing\\Router->Illuminate\\Routing\\{closure}(Object(Illuminate\\Http\\Request))
#15 C:\\laragon\\www\\es_ldcu2\\vendor\\laravel\\framework\\src\\Illuminate\\Routing\\Middleware\\SubstituteBindings.php(41): Illuminate\\Pipeline\\Pipeline->Illuminate\\Pipeline\\{closure}(Object(Illuminate\\Http\\Request))
#16 C:\\laragon\\www\\es_ldcu2\\vendor\\laravel\\framework\\src\\Illuminate\\Pipeline\\Pipeline.php(171): Illuminate\\Routing\\Middleware\\SubstituteBindings->handle(Object(Illuminate\\Http\\Request), Object(Closure))
#17 C:\\laragon\\www\\es_ldcu2\\vendor\\laravel\\framework\\src\\Illuminate\\Foundation\\Http\\Middleware\\VerifyCsrfToken.php(78): Illuminate\\Pipeline\\Pipeline->Illuminate\\Pipeline\\{closure}(Object(Illuminate\\Http\\Request))
#18 C:\\laragon\\www\\es_ldcu2\\vendor\\laravel\\framework\\src\\Illuminate\\Pipeline\\Pipeline.php(171): Illuminate\\Foundation\\Http\\Middleware\\VerifyCsrfToken->handle(Object(Illuminate\\Http\\Request), Object(Closure))
#19 C:\\laragon\\www\\es_ldcu2\\vendor\\laravel\\framework\\src\\Illuminate\\View\\Middleware\\ShareErrorsFromSession.php(49): Illuminate\\Pipeline\\Pipeline->Illuminate\\Pipeline\\{closure}(Object(Illuminate\\Http\\Request))
#20 C:\\laragon\\www\\es_ldcu2\\vendor\\laravel\\framework\\src\\Illuminate\\Pipeline\\Pipeline.php(171): Illuminate\\View\\Middleware\\ShareErrorsFromSession->handle(Object(Illuminate\\Http\\Request), Object(Closure))
#21 C:\\laragon\\www\\es_ldcu2\\vendor\\laravel\\framework\\src\\Illuminate\\Session\\Middleware\\StartSession.php(56): Illuminate\\Pipeline\\Pipeline->Illuminate\\Pipeline\\{closure}(Object(Illuminate\\Http\\Request))
#22 C:\\laragon\\www\\es_ldcu2\\vendor\\laravel\\framework\\src\\Illuminate\\Pipeline\\Pipeline.php(171): Illuminate\\Session\\Middleware\\StartSession->handle(Object(Illuminate\\Http\\Request), Object(Closure))
#23 C:\\laragon\\www\\es_ldcu2\\vendor\\laravel\\framework\\src\\Illuminate\\Cookie\\Middleware\\AddQueuedCookiesToResponse.php(37): Illuminate\\Pipeline\\Pipeline->Illuminate\\Pipeline\\{closure}(Object(Illuminate\\Http\\Request))
#24 C:\\laragon\\www\\es_ldcu2\\vendor\\laravel\\framework\\src\\Illuminate\\Pipeline\\Pipeline.php(171): Illuminate\\Cookie\\Middleware\\AddQueuedCookiesToResponse->handle(Object(Illuminate\\Http\\Request), Object(Closure))
#25 C:\\laragon\\www\\es_ldcu2\\vendor\\laravel\\framework\\src\\Illuminate\\Cookie\\Middleware\\EncryptCookies.php(67): Illuminate\\Pipeline\\Pipeline->Illuminate\\Pipeline\\{closure}(Object(Illuminate\\Http\\Request))
#26 C:\\laragon\\www\\es_ldcu2\\vendor\\laravel\\framework\\src\\Illuminate\\Pipeline\\Pipeline.php(171): Illuminate\\Cookie\\Middleware\\EncryptCookies->handle(Object(Illuminate\\Http\\Request), Object(Closure))
#27 C:\\laragon\\www\\es_ldcu2\\vendor\\laravel\\framework\\src\\Illuminate\\Pipeline\\Pipeline.php(105): Illuminate\\Pipeline\\Pipeline->Illuminate\\Pipeline\\{closure}(Object(Illuminate\\Http\\Request))
#28 C:\\laragon\\www\\es_ldcu2\\vendor\\laravel\\framework\\src\\Illuminate\\Routing\\Router.php(683): Illuminate\\Pipeline\\Pipeline->then(Object(Closure))
#29 C:\\laragon\\www\\es_ldcu2\\vendor\\laravel\\framework\\src\\Illuminate\\Routing\\Router.php(658): Illuminate\\Routing\\Router->runRouteWithinStack(Object(Illuminate\\Routing\\Route), Object(Illuminate\\Http\\Request))
#30 C:\\laragon\\www\\es_ldcu2\\vendor\\laravel\\framework\\src\\Illuminate\\Routing\\Router.php(624): Illuminate\\Routing\\Router->runRoute(Object(Illuminate\\Http\\Request), Object(Illuminate\\Routing\\Route))
#31 C:\\laragon\\www\\es_ldcu2\\vendor\\laravel\\framework\\src\\Illuminate\\Routing\\Router.php(613): Illuminate\\Routing\\Router->dispatchToRoute(Object(Illuminate\\Http\\Request))
#32 C:\\laragon\\www\\es_ldcu2\\vendor\\laravel\\framework\\src\\Illuminate\\Foundation\\Http\\Kernel.php(170): Illuminate\\Routing\\Router->dispatch(Object(Illuminate\\Http\\Request))
#33 C:\\laragon\\www\\es_ldcu2\\vendor\\laravel\\framework\\src\\Illuminate\\Pipeline\\Pipeline.php(130): Illuminate\\Foundation\\Http\\Kernel->Illuminate\\Foundation\\Http\\{closure}(Object(Illuminate\\Http\\Request))
#34 C:\\laragon\\www\\es_ldcu2\\vendor\\laravel\\framework\\src\\Illuminate\\Foundation\\Http\\Middleware\\TransformsRequest.php(21): Illuminate\\Pipeline\\Pipeline->Illuminate\\Pipeline\\{closure}(Object(Illuminate\\Http\\Request))
#35 C:\\laragon\\www\\es_ldcu2\\vendor\\laravel\\framework\\src\\Illuminate\\Pipeline\\Pipeline.php(171): Illuminate\\Foundation\\Http\\Middleware\\TransformsRequest->handle(Object(Illuminate\\Http\\Request), Object(Closure))
#36 C:\\laragon\\www\\es_ldcu2\\vendor\\laravel\\framework\\src\\Illuminate\\Foundation\\Http\\Middleware\\TransformsRequest.php(21): Illuminate\\Pipeline\\Pipeline->Illuminate\\Pipeline\\{closure}(Object(Illuminate\\Http\\Request))
#37 C:\\laragon\\www\\es_ldcu2\\vendor\\laravel\\framework\\src\\Illuminate\\Pipeline\\Pipeline.php(171): Illuminate\\Foundation\\Http\\Middleware\\TransformsRequest->handle(Object(Illuminate\\Http\\Request), Object(Closure))
#38 C:\\laragon\\www\\es_ldcu2\\vendor\\laravel\\framework\\src\\Illuminate\\Foundation\\Http\\Middleware\\ValidatePostSize.php(27): Illuminate\\Pipeline\\Pipeline->Illuminate\\Pipeline\\{closure}(Object(Illuminate\\Http\\Request))
#39 C:\\laragon\\www\\es_ldcu2\\vendor\\laravel\\framework\\src\\Illuminate\\Pipeline\\Pipeline.php(171): Illuminate\\Foundation\\Http\\Middleware\\ValidatePostSize->handle(Object(Illuminate\\Http\\Request), Object(Closure))
#40 C:\\laragon\\www\\es_ldcu2\\vendor\\laravel\\framework\\src\\Illuminate\\Foundation\\Http\\Middleware\\CheckForMaintenanceMode.php(63): Illuminate\\Pipeline\\Pipeline->Illuminate\\Pipeline\\{closure}(Object(Illuminate\\Http\\Request))
#41 C:\\laragon\\www\\es_ldcu2\\vendor\\laravel\\framework\\src\\Illuminate\\Pipeline\\Pipeline.php(171): Illuminate\\Foundation\\Http\\Middleware\\CheckForMaintenanceMode->handle(Object(Illuminate\\Http\\Request), Object(Closure))
#42 C:\\laragon\\www\\es_ldcu2\\vendor\\fideloper\\proxy\\src\\TrustProxies.php(57): Illuminate\\Pipeline\\Pipeline->Illuminate\\Pipeline\\{closure}(Object(Illuminate\\Http\\Request))
#43 C:\\laragon\\www\\es_ldcu2\\vendor\\laravel\\framework\\src\\Illuminate\\Pipeline\\Pipeline.php(171): Fideloper\\Proxy\\TrustProxies->handle(Object(Illuminate\\Http\\Request), Object(Closure))
#44 C:\\laragon\\www\\es_ldcu2\\vendor\\laravel\\framework\\src\\Illuminate\\Pipeline\\Pipeline.php(105): Illuminate\\Pipeline\\Pipeline->Illuminate\\Pipeline\\{closure}(Object(Illuminate\\Http\\Request))
#45 C:\\laragon\\www\\es_ldcu2\\vendor\\laravel\\framework\\src\\Illuminate\\Foundation\\Http\\Kernel.php(145): Illuminate\\Pipeline\\Pipeline->then(Object(Closure))
#46 C:\\laragon\\www\\es_ldcu2\\vendor\\laravel\\framework\\src\\Illuminate\\Foundation\\Http\\Kernel.php(110): Illuminate\\Foundation\\Http\\Kernel->sendRequestThroughRouter(Object(Illuminate\\Http\\Request))
#47 C:\\laragon\\www\\es_ldcu2\\public\\index.php(55): Illuminate\\Foundation\\Http\\Kernel->handle(Object(Illuminate\\Http\\Request))
#48 C:\\laragon\\www\\es_ldcu2\\server.php(21): require_once('C:\\\\laragon\\\\www\\\\...')
#49 {main}

[previous exception] [object] (Symfony\\Component\\Debug\\Exception\\FatalThrowableError(code: 0): Cannot use object of type stdClass as array at C:\\laragon\\www\\es_ldcu2\\storage\\framework\\views\\e9fb05b7e2da42a09e321f4862534db12a8eda51.php:382)
[stacktrace]
#0 C:\\laragon\\www\\es_ldcu2\\vendor\\laravel\\framework\\src\\Illuminate\\View\\Engines\\PhpEngine.php(43): include()
#1 C:\\laragon\\www\\es_ldcu2\\vendor\\laravel\\framework\\src\\Illuminate\\View\\Engines\\CompilerEngine.php(59): Illuminate\\View\\Engines\\PhpEngine->evaluatePath('C:\\\\laragon\\\\www\\\\...', Array)
#2 C:\\laragon\\www\\es_ldcu2\\vendor\\facade\\ignition\\src\\Views\\Engines\\CompilerEngine.php(36): Illuminate\\View\\Engines\\CompilerEngine->get('C:\\\\laragon\\\\www\\\\...', Array)
#3 C:\\laragon\\www\\es_ldcu2\\vendor\\laravel\\framework\\src\\Illuminate\\View\\View.php(143): Facade\\Ignition\\Views\\Engines\\CompilerEngine->get('C:\\\\laragon\\\\www\\\\...', Array)
#4 C:\\laragon\\www\\es_ldcu2\\vendor\\laravel\\framework\\src\\Illuminate\\View\\View.php(126): Illuminate\\View\\View->getContents()
#5 C:\\laragon\\www\\es_ldcu2\\vendor\\laravel\\framework\\src\\Illuminate\\View\\View.php(91): Illuminate\\View\\View->renderContents()
#6 C:\\laragon\\www\\es_ldcu2\\vendor\\barryvdh\\laravel-dompdf\\src\\PDF.php(132): Illuminate\\View\\View->render()
#7 C:\\laragon\\www\\es_ldcu2\\vendor\\barryvdh\\laravel-dompdf\\src\\Facade.php(31): Barryvdh\\DomPDF\\PDF->loadView('principalsporta...', Array)
#8 C:\\laragon\\www\\es_ldcu2\\app\\Http\\Controllers\\Migration\\RegistrarMigration.php(591): Barryvdh\\DomPDF\\Facade::__callStatic('loadView', Array)
#9 C:\\laragon\\www\\es_ldcu2\\vendor\\laravel\\framework\\src\\Illuminate\\Routing\\Controller.php(54): App\\Http\\Controllers\\Migration\\RegistrarMigration->downloadSf9MasterlistBatch(Object(Illuminate\\Http\\Request))
#10 C:\\laragon\\www\\es_ldcu2\\vendor\\laravel\\framework\\src\\Illuminate\\Routing\\ControllerDispatcher.php(45): Illuminate\\Routing\\Controller->callAction('downloadSf9Mast...', Array)
#11 C:\\laragon\\www\\es_ldcu2\\vendor\\laravel\\framework\\src\\Illuminate\\Routing\\Route.php(219): Illuminate\\Routing\\ControllerDispatcher->dispatch(Object(Illuminate\\Routing\\Route), Object(App\\Http\\Controllers\\Migration\\RegistrarMigration), 'downloadSf9Mast...')
#12 C:\\laragon\\www\\es_ldcu2\\vendor\\laravel\\framework\\src\\Illuminate\\Routing\\Route.php(176): Illuminate\\Routing\\Route->runController()
#13 C:\\laragon\\www\\es_ldcu2\\vendor\\laravel\\framework\\src\\Illuminate\\Routing\\Router.php(681): Illuminate\\Routing\\Route->run()
#14 C:\\laragon\\www\\es_ldcu2\\vendor\\laravel\\framework\\src\\Illuminate\\Pipeline\\Pipeline.php(130): Illuminate\\Routing\\Router->Illuminate\\Routing\\{closure}(Object(Illuminate\\Http\\Request))
#15 C:\\laragon\\www\\es_ldcu2\\vendor\\laravel\\framework\\src\\Illuminate\\Routing\\Middleware\\SubstituteBindings.php(41): Illuminate\\Pipeline\\Pipeline->Illuminate\\Pipeline\\{closure}(Object(Illuminate\\Http\\Request))
#16 C:\\laragon\\www\\es_ldcu2\\vendor\\laravel\\framework\\src\\Illuminate\\Pipeline\\Pipeline.php(171): Illuminate\\Routing\\Middleware\\SubstituteBindings->handle(Object(Illuminate\\Http\\Request), Object(Closure))
#17 C:\\laragon\\www\\es_ldcu2\\vendor\\laravel\\framework\\src\\Illuminate\\Foundation\\Http\\Middleware\\VerifyCsrfToken.php(78): Illuminate\\Pipeline\\Pipeline->Illuminate\\Pipeline\\{closure}(Object(Illuminate\\Http\\Request))
#18 C:\\laragon\\www\\es_ldcu2\\vendor\\laravel\\framework\\src\\Illuminate\\Pipeline\\Pipeline.php(171): Illuminate\\Foundation\\Http\\Middleware\\VerifyCsrfToken->handle(Object(Illuminate\\Http\\Request), Object(Closure))
#19 C:\\laragon\\www\\es_ldcu2\\vendor\\laravel\\framework\\src\\Illuminate\\View\\Middleware\\ShareErrorsFromSession.php(49): Illuminate\\Pipeline\\Pipeline->Illuminate\\Pipeline\\{closure}(Object(Illuminate\\Http\\Request))
#20 C:\\laragon\\www\\es_ldcu2\\vendor\\laravel\\framework\\src\\Illuminate\\Pipeline\\Pipeline.php(171): Illuminate\\View\\Middleware\\ShareErrorsFromSession->handle(Object(Illuminate\\Http\\Request), Object(Closure))
#21 C:\\laragon\\www\\es_ldcu2\\vendor\\laravel\\framework\\src\\Illuminate\\Session\\Middleware\\StartSession.php(56): Illuminate\\Pipeline\\Pipeline->Illuminate\\Pipeline\\{closure}(Object(Illuminate\\Http\\Request))
#22 C:\\laragon\\www\\es_ldcu2\\vendor\\laravel\\framework\\src\\Illuminate\\Pipeline\\Pipeline.php(171): Illuminate\\Session\\Middleware\\StartSession->handle(Object(Illuminate\\Http\\Request), Object(Closure))
#23 C:\\laragon\\www\\es_ldcu2\\vendor\\laravel\\framework\\src\\Illuminate\\Cookie\\Middleware\\AddQueuedCookiesToResponse.php(37): Illuminate\\Pipeline\\Pipeline->Illuminate\\Pipeline\\{closure}(Object(Illuminate\\Http\\Request))
#24 C:\\laragon\\www\\es_ldcu2\\vendor\\laravel\\framework\\src\\Illuminate\\Pipeline\\Pipeline.php(171): Illuminate\\Cookie\\Middleware\\AddQueuedCookiesToResponse->handle(Object(Illuminate\\Http\\Request), Object(Closure))
#25 C:\\laragon\\www\\es_ldcu2\\vendor\\laravel\\framework\\src\\Illuminate\\Cookie\\Middleware\\EncryptCookies.php(67): Illuminate\\Pipeline\\Pipeline->Illuminate\\Pipeline\\{closure}(Object(Illuminate\\Http\\Request))
#26 C:\\laragon\\www\\es_ldcu2\\vendor\\laravel\\framework\\src\\Illuminate\\Pipeline\\Pipeline.php(171): Illuminate\\Cookie\\Middleware\\EncryptCookies->handle(Object(Illuminate\\Http\\Request), Object(Closure))
#27 C:\\laragon\\www\\es_ldcu2\\vendor\\laravel\\framework\\src\\Illuminate\\Pipeline\\Pipeline.php(105): Illuminate\\Pipeline\\Pipeline->Illuminate\\Pipeline\\{closure}(Object(Illuminate\\Http\\Request))
#28 C:\\laragon\\www\\es_ldcu2\\vendor\\laravel\\framework\\src\\Illuminate\\Routing\\Router.php(683): Illuminate\\Pipeline\\Pipeline->then(Object(Closure))
#29 C:\\laragon\\www\\es_ldcu2\\vendor\\laravel\\framework\\src\\Illuminate\\Routing\\Router.php(658): Illuminate\\Routing\\Router->runRouteWithinStack(Object(Illuminate\\Routing\\Route), Object(Illuminate\\Http\\Request))
#30 C:\\laragon\\www\\es_ldcu2\\vendor\\laravel\\framework\\src\\Illuminate\\Routing\\Router.php(624): Illuminate\\Routing\\Router->runRoute(Object(Illuminate\\Http\\Request), Object(Illuminate\\Routing\\Route))
#31 C:\\laragon\\www\\es_ldcu2\\vendor\\laravel\\framework\\src\\Illuminate\\Routing\\Router.php(613): Illuminate\\Routing\\Router->dispatchToRoute(Object(Illuminate\\Http\\Request))
#32 C:\\laragon\\www\\es_ldcu2\\vendor\\laravel\\framework\\src\\Illuminate\\Foundation\\Http\\Kernel.php(170): Illuminate\\Routing\\Router->dispatch(Object(Illuminate\\Http\\Request))
#33 C:\\laragon\\www\\es_ldcu2\\vendor\\laravel\\framework\\src\\Illuminate\\Pipeline\\Pipeline.php(130): Illuminate\\Foundation\\Http\\Kernel->Illuminate\\Foundation\\Http\\{closure}(Object(Illuminate\\Http\\Request))
#34 C:\\laragon\\www\\es_ldcu2\\vendor\\laravel\\framework\\src\\Illuminate\\Foundation\\Http\\Middleware\\TransformsRequest.php(21): Illuminate\\Pipeline\\Pipeline->Illuminate\\Pipeline\\{closure}(Object(Illuminate\\Http\\Request))
#35 C:\\laragon\\www\\es_ldcu2\\vendor\\laravel\\framework\\src\\Illuminate\\Pipeline\\Pipeline.php(171): Illuminate\\Foundation\\Http\\Middleware\\TransformsRequest->handle(Object(Illuminate\\Http\\Request), Object(Closure))
#36 C:\\laragon\\www\\es_ldcu2\\vendor\\laravel\\framework\\src\\Illuminate\\Foundation\\Http\\Middleware\\TransformsRequest.php(21): Illuminate\\Pipeline\\Pipeline->Illuminate\\Pipeline\\{closure}(Object(Illuminate\\Http\\Request))
#37 C:\\laragon\\www\\es_ldcu2\\vendor\\laravel\\framework\\src\\Illuminate\\Pipeline\\Pipeline.php(171): Illuminate\\Foundation\\Http\\Middleware\\TransformsRequest->handle(Object(Illuminate\\Http\\Request), Object(Closure))
#38 C:\\laragon\\www\\es_ldcu2\\vendor\\laravel\\framework\\src\\Illuminate\\Foundation\\Http\\Middleware\\ValidatePostSize.php(27): Illuminate\\Pipeline\\Pipeline->Illuminate\\Pipeline\\{closure}(Object(Illuminate\\Http\\Request))
#39 C:\\laragon\\www\\es_ldcu2\\vendor\\laravel\\framework\\src\\Illuminate\\Pipeline\\Pipeline.php(171): Illuminate\\Foundation\\Http\\Middleware\\ValidatePostSize->handle(Object(Illuminate\\Http\\Request), Object(Closure))
#40 C:\\laragon\\www\\es_ldcu2\\vendor\\laravel\\framework\\src\\Illuminate\\Foundation\\Http\\Middleware\\CheckForMaintenanceMode.php(63): Illuminate\\Pipeline\\Pipeline->Illuminate\\Pipeline\\{closure}(Object(Illuminate\\Http\\Request))
#41 C:\\laragon\\www\\es_ldcu2\\vendor\\laravel\\framework\\src\\Illuminate\\Pipeline\\Pipeline.php(171): Illuminate\\Foundation\\Http\\Middleware\\CheckForMaintenanceMode->handle(Object(Illuminate\\Http\\Request), Object(Closure))
#42 C:\\laragon\\www\\es_ldcu2\\vendor\\fideloper\\proxy\\src\\TrustProxies.php(57): Illuminate\\Pipeline\\Pipeline->Illuminate\\Pipeline\\{closure}(Object(Illuminate\\Http\\Request))
#43 C:\\laragon\\www\\es_ldcu2\\vendor\\laravel\\framework\\src\\Illuminate\\Pipeline\\Pipeline.php(171): Fideloper\\Proxy\\TrustProxies->handle(Object(Illuminate\\Http\\Request), Object(Closure))
#44 C:\\laragon\\www\\es_ldcu2\\vendor\\laravel\\framework\\src\\Illuminate\\Pipeline\\Pipeline.php(105): Illuminate\\Pipeline\\Pipeline->Illuminate\\Pipeline\\{closure}(Object(Illuminate\\Http\\Request))
#45 C:\\laragon\\www\\es_ldcu2\\vendor\\laravel\\framework\\src\\Illuminate\\Foundation\\Http\\Kernel.php(145): Illuminate\\Pipeline\\Pipeline->then(Object(Closure))
#46 C:\\laragon\\www\\es_ldcu2\\vendor\\laravel\\framework\\src\\Illuminate\\Foundation\\Http\\Kernel.php(110): Illuminate\\Foundation\\Http\\Kernel->sendRequestThroughRouter(Object(Illuminate\\Http\\Request))
#47 C:\\laragon\\www\\es_ldcu2\\public\\index.php(55): Illuminate\\Foundation\\Http\\Kernel->handle(Object(Illuminate\\Http\\Request))
#48 C:\\laragon\\www\\es_ldcu2\\server.php(21): require_once('C:\\\\laragon\\\\www\\\\...')
#49 {main}
"} 
[2025-07-14 05:36:20] local.ERROR: Cannot use object of type stdClass as array (View: C:\laragon\www\es_ldcu2\resources\views\principalsportal\forms\sf9layout\ica\jhs.blade.php) {"userId":1,"exception":"[object] (Facade\\Ignition\\Exceptions\\ViewException(code: 0): Cannot use object of type stdClass as array (View: C:\\laragon\\www\\es_ldcu2\\resources\\views\\principalsportal\\forms\\sf9layout\\ica\\jhs.blade.php) at C:\\laragon\\www\\es_ldcu2\\resources\\views/principalsportal/forms/sf9layout/ica/jhs.blade.php:378)
[stacktrace]
#0 C:\\laragon\\www\\es_ldcu2\\vendor\\laravel\\framework\\src\\Illuminate\\View\\Engines\\PhpEngine.php(43): include()
#1 C:\\laragon\\www\\es_ldcu2\\vendor\\laravel\\framework\\src\\Illuminate\\View\\Engines\\CompilerEngine.php(59): Illuminate\\View\\Engines\\PhpEngine->evaluatePath('C:\\\\laragon\\\\www\\\\...', Array)
#2 C:\\laragon\\www\\es_ldcu2\\vendor\\facade\\ignition\\src\\Views\\Engines\\CompilerEngine.php(36): Illuminate\\View\\Engines\\CompilerEngine->get('C:\\\\laragon\\\\www\\\\...', Array)
#3 C:\\laragon\\www\\es_ldcu2\\vendor\\laravel\\framework\\src\\Illuminate\\View\\View.php(143): Facade\\Ignition\\Views\\Engines\\CompilerEngine->get('C:\\\\laragon\\\\www\\\\...', Array)
#4 C:\\laragon\\www\\es_ldcu2\\vendor\\laravel\\framework\\src\\Illuminate\\View\\View.php(126): Illuminate\\View\\View->getContents()
#5 C:\\laragon\\www\\es_ldcu2\\vendor\\laravel\\framework\\src\\Illuminate\\View\\View.php(91): Illuminate\\View\\View->renderContents()
#6 C:\\laragon\\www\\es_ldcu2\\vendor\\barryvdh\\laravel-dompdf\\src\\PDF.php(132): Illuminate\\View\\View->render()
#7 C:\\laragon\\www\\es_ldcu2\\vendor\\barryvdh\\laravel-dompdf\\src\\Facade.php(31): Barryvdh\\DomPDF\\PDF->loadView('principalsporta...', Array)
#8 C:\\laragon\\www\\es_ldcu2\\app\\Http\\Controllers\\Migration\\RegistrarMigration.php(591): Barryvdh\\DomPDF\\Facade::__callStatic('loadView', Array)
#9 C:\\laragon\\www\\es_ldcu2\\vendor\\laravel\\framework\\src\\Illuminate\\Routing\\Controller.php(54): App\\Http\\Controllers\\Migration\\RegistrarMigration->downloadSf9MasterlistBatch(Object(Illuminate\\Http\\Request))
#10 C:\\laragon\\www\\es_ldcu2\\vendor\\laravel\\framework\\src\\Illuminate\\Routing\\ControllerDispatcher.php(45): Illuminate\\Routing\\Controller->callAction('downloadSf9Mast...', Array)
#11 C:\\laragon\\www\\es_ldcu2\\vendor\\laravel\\framework\\src\\Illuminate\\Routing\\Route.php(219): Illuminate\\Routing\\ControllerDispatcher->dispatch(Object(Illuminate\\Routing\\Route), Object(App\\Http\\Controllers\\Migration\\RegistrarMigration), 'downloadSf9Mast...')
#12 C:\\laragon\\www\\es_ldcu2\\vendor\\laravel\\framework\\src\\Illuminate\\Routing\\Route.php(176): Illuminate\\Routing\\Route->runController()
#13 C:\\laragon\\www\\es_ldcu2\\vendor\\laravel\\framework\\src\\Illuminate\\Routing\\Router.php(681): Illuminate\\Routing\\Route->run()
#14 C:\\laragon\\www\\es_ldcu2\\vendor\\laravel\\framework\\src\\Illuminate\\Pipeline\\Pipeline.php(130): Illuminate\\Routing\\Router->Illuminate\\Routing\\{closure}(Object(Illuminate\\Http\\Request))
#15 C:\\laragon\\www\\es_ldcu2\\vendor\\laravel\\framework\\src\\Illuminate\\Routing\\Middleware\\SubstituteBindings.php(41): Illuminate\\Pipeline\\Pipeline->Illuminate\\Pipeline\\{closure}(Object(Illuminate\\Http\\Request))
#16 C:\\laragon\\www\\es_ldcu2\\vendor\\laravel\\framework\\src\\Illuminate\\Pipeline\\Pipeline.php(171): Illuminate\\Routing\\Middleware\\SubstituteBindings->handle(Object(Illuminate\\Http\\Request), Object(Closure))
#17 C:\\laragon\\www\\es_ldcu2\\vendor\\laravel\\framework\\src\\Illuminate\\Foundation\\Http\\Middleware\\VerifyCsrfToken.php(78): Illuminate\\Pipeline\\Pipeline->Illuminate\\Pipeline\\{closure}(Object(Illuminate\\Http\\Request))
#18 C:\\laragon\\www\\es_ldcu2\\vendor\\laravel\\framework\\src\\Illuminate\\Pipeline\\Pipeline.php(171): Illuminate\\Foundation\\Http\\Middleware\\VerifyCsrfToken->handle(Object(Illuminate\\Http\\Request), Object(Closure))
#19 C:\\laragon\\www\\es_ldcu2\\vendor\\laravel\\framework\\src\\Illuminate\\View\\Middleware\\ShareErrorsFromSession.php(49): Illuminate\\Pipeline\\Pipeline->Illuminate\\Pipeline\\{closure}(Object(Illuminate\\Http\\Request))
#20 C:\\laragon\\www\\es_ldcu2\\vendor\\laravel\\framework\\src\\Illuminate\\Pipeline\\Pipeline.php(171): Illuminate\\View\\Middleware\\ShareErrorsFromSession->handle(Object(Illuminate\\Http\\Request), Object(Closure))
#21 C:\\laragon\\www\\es_ldcu2\\vendor\\laravel\\framework\\src\\Illuminate\\Session\\Middleware\\StartSession.php(56): Illuminate\\Pipeline\\Pipeline->Illuminate\\Pipeline\\{closure}(Object(Illuminate\\Http\\Request))
#22 C:\\laragon\\www\\es_ldcu2\\vendor\\laravel\\framework\\src\\Illuminate\\Pipeline\\Pipeline.php(171): Illuminate\\Session\\Middleware\\StartSession->handle(Object(Illuminate\\Http\\Request), Object(Closure))
#23 C:\\laragon\\www\\es_ldcu2\\vendor\\laravel\\framework\\src\\Illuminate\\Cookie\\Middleware\\AddQueuedCookiesToResponse.php(37): Illuminate\\Pipeline\\Pipeline->Illuminate\\Pipeline\\{closure}(Object(Illuminate\\Http\\Request))
#24 C:\\laragon\\www\\es_ldcu2\\vendor\\laravel\\framework\\src\\Illuminate\\Pipeline\\Pipeline.php(171): Illuminate\\Cookie\\Middleware\\AddQueuedCookiesToResponse->handle(Object(Illuminate\\Http\\Request), Object(Closure))
#25 C:\\laragon\\www\\es_ldcu2\\vendor\\laravel\\framework\\src\\Illuminate\\Cookie\\Middleware\\EncryptCookies.php(67): Illuminate\\Pipeline\\Pipeline->Illuminate\\Pipeline\\{closure}(Object(Illuminate\\Http\\Request))
#26 C:\\laragon\\www\\es_ldcu2\\vendor\\laravel\\framework\\src\\Illuminate\\Pipeline\\Pipeline.php(171): Illuminate\\Cookie\\Middleware\\EncryptCookies->handle(Object(Illuminate\\Http\\Request), Object(Closure))
#27 C:\\laragon\\www\\es_ldcu2\\vendor\\laravel\\framework\\src\\Illuminate\\Pipeline\\Pipeline.php(105): Illuminate\\Pipeline\\Pipeline->Illuminate\\Pipeline\\{closure}(Object(Illuminate\\Http\\Request))
#28 C:\\laragon\\www\\es_ldcu2\\vendor\\laravel\\framework\\src\\Illuminate\\Routing\\Router.php(683): Illuminate\\Pipeline\\Pipeline->then(Object(Closure))
#29 C:\\laragon\\www\\es_ldcu2\\vendor\\laravel\\framework\\src\\Illuminate\\Routing\\Router.php(658): Illuminate\\Routing\\Router->runRouteWithinStack(Object(Illuminate\\Routing\\Route), Object(Illuminate\\Http\\Request))
#30 C:\\laragon\\www\\es_ldcu2\\vendor\\laravel\\framework\\src\\Illuminate\\Routing\\Router.php(624): Illuminate\\Routing\\Router->runRoute(Object(Illuminate\\Http\\Request), Object(Illuminate\\Routing\\Route))
#31 C:\\laragon\\www\\es_ldcu2\\vendor\\laravel\\framework\\src\\Illuminate\\Routing\\Router.php(613): Illuminate\\Routing\\Router->dispatchToRoute(Object(Illuminate\\Http\\Request))
#32 C:\\laragon\\www\\es_ldcu2\\vendor\\laravel\\framework\\src\\Illuminate\\Foundation\\Http\\Kernel.php(170): Illuminate\\Routing\\Router->dispatch(Object(Illuminate\\Http\\Request))
#33 C:\\laragon\\www\\es_ldcu2\\vendor\\laravel\\framework\\src\\Illuminate\\Pipeline\\Pipeline.php(130): Illuminate\\Foundation\\Http\\Kernel->Illuminate\\Foundation\\Http\\{closure}(Object(Illuminate\\Http\\Request))
#34 C:\\laragon\\www\\es_ldcu2\\vendor\\laravel\\framework\\src\\Illuminate\\Foundation\\Http\\Middleware\\TransformsRequest.php(21): Illuminate\\Pipeline\\Pipeline->Illuminate\\Pipeline\\{closure}(Object(Illuminate\\Http\\Request))
#35 C:\\laragon\\www\\es_ldcu2\\vendor\\laravel\\framework\\src\\Illuminate\\Pipeline\\Pipeline.php(171): Illuminate\\Foundation\\Http\\Middleware\\TransformsRequest->handle(Object(Illuminate\\Http\\Request), Object(Closure))
#36 C:\\laragon\\www\\es_ldcu2\\vendor\\laravel\\framework\\src\\Illuminate\\Foundation\\Http\\Middleware\\TransformsRequest.php(21): Illuminate\\Pipeline\\Pipeline->Illuminate\\Pipeline\\{closure}(Object(Illuminate\\Http\\Request))
#37 C:\\laragon\\www\\es_ldcu2\\vendor\\laravel\\framework\\src\\Illuminate\\Pipeline\\Pipeline.php(171): Illuminate\\Foundation\\Http\\Middleware\\TransformsRequest->handle(Object(Illuminate\\Http\\Request), Object(Closure))
#38 C:\\laragon\\www\\es_ldcu2\\vendor\\laravel\\framework\\src\\Illuminate\\Foundation\\Http\\Middleware\\ValidatePostSize.php(27): Illuminate\\Pipeline\\Pipeline->Illuminate\\Pipeline\\{closure}(Object(Illuminate\\Http\\Request))
#39 C:\\laragon\\www\\es_ldcu2\\vendor\\laravel\\framework\\src\\Illuminate\\Pipeline\\Pipeline.php(171): Illuminate\\Foundation\\Http\\Middleware\\ValidatePostSize->handle(Object(Illuminate\\Http\\Request), Object(Closure))
#40 C:\\laragon\\www\\es_ldcu2\\vendor\\laravel\\framework\\src\\Illuminate\\Foundation\\Http\\Middleware\\CheckForMaintenanceMode.php(63): Illuminate\\Pipeline\\Pipeline->Illuminate\\Pipeline\\{closure}(Object(Illuminate\\Http\\Request))
#41 C:\\laragon\\www\\es_ldcu2\\vendor\\laravel\\framework\\src\\Illuminate\\Pipeline\\Pipeline.php(171): Illuminate\\Foundation\\Http\\Middleware\\CheckForMaintenanceMode->handle(Object(Illuminate\\Http\\Request), Object(Closure))
#42 C:\\laragon\\www\\es_ldcu2\\vendor\\fideloper\\proxy\\src\\TrustProxies.php(57): Illuminate\\Pipeline\\Pipeline->Illuminate\\Pipeline\\{closure}(Object(Illuminate\\Http\\Request))
#43 C:\\laragon\\www\\es_ldcu2\\vendor\\laravel\\framework\\src\\Illuminate\\Pipeline\\Pipeline.php(171): Fideloper\\Proxy\\TrustProxies->handle(Object(Illuminate\\Http\\Request), Object(Closure))
#44 C:\\laragon\\www\\es_ldcu2\\vendor\\laravel\\framework\\src\\Illuminate\\Pipeline\\Pipeline.php(105): Illuminate\\Pipeline\\Pipeline->Illuminate\\Pipeline\\{closure}(Object(Illuminate\\Http\\Request))
#45 C:\\laragon\\www\\es_ldcu2\\vendor\\laravel\\framework\\src\\Illuminate\\Foundation\\Http\\Kernel.php(145): Illuminate\\Pipeline\\Pipeline->then(Object(Closure))
#46 C:\\laragon\\www\\es_ldcu2\\vendor\\laravel\\framework\\src\\Illuminate\\Foundation\\Http\\Kernel.php(110): Illuminate\\Foundation\\Http\\Kernel->sendRequestThroughRouter(Object(Illuminate\\Http\\Request))
#47 C:\\laragon\\www\\es_ldcu2\\public\\index.php(55): Illuminate\\Foundation\\Http\\Kernel->handle(Object(Illuminate\\Http\\Request))
#48 C:\\laragon\\www\\es_ldcu2\\server.php(21): require_once('C:\\\\laragon\\\\www\\\\...')
#49 {main}

[previous exception] [object] (Symfony\\Component\\Debug\\Exception\\FatalThrowableError(code: 0): Cannot use object of type stdClass as array at C:\\laragon\\www\\es_ldcu2\\storage\\framework\\views\\e9fb05b7e2da42a09e321f4862534db12a8eda51.php:382)
[stacktrace]
#0 C:\\laragon\\www\\es_ldcu2\\vendor\\laravel\\framework\\src\\Illuminate\\View\\Engines\\PhpEngine.php(43): include()
#1 C:\\laragon\\www\\es_ldcu2\\vendor\\laravel\\framework\\src\\Illuminate\\View\\Engines\\CompilerEngine.php(59): Illuminate\\View\\Engines\\PhpEngine->evaluatePath('C:\\\\laragon\\\\www\\\\...', Array)
#2 C:\\laragon\\www\\es_ldcu2\\vendor\\facade\\ignition\\src\\Views\\Engines\\CompilerEngine.php(36): Illuminate\\View\\Engines\\CompilerEngine->get('C:\\\\laragon\\\\www\\\\...', Array)
#3 C:\\laragon\\www\\es_ldcu2\\vendor\\laravel\\framework\\src\\Illuminate\\View\\View.php(143): Facade\\Ignition\\Views\\Engines\\CompilerEngine->get('C:\\\\laragon\\\\www\\\\...', Array)
#4 C:\\laragon\\www\\es_ldcu2\\vendor\\laravel\\framework\\src\\Illuminate\\View\\View.php(126): Illuminate\\View\\View->getContents()
#5 C:\\laragon\\www\\es_ldcu2\\vendor\\laravel\\framework\\src\\Illuminate\\View\\View.php(91): Illuminate\\View\\View->renderContents()
#6 C:\\laragon\\www\\es_ldcu2\\vendor\\barryvdh\\laravel-dompdf\\src\\PDF.php(132): Illuminate\\View\\View->render()
#7 C:\\laragon\\www\\es_ldcu2\\vendor\\barryvdh\\laravel-dompdf\\src\\Facade.php(31): Barryvdh\\DomPDF\\PDF->loadView('principalsporta...', Array)
#8 C:\\laragon\\www\\es_ldcu2\\app\\Http\\Controllers\\Migration\\RegistrarMigration.php(591): Barryvdh\\DomPDF\\Facade::__callStatic('loadView', Array)
#9 C:\\laragon\\www\\es_ldcu2\\vendor\\laravel\\framework\\src\\Illuminate\\Routing\\Controller.php(54): App\\Http\\Controllers\\Migration\\RegistrarMigration->downloadSf9MasterlistBatch(Object(Illuminate\\Http\\Request))
#10 C:\\laragon\\www\\es_ldcu2\\vendor\\laravel\\framework\\src\\Illuminate\\Routing\\ControllerDispatcher.php(45): Illuminate\\Routing\\Controller->callAction('downloadSf9Mast...', Array)
#11 C:\\laragon\\www\\es_ldcu2\\vendor\\laravel\\framework\\src\\Illuminate\\Routing\\Route.php(219): Illuminate\\Routing\\ControllerDispatcher->dispatch(Object(Illuminate\\Routing\\Route), Object(App\\Http\\Controllers\\Migration\\RegistrarMigration), 'downloadSf9Mast...')
#12 C:\\laragon\\www\\es_ldcu2\\vendor\\laravel\\framework\\src\\Illuminate\\Routing\\Route.php(176): Illuminate\\Routing\\Route->runController()
#13 C:\\laragon\\www\\es_ldcu2\\vendor\\laravel\\framework\\src\\Illuminate\\Routing\\Router.php(681): Illuminate\\Routing\\Route->run()
#14 C:\\laragon\\www\\es_ldcu2\\vendor\\laravel\\framework\\src\\Illuminate\\Pipeline\\Pipeline.php(130): Illuminate\\Routing\\Router->Illuminate\\Routing\\{closure}(Object(Illuminate\\Http\\Request))
#15 C:\\laragon\\www\\es_ldcu2\\vendor\\laravel\\framework\\src\\Illuminate\\Routing\\Middleware\\SubstituteBindings.php(41): Illuminate\\Pipeline\\Pipeline->Illuminate\\Pipeline\\{closure}(Object(Illuminate\\Http\\Request))
#16 C:\\laragon\\www\\es_ldcu2\\vendor\\laravel\\framework\\src\\Illuminate\\Pipeline\\Pipeline.php(171): Illuminate\\Routing\\Middleware\\SubstituteBindings->handle(Object(Illuminate\\Http\\Request), Object(Closure))
#17 C:\\laragon\\www\\es_ldcu2\\vendor\\laravel\\framework\\src\\Illuminate\\Foundation\\Http\\Middleware\\VerifyCsrfToken.php(78): Illuminate\\Pipeline\\Pipeline->Illuminate\\Pipeline\\{closure}(Object(Illuminate\\Http\\Request))
#18 C:\\laragon\\www\\es_ldcu2\\vendor\\laravel\\framework\\src\\Illuminate\\Pipeline\\Pipeline.php(171): Illuminate\\Foundation\\Http\\Middleware\\VerifyCsrfToken->handle(Object(Illuminate\\Http\\Request), Object(Closure))
#19 C:\\laragon\\www\\es_ldcu2\\vendor\\laravel\\framework\\src\\Illuminate\\View\\Middleware\\ShareErrorsFromSession.php(49): Illuminate\\Pipeline\\Pipeline->Illuminate\\Pipeline\\{closure}(Object(Illuminate\\Http\\Request))
#20 C:\\laragon\\www\\es_ldcu2\\vendor\\laravel\\framework\\src\\Illuminate\\Pipeline\\Pipeline.php(171): Illuminate\\View\\Middleware\\ShareErrorsFromSession->handle(Object(Illuminate\\Http\\Request), Object(Closure))
#21 C:\\laragon\\www\\es_ldcu2\\vendor\\laravel\\framework\\src\\Illuminate\\Session\\Middleware\\StartSession.php(56): Illuminate\\Pipeline\\Pipeline->Illuminate\\Pipeline\\{closure}(Object(Illuminate\\Http\\Request))
#22 C:\\laragon\\www\\es_ldcu2\\vendor\\laravel\\framework\\src\\Illuminate\\Pipeline\\Pipeline.php(171): Illuminate\\Session\\Middleware\\StartSession->handle(Object(Illuminate\\Http\\Request), Object(Closure))
#23 C:\\laragon\\www\\es_ldcu2\\vendor\\laravel\\framework\\src\\Illuminate\\Cookie\\Middleware\\AddQueuedCookiesToResponse.php(37): Illuminate\\Pipeline\\Pipeline->Illuminate\\Pipeline\\{closure}(Object(Illuminate\\Http\\Request))
#24 C:\\laragon\\www\\es_ldcu2\\vendor\\laravel\\framework\\src\\Illuminate\\Pipeline\\Pipeline.php(171): Illuminate\\Cookie\\Middleware\\AddQueuedCookiesToResponse->handle(Object(Illuminate\\Http\\Request), Object(Closure))
#25 C:\\laragon\\www\\es_ldcu2\\vendor\\laravel\\framework\\src\\Illuminate\\Cookie\\Middleware\\EncryptCookies.php(67): Illuminate\\Pipeline\\Pipeline->Illuminate\\Pipeline\\{closure}(Object(Illuminate\\Http\\Request))
#26 C:\\laragon\\www\\es_ldcu2\\vendor\\laravel\\framework\\src\\Illuminate\\Pipeline\\Pipeline.php(171): Illuminate\\Cookie\\Middleware\\EncryptCookies->handle(Object(Illuminate\\Http\\Request), Object(Closure))
#27 C:\\laragon\\www\\es_ldcu2\\vendor\\laravel\\framework\\src\\Illuminate\\Pipeline\\Pipeline.php(105): Illuminate\\Pipeline\\Pipeline->Illuminate\\Pipeline\\{closure}(Object(Illuminate\\Http\\Request))
#28 C:\\laragon\\www\\es_ldcu2\\vendor\\laravel\\framework\\src\\Illuminate\\Routing\\Router.php(683): Illuminate\\Pipeline\\Pipeline->then(Object(Closure))
#29 C:\\laragon\\www\\es_ldcu2\\vendor\\laravel\\framework\\src\\Illuminate\\Routing\\Router.php(658): Illuminate\\Routing\\Router->runRouteWithinStack(Object(Illuminate\\Routing\\Route), Object(Illuminate\\Http\\Request))
#30 C:\\laragon\\www\\es_ldcu2\\vendor\\laravel\\framework\\src\\Illuminate\\Routing\\Router.php(624): Illuminate\\Routing\\Router->runRoute(Object(Illuminate\\Http\\Request), Object(Illuminate\\Routing\\Route))
#31 C:\\laragon\\www\\es_ldcu2\\vendor\\laravel\\framework\\src\\Illuminate\\Routing\\Router.php(613): Illuminate\\Routing\\Router->dispatchToRoute(Object(Illuminate\\Http\\Request))
#32 C:\\laragon\\www\\es_ldcu2\\vendor\\laravel\\framework\\src\\Illuminate\\Foundation\\Http\\Kernel.php(170): Illuminate\\Routing\\Router->dispatch(Object(Illuminate\\Http\\Request))
#33 C:\\laragon\\www\\es_ldcu2\\vendor\\laravel\\framework\\src\\Illuminate\\Pipeline\\Pipeline.php(130): Illuminate\\Foundation\\Http\\Kernel->Illuminate\\Foundation\\Http\\{closure}(Object(Illuminate\\Http\\Request))
#34 C:\\laragon\\www\\es_ldcu2\\vendor\\laravel\\framework\\src\\Illuminate\\Foundation\\Http\\Middleware\\TransformsRequest.php(21): Illuminate\\Pipeline\\Pipeline->Illuminate\\Pipeline\\{closure}(Object(Illuminate\\Http\\Request))
#35 C:\\laragon\\www\\es_ldcu2\\vendor\\laravel\\framework\\src\\Illuminate\\Pipeline\\Pipeline.php(171): Illuminate\\Foundation\\Http\\Middleware\\TransformsRequest->handle(Object(Illuminate\\Http\\Request), Object(Closure))
#36 C:\\laragon\\www\\es_ldcu2\\vendor\\laravel\\framework\\src\\Illuminate\\Foundation\\Http\\Middleware\\TransformsRequest.php(21): Illuminate\\Pipeline\\Pipeline->Illuminate\\Pipeline\\{closure}(Object(Illuminate\\Http\\Request))
#37 C:\\laragon\\www\\es_ldcu2\\vendor\\laravel\\framework\\src\\Illuminate\\Pipeline\\Pipeline.php(171): Illuminate\\Foundation\\Http\\Middleware\\TransformsRequest->handle(Object(Illuminate\\Http\\Request), Object(Closure))
#38 C:\\laragon\\www\\es_ldcu2\\vendor\\laravel\\framework\\src\\Illuminate\\Foundation\\Http\\Middleware\\ValidatePostSize.php(27): Illuminate\\Pipeline\\Pipeline->Illuminate\\Pipeline\\{closure}(Object(Illuminate\\Http\\Request))
#39 C:\\laragon\\www\\es_ldcu2\\vendor\\laravel\\framework\\src\\Illuminate\\Pipeline\\Pipeline.php(171): Illuminate\\Foundation\\Http\\Middleware\\ValidatePostSize->handle(Object(Illuminate\\Http\\Request), Object(Closure))
#40 C:\\laragon\\www\\es_ldcu2\\vendor\\laravel\\framework\\src\\Illuminate\\Foundation\\Http\\Middleware\\CheckForMaintenanceMode.php(63): Illuminate\\Pipeline\\Pipeline->Illuminate\\Pipeline\\{closure}(Object(Illuminate\\Http\\Request))
#41 C:\\laragon\\www\\es_ldcu2\\vendor\\laravel\\framework\\src\\Illuminate\\Pipeline\\Pipeline.php(171): Illuminate\\Foundation\\Http\\Middleware\\CheckForMaintenanceMode->handle(Object(Illuminate\\Http\\Request), Object(Closure))
#42 C:\\laragon\\www\\es_ldcu2\\vendor\\fideloper\\proxy\\src\\TrustProxies.php(57): Illuminate\\Pipeline\\Pipeline->Illuminate\\Pipeline\\{closure}(Object(Illuminate\\Http\\Request))
#43 C:\\laragon\\www\\es_ldcu2\\vendor\\laravel\\framework\\src\\Illuminate\\Pipeline\\Pipeline.php(171): Fideloper\\Proxy\\TrustProxies->handle(Object(Illuminate\\Http\\Request), Object(Closure))
#44 C:\\laragon\\www\\es_ldcu2\\vendor\\laravel\\framework\\src\\Illuminate\\Pipeline\\Pipeline.php(105): Illuminate\\Pipeline\\Pipeline->Illuminate\\Pipeline\\{closure}(Object(Illuminate\\Http\\Request))
#45 C:\\laragon\\www\\es_ldcu2\\vendor\\laravel\\framework\\src\\Illuminate\\Foundation\\Http\\Kernel.php(145): Illuminate\\Pipeline\\Pipeline->then(Object(Closure))
#46 C:\\laragon\\www\\es_ldcu2\\vendor\\laravel\\framework\\src\\Illuminate\\Foundation\\Http\\Kernel.php(110): Illuminate\\Foundation\\Http\\Kernel->sendRequestThroughRouter(Object(Illuminate\\Http\\Request))
#47 C:\\laragon\\www\\es_ldcu2\\public\\index.php(55): Illuminate\\Foundation\\Http\\Kernel->handle(Object(Illuminate\\Http\\Request))
#48 C:\\laragon\\www\\es_ldcu2\\server.php(21): require_once('C:\\\\laragon\\\\www\\\\...')
#49 {main}
"} 
[2025-07-14 05:38:11] local.ERROR: Cannot use object of type stdClass as array (View: C:\laragon\www\es_ldcu2\resources\views\principalsportal\forms\sf9layout\ica\jhs.blade.php) {"userId":1,"exception":"[object] (Facade\\Ignition\\Exceptions\\ViewException(code: 0): Cannot use object of type stdClass as array (View: C:\\laragon\\www\\es_ldcu2\\resources\\views\\principalsportal\\forms\\sf9layout\\ica\\jhs.blade.php) at C:\\laragon\\www\\es_ldcu2\\resources\\views/principalsportal/forms/sf9layout/ica/jhs.blade.php:378)
[stacktrace]
#0 C:\\laragon\\www\\es_ldcu2\\vendor\\laravel\\framework\\src\\Illuminate\\View\\Engines\\PhpEngine.php(43): include()
#1 C:\\laragon\\www\\es_ldcu2\\vendor\\laravel\\framework\\src\\Illuminate\\View\\Engines\\CompilerEngine.php(59): Illuminate\\View\\Engines\\PhpEngine->evaluatePath('C:\\\\laragon\\\\www\\\\...', Array)
#2 C:\\laragon\\www\\es_ldcu2\\vendor\\facade\\ignition\\src\\Views\\Engines\\CompilerEngine.php(36): Illuminate\\View\\Engines\\CompilerEngine->get('C:\\\\laragon\\\\www\\\\...', Array)
#3 C:\\laragon\\www\\es_ldcu2\\vendor\\laravel\\framework\\src\\Illuminate\\View\\View.php(143): Facade\\Ignition\\Views\\Engines\\CompilerEngine->get('C:\\\\laragon\\\\www\\\\...', Array)
#4 C:\\laragon\\www\\es_ldcu2\\vendor\\laravel\\framework\\src\\Illuminate\\View\\View.php(126): Illuminate\\View\\View->getContents()
#5 C:\\laragon\\www\\es_ldcu2\\vendor\\laravel\\framework\\src\\Illuminate\\View\\View.php(91): Illuminate\\View\\View->renderContents()
#6 C:\\laragon\\www\\es_ldcu2\\vendor\\barryvdh\\laravel-dompdf\\src\\PDF.php(132): Illuminate\\View\\View->render()
#7 C:\\laragon\\www\\es_ldcu2\\vendor\\barryvdh\\laravel-dompdf\\src\\Facade.php(31): Barryvdh\\DomPDF\\PDF->loadView('principalsporta...', Array)
#8 C:\\laragon\\www\\es_ldcu2\\app\\Http\\Controllers\\Migration\\RegistrarMigration.php(591): Barryvdh\\DomPDF\\Facade::__callStatic('loadView', Array)
#9 C:\\laragon\\www\\es_ldcu2\\vendor\\laravel\\framework\\src\\Illuminate\\Routing\\Controller.php(54): App\\Http\\Controllers\\Migration\\RegistrarMigration->downloadSf9MasterlistBatch(Object(Illuminate\\Http\\Request))
#10 C:\\laragon\\www\\es_ldcu2\\vendor\\laravel\\framework\\src\\Illuminate\\Routing\\ControllerDispatcher.php(45): Illuminate\\Routing\\Controller->callAction('downloadSf9Mast...', Array)
#11 C:\\laragon\\www\\es_ldcu2\\vendor\\laravel\\framework\\src\\Illuminate\\Routing\\Route.php(219): Illuminate\\Routing\\ControllerDispatcher->dispatch(Object(Illuminate\\Routing\\Route), Object(App\\Http\\Controllers\\Migration\\RegistrarMigration), 'downloadSf9Mast...')
#12 C:\\laragon\\www\\es_ldcu2\\vendor\\laravel\\framework\\src\\Illuminate\\Routing\\Route.php(176): Illuminate\\Routing\\Route->runController()
#13 C:\\laragon\\www\\es_ldcu2\\vendor\\laravel\\framework\\src\\Illuminate\\Routing\\Router.php(681): Illuminate\\Routing\\Route->run()
#14 C:\\laragon\\www\\es_ldcu2\\vendor\\laravel\\framework\\src\\Illuminate\\Pipeline\\Pipeline.php(130): Illuminate\\Routing\\Router->Illuminate\\Routing\\{closure}(Object(Illuminate\\Http\\Request))
#15 C:\\laragon\\www\\es_ldcu2\\vendor\\laravel\\framework\\src\\Illuminate\\Routing\\Middleware\\SubstituteBindings.php(41): Illuminate\\Pipeline\\Pipeline->Illuminate\\Pipeline\\{closure}(Object(Illuminate\\Http\\Request))
#16 C:\\laragon\\www\\es_ldcu2\\vendor\\laravel\\framework\\src\\Illuminate\\Pipeline\\Pipeline.php(171): Illuminate\\Routing\\Middleware\\SubstituteBindings->handle(Object(Illuminate\\Http\\Request), Object(Closure))
#17 C:\\laragon\\www\\es_ldcu2\\vendor\\laravel\\framework\\src\\Illuminate\\Foundation\\Http\\Middleware\\VerifyCsrfToken.php(78): Illuminate\\Pipeline\\Pipeline->Illuminate\\Pipeline\\{closure}(Object(Illuminate\\Http\\Request))
#18 C:\\laragon\\www\\es_ldcu2\\vendor\\laravel\\framework\\src\\Illuminate\\Pipeline\\Pipeline.php(171): Illuminate\\Foundation\\Http\\Middleware\\VerifyCsrfToken->handle(Object(Illuminate\\Http\\Request), Object(Closure))
#19 C:\\laragon\\www\\es_ldcu2\\vendor\\laravel\\framework\\src\\Illuminate\\View\\Middleware\\ShareErrorsFromSession.php(49): Illuminate\\Pipeline\\Pipeline->Illuminate\\Pipeline\\{closure}(Object(Illuminate\\Http\\Request))
#20 C:\\laragon\\www\\es_ldcu2\\vendor\\laravel\\framework\\src\\Illuminate\\Pipeline\\Pipeline.php(171): Illuminate\\View\\Middleware\\ShareErrorsFromSession->handle(Object(Illuminate\\Http\\Request), Object(Closure))
#21 C:\\laragon\\www\\es_ldcu2\\vendor\\laravel\\framework\\src\\Illuminate\\Session\\Middleware\\StartSession.php(56): Illuminate\\Pipeline\\Pipeline->Illuminate\\Pipeline\\{closure}(Object(Illuminate\\Http\\Request))
#22 C:\\laragon\\www\\es_ldcu2\\vendor\\laravel\\framework\\src\\Illuminate\\Pipeline\\Pipeline.php(171): Illuminate\\Session\\Middleware\\StartSession->handle(Object(Illuminate\\Http\\Request), Object(Closure))
#23 C:\\laragon\\www\\es_ldcu2\\vendor\\laravel\\framework\\src\\Illuminate\\Cookie\\Middleware\\AddQueuedCookiesToResponse.php(37): Illuminate\\Pipeline\\Pipeline->Illuminate\\Pipeline\\{closure}(Object(Illuminate\\Http\\Request))
#24 C:\\laragon\\www\\es_ldcu2\\vendor\\laravel\\framework\\src\\Illuminate\\Pipeline\\Pipeline.php(171): Illuminate\\Cookie\\Middleware\\AddQueuedCookiesToResponse->handle(Object(Illuminate\\Http\\Request), Object(Closure))
#25 C:\\laragon\\www\\es_ldcu2\\vendor\\laravel\\framework\\src\\Illuminate\\Cookie\\Middleware\\EncryptCookies.php(67): Illuminate\\Pipeline\\Pipeline->Illuminate\\Pipeline\\{closure}(Object(Illuminate\\Http\\Request))
#26 C:\\laragon\\www\\es_ldcu2\\vendor\\laravel\\framework\\src\\Illuminate\\Pipeline\\Pipeline.php(171): Illuminate\\Cookie\\Middleware\\EncryptCookies->handle(Object(Illuminate\\Http\\Request), Object(Closure))
#27 C:\\laragon\\www\\es_ldcu2\\vendor\\laravel\\framework\\src\\Illuminate\\Pipeline\\Pipeline.php(105): Illuminate\\Pipeline\\Pipeline->Illuminate\\Pipeline\\{closure}(Object(Illuminate\\Http\\Request))
#28 C:\\laragon\\www\\es_ldcu2\\vendor\\laravel\\framework\\src\\Illuminate\\Routing\\Router.php(683): Illuminate\\Pipeline\\Pipeline->then(Object(Closure))
#29 C:\\laragon\\www\\es_ldcu2\\vendor\\laravel\\framework\\src\\Illuminate\\Routing\\Router.php(658): Illuminate\\Routing\\Router->runRouteWithinStack(Object(Illuminate\\Routing\\Route), Object(Illuminate\\Http\\Request))
#30 C:\\laragon\\www\\es_ldcu2\\vendor\\laravel\\framework\\src\\Illuminate\\Routing\\Router.php(624): Illuminate\\Routing\\Router->runRoute(Object(Illuminate\\Http\\Request), Object(Illuminate\\Routing\\Route))
#31 C:\\laragon\\www\\es_ldcu2\\vendor\\laravel\\framework\\src\\Illuminate\\Routing\\Router.php(613): Illuminate\\Routing\\Router->dispatchToRoute(Object(Illuminate\\Http\\Request))
#32 C:\\laragon\\www\\es_ldcu2\\vendor\\laravel\\framework\\src\\Illuminate\\Foundation\\Http\\Kernel.php(170): Illuminate\\Routing\\Router->dispatch(Object(Illuminate\\Http\\Request))
#33 C:\\laragon\\www\\es_ldcu2\\vendor\\laravel\\framework\\src\\Illuminate\\Pipeline\\Pipeline.php(130): Illuminate\\Foundation\\Http\\Kernel->Illuminate\\Foundation\\Http\\{closure}(Object(Illuminate\\Http\\Request))
#34 C:\\laragon\\www\\es_ldcu2\\vendor\\laravel\\framework\\src\\Illuminate\\Foundation\\Http\\Middleware\\TransformsRequest.php(21): Illuminate\\Pipeline\\Pipeline->Illuminate\\Pipeline\\{closure}(Object(Illuminate\\Http\\Request))
#35 C:\\laragon\\www\\es_ldcu2\\vendor\\laravel\\framework\\src\\Illuminate\\Pipeline\\Pipeline.php(171): Illuminate\\Foundation\\Http\\Middleware\\TransformsRequest->handle(Object(Illuminate\\Http\\Request), Object(Closure))
#36 C:\\laragon\\www\\es_ldcu2\\vendor\\laravel\\framework\\src\\Illuminate\\Foundation\\Http\\Middleware\\TransformsRequest.php(21): Illuminate\\Pipeline\\Pipeline->Illuminate\\Pipeline\\{closure}(Object(Illuminate\\Http\\Request))
#37 C:\\laragon\\www\\es_ldcu2\\vendor\\laravel\\framework\\src\\Illuminate\\Pipeline\\Pipeline.php(171): Illuminate\\Foundation\\Http\\Middleware\\TransformsRequest->handle(Object(Illuminate\\Http\\Request), Object(Closure))
#38 C:\\laragon\\www\\es_ldcu2\\vendor\\laravel\\framework\\src\\Illuminate\\Foundation\\Http\\Middleware\\ValidatePostSize.php(27): Illuminate\\Pipeline\\Pipeline->Illuminate\\Pipeline\\{closure}(Object(Illuminate\\Http\\Request))
#39 C:\\laragon\\www\\es_ldcu2\\vendor\\laravel\\framework\\src\\Illuminate\\Pipeline\\Pipeline.php(171): Illuminate\\Foundation\\Http\\Middleware\\ValidatePostSize->handle(Object(Illuminate\\Http\\Request), Object(Closure))
#40 C:\\laragon\\www\\es_ldcu2\\vendor\\laravel\\framework\\src\\Illuminate\\Foundation\\Http\\Middleware\\CheckForMaintenanceMode.php(63): Illuminate\\Pipeline\\Pipeline->Illuminate\\Pipeline\\{closure}(Object(Illuminate\\Http\\Request))
#41 C:\\laragon\\www\\es_ldcu2\\vendor\\laravel\\framework\\src\\Illuminate\\Pipeline\\Pipeline.php(171): Illuminate\\Foundation\\Http\\Middleware\\CheckForMaintenanceMode->handle(Object(Illuminate\\Http\\Request), Object(Closure))
#42 C:\\laragon\\www\\es_ldcu2\\vendor\\fideloper\\proxy\\src\\TrustProxies.php(57): Illuminate\\Pipeline\\Pipeline->Illuminate\\Pipeline\\{closure}(Object(Illuminate\\Http\\Request))
#43 C:\\laragon\\www\\es_ldcu2\\vendor\\laravel\\framework\\src\\Illuminate\\Pipeline\\Pipeline.php(171): Fideloper\\Proxy\\TrustProxies->handle(Object(Illuminate\\Http\\Request), Object(Closure))
#44 C:\\laragon\\www\\es_ldcu2\\vendor\\laravel\\framework\\src\\Illuminate\\Pipeline\\Pipeline.php(105): Illuminate\\Pipeline\\Pipeline->Illuminate\\Pipeline\\{closure}(Object(Illuminate\\Http\\Request))
#45 C:\\laragon\\www\\es_ldcu2\\vendor\\laravel\\framework\\src\\Illuminate\\Foundation\\Http\\Kernel.php(145): Illuminate\\Pipeline\\Pipeline->then(Object(Closure))
#46 C:\\laragon\\www\\es_ldcu2\\vendor\\laravel\\framework\\src\\Illuminate\\Foundation\\Http\\Kernel.php(110): Illuminate\\Foundation\\Http\\Kernel->sendRequestThroughRouter(Object(Illuminate\\Http\\Request))
#47 C:\\laragon\\www\\es_ldcu2\\public\\index.php(55): Illuminate\\Foundation\\Http\\Kernel->handle(Object(Illuminate\\Http\\Request))
#48 C:\\laragon\\www\\es_ldcu2\\server.php(21): require_once('C:\\\\laragon\\\\www\\\\...')
#49 {main}

[previous exception] [object] (Symfony\\Component\\Debug\\Exception\\FatalThrowableError(code: 0): Cannot use object of type stdClass as array at C:\\laragon\\www\\es_ldcu2\\storage\\framework\\views\\e9fb05b7e2da42a09e321f4862534db12a8eda51.php:382)
[stacktrace]
#0 C:\\laragon\\www\\es_ldcu2\\vendor\\laravel\\framework\\src\\Illuminate\\View\\Engines\\PhpEngine.php(43): include()
#1 C:\\laragon\\www\\es_ldcu2\\vendor\\laravel\\framework\\src\\Illuminate\\View\\Engines\\CompilerEngine.php(59): Illuminate\\View\\Engines\\PhpEngine->evaluatePath('C:\\\\laragon\\\\www\\\\...', Array)
#2 C:\\laragon\\www\\es_ldcu2\\vendor\\facade\\ignition\\src\\Views\\Engines\\CompilerEngine.php(36): Illuminate\\View\\Engines\\CompilerEngine->get('C:\\\\laragon\\\\www\\\\...', Array)
#3 C:\\laragon\\www\\es_ldcu2\\vendor\\laravel\\framework\\src\\Illuminate\\View\\View.php(143): Facade\\Ignition\\Views\\Engines\\CompilerEngine->get('C:\\\\laragon\\\\www\\\\...', Array)
#4 C:\\laragon\\www\\es_ldcu2\\vendor\\laravel\\framework\\src\\Illuminate\\View\\View.php(126): Illuminate\\View\\View->getContents()
#5 C:\\laragon\\www\\es_ldcu2\\vendor\\laravel\\framework\\src\\Illuminate\\View\\View.php(91): Illuminate\\View\\View->renderContents()
#6 C:\\laragon\\www\\es_ldcu2\\vendor\\barryvdh\\laravel-dompdf\\src\\PDF.php(132): Illuminate\\View\\View->render()
#7 C:\\laragon\\www\\es_ldcu2\\vendor\\barryvdh\\laravel-dompdf\\src\\Facade.php(31): Barryvdh\\DomPDF\\PDF->loadView('principalsporta...', Array)
#8 C:\\laragon\\www\\es_ldcu2\\app\\Http\\Controllers\\Migration\\RegistrarMigration.php(591): Barryvdh\\DomPDF\\Facade::__callStatic('loadView', Array)
#9 C:\\laragon\\www\\es_ldcu2\\vendor\\laravel\\framework\\src\\Illuminate\\Routing\\Controller.php(54): App\\Http\\Controllers\\Migration\\RegistrarMigration->downloadSf9MasterlistBatch(Object(Illuminate\\Http\\Request))
#10 C:\\laragon\\www\\es_ldcu2\\vendor\\laravel\\framework\\src\\Illuminate\\Routing\\ControllerDispatcher.php(45): Illuminate\\Routing\\Controller->callAction('downloadSf9Mast...', Array)
#11 C:\\laragon\\www\\es_ldcu2\\vendor\\laravel\\framework\\src\\Illuminate\\Routing\\Route.php(219): Illuminate\\Routing\\ControllerDispatcher->dispatch(Object(Illuminate\\Routing\\Route), Object(App\\Http\\Controllers\\Migration\\RegistrarMigration), 'downloadSf9Mast...')
#12 C:\\laragon\\www\\es_ldcu2\\vendor\\laravel\\framework\\src\\Illuminate\\Routing\\Route.php(176): Illuminate\\Routing\\Route->runController()
#13 C:\\laragon\\www\\es_ldcu2\\vendor\\laravel\\framework\\src\\Illuminate\\Routing\\Router.php(681): Illuminate\\Routing\\Route->run()
#14 C:\\laragon\\www\\es_ldcu2\\vendor\\laravel\\framework\\src\\Illuminate\\Pipeline\\Pipeline.php(130): Illuminate\\Routing\\Router->Illuminate\\Routing\\{closure}(Object(Illuminate\\Http\\Request))
#15 C:\\laragon\\www\\es_ldcu2\\vendor\\laravel\\framework\\src\\Illuminate\\Routing\\Middleware\\SubstituteBindings.php(41): Illuminate\\Pipeline\\Pipeline->Illuminate\\Pipeline\\{closure}(Object(Illuminate\\Http\\Request))
#16 C:\\laragon\\www\\es_ldcu2\\vendor\\laravel\\framework\\src\\Illuminate\\Pipeline\\Pipeline.php(171): Illuminate\\Routing\\Middleware\\SubstituteBindings->handle(Object(Illuminate\\Http\\Request), Object(Closure))
#17 C:\\laragon\\www\\es_ldcu2\\vendor\\laravel\\framework\\src\\Illuminate\\Foundation\\Http\\Middleware\\VerifyCsrfToken.php(78): Illuminate\\Pipeline\\Pipeline->Illuminate\\Pipeline\\{closure}(Object(Illuminate\\Http\\Request))
#18 C:\\laragon\\www\\es_ldcu2\\vendor\\laravel\\framework\\src\\Illuminate\\Pipeline\\Pipeline.php(171): Illuminate\\Foundation\\Http\\Middleware\\VerifyCsrfToken->handle(Object(Illuminate\\Http\\Request), Object(Closure))
#19 C:\\laragon\\www\\es_ldcu2\\vendor\\laravel\\framework\\src\\Illuminate\\View\\Middleware\\ShareErrorsFromSession.php(49): Illuminate\\Pipeline\\Pipeline->Illuminate\\Pipeline\\{closure}(Object(Illuminate\\Http\\Request))
#20 C:\\laragon\\www\\es_ldcu2\\vendor\\laravel\\framework\\src\\Illuminate\\Pipeline\\Pipeline.php(171): Illuminate\\View\\Middleware\\ShareErrorsFromSession->handle(Object(Illuminate\\Http\\Request), Object(Closure))
#21 C:\\laragon\\www\\es_ldcu2\\vendor\\laravel\\framework\\src\\Illuminate\\Session\\Middleware\\StartSession.php(56): Illuminate\\Pipeline\\Pipeline->Illuminate\\Pipeline\\{closure}(Object(Illuminate\\Http\\Request))
#22 C:\\laragon\\www\\es_ldcu2\\vendor\\laravel\\framework\\src\\Illuminate\\Pipeline\\Pipeline.php(171): Illuminate\\Session\\Middleware\\StartSession->handle(Object(Illuminate\\Http\\Request), Object(Closure))
#23 C:\\laragon\\www\\es_ldcu2\\vendor\\laravel\\framework\\src\\Illuminate\\Cookie\\Middleware\\AddQueuedCookiesToResponse.php(37): Illuminate\\Pipeline\\Pipeline->Illuminate\\Pipeline\\{closure}(Object(Illuminate\\Http\\Request))
#24 C:\\laragon\\www\\es_ldcu2\\vendor\\laravel\\framework\\src\\Illuminate\\Pipeline\\Pipeline.php(171): Illuminate\\Cookie\\Middleware\\AddQueuedCookiesToResponse->handle(Object(Illuminate\\Http\\Request), Object(Closure))
#25 C:\\laragon\\www\\es_ldcu2\\vendor\\laravel\\framework\\src\\Illuminate\\Cookie\\Middleware\\EncryptCookies.php(67): Illuminate\\Pipeline\\Pipeline->Illuminate\\Pipeline\\{closure}(Object(Illuminate\\Http\\Request))
#26 C:\\laragon\\www\\es_ldcu2\\vendor\\laravel\\framework\\src\\Illuminate\\Pipeline\\Pipeline.php(171): Illuminate\\Cookie\\Middleware\\EncryptCookies->handle(Object(Illuminate\\Http\\Request), Object(Closure))
#27 C:\\laragon\\www\\es_ldcu2\\vendor\\laravel\\framework\\src\\Illuminate\\Pipeline\\Pipeline.php(105): Illuminate\\Pipeline\\Pipeline->Illuminate\\Pipeline\\{closure}(Object(Illuminate\\Http\\Request))
#28 C:\\laragon\\www\\es_ldcu2\\vendor\\laravel\\framework\\src\\Illuminate\\Routing\\Router.php(683): Illuminate\\Pipeline\\Pipeline->then(Object(Closure))
#29 C:\\laragon\\www\\es_ldcu2\\vendor\\laravel\\framework\\src\\Illuminate\\Routing\\Router.php(658): Illuminate\\Routing\\Router->runRouteWithinStack(Object(Illuminate\\Routing\\Route), Object(Illuminate\\Http\\Request))
#30 C:\\laragon\\www\\es_ldcu2\\vendor\\laravel\\framework\\src\\Illuminate\\Routing\\Router.php(624): Illuminate\\Routing\\Router->runRoute(Object(Illuminate\\Http\\Request), Object(Illuminate\\Routing\\Route))
#31 C:\\laragon\\www\\es_ldcu2\\vendor\\laravel\\framework\\src\\Illuminate\\Routing\\Router.php(613): Illuminate\\Routing\\Router->dispatchToRoute(Object(Illuminate\\Http\\Request))
#32 C:\\laragon\\www\\es_ldcu2\\vendor\\laravel\\framework\\src\\Illuminate\\Foundation\\Http\\Kernel.php(170): Illuminate\\Routing\\Router->dispatch(Object(Illuminate\\Http\\Request))
#33 C:\\laragon\\www\\es_ldcu2\\vendor\\laravel\\framework\\src\\Illuminate\\Pipeline\\Pipeline.php(130): Illuminate\\Foundation\\Http\\Kernel->Illuminate\\Foundation\\Http\\{closure}(Object(Illuminate\\Http\\Request))
#34 C:\\laragon\\www\\es_ldcu2\\vendor\\laravel\\framework\\src\\Illuminate\\Foundation\\Http\\Middleware\\TransformsRequest.php(21): Illuminate\\Pipeline\\Pipeline->Illuminate\\Pipeline\\{closure}(Object(Illuminate\\Http\\Request))
#35 C:\\laragon\\www\\es_ldcu2\\vendor\\laravel\\framework\\src\\Illuminate\\Pipeline\\Pipeline.php(171): Illuminate\\Foundation\\Http\\Middleware\\TransformsRequest->handle(Object(Illuminate\\Http\\Request), Object(Closure))
#36 C:\\laragon\\www\\es_ldcu2\\vendor\\laravel\\framework\\src\\Illuminate\\Foundation\\Http\\Middleware\\TransformsRequest.php(21): Illuminate\\Pipeline\\Pipeline->Illuminate\\Pipeline\\{closure}(Object(Illuminate\\Http\\Request))
#37 C:\\laragon\\www\\es_ldcu2\\vendor\\laravel\\framework\\src\\Illuminate\\Pipeline\\Pipeline.php(171): Illuminate\\Foundation\\Http\\Middleware\\TransformsRequest->handle(Object(Illuminate\\Http\\Request), Object(Closure))
#38 C:\\laragon\\www\\es_ldcu2\\vendor\\laravel\\framework\\src\\Illuminate\\Foundation\\Http\\Middleware\\ValidatePostSize.php(27): Illuminate\\Pipeline\\Pipeline->Illuminate\\Pipeline\\{closure}(Object(Illuminate\\Http\\Request))
#39 C:\\laragon\\www\\es_ldcu2\\vendor\\laravel\\framework\\src\\Illuminate\\Pipeline\\Pipeline.php(171): Illuminate\\Foundation\\Http\\Middleware\\ValidatePostSize->handle(Object(Illuminate\\Http\\Request), Object(Closure))
#40 C:\\laragon\\www\\es_ldcu2\\vendor\\laravel\\framework\\src\\Illuminate\\Foundation\\Http\\Middleware\\CheckForMaintenanceMode.php(63): Illuminate\\Pipeline\\Pipeline->Illuminate\\Pipeline\\{closure}(Object(Illuminate\\Http\\Request))
#41 C:\\laragon\\www\\es_ldcu2\\vendor\\laravel\\framework\\src\\Illuminate\\Pipeline\\Pipeline.php(171): Illuminate\\Foundation\\Http\\Middleware\\CheckForMaintenanceMode->handle(Object(Illuminate\\Http\\Request), Object(Closure))
#42 C:\\laragon\\www\\es_ldcu2\\vendor\\fideloper\\proxy\\src\\TrustProxies.php(57): Illuminate\\Pipeline\\Pipeline->Illuminate\\Pipeline\\{closure}(Object(Illuminate\\Http\\Request))
#43 C:\\laragon\\www\\es_ldcu2\\vendor\\laravel\\framework\\src\\Illuminate\\Pipeline\\Pipeline.php(171): Fideloper\\Proxy\\TrustProxies->handle(Object(Illuminate\\Http\\Request), Object(Closure))
#44 C:\\laragon\\www\\es_ldcu2\\vendor\\laravel\\framework\\src\\Illuminate\\Pipeline\\Pipeline.php(105): Illuminate\\Pipeline\\Pipeline->Illuminate\\Pipeline\\{closure}(Object(Illuminate\\Http\\Request))
#45 C:\\laragon\\www\\es_ldcu2\\vendor\\laravel\\framework\\src\\Illuminate\\Foundation\\Http\\Kernel.php(145): Illuminate\\Pipeline\\Pipeline->then(Object(Closure))
#46 C:\\laragon\\www\\es_ldcu2\\vendor\\laravel\\framework\\src\\Illuminate\\Foundation\\Http\\Kernel.php(110): Illuminate\\Foundation\\Http\\Kernel->sendRequestThroughRouter(Object(Illuminate\\Http\\Request))
#47 C:\\laragon\\www\\es_ldcu2\\public\\index.php(55): Illuminate\\Foundation\\Http\\Kernel->handle(Object(Illuminate\\Http\\Request))
#48 C:\\laragon\\www\\es_ldcu2\\server.php(21): require_once('C:\\\\laragon\\\\www\\\\...')
#49 {main}
"} 
[2025-07-14 05:39:28] local.ERROR: Cannot use object of type stdClass as array (View: C:\laragon\www\es_ldcu2\resources\views\principalsportal\forms\sf9layout\ica\jhs.blade.php) {"userId":1,"exception":"[object] (Facade\\Ignition\\Exceptions\\ViewException(code: 0): Cannot use object of type stdClass as array (View: C:\\laragon\\www\\es_ldcu2\\resources\\views\\principalsportal\\forms\\sf9layout\\ica\\jhs.blade.php) at C:\\laragon\\www\\es_ldcu2\\resources\\views/principalsportal/forms/sf9layout/ica/jhs.blade.php:384)
[stacktrace]
#0 C:\\laragon\\www\\es_ldcu2\\vendor\\laravel\\framework\\src\\Illuminate\\View\\Engines\\PhpEngine.php(43): include()
#1 C:\\laragon\\www\\es_ldcu2\\vendor\\laravel\\framework\\src\\Illuminate\\View\\Engines\\CompilerEngine.php(59): Illuminate\\View\\Engines\\PhpEngine->evaluatePath('C:\\\\laragon\\\\www\\\\...', Array)
#2 C:\\laragon\\www\\es_ldcu2\\vendor\\facade\\ignition\\src\\Views\\Engines\\CompilerEngine.php(36): Illuminate\\View\\Engines\\CompilerEngine->get('C:\\\\laragon\\\\www\\\\...', Array)
#3 C:\\laragon\\www\\es_ldcu2\\vendor\\laravel\\framework\\src\\Illuminate\\View\\View.php(143): Facade\\Ignition\\Views\\Engines\\CompilerEngine->get('C:\\\\laragon\\\\www\\\\...', Array)
#4 C:\\laragon\\www\\es_ldcu2\\vendor\\laravel\\framework\\src\\Illuminate\\View\\View.php(126): Illuminate\\View\\View->getContents()
#5 C:\\laragon\\www\\es_ldcu2\\vendor\\laravel\\framework\\src\\Illuminate\\View\\View.php(91): Illuminate\\View\\View->renderContents()
#6 C:\\laragon\\www\\es_ldcu2\\vendor\\barryvdh\\laravel-dompdf\\src\\PDF.php(132): Illuminate\\View\\View->render()
#7 C:\\laragon\\www\\es_ldcu2\\vendor\\barryvdh\\laravel-dompdf\\src\\Facade.php(31): Barryvdh\\DomPDF\\PDF->loadView('principalsporta...', Array)
#8 C:\\laragon\\www\\es_ldcu2\\app\\Http\\Controllers\\Migration\\RegistrarMigration.php(591): Barryvdh\\DomPDF\\Facade::__callStatic('loadView', Array)
#9 C:\\laragon\\www\\es_ldcu2\\vendor\\laravel\\framework\\src\\Illuminate\\Routing\\Controller.php(54): App\\Http\\Controllers\\Migration\\RegistrarMigration->downloadSf9MasterlistBatch(Object(Illuminate\\Http\\Request))
#10 C:\\laragon\\www\\es_ldcu2\\vendor\\laravel\\framework\\src\\Illuminate\\Routing\\ControllerDispatcher.php(45): Illuminate\\Routing\\Controller->callAction('downloadSf9Mast...', Array)
#11 C:\\laragon\\www\\es_ldcu2\\vendor\\laravel\\framework\\src\\Illuminate\\Routing\\Route.php(219): Illuminate\\Routing\\ControllerDispatcher->dispatch(Object(Illuminate\\Routing\\Route), Object(App\\Http\\Controllers\\Migration\\RegistrarMigration), 'downloadSf9Mast...')
#12 C:\\laragon\\www\\es_ldcu2\\vendor\\laravel\\framework\\src\\Illuminate\\Routing\\Route.php(176): Illuminate\\Routing\\Route->runController()
#13 C:\\laragon\\www\\es_ldcu2\\vendor\\laravel\\framework\\src\\Illuminate\\Routing\\Router.php(681): Illuminate\\Routing\\Route->run()
#14 C:\\laragon\\www\\es_ldcu2\\vendor\\laravel\\framework\\src\\Illuminate\\Pipeline\\Pipeline.php(130): Illuminate\\Routing\\Router->Illuminate\\Routing\\{closure}(Object(Illuminate\\Http\\Request))
#15 C:\\laragon\\www\\es_ldcu2\\vendor\\laravel\\framework\\src\\Illuminate\\Routing\\Middleware\\SubstituteBindings.php(41): Illuminate\\Pipeline\\Pipeline->Illuminate\\Pipeline\\{closure}(Object(Illuminate\\Http\\Request))
#16 C:\\laragon\\www\\es_ldcu2\\vendor\\laravel\\framework\\src\\Illuminate\\Pipeline\\Pipeline.php(171): Illuminate\\Routing\\Middleware\\SubstituteBindings->handle(Object(Illuminate\\Http\\Request), Object(Closure))
#17 C:\\laragon\\www\\es_ldcu2\\vendor\\laravel\\framework\\src\\Illuminate\\Foundation\\Http\\Middleware\\VerifyCsrfToken.php(78): Illuminate\\Pipeline\\Pipeline->Illuminate\\Pipeline\\{closure}(Object(Illuminate\\Http\\Request))
#18 C:\\laragon\\www\\es_ldcu2\\vendor\\laravel\\framework\\src\\Illuminate\\Pipeline\\Pipeline.php(171): Illuminate\\Foundation\\Http\\Middleware\\VerifyCsrfToken->handle(Object(Illuminate\\Http\\Request), Object(Closure))
#19 C:\\laragon\\www\\es_ldcu2\\vendor\\laravel\\framework\\src\\Illuminate\\View\\Middleware\\ShareErrorsFromSession.php(49): Illuminate\\Pipeline\\Pipeline->Illuminate\\Pipeline\\{closure}(Object(Illuminate\\Http\\Request))
#20 C:\\laragon\\www\\es_ldcu2\\vendor\\laravel\\framework\\src\\Illuminate\\Pipeline\\Pipeline.php(171): Illuminate\\View\\Middleware\\ShareErrorsFromSession->handle(Object(Illuminate\\Http\\Request), Object(Closure))
#21 C:\\laragon\\www\\es_ldcu2\\vendor\\laravel\\framework\\src\\Illuminate\\Session\\Middleware\\StartSession.php(56): Illuminate\\Pipeline\\Pipeline->Illuminate\\Pipeline\\{closure}(Object(Illuminate\\Http\\Request))
#22 C:\\laragon\\www\\es_ldcu2\\vendor\\laravel\\framework\\src\\Illuminate\\Pipeline\\Pipeline.php(171): Illuminate\\Session\\Middleware\\StartSession->handle(Object(Illuminate\\Http\\Request), Object(Closure))
#23 C:\\laragon\\www\\es_ldcu2\\vendor\\laravel\\framework\\src\\Illuminate\\Cookie\\Middleware\\AddQueuedCookiesToResponse.php(37): Illuminate\\Pipeline\\Pipeline->Illuminate\\Pipeline\\{closure}(Object(Illuminate\\Http\\Request))
#24 C:\\laragon\\www\\es_ldcu2\\vendor\\laravel\\framework\\src\\Illuminate\\Pipeline\\Pipeline.php(171): Illuminate\\Cookie\\Middleware\\AddQueuedCookiesToResponse->handle(Object(Illuminate\\Http\\Request), Object(Closure))
#25 C:\\laragon\\www\\es_ldcu2\\vendor\\laravel\\framework\\src\\Illuminate\\Cookie\\Middleware\\EncryptCookies.php(67): Illuminate\\Pipeline\\Pipeline->Illuminate\\Pipeline\\{closure}(Object(Illuminate\\Http\\Request))
#26 C:\\laragon\\www\\es_ldcu2\\vendor\\laravel\\framework\\src\\Illuminate\\Pipeline\\Pipeline.php(171): Illuminate\\Cookie\\Middleware\\EncryptCookies->handle(Object(Illuminate\\Http\\Request), Object(Closure))
#27 C:\\laragon\\www\\es_ldcu2\\vendor\\laravel\\framework\\src\\Illuminate\\Pipeline\\Pipeline.php(105): Illuminate\\Pipeline\\Pipeline->Illuminate\\Pipeline\\{closure}(Object(Illuminate\\Http\\Request))
#28 C:\\laragon\\www\\es_ldcu2\\vendor\\laravel\\framework\\src\\Illuminate\\Routing\\Router.php(683): Illuminate\\Pipeline\\Pipeline->then(Object(Closure))
#29 C:\\laragon\\www\\es_ldcu2\\vendor\\laravel\\framework\\src\\Illuminate\\Routing\\Router.php(658): Illuminate\\Routing\\Router->runRouteWithinStack(Object(Illuminate\\Routing\\Route), Object(Illuminate\\Http\\Request))
#30 C:\\laragon\\www\\es_ldcu2\\vendor\\laravel\\framework\\src\\Illuminate\\Routing\\Router.php(624): Illuminate\\Routing\\Router->runRoute(Object(Illuminate\\Http\\Request), Object(Illuminate\\Routing\\Route))
#31 C:\\laragon\\www\\es_ldcu2\\vendor\\laravel\\framework\\src\\Illuminate\\Routing\\Router.php(613): Illuminate\\Routing\\Router->dispatchToRoute(Object(Illuminate\\Http\\Request))
#32 C:\\laragon\\www\\es_ldcu2\\vendor\\laravel\\framework\\src\\Illuminate\\Foundation\\Http\\Kernel.php(170): Illuminate\\Routing\\Router->dispatch(Object(Illuminate\\Http\\Request))
#33 C:\\laragon\\www\\es_ldcu2\\vendor\\laravel\\framework\\src\\Illuminate\\Pipeline\\Pipeline.php(130): Illuminate\\Foundation\\Http\\Kernel->Illuminate\\Foundation\\Http\\{closure}(Object(Illuminate\\Http\\Request))
#34 C:\\laragon\\www\\es_ldcu2\\vendor\\laravel\\framework\\src\\Illuminate\\Foundation\\Http\\Middleware\\TransformsRequest.php(21): Illuminate\\Pipeline\\Pipeline->Illuminate\\Pipeline\\{closure}(Object(Illuminate\\Http\\Request))
#35 C:\\laragon\\www\\es_ldcu2\\vendor\\laravel\\framework\\src\\Illuminate\\Pipeline\\Pipeline.php(171): Illuminate\\Foundation\\Http\\Middleware\\TransformsRequest->handle(Object(Illuminate\\Http\\Request), Object(Closure))
#36 C:\\laragon\\www\\es_ldcu2\\vendor\\laravel\\framework\\src\\Illuminate\\Foundation\\Http\\Middleware\\TransformsRequest.php(21): Illuminate\\Pipeline\\Pipeline->Illuminate\\Pipeline\\{closure}(Object(Illuminate\\Http\\Request))
#37 C:\\laragon\\www\\es_ldcu2\\vendor\\laravel\\framework\\src\\Illuminate\\Pipeline\\Pipeline.php(171): Illuminate\\Foundation\\Http\\Middleware\\TransformsRequest->handle(Object(Illuminate\\Http\\Request), Object(Closure))
#38 C:\\laragon\\www\\es_ldcu2\\vendor\\laravel\\framework\\src\\Illuminate\\Foundation\\Http\\Middleware\\ValidatePostSize.php(27): Illuminate\\Pipeline\\Pipeline->Illuminate\\Pipeline\\{closure}(Object(Illuminate\\Http\\Request))
#39 C:\\laragon\\www\\es_ldcu2\\vendor\\laravel\\framework\\src\\Illuminate\\Pipeline\\Pipeline.php(171): Illuminate\\Foundation\\Http\\Middleware\\ValidatePostSize->handle(Object(Illuminate\\Http\\Request), Object(Closure))
#40 C:\\laragon\\www\\es_ldcu2\\vendor\\laravel\\framework\\src\\Illuminate\\Foundation\\Http\\Middleware\\CheckForMaintenanceMode.php(63): Illuminate\\Pipeline\\Pipeline->Illuminate\\Pipeline\\{closure}(Object(Illuminate\\Http\\Request))
#41 C:\\laragon\\www\\es_ldcu2\\vendor\\laravel\\framework\\src\\Illuminate\\Pipeline\\Pipeline.php(171): Illuminate\\Foundation\\Http\\Middleware\\CheckForMaintenanceMode->handle(Object(Illuminate\\Http\\Request), Object(Closure))
#42 C:\\laragon\\www\\es_ldcu2\\vendor\\fideloper\\proxy\\src\\TrustProxies.php(57): Illuminate\\Pipeline\\Pipeline->Illuminate\\Pipeline\\{closure}(Object(Illuminate\\Http\\Request))
#43 C:\\laragon\\www\\es_ldcu2\\vendor\\laravel\\framework\\src\\Illuminate\\Pipeline\\Pipeline.php(171): Fideloper\\Proxy\\TrustProxies->handle(Object(Illuminate\\Http\\Request), Object(Closure))
#44 C:\\laragon\\www\\es_ldcu2\\vendor\\laravel\\framework\\src\\Illuminate\\Pipeline\\Pipeline.php(105): Illuminate\\Pipeline\\Pipeline->Illuminate\\Pipeline\\{closure}(Object(Illuminate\\Http\\Request))
#45 C:\\laragon\\www\\es_ldcu2\\vendor\\laravel\\framework\\src\\Illuminate\\Foundation\\Http\\Kernel.php(145): Illuminate\\Pipeline\\Pipeline->then(Object(Closure))
#46 C:\\laragon\\www\\es_ldcu2\\vendor\\laravel\\framework\\src\\Illuminate\\Foundation\\Http\\Kernel.php(110): Illuminate\\Foundation\\Http\\Kernel->sendRequestThroughRouter(Object(Illuminate\\Http\\Request))
#47 C:\\laragon\\www\\es_ldcu2\\public\\index.php(55): Illuminate\\Foundation\\Http\\Kernel->handle(Object(Illuminate\\Http\\Request))
#48 C:\\laragon\\www\\es_ldcu2\\server.php(21): require_once('C:\\\\laragon\\\\www\\\\...')
#49 {main}

[previous exception] [object] (Symfony\\Component\\Debug\\Exception\\FatalThrowableError(code: 0): Cannot use object of type stdClass as array at C:\\laragon\\www\\es_ldcu2\\storage\\framework\\views\\e9fb05b7e2da42a09e321f4862534db12a8eda51.php:387)
[stacktrace]
#0 C:\\laragon\\www\\es_ldcu2\\vendor\\laravel\\framework\\src\\Illuminate\\View\\Engines\\PhpEngine.php(43): include()
#1 C:\\laragon\\www\\es_ldcu2\\vendor\\laravel\\framework\\src\\Illuminate\\View\\Engines\\CompilerEngine.php(59): Illuminate\\View\\Engines\\PhpEngine->evaluatePath('C:\\\\laragon\\\\www\\\\...', Array)
#2 C:\\laragon\\www\\es_ldcu2\\vendor\\facade\\ignition\\src\\Views\\Engines\\CompilerEngine.php(36): Illuminate\\View\\Engines\\CompilerEngine->get('C:\\\\laragon\\\\www\\\\...', Array)
#3 C:\\laragon\\www\\es_ldcu2\\vendor\\laravel\\framework\\src\\Illuminate\\View\\View.php(143): Facade\\Ignition\\Views\\Engines\\CompilerEngine->get('C:\\\\laragon\\\\www\\\\...', Array)
#4 C:\\laragon\\www\\es_ldcu2\\vendor\\laravel\\framework\\src\\Illuminate\\View\\View.php(126): Illuminate\\View\\View->getContents()
#5 C:\\laragon\\www\\es_ldcu2\\vendor\\laravel\\framework\\src\\Illuminate\\View\\View.php(91): Illuminate\\View\\View->renderContents()
#6 C:\\laragon\\www\\es_ldcu2\\vendor\\barryvdh\\laravel-dompdf\\src\\PDF.php(132): Illuminate\\View\\View->render()
#7 C:\\laragon\\www\\es_ldcu2\\vendor\\barryvdh\\laravel-dompdf\\src\\Facade.php(31): Barryvdh\\DomPDF\\PDF->loadView('principalsporta...', Array)
#8 C:\\laragon\\www\\es_ldcu2\\app\\Http\\Controllers\\Migration\\RegistrarMigration.php(591): Barryvdh\\DomPDF\\Facade::__callStatic('loadView', Array)
#9 C:\\laragon\\www\\es_ldcu2\\vendor\\laravel\\framework\\src\\Illuminate\\Routing\\Controller.php(54): App\\Http\\Controllers\\Migration\\RegistrarMigration->downloadSf9MasterlistBatch(Object(Illuminate\\Http\\Request))
#10 C:\\laragon\\www\\es_ldcu2\\vendor\\laravel\\framework\\src\\Illuminate\\Routing\\ControllerDispatcher.php(45): Illuminate\\Routing\\Controller->callAction('downloadSf9Mast...', Array)
#11 C:\\laragon\\www\\es_ldcu2\\vendor\\laravel\\framework\\src\\Illuminate\\Routing\\Route.php(219): Illuminate\\Routing\\ControllerDispatcher->dispatch(Object(Illuminate\\Routing\\Route), Object(App\\Http\\Controllers\\Migration\\RegistrarMigration), 'downloadSf9Mast...')
#12 C:\\laragon\\www\\es_ldcu2\\vendor\\laravel\\framework\\src\\Illuminate\\Routing\\Route.php(176): Illuminate\\Routing\\Route->runController()
#13 C:\\laragon\\www\\es_ldcu2\\vendor\\laravel\\framework\\src\\Illuminate\\Routing\\Router.php(681): Illuminate\\Routing\\Route->run()
#14 C:\\laragon\\www\\es_ldcu2\\vendor\\laravel\\framework\\src\\Illuminate\\Pipeline\\Pipeline.php(130): Illuminate\\Routing\\Router->Illuminate\\Routing\\{closure}(Object(Illuminate\\Http\\Request))
#15 C:\\laragon\\www\\es_ldcu2\\vendor\\laravel\\framework\\src\\Illuminate\\Routing\\Middleware\\SubstituteBindings.php(41): Illuminate\\Pipeline\\Pipeline->Illuminate\\Pipeline\\{closure}(Object(Illuminate\\Http\\Request))
#16 C:\\laragon\\www\\es_ldcu2\\vendor\\laravel\\framework\\src\\Illuminate\\Pipeline\\Pipeline.php(171): Illuminate\\Routing\\Middleware\\SubstituteBindings->handle(Object(Illuminate\\Http\\Request), Object(Closure))
#17 C:\\laragon\\www\\es_ldcu2\\vendor\\laravel\\framework\\src\\Illuminate\\Foundation\\Http\\Middleware\\VerifyCsrfToken.php(78): Illuminate\\Pipeline\\Pipeline->Illuminate\\Pipeline\\{closure}(Object(Illuminate\\Http\\Request))
#18 C:\\laragon\\www\\es_ldcu2\\vendor\\laravel\\framework\\src\\Illuminate\\Pipeline\\Pipeline.php(171): Illuminate\\Foundation\\Http\\Middleware\\VerifyCsrfToken->handle(Object(Illuminate\\Http\\Request), Object(Closure))
#19 C:\\laragon\\www\\es_ldcu2\\vendor\\laravel\\framework\\src\\Illuminate\\View\\Middleware\\ShareErrorsFromSession.php(49): Illuminate\\Pipeline\\Pipeline->Illuminate\\Pipeline\\{closure}(Object(Illuminate\\Http\\Request))
#20 C:\\laragon\\www\\es_ldcu2\\vendor\\laravel\\framework\\src\\Illuminate\\Pipeline\\Pipeline.php(171): Illuminate\\View\\Middleware\\ShareErrorsFromSession->handle(Object(Illuminate\\Http\\Request), Object(Closure))
#21 C:\\laragon\\www\\es_ldcu2\\vendor\\laravel\\framework\\src\\Illuminate\\Session\\Middleware\\StartSession.php(56): Illuminate\\Pipeline\\Pipeline->Illuminate\\Pipeline\\{closure}(Object(Illuminate\\Http\\Request))
#22 C:\\laragon\\www\\es_ldcu2\\vendor\\laravel\\framework\\src\\Illuminate\\Pipeline\\Pipeline.php(171): Illuminate\\Session\\Middleware\\StartSession->handle(Object(Illuminate\\Http\\Request), Object(Closure))
#23 C:\\laragon\\www\\es_ldcu2\\vendor\\laravel\\framework\\src\\Illuminate\\Cookie\\Middleware\\AddQueuedCookiesToResponse.php(37): Illuminate\\Pipeline\\Pipeline->Illuminate\\Pipeline\\{closure}(Object(Illuminate\\Http\\Request))
#24 C:\\laragon\\www\\es_ldcu2\\vendor\\laravel\\framework\\src\\Illuminate\\Pipeline\\Pipeline.php(171): Illuminate\\Cookie\\Middleware\\AddQueuedCookiesToResponse->handle(Object(Illuminate\\Http\\Request), Object(Closure))
#25 C:\\laragon\\www\\es_ldcu2\\vendor\\laravel\\framework\\src\\Illuminate\\Cookie\\Middleware\\EncryptCookies.php(67): Illuminate\\Pipeline\\Pipeline->Illuminate\\Pipeline\\{closure}(Object(Illuminate\\Http\\Request))
#26 C:\\laragon\\www\\es_ldcu2\\vendor\\laravel\\framework\\src\\Illuminate\\Pipeline\\Pipeline.php(171): Illuminate\\Cookie\\Middleware\\EncryptCookies->handle(Object(Illuminate\\Http\\Request), Object(Closure))
#27 C:\\laragon\\www\\es_ldcu2\\vendor\\laravel\\framework\\src\\Illuminate\\Pipeline\\Pipeline.php(105): Illuminate\\Pipeline\\Pipeline->Illuminate\\Pipeline\\{closure}(Object(Illuminate\\Http\\Request))
#28 C:\\laragon\\www\\es_ldcu2\\vendor\\laravel\\framework\\src\\Illuminate\\Routing\\Router.php(683): Illuminate\\Pipeline\\Pipeline->then(Object(Closure))
#29 C:\\laragon\\www\\es_ldcu2\\vendor\\laravel\\framework\\src\\Illuminate\\Routing\\Router.php(658): Illuminate\\Routing\\Router->runRouteWithinStack(Object(Illuminate\\Routing\\Route), Object(Illuminate\\Http\\Request))
#30 C:\\laragon\\www\\es_ldcu2\\vendor\\laravel\\framework\\src\\Illuminate\\Routing\\Router.php(624): Illuminate\\Routing\\Router->runRoute(Object(Illuminate\\Http\\Request), Object(Illuminate\\Routing\\Route))
#31 C:\\laragon\\www\\es_ldcu2\\vendor\\laravel\\framework\\src\\Illuminate\\Routing\\Router.php(613): Illuminate\\Routing\\Router->dispatchToRoute(Object(Illuminate\\Http\\Request))
#32 C:\\laragon\\www\\es_ldcu2\\vendor\\laravel\\framework\\src\\Illuminate\\Foundation\\Http\\Kernel.php(170): Illuminate\\Routing\\Router->dispatch(Object(Illuminate\\Http\\Request))
#33 C:\\laragon\\www\\es_ldcu2\\vendor\\laravel\\framework\\src\\Illuminate\\Pipeline\\Pipeline.php(130): Illuminate\\Foundation\\Http\\Kernel->Illuminate\\Foundation\\Http\\{closure}(Object(Illuminate\\Http\\Request))
#34 C:\\laragon\\www\\es_ldcu2\\vendor\\laravel\\framework\\src\\Illuminate\\Foundation\\Http\\Middleware\\TransformsRequest.php(21): Illuminate\\Pipeline\\Pipeline->Illuminate\\Pipeline\\{closure}(Object(Illuminate\\Http\\Request))
#35 C:\\laragon\\www\\es_ldcu2\\vendor\\laravel\\framework\\src\\Illuminate\\Pipeline\\Pipeline.php(171): Illuminate\\Foundation\\Http\\Middleware\\TransformsRequest->handle(Object(Illuminate\\Http\\Request), Object(Closure))
#36 C:\\laragon\\www\\es_ldcu2\\vendor\\laravel\\framework\\src\\Illuminate\\Foundation\\Http\\Middleware\\TransformsRequest.php(21): Illuminate\\Pipeline\\Pipeline->Illuminate\\Pipeline\\{closure}(Object(Illuminate\\Http\\Request))
#37 C:\\laragon\\www\\es_ldcu2\\vendor\\laravel\\framework\\src\\Illuminate\\Pipeline\\Pipeline.php(171): Illuminate\\Foundation\\Http\\Middleware\\TransformsRequest->handle(Object(Illuminate\\Http\\Request), Object(Closure))
#38 C:\\laragon\\www\\es_ldcu2\\vendor\\laravel\\framework\\src\\Illuminate\\Foundation\\Http\\Middleware\\ValidatePostSize.php(27): Illuminate\\Pipeline\\Pipeline->Illuminate\\Pipeline\\{closure}(Object(Illuminate\\Http\\Request))
#39 C:\\laragon\\www\\es_ldcu2\\vendor\\laravel\\framework\\src\\Illuminate\\Pipeline\\Pipeline.php(171): Illuminate\\Foundation\\Http\\Middleware\\ValidatePostSize->handle(Object(Illuminate\\Http\\Request), Object(Closure))
#40 C:\\laragon\\www\\es_ldcu2\\vendor\\laravel\\framework\\src\\Illuminate\\Foundation\\Http\\Middleware\\CheckForMaintenanceMode.php(63): Illuminate\\Pipeline\\Pipeline->Illuminate\\Pipeline\\{closure}(Object(Illuminate\\Http\\Request))
#41 C:\\laragon\\www\\es_ldcu2\\vendor\\laravel\\framework\\src\\Illuminate\\Pipeline\\Pipeline.php(171): Illuminate\\Foundation\\Http\\Middleware\\CheckForMaintenanceMode->handle(Object(Illuminate\\Http\\Request), Object(Closure))
#42 C:\\laragon\\www\\es_ldcu2\\vendor\\fideloper\\proxy\\src\\TrustProxies.php(57): Illuminate\\Pipeline\\Pipeline->Illuminate\\Pipeline\\{closure}(Object(Illuminate\\Http\\Request))
#43 C:\\laragon\\www\\es_ldcu2\\vendor\\laravel\\framework\\src\\Illuminate\\Pipeline\\Pipeline.php(171): Fideloper\\Proxy\\TrustProxies->handle(Object(Illuminate\\Http\\Request), Object(Closure))
#44 C:\\laragon\\www\\es_ldcu2\\vendor\\laravel\\framework\\src\\Illuminate\\Pipeline\\Pipeline.php(105): Illuminate\\Pipeline\\Pipeline->Illuminate\\Pipeline\\{closure}(Object(Illuminate\\Http\\Request))
#45 C:\\laragon\\www\\es_ldcu2\\vendor\\laravel\\framework\\src\\Illuminate\\Foundation\\Http\\Kernel.php(145): Illuminate\\Pipeline\\Pipeline->then(Object(Closure))
#46 C:\\laragon\\www\\es_ldcu2\\vendor\\laravel\\framework\\src\\Illuminate\\Foundation\\Http\\Kernel.php(110): Illuminate\\Foundation\\Http\\Kernel->sendRequestThroughRouter(Object(Illuminate\\Http\\Request))
#47 C:\\laragon\\www\\es_ldcu2\\public\\index.php(55): Illuminate\\Foundation\\Http\\Kernel->handle(Object(Illuminate\\Http\\Request))
#48 C:\\laragon\\www\\es_ldcu2\\server.php(21): require_once('C:\\\\laragon\\\\www\\\\...')
#49 {main}
"} 
[2025-07-14 05:40:52] local.ERROR: Cannot use object of type stdClass as array (View: C:\laragon\www\es_ldcu2\resources\views\principalsportal\forms\sf9layout\ica\jhs.blade.php) {"userId":1,"exception":"[object] (Facade\\Ignition\\Exceptions\\ViewException(code: 0): Cannot use object of type stdClass as array (View: C:\\laragon\\www\\es_ldcu2\\resources\\views\\principalsportal\\forms\\sf9layout\\ica\\jhs.blade.php) at C:\\laragon\\www\\es_ldcu2\\resources\\views/principalsportal/forms/sf9layout/ica/jhs.blade.php:378)
[stacktrace]
#0 C:\\laragon\\www\\es_ldcu2\\vendor\\laravel\\framework\\src\\Illuminate\\View\\Engines\\PhpEngine.php(43): include()
#1 C:\\laragon\\www\\es_ldcu2\\vendor\\laravel\\framework\\src\\Illuminate\\View\\Engines\\CompilerEngine.php(59): Illuminate\\View\\Engines\\PhpEngine->evaluatePath('C:\\\\laragon\\\\www\\\\...', Array)
#2 C:\\laragon\\www\\es_ldcu2\\vendor\\facade\\ignition\\src\\Views\\Engines\\CompilerEngine.php(36): Illuminate\\View\\Engines\\CompilerEngine->get('C:\\\\laragon\\\\www\\\\...', Array)
#3 C:\\laragon\\www\\es_ldcu2\\vendor\\laravel\\framework\\src\\Illuminate\\View\\View.php(143): Facade\\Ignition\\Views\\Engines\\CompilerEngine->get('C:\\\\laragon\\\\www\\\\...', Array)
#4 C:\\laragon\\www\\es_ldcu2\\vendor\\laravel\\framework\\src\\Illuminate\\View\\View.php(126): Illuminate\\View\\View->getContents()
#5 C:\\laragon\\www\\es_ldcu2\\vendor\\laravel\\framework\\src\\Illuminate\\View\\View.php(91): Illuminate\\View\\View->renderContents()
#6 C:\\laragon\\www\\es_ldcu2\\vendor\\barryvdh\\laravel-dompdf\\src\\PDF.php(132): Illuminate\\View\\View->render()
#7 C:\\laragon\\www\\es_ldcu2\\vendor\\barryvdh\\laravel-dompdf\\src\\Facade.php(31): Barryvdh\\DomPDF\\PDF->loadView('principalsporta...', Array)
#8 C:\\laragon\\www\\es_ldcu2\\app\\Http\\Controllers\\Migration\\RegistrarMigration.php(591): Barryvdh\\DomPDF\\Facade::__callStatic('loadView', Array)
#9 C:\\laragon\\www\\es_ldcu2\\vendor\\laravel\\framework\\src\\Illuminate\\Routing\\Controller.php(54): App\\Http\\Controllers\\Migration\\RegistrarMigration->downloadSf9MasterlistBatch(Object(Illuminate\\Http\\Request))
#10 C:\\laragon\\www\\es_ldcu2\\vendor\\laravel\\framework\\src\\Illuminate\\Routing\\ControllerDispatcher.php(45): Illuminate\\Routing\\Controller->callAction('downloadSf9Mast...', Array)
#11 C:\\laragon\\www\\es_ldcu2\\vendor\\laravel\\framework\\src\\Illuminate\\Routing\\Route.php(219): Illuminate\\Routing\\ControllerDispatcher->dispatch(Object(Illuminate\\Routing\\Route), Object(App\\Http\\Controllers\\Migration\\RegistrarMigration), 'downloadSf9Mast...')
#12 C:\\laragon\\www\\es_ldcu2\\vendor\\laravel\\framework\\src\\Illuminate\\Routing\\Route.php(176): Illuminate\\Routing\\Route->runController()
#13 C:\\laragon\\www\\es_ldcu2\\vendor\\laravel\\framework\\src\\Illuminate\\Routing\\Router.php(681): Illuminate\\Routing\\Route->run()
#14 C:\\laragon\\www\\es_ldcu2\\vendor\\laravel\\framework\\src\\Illuminate\\Pipeline\\Pipeline.php(130): Illuminate\\Routing\\Router->Illuminate\\Routing\\{closure}(Object(Illuminate\\Http\\Request))
#15 C:\\laragon\\www\\es_ldcu2\\vendor\\laravel\\framework\\src\\Illuminate\\Routing\\Middleware\\SubstituteBindings.php(41): Illuminate\\Pipeline\\Pipeline->Illuminate\\Pipeline\\{closure}(Object(Illuminate\\Http\\Request))
#16 C:\\laragon\\www\\es_ldcu2\\vendor\\laravel\\framework\\src\\Illuminate\\Pipeline\\Pipeline.php(171): Illuminate\\Routing\\Middleware\\SubstituteBindings->handle(Object(Illuminate\\Http\\Request), Object(Closure))
#17 C:\\laragon\\www\\es_ldcu2\\vendor\\laravel\\framework\\src\\Illuminate\\Foundation\\Http\\Middleware\\VerifyCsrfToken.php(78): Illuminate\\Pipeline\\Pipeline->Illuminate\\Pipeline\\{closure}(Object(Illuminate\\Http\\Request))
#18 C:\\laragon\\www\\es_ldcu2\\vendor\\laravel\\framework\\src\\Illuminate\\Pipeline\\Pipeline.php(171): Illuminate\\Foundation\\Http\\Middleware\\VerifyCsrfToken->handle(Object(Illuminate\\Http\\Request), Object(Closure))
#19 C:\\laragon\\www\\es_ldcu2\\vendor\\laravel\\framework\\src\\Illuminate\\View\\Middleware\\ShareErrorsFromSession.php(49): Illuminate\\Pipeline\\Pipeline->Illuminate\\Pipeline\\{closure}(Object(Illuminate\\Http\\Request))
#20 C:\\laragon\\www\\es_ldcu2\\vendor\\laravel\\framework\\src\\Illuminate\\Pipeline\\Pipeline.php(171): Illuminate\\View\\Middleware\\ShareErrorsFromSession->handle(Object(Illuminate\\Http\\Request), Object(Closure))
#21 C:\\laragon\\www\\es_ldcu2\\vendor\\laravel\\framework\\src\\Illuminate\\Session\\Middleware\\StartSession.php(56): Illuminate\\Pipeline\\Pipeline->Illuminate\\Pipeline\\{closure}(Object(Illuminate\\Http\\Request))
#22 C:\\laragon\\www\\es_ldcu2\\vendor\\laravel\\framework\\src\\Illuminate\\Pipeline\\Pipeline.php(171): Illuminate\\Session\\Middleware\\StartSession->handle(Object(Illuminate\\Http\\Request), Object(Closure))
#23 C:\\laragon\\www\\es_ldcu2\\vendor\\laravel\\framework\\src\\Illuminate\\Cookie\\Middleware\\AddQueuedCookiesToResponse.php(37): Illuminate\\Pipeline\\Pipeline->Illuminate\\Pipeline\\{closure}(Object(Illuminate\\Http\\Request))
#24 C:\\laragon\\www\\es_ldcu2\\vendor\\laravel\\framework\\src\\Illuminate\\Pipeline\\Pipeline.php(171): Illuminate\\Cookie\\Middleware\\AddQueuedCookiesToResponse->handle(Object(Illuminate\\Http\\Request), Object(Closure))
#25 C:\\laragon\\www\\es_ldcu2\\vendor\\laravel\\framework\\src\\Illuminate\\Cookie\\Middleware\\EncryptCookies.php(67): Illuminate\\Pipeline\\Pipeline->Illuminate\\Pipeline\\{closure}(Object(Illuminate\\Http\\Request))
#26 C:\\laragon\\www\\es_ldcu2\\vendor\\laravel\\framework\\src\\Illuminate\\Pipeline\\Pipeline.php(171): Illuminate\\Cookie\\Middleware\\EncryptCookies->handle(Object(Illuminate\\Http\\Request), Object(Closure))
#27 C:\\laragon\\www\\es_ldcu2\\vendor\\laravel\\framework\\src\\Illuminate\\Pipeline\\Pipeline.php(105): Illuminate\\Pipeline\\Pipeline->Illuminate\\Pipeline\\{closure}(Object(Illuminate\\Http\\Request))
#28 C:\\laragon\\www\\es_ldcu2\\vendor\\laravel\\framework\\src\\Illuminate\\Routing\\Router.php(683): Illuminate\\Pipeline\\Pipeline->then(Object(Closure))
#29 C:\\laragon\\www\\es_ldcu2\\vendor\\laravel\\framework\\src\\Illuminate\\Routing\\Router.php(658): Illuminate\\Routing\\Router->runRouteWithinStack(Object(Illuminate\\Routing\\Route), Object(Illuminate\\Http\\Request))
#30 C:\\laragon\\www\\es_ldcu2\\vendor\\laravel\\framework\\src\\Illuminate\\Routing\\Router.php(624): Illuminate\\Routing\\Router->runRoute(Object(Illuminate\\Http\\Request), Object(Illuminate\\Routing\\Route))
#31 C:\\laragon\\www\\es_ldcu2\\vendor\\laravel\\framework\\src\\Illuminate\\Routing\\Router.php(613): Illuminate\\Routing\\Router->dispatchToRoute(Object(Illuminate\\Http\\Request))
#32 C:\\laragon\\www\\es_ldcu2\\vendor\\laravel\\framework\\src\\Illuminate\\Foundation\\Http\\Kernel.php(170): Illuminate\\Routing\\Router->dispatch(Object(Illuminate\\Http\\Request))
#33 C:\\laragon\\www\\es_ldcu2\\vendor\\laravel\\framework\\src\\Illuminate\\Pipeline\\Pipeline.php(130): Illuminate\\Foundation\\Http\\Kernel->Illuminate\\Foundation\\Http\\{closure}(Object(Illuminate\\Http\\Request))
#34 C:\\laragon\\www\\es_ldcu2\\vendor\\laravel\\framework\\src\\Illuminate\\Foundation\\Http\\Middleware\\TransformsRequest.php(21): Illuminate\\Pipeline\\Pipeline->Illuminate\\Pipeline\\{closure}(Object(Illuminate\\Http\\Request))
#35 C:\\laragon\\www\\es_ldcu2\\vendor\\laravel\\framework\\src\\Illuminate\\Pipeline\\Pipeline.php(171): Illuminate\\Foundation\\Http\\Middleware\\TransformsRequest->handle(Object(Illuminate\\Http\\Request), Object(Closure))
#36 C:\\laragon\\www\\es_ldcu2\\vendor\\laravel\\framework\\src\\Illuminate\\Foundation\\Http\\Middleware\\TransformsRequest.php(21): Illuminate\\Pipeline\\Pipeline->Illuminate\\Pipeline\\{closure}(Object(Illuminate\\Http\\Request))
#37 C:\\laragon\\www\\es_ldcu2\\vendor\\laravel\\framework\\src\\Illuminate\\Pipeline\\Pipeline.php(171): Illuminate\\Foundation\\Http\\Middleware\\TransformsRequest->handle(Object(Illuminate\\Http\\Request), Object(Closure))
#38 C:\\laragon\\www\\es_ldcu2\\vendor\\laravel\\framework\\src\\Illuminate\\Foundation\\Http\\Middleware\\ValidatePostSize.php(27): Illuminate\\Pipeline\\Pipeline->Illuminate\\Pipeline\\{closure}(Object(Illuminate\\Http\\Request))
#39 C:\\laragon\\www\\es_ldcu2\\vendor\\laravel\\framework\\src\\Illuminate\\Pipeline\\Pipeline.php(171): Illuminate\\Foundation\\Http\\Middleware\\ValidatePostSize->handle(Object(Illuminate\\Http\\Request), Object(Closure))
#40 C:\\laragon\\www\\es_ldcu2\\vendor\\laravel\\framework\\src\\Illuminate\\Foundation\\Http\\Middleware\\CheckForMaintenanceMode.php(63): Illuminate\\Pipeline\\Pipeline->Illuminate\\Pipeline\\{closure}(Object(Illuminate\\Http\\Request))
#41 C:\\laragon\\www\\es_ldcu2\\vendor\\laravel\\framework\\src\\Illuminate\\Pipeline\\Pipeline.php(171): Illuminate\\Foundation\\Http\\Middleware\\CheckForMaintenanceMode->handle(Object(Illuminate\\Http\\Request), Object(Closure))
#42 C:\\laragon\\www\\es_ldcu2\\vendor\\fideloper\\proxy\\src\\TrustProxies.php(57): Illuminate\\Pipeline\\Pipeline->Illuminate\\Pipeline\\{closure}(Object(Illuminate\\Http\\Request))
#43 C:\\laragon\\www\\es_ldcu2\\vendor\\laravel\\framework\\src\\Illuminate\\Pipeline\\Pipeline.php(171): Fideloper\\Proxy\\TrustProxies->handle(Object(Illuminate\\Http\\Request), Object(Closure))
#44 C:\\laragon\\www\\es_ldcu2\\vendor\\laravel\\framework\\src\\Illuminate\\Pipeline\\Pipeline.php(105): Illuminate\\Pipeline\\Pipeline->Illuminate\\Pipeline\\{closure}(Object(Illuminate\\Http\\Request))
#45 C:\\laragon\\www\\es_ldcu2\\vendor\\laravel\\framework\\src\\Illuminate\\Foundation\\Http\\Kernel.php(145): Illuminate\\Pipeline\\Pipeline->then(Object(Closure))
#46 C:\\laragon\\www\\es_ldcu2\\vendor\\laravel\\framework\\src\\Illuminate\\Foundation\\Http\\Kernel.php(110): Illuminate\\Foundation\\Http\\Kernel->sendRequestThroughRouter(Object(Illuminate\\Http\\Request))
#47 C:\\laragon\\www\\es_ldcu2\\public\\index.php(55): Illuminate\\Foundation\\Http\\Kernel->handle(Object(Illuminate\\Http\\Request))
#48 C:\\laragon\\www\\es_ldcu2\\server.php(21): require_once('C:\\\\laragon\\\\www\\\\...')
#49 {main}

[previous exception] [object] (Symfony\\Component\\Debug\\Exception\\FatalThrowableError(code: 0): Cannot use object of type stdClass as array at C:\\laragon\\www\\es_ldcu2\\storage\\framework\\views\\e9fb05b7e2da42a09e321f4862534db12a8eda51.php:382)
[stacktrace]
#0 C:\\laragon\\www\\es_ldcu2\\vendor\\laravel\\framework\\src\\Illuminate\\View\\Engines\\PhpEngine.php(43): include()
#1 C:\\laragon\\www\\es_ldcu2\\vendor\\laravel\\framework\\src\\Illuminate\\View\\Engines\\CompilerEngine.php(59): Illuminate\\View\\Engines\\PhpEngine->evaluatePath('C:\\\\laragon\\\\www\\\\...', Array)
#2 C:\\laragon\\www\\es_ldcu2\\vendor\\facade\\ignition\\src\\Views\\Engines\\CompilerEngine.php(36): Illuminate\\View\\Engines\\CompilerEngine->get('C:\\\\laragon\\\\www\\\\...', Array)
#3 C:\\laragon\\www\\es_ldcu2\\vendor\\laravel\\framework\\src\\Illuminate\\View\\View.php(143): Facade\\Ignition\\Views\\Engines\\CompilerEngine->get('C:\\\\laragon\\\\www\\\\...', Array)
#4 C:\\laragon\\www\\es_ldcu2\\vendor\\laravel\\framework\\src\\Illuminate\\View\\View.php(126): Illuminate\\View\\View->getContents()
#5 C:\\laragon\\www\\es_ldcu2\\vendor\\laravel\\framework\\src\\Illuminate\\View\\View.php(91): Illuminate\\View\\View->renderContents()
#6 C:\\laragon\\www\\es_ldcu2\\vendor\\barryvdh\\laravel-dompdf\\src\\PDF.php(132): Illuminate\\View\\View->render()
#7 C:\\laragon\\www\\es_ldcu2\\vendor\\barryvdh\\laravel-dompdf\\src\\Facade.php(31): Barryvdh\\DomPDF\\PDF->loadView('principalsporta...', Array)
#8 C:\\laragon\\www\\es_ldcu2\\app\\Http\\Controllers\\Migration\\RegistrarMigration.php(591): Barryvdh\\DomPDF\\Facade::__callStatic('loadView', Array)
#9 C:\\laragon\\www\\es_ldcu2\\vendor\\laravel\\framework\\src\\Illuminate\\Routing\\Controller.php(54): App\\Http\\Controllers\\Migration\\RegistrarMigration->downloadSf9MasterlistBatch(Object(Illuminate\\Http\\Request))
#10 C:\\laragon\\www\\es_ldcu2\\vendor\\laravel\\framework\\src\\Illuminate\\Routing\\ControllerDispatcher.php(45): Illuminate\\Routing\\Controller->callAction('downloadSf9Mast...', Array)
#11 C:\\laragon\\www\\es_ldcu2\\vendor\\laravel\\framework\\src\\Illuminate\\Routing\\Route.php(219): Illuminate\\Routing\\ControllerDispatcher->dispatch(Object(Illuminate\\Routing\\Route), Object(App\\Http\\Controllers\\Migration\\RegistrarMigration), 'downloadSf9Mast...')
#12 C:\\laragon\\www\\es_ldcu2\\vendor\\laravel\\framework\\src\\Illuminate\\Routing\\Route.php(176): Illuminate\\Routing\\Route->runController()
#13 C:\\laragon\\www\\es_ldcu2\\vendor\\laravel\\framework\\src\\Illuminate\\Routing\\Router.php(681): Illuminate\\Routing\\Route->run()
#14 C:\\laragon\\www\\es_ldcu2\\vendor\\laravel\\framework\\src\\Illuminate\\Pipeline\\Pipeline.php(130): Illuminate\\Routing\\Router->Illuminate\\Routing\\{closure}(Object(Illuminate\\Http\\Request))
#15 C:\\laragon\\www\\es_ldcu2\\vendor\\laravel\\framework\\src\\Illuminate\\Routing\\Middleware\\SubstituteBindings.php(41): Illuminate\\Pipeline\\Pipeline->Illuminate\\Pipeline\\{closure}(Object(Illuminate\\Http\\Request))
#16 C:\\laragon\\www\\es_ldcu2\\vendor\\laravel\\framework\\src\\Illuminate\\Pipeline\\Pipeline.php(171): Illuminate\\Routing\\Middleware\\SubstituteBindings->handle(Object(Illuminate\\Http\\Request), Object(Closure))
#17 C:\\laragon\\www\\es_ldcu2\\vendor\\laravel\\framework\\src\\Illuminate\\Foundation\\Http\\Middleware\\VerifyCsrfToken.php(78): Illuminate\\Pipeline\\Pipeline->Illuminate\\Pipeline\\{closure}(Object(Illuminate\\Http\\Request))
#18 C:\\laragon\\www\\es_ldcu2\\vendor\\laravel\\framework\\src\\Illuminate\\Pipeline\\Pipeline.php(171): Illuminate\\Foundation\\Http\\Middleware\\VerifyCsrfToken->handle(Object(Illuminate\\Http\\Request), Object(Closure))
#19 C:\\laragon\\www\\es_ldcu2\\vendor\\laravel\\framework\\src\\Illuminate\\View\\Middleware\\ShareErrorsFromSession.php(49): Illuminate\\Pipeline\\Pipeline->Illuminate\\Pipeline\\{closure}(Object(Illuminate\\Http\\Request))
#20 C:\\laragon\\www\\es_ldcu2\\vendor\\laravel\\framework\\src\\Illuminate\\Pipeline\\Pipeline.php(171): Illuminate\\View\\Middleware\\ShareErrorsFromSession->handle(Object(Illuminate\\Http\\Request), Object(Closure))
#21 C:\\laragon\\www\\es_ldcu2\\vendor\\laravel\\framework\\src\\Illuminate\\Session\\Middleware\\StartSession.php(56): Illuminate\\Pipeline\\Pipeline->Illuminate\\Pipeline\\{closure}(Object(Illuminate\\Http\\Request))
#22 C:\\laragon\\www\\es_ldcu2\\vendor\\laravel\\framework\\src\\Illuminate\\Pipeline\\Pipeline.php(171): Illuminate\\Session\\Middleware\\StartSession->handle(Object(Illuminate\\Http\\Request), Object(Closure))
#23 C:\\laragon\\www\\es_ldcu2\\vendor\\laravel\\framework\\src\\Illuminate\\Cookie\\Middleware\\AddQueuedCookiesToResponse.php(37): Illuminate\\Pipeline\\Pipeline->Illuminate\\Pipeline\\{closure}(Object(Illuminate\\Http\\Request))
#24 C:\\laragon\\www\\es_ldcu2\\vendor\\laravel\\framework\\src\\Illuminate\\Pipeline\\Pipeline.php(171): Illuminate\\Cookie\\Middleware\\AddQueuedCookiesToResponse->handle(Object(Illuminate\\Http\\Request), Object(Closure))
#25 C:\\laragon\\www\\es_ldcu2\\vendor\\laravel\\framework\\src\\Illuminate\\Cookie\\Middleware\\EncryptCookies.php(67): Illuminate\\Pipeline\\Pipeline->Illuminate\\Pipeline\\{closure}(Object(Illuminate\\Http\\Request))
#26 C:\\laragon\\www\\es_ldcu2\\vendor\\laravel\\framework\\src\\Illuminate\\Pipeline\\Pipeline.php(171): Illuminate\\Cookie\\Middleware\\EncryptCookies->handle(Object(Illuminate\\Http\\Request), Object(Closure))
#27 C:\\laragon\\www\\es_ldcu2\\vendor\\laravel\\framework\\src\\Illuminate\\Pipeline\\Pipeline.php(105): Illuminate\\Pipeline\\Pipeline->Illuminate\\Pipeline\\{closure}(Object(Illuminate\\Http\\Request))
#28 C:\\laragon\\www\\es_ldcu2\\vendor\\laravel\\framework\\src\\Illuminate\\Routing\\Router.php(683): Illuminate\\Pipeline\\Pipeline->then(Object(Closure))
#29 C:\\laragon\\www\\es_ldcu2\\vendor\\laravel\\framework\\src\\Illuminate\\Routing\\Router.php(658): Illuminate\\Routing\\Router->runRouteWithinStack(Object(Illuminate\\Routing\\Route), Object(Illuminate\\Http\\Request))
#30 C:\\laragon\\www\\es_ldcu2\\vendor\\laravel\\framework\\src\\Illuminate\\Routing\\Router.php(624): Illuminate\\Routing\\Router->runRoute(Object(Illuminate\\Http\\Request), Object(Illuminate\\Routing\\Route))
#31 C:\\laragon\\www\\es_ldcu2\\vendor\\laravel\\framework\\src\\Illuminate\\Routing\\Router.php(613): Illuminate\\Routing\\Router->dispatchToRoute(Object(Illuminate\\Http\\Request))
#32 C:\\laragon\\www\\es_ldcu2\\vendor\\laravel\\framework\\src\\Illuminate\\Foundation\\Http\\Kernel.php(170): Illuminate\\Routing\\Router->dispatch(Object(Illuminate\\Http\\Request))
#33 C:\\laragon\\www\\es_ldcu2\\vendor\\laravel\\framework\\src\\Illuminate\\Pipeline\\Pipeline.php(130): Illuminate\\Foundation\\Http\\Kernel->Illuminate\\Foundation\\Http\\{closure}(Object(Illuminate\\Http\\Request))
#34 C:\\laragon\\www\\es_ldcu2\\vendor\\laravel\\framework\\src\\Illuminate\\Foundation\\Http\\Middleware\\TransformsRequest.php(21): Illuminate\\Pipeline\\Pipeline->Illuminate\\Pipeline\\{closure}(Object(Illuminate\\Http\\Request))
#35 C:\\laragon\\www\\es_ldcu2\\vendor\\laravel\\framework\\src\\Illuminate\\Pipeline\\Pipeline.php(171): Illuminate\\Foundation\\Http\\Middleware\\TransformsRequest->handle(Object(Illuminate\\Http\\Request), Object(Closure))
#36 C:\\laragon\\www\\es_ldcu2\\vendor\\laravel\\framework\\src\\Illuminate\\Foundation\\Http\\Middleware\\TransformsRequest.php(21): Illuminate\\Pipeline\\Pipeline->Illuminate\\Pipeline\\{closure}(Object(Illuminate\\Http\\Request))
#37 C:\\laragon\\www\\es_ldcu2\\vendor\\laravel\\framework\\src\\Illuminate\\Pipeline\\Pipeline.php(171): Illuminate\\Foundation\\Http\\Middleware\\TransformsRequest->handle(Object(Illuminate\\Http\\Request), Object(Closure))
#38 C:\\laragon\\www\\es_ldcu2\\vendor\\laravel\\framework\\src\\Illuminate\\Foundation\\Http\\Middleware\\ValidatePostSize.php(27): Illuminate\\Pipeline\\Pipeline->Illuminate\\Pipeline\\{closure}(Object(Illuminate\\Http\\Request))
#39 C:\\laragon\\www\\es_ldcu2\\vendor\\laravel\\framework\\src\\Illuminate\\Pipeline\\Pipeline.php(171): Illuminate\\Foundation\\Http\\Middleware\\ValidatePostSize->handle(Object(Illuminate\\Http\\Request), Object(Closure))
#40 C:\\laragon\\www\\es_ldcu2\\vendor\\laravel\\framework\\src\\Illuminate\\Foundation\\Http\\Middleware\\CheckForMaintenanceMode.php(63): Illuminate\\Pipeline\\Pipeline->Illuminate\\Pipeline\\{closure}(Object(Illuminate\\Http\\Request))
#41 C:\\laragon\\www\\es_ldcu2\\vendor\\laravel\\framework\\src\\Illuminate\\Pipeline\\Pipeline.php(171): Illuminate\\Foundation\\Http\\Middleware\\CheckForMaintenanceMode->handle(Object(Illuminate\\Http\\Request), Object(Closure))
#42 C:\\laragon\\www\\es_ldcu2\\vendor\\fideloper\\proxy\\src\\TrustProxies.php(57): Illuminate\\Pipeline\\Pipeline->Illuminate\\Pipeline\\{closure}(Object(Illuminate\\Http\\Request))
#43 C:\\laragon\\www\\es_ldcu2\\vendor\\laravel\\framework\\src\\Illuminate\\Pipeline\\Pipeline.php(171): Fideloper\\Proxy\\TrustProxies->handle(Object(Illuminate\\Http\\Request), Object(Closure))
#44 C:\\laragon\\www\\es_ldcu2\\vendor\\laravel\\framework\\src\\Illuminate\\Pipeline\\Pipeline.php(105): Illuminate\\Pipeline\\Pipeline->Illuminate\\Pipeline\\{closure}(Object(Illuminate\\Http\\Request))
#45 C:\\laragon\\www\\es_ldcu2\\vendor\\laravel\\framework\\src\\Illuminate\\Foundation\\Http\\Kernel.php(145): Illuminate\\Pipeline\\Pipeline->then(Object(Closure))
#46 C:\\laragon\\www\\es_ldcu2\\vendor\\laravel\\framework\\src\\Illuminate\\Foundation\\Http\\Kernel.php(110): Illuminate\\Foundation\\Http\\Kernel->sendRequestThroughRouter(Object(Illuminate\\Http\\Request))
#47 C:\\laragon\\www\\es_ldcu2\\public\\index.php(55): Illuminate\\Foundation\\Http\\Kernel->handle(Object(Illuminate\\Http\\Request))
#48 C:\\laragon\\www\\es_ldcu2\\server.php(21): require_once('C:\\\\laragon\\\\www\\\\...')
#49 {main}
"} 
[2025-07-14 05:47:40] local.ERROR: Undefined property: stdClass::$student (View: C:\laragon\www\es_ldcu2\resources\views\principalsportal\forms\sf9layout\ica\jhs.blade.php) {"userId":1,"exception":"[object] (Facade\\Ignition\\Exceptions\\ViewException(code: 0): Undefined property: stdClass::$student (View: C:\\laragon\\www\\es_ldcu2\\resources\\views\\principalsportal\\forms\\sf9layout\\ica\\jhs.blade.php) at C:\\laragon\\www\\es_ldcu2\\resources\\views/principalsportal/forms/sf9layout/ica/jhs.blade.php:418)
[stacktrace]
#0 C:\\laragon\\www\\es_ldcu2\\resources\\views/principalsportal/forms/sf9layout/ica/jhs.blade.php(418): Illuminate\\Foundation\\Bootstrap\\HandleExceptions->handleError(8, 'Undefined prope...', 'C:\\\\laragon\\\\www\\\\...', 417, Array)
#1 C:\\laragon\\www\\es_ldcu2\\vendor\\laravel\\framework\\src\\Illuminate\\View\\Engines\\PhpEngine.php(43): include('C:\\\\laragon\\\\www\\\\...')
#2 C:\\laragon\\www\\es_ldcu2\\vendor\\laravel\\framework\\src\\Illuminate\\View\\Engines\\CompilerEngine.php(59): Illuminate\\View\\Engines\\PhpEngine->evaluatePath('C:\\\\laragon\\\\www\\\\...', Array)
#3 C:\\laragon\\www\\es_ldcu2\\vendor\\facade\\ignition\\src\\Views\\Engines\\CompilerEngine.php(36): Illuminate\\View\\Engines\\CompilerEngine->get('C:\\\\laragon\\\\www\\\\...', Array)
#4 C:\\laragon\\www\\es_ldcu2\\vendor\\laravel\\framework\\src\\Illuminate\\View\\View.php(143): Facade\\Ignition\\Views\\Engines\\CompilerEngine->get('C:\\\\laragon\\\\www\\\\...', Array)
#5 C:\\laragon\\www\\es_ldcu2\\vendor\\laravel\\framework\\src\\Illuminate\\View\\View.php(126): Illuminate\\View\\View->getContents()
#6 C:\\laragon\\www\\es_ldcu2\\vendor\\laravel\\framework\\src\\Illuminate\\View\\View.php(91): Illuminate\\View\\View->renderContents()
#7 C:\\laragon\\www\\es_ldcu2\\vendor\\barryvdh\\laravel-dompdf\\src\\PDF.php(132): Illuminate\\View\\View->render()
#8 C:\\laragon\\www\\es_ldcu2\\vendor\\barryvdh\\laravel-dompdf\\src\\Facade.php(31): Barryvdh\\DomPDF\\PDF->loadView('principalsporta...', Array)
#9 C:\\laragon\\www\\es_ldcu2\\app\\Http\\Controllers\\Migration\\RegistrarMigration.php(591): Barryvdh\\DomPDF\\Facade::__callStatic('loadView', Array)
#10 C:\\laragon\\www\\es_ldcu2\\vendor\\laravel\\framework\\src\\Illuminate\\Routing\\Controller.php(54): App\\Http\\Controllers\\Migration\\RegistrarMigration->downloadSf9MasterlistBatch(Object(Illuminate\\Http\\Request))
#11 C:\\laragon\\www\\es_ldcu2\\vendor\\laravel\\framework\\src\\Illuminate\\Routing\\ControllerDispatcher.php(45): Illuminate\\Routing\\Controller->callAction('downloadSf9Mast...', Array)
#12 C:\\laragon\\www\\es_ldcu2\\vendor\\laravel\\framework\\src\\Illuminate\\Routing\\Route.php(219): Illuminate\\Routing\\ControllerDispatcher->dispatch(Object(Illuminate\\Routing\\Route), Object(App\\Http\\Controllers\\Migration\\RegistrarMigration), 'downloadSf9Mast...')
#13 C:\\laragon\\www\\es_ldcu2\\vendor\\laravel\\framework\\src\\Illuminate\\Routing\\Route.php(176): Illuminate\\Routing\\Route->runController()
#14 C:\\laragon\\www\\es_ldcu2\\vendor\\laravel\\framework\\src\\Illuminate\\Routing\\Router.php(681): Illuminate\\Routing\\Route->run()
#15 C:\\laragon\\www\\es_ldcu2\\vendor\\laravel\\framework\\src\\Illuminate\\Pipeline\\Pipeline.php(130): Illuminate\\Routing\\Router->Illuminate\\Routing\\{closure}(Object(Illuminate\\Http\\Request))
#16 C:\\laragon\\www\\es_ldcu2\\vendor\\laravel\\framework\\src\\Illuminate\\Routing\\Middleware\\SubstituteBindings.php(41): Illuminate\\Pipeline\\Pipeline->Illuminate\\Pipeline\\{closure}(Object(Illuminate\\Http\\Request))
#17 C:\\laragon\\www\\es_ldcu2\\vendor\\laravel\\framework\\src\\Illuminate\\Pipeline\\Pipeline.php(171): Illuminate\\Routing\\Middleware\\SubstituteBindings->handle(Object(Illuminate\\Http\\Request), Object(Closure))
#18 C:\\laragon\\www\\es_ldcu2\\vendor\\laravel\\framework\\src\\Illuminate\\Foundation\\Http\\Middleware\\VerifyCsrfToken.php(78): Illuminate\\Pipeline\\Pipeline->Illuminate\\Pipeline\\{closure}(Object(Illuminate\\Http\\Request))
#19 C:\\laragon\\www\\es_ldcu2\\vendor\\laravel\\framework\\src\\Illuminate\\Pipeline\\Pipeline.php(171): Illuminate\\Foundation\\Http\\Middleware\\VerifyCsrfToken->handle(Object(Illuminate\\Http\\Request), Object(Closure))
#20 C:\\laragon\\www\\es_ldcu2\\vendor\\laravel\\framework\\src\\Illuminate\\View\\Middleware\\ShareErrorsFromSession.php(49): Illuminate\\Pipeline\\Pipeline->Illuminate\\Pipeline\\{closure}(Object(Illuminate\\Http\\Request))
#21 C:\\laragon\\www\\es_ldcu2\\vendor\\laravel\\framework\\src\\Illuminate\\Pipeline\\Pipeline.php(171): Illuminate\\View\\Middleware\\ShareErrorsFromSession->handle(Object(Illuminate\\Http\\Request), Object(Closure))
#22 C:\\laragon\\www\\es_ldcu2\\vendor\\laravel\\framework\\src\\Illuminate\\Session\\Middleware\\StartSession.php(56): Illuminate\\Pipeline\\Pipeline->Illuminate\\Pipeline\\{closure}(Object(Illuminate\\Http\\Request))
#23 C:\\laragon\\www\\es_ldcu2\\vendor\\laravel\\framework\\src\\Illuminate\\Pipeline\\Pipeline.php(171): Illuminate\\Session\\Middleware\\StartSession->handle(Object(Illuminate\\Http\\Request), Object(Closure))
#24 C:\\laragon\\www\\es_ldcu2\\vendor\\laravel\\framework\\src\\Illuminate\\Cookie\\Middleware\\AddQueuedCookiesToResponse.php(37): Illuminate\\Pipeline\\Pipeline->Illuminate\\Pipeline\\{closure}(Object(Illuminate\\Http\\Request))
#25 C:\\laragon\\www\\es_ldcu2\\vendor\\laravel\\framework\\src\\Illuminate\\Pipeline\\Pipeline.php(171): Illuminate\\Cookie\\Middleware\\AddQueuedCookiesToResponse->handle(Object(Illuminate\\Http\\Request), Object(Closure))
#26 C:\\laragon\\www\\es_ldcu2\\vendor\\laravel\\framework\\src\\Illuminate\\Cookie\\Middleware\\EncryptCookies.php(67): Illuminate\\Pipeline\\Pipeline->Illuminate\\Pipeline\\{closure}(Object(Illuminate\\Http\\Request))
#27 C:\\laragon\\www\\es_ldcu2\\vendor\\laravel\\framework\\src\\Illuminate\\Pipeline\\Pipeline.php(171): Illuminate\\Cookie\\Middleware\\EncryptCookies->handle(Object(Illuminate\\Http\\Request), Object(Closure))
#28 C:\\laragon\\www\\es_ldcu2\\vendor\\laravel\\framework\\src\\Illuminate\\Pipeline\\Pipeline.php(105): Illuminate\\Pipeline\\Pipeline->Illuminate\\Pipeline\\{closure}(Object(Illuminate\\Http\\Request))
#29 C:\\laragon\\www\\es_ldcu2\\vendor\\laravel\\framework\\src\\Illuminate\\Routing\\Router.php(683): Illuminate\\Pipeline\\Pipeline->then(Object(Closure))
#30 C:\\laragon\\www\\es_ldcu2\\vendor\\laravel\\framework\\src\\Illuminate\\Routing\\Router.php(658): Illuminate\\Routing\\Router->runRouteWithinStack(Object(Illuminate\\Routing\\Route), Object(Illuminate\\Http\\Request))
#31 C:\\laragon\\www\\es_ldcu2\\vendor\\laravel\\framework\\src\\Illuminate\\Routing\\Router.php(624): Illuminate\\Routing\\Router->runRoute(Object(Illuminate\\Http\\Request), Object(Illuminate\\Routing\\Route))
#32 C:\\laragon\\www\\es_ldcu2\\vendor\\laravel\\framework\\src\\Illuminate\\Routing\\Router.php(613): Illuminate\\Routing\\Router->dispatchToRoute(Object(Illuminate\\Http\\Request))
#33 C:\\laragon\\www\\es_ldcu2\\vendor\\laravel\\framework\\src\\Illuminate\\Foundation\\Http\\Kernel.php(170): Illuminate\\Routing\\Router->dispatch(Object(Illuminate\\Http\\Request))
#34 C:\\laragon\\www\\es_ldcu2\\vendor\\laravel\\framework\\src\\Illuminate\\Pipeline\\Pipeline.php(130): Illuminate\\Foundation\\Http\\Kernel->Illuminate\\Foundation\\Http\\{closure}(Object(Illuminate\\Http\\Request))
#35 C:\\laragon\\www\\es_ldcu2\\vendor\\laravel\\framework\\src\\Illuminate\\Foundation\\Http\\Middleware\\TransformsRequest.php(21): Illuminate\\Pipeline\\Pipeline->Illuminate\\Pipeline\\{closure}(Object(Illuminate\\Http\\Request))
#36 C:\\laragon\\www\\es_ldcu2\\vendor\\laravel\\framework\\src\\Illuminate\\Pipeline\\Pipeline.php(171): Illuminate\\Foundation\\Http\\Middleware\\TransformsRequest->handle(Object(Illuminate\\Http\\Request), Object(Closure))
#37 C:\\laragon\\www\\es_ldcu2\\vendor\\laravel\\framework\\src\\Illuminate\\Foundation\\Http\\Middleware\\TransformsRequest.php(21): Illuminate\\Pipeline\\Pipeline->Illuminate\\Pipeline\\{closure}(Object(Illuminate\\Http\\Request))
#38 C:\\laragon\\www\\es_ldcu2\\vendor\\laravel\\framework\\src\\Illuminate\\Pipeline\\Pipeline.php(171): Illuminate\\Foundation\\Http\\Middleware\\TransformsRequest->handle(Object(Illuminate\\Http\\Request), Object(Closure))
#39 C:\\laragon\\www\\es_ldcu2\\vendor\\laravel\\framework\\src\\Illuminate\\Foundation\\Http\\Middleware\\ValidatePostSize.php(27): Illuminate\\Pipeline\\Pipeline->Illuminate\\Pipeline\\{closure}(Object(Illuminate\\Http\\Request))
#40 C:\\laragon\\www\\es_ldcu2\\vendor\\laravel\\framework\\src\\Illuminate\\Pipeline\\Pipeline.php(171): Illuminate\\Foundation\\Http\\Middleware\\ValidatePostSize->handle(Object(Illuminate\\Http\\Request), Object(Closure))
#41 C:\\laragon\\www\\es_ldcu2\\vendor\\laravel\\framework\\src\\Illuminate\\Foundation\\Http\\Middleware\\CheckForMaintenanceMode.php(63): Illuminate\\Pipeline\\Pipeline->Illuminate\\Pipeline\\{closure}(Object(Illuminate\\Http\\Request))
#42 C:\\laragon\\www\\es_ldcu2\\vendor\\laravel\\framework\\src\\Illuminate\\Pipeline\\Pipeline.php(171): Illuminate\\Foundation\\Http\\Middleware\\CheckForMaintenanceMode->handle(Object(Illuminate\\Http\\Request), Object(Closure))
#43 C:\\laragon\\www\\es_ldcu2\\vendor\\fideloper\\proxy\\src\\TrustProxies.php(57): Illuminate\\Pipeline\\Pipeline->Illuminate\\Pipeline\\{closure}(Object(Illuminate\\Http\\Request))
#44 C:\\laragon\\www\\es_ldcu2\\vendor\\laravel\\framework\\src\\Illuminate\\Pipeline\\Pipeline.php(171): Fideloper\\Proxy\\TrustProxies->handle(Object(Illuminate\\Http\\Request), Object(Closure))
#45 C:\\laragon\\www\\es_ldcu2\\vendor\\laravel\\framework\\src\\Illuminate\\Pipeline\\Pipeline.php(105): Illuminate\\Pipeline\\Pipeline->Illuminate\\Pipeline\\{closure}(Object(Illuminate\\Http\\Request))
#46 C:\\laragon\\www\\es_ldcu2\\vendor\\laravel\\framework\\src\\Illuminate\\Foundation\\Http\\Kernel.php(145): Illuminate\\Pipeline\\Pipeline->then(Object(Closure))
#47 C:\\laragon\\www\\es_ldcu2\\vendor\\laravel\\framework\\src\\Illuminate\\Foundation\\Http\\Kernel.php(110): Illuminate\\Foundation\\Http\\Kernel->sendRequestThroughRouter(Object(Illuminate\\Http\\Request))
#48 C:\\laragon\\www\\es_ldcu2\\public\\index.php(55): Illuminate\\Foundation\\Http\\Kernel->handle(Object(Illuminate\\Http\\Request))
#49 C:\\laragon\\www\\es_ldcu2\\server.php(21): require_once('C:\\\\laragon\\\\www\\\\...')
#50 {main}

[previous exception] [object] (ErrorException(code: 0): Undefined property: stdClass::$student at C:\\laragon\\www\\es_ldcu2\\storage\\framework\\views\\e9fb05b7e2da42a09e321f4862534db12a8eda51.php:417)
[stacktrace]
#0 C:\\laragon\\www\\es_ldcu2\\storage\\framework\\views\\e9fb05b7e2da42a09e321f4862534db12a8eda51.php(417): Illuminate\\Foundation\\Bootstrap\\HandleExceptions->handleError(8, 'Undefined prope...', 'C:\\\\laragon\\\\www\\\\...', 417, Array)
#1 C:\\laragon\\www\\es_ldcu2\\vendor\\laravel\\framework\\src\\Illuminate\\View\\Engines\\PhpEngine.php(43): include('C:\\\\laragon\\\\www\\\\...')
#2 C:\\laragon\\www\\es_ldcu2\\vendor\\laravel\\framework\\src\\Illuminate\\View\\Engines\\CompilerEngine.php(59): Illuminate\\View\\Engines\\PhpEngine->evaluatePath('C:\\\\laragon\\\\www\\\\...', Array)
#3 C:\\laragon\\www\\es_ldcu2\\vendor\\facade\\ignition\\src\\Views\\Engines\\CompilerEngine.php(36): Illuminate\\View\\Engines\\CompilerEngine->get('C:\\\\laragon\\\\www\\\\...', Array)
#4 C:\\laragon\\www\\es_ldcu2\\vendor\\laravel\\framework\\src\\Illuminate\\View\\View.php(143): Facade\\Ignition\\Views\\Engines\\CompilerEngine->get('C:\\\\laragon\\\\www\\\\...', Array)
#5 C:\\laragon\\www\\es_ldcu2\\vendor\\laravel\\framework\\src\\Illuminate\\View\\View.php(126): Illuminate\\View\\View->getContents()
#6 C:\\laragon\\www\\es_ldcu2\\vendor\\laravel\\framework\\src\\Illuminate\\View\\View.php(91): Illuminate\\View\\View->renderContents()
#7 C:\\laragon\\www\\es_ldcu2\\vendor\\barryvdh\\laravel-dompdf\\src\\PDF.php(132): Illuminate\\View\\View->render()
#8 C:\\laragon\\www\\es_ldcu2\\vendor\\barryvdh\\laravel-dompdf\\src\\Facade.php(31): Barryvdh\\DomPDF\\PDF->loadView('principalsporta...', Array)
#9 C:\\laragon\\www\\es_ldcu2\\app\\Http\\Controllers\\Migration\\RegistrarMigration.php(591): Barryvdh\\DomPDF\\Facade::__callStatic('loadView', Array)
#10 C:\\laragon\\www\\es_ldcu2\\vendor\\laravel\\framework\\src\\Illuminate\\Routing\\Controller.php(54): App\\Http\\Controllers\\Migration\\RegistrarMigration->downloadSf9MasterlistBatch(Object(Illuminate\\Http\\Request))
#11 C:\\laragon\\www\\es_ldcu2\\vendor\\laravel\\framework\\src\\Illuminate\\Routing\\ControllerDispatcher.php(45): Illuminate\\Routing\\Controller->callAction('downloadSf9Mast...', Array)
#12 C:\\laragon\\www\\es_ldcu2\\vendor\\laravel\\framework\\src\\Illuminate\\Routing\\Route.php(219): Illuminate\\Routing\\ControllerDispatcher->dispatch(Object(Illuminate\\Routing\\Route), Object(App\\Http\\Controllers\\Migration\\RegistrarMigration), 'downloadSf9Mast...')
#13 C:\\laragon\\www\\es_ldcu2\\vendor\\laravel\\framework\\src\\Illuminate\\Routing\\Route.php(176): Illuminate\\Routing\\Route->runController()
#14 C:\\laragon\\www\\es_ldcu2\\vendor\\laravel\\framework\\src\\Illuminate\\Routing\\Router.php(681): Illuminate\\Routing\\Route->run()
#15 C:\\laragon\\www\\es_ldcu2\\vendor\\laravel\\framework\\src\\Illuminate\\Pipeline\\Pipeline.php(130): Illuminate\\Routing\\Router->Illuminate\\Routing\\{closure}(Object(Illuminate\\Http\\Request))
#16 C:\\laragon\\www\\es_ldcu2\\vendor\\laravel\\framework\\src\\Illuminate\\Routing\\Middleware\\SubstituteBindings.php(41): Illuminate\\Pipeline\\Pipeline->Illuminate\\Pipeline\\{closure}(Object(Illuminate\\Http\\Request))
#17 C:\\laragon\\www\\es_ldcu2\\vendor\\laravel\\framework\\src\\Illuminate\\Pipeline\\Pipeline.php(171): Illuminate\\Routing\\Middleware\\SubstituteBindings->handle(Object(Illuminate\\Http\\Request), Object(Closure))
#18 C:\\laragon\\www\\es_ldcu2\\vendor\\laravel\\framework\\src\\Illuminate\\Foundation\\Http\\Middleware\\VerifyCsrfToken.php(78): Illuminate\\Pipeline\\Pipeline->Illuminate\\Pipeline\\{closure}(Object(Illuminate\\Http\\Request))
#19 C:\\laragon\\www\\es_ldcu2\\vendor\\laravel\\framework\\src\\Illuminate\\Pipeline\\Pipeline.php(171): Illuminate\\Foundation\\Http\\Middleware\\VerifyCsrfToken->handle(Object(Illuminate\\Http\\Request), Object(Closure))
#20 C:\\laragon\\www\\es_ldcu2\\vendor\\laravel\\framework\\src\\Illuminate\\View\\Middleware\\ShareErrorsFromSession.php(49): Illuminate\\Pipeline\\Pipeline->Illuminate\\Pipeline\\{closure}(Object(Illuminate\\Http\\Request))
#21 C:\\laragon\\www\\es_ldcu2\\vendor\\laravel\\framework\\src\\Illuminate\\Pipeline\\Pipeline.php(171): Illuminate\\View\\Middleware\\ShareErrorsFromSession->handle(Object(Illuminate\\Http\\Request), Object(Closure))
#22 C:\\laragon\\www\\es_ldcu2\\vendor\\laravel\\framework\\src\\Illuminate\\Session\\Middleware\\StartSession.php(56): Illuminate\\Pipeline\\Pipeline->Illuminate\\Pipeline\\{closure}(Object(Illuminate\\Http\\Request))
#23 C:\\laragon\\www\\es_ldcu2\\vendor\\laravel\\framework\\src\\Illuminate\\Pipeline\\Pipeline.php(171): Illuminate\\Session\\Middleware\\StartSession->handle(Object(Illuminate\\Http\\Request), Object(Closure))
#24 C:\\laragon\\www\\es_ldcu2\\vendor\\laravel\\framework\\src\\Illuminate\\Cookie\\Middleware\\AddQueuedCookiesToResponse.php(37): Illuminate\\Pipeline\\Pipeline->Illuminate\\Pipeline\\{closure}(Object(Illuminate\\Http\\Request))
#25 C:\\laragon\\www\\es_ldcu2\\vendor\\laravel\\framework\\src\\Illuminate\\Pipeline\\Pipeline.php(171): Illuminate\\Cookie\\Middleware\\AddQueuedCookiesToResponse->handle(Object(Illuminate\\Http\\Request), Object(Closure))
#26 C:\\laragon\\www\\es_ldcu2\\vendor\\laravel\\framework\\src\\Illuminate\\Cookie\\Middleware\\EncryptCookies.php(67): Illuminate\\Pipeline\\Pipeline->Illuminate\\Pipeline\\{closure}(Object(Illuminate\\Http\\Request))
#27 C:\\laragon\\www\\es_ldcu2\\vendor\\laravel\\framework\\src\\Illuminate\\Pipeline\\Pipeline.php(171): Illuminate\\Cookie\\Middleware\\EncryptCookies->handle(Object(Illuminate\\Http\\Request), Object(Closure))
#28 C:\\laragon\\www\\es_ldcu2\\vendor\\laravel\\framework\\src\\Illuminate\\Pipeline\\Pipeline.php(105): Illuminate\\Pipeline\\Pipeline->Illuminate\\Pipeline\\{closure}(Object(Illuminate\\Http\\Request))
#29 C:\\laragon\\www\\es_ldcu2\\vendor\\laravel\\framework\\src\\Illuminate\\Routing\\Router.php(683): Illuminate\\Pipeline\\Pipeline->then(Object(Closure))
#30 C:\\laragon\\www\\es_ldcu2\\vendor\\laravel\\framework\\src\\Illuminate\\Routing\\Router.php(658): Illuminate\\Routing\\Router->runRouteWithinStack(Object(Illuminate\\Routing\\Route), Object(Illuminate\\Http\\Request))
#31 C:\\laragon\\www\\es_ldcu2\\vendor\\laravel\\framework\\src\\Illuminate\\Routing\\Router.php(624): Illuminate\\Routing\\Router->runRoute(Object(Illuminate\\Http\\Request), Object(Illuminate\\Routing\\Route))
#32 C:\\laragon\\www\\es_ldcu2\\vendor\\laravel\\framework\\src\\Illuminate\\Routing\\Router.php(613): Illuminate\\Routing\\Router->dispatchToRoute(Object(Illuminate\\Http\\Request))
#33 C:\\laragon\\www\\es_ldcu2\\vendor\\laravel\\framework\\src\\Illuminate\\Foundation\\Http\\Kernel.php(170): Illuminate\\Routing\\Router->dispatch(Object(Illuminate\\Http\\Request))
#34 C:\\laragon\\www\\es_ldcu2\\vendor\\laravel\\framework\\src\\Illuminate\\Pipeline\\Pipeline.php(130): Illuminate\\Foundation\\Http\\Kernel->Illuminate\\Foundation\\Http\\{closure}(Object(Illuminate\\Http\\Request))
#35 C:\\laragon\\www\\es_ldcu2\\vendor\\laravel\\framework\\src\\Illuminate\\Foundation\\Http\\Middleware\\TransformsRequest.php(21): Illuminate\\Pipeline\\Pipeline->Illuminate\\Pipeline\\{closure}(Object(Illuminate\\Http\\Request))
#36 C:\\laragon\\www\\es_ldcu2\\vendor\\laravel\\framework\\src\\Illuminate\\Pipeline\\Pipeline.php(171): Illuminate\\Foundation\\Http\\Middleware\\TransformsRequest->handle(Object(Illuminate\\Http\\Request), Object(Closure))
#37 C:\\laragon\\www\\es_ldcu2\\vendor\\laravel\\framework\\src\\Illuminate\\Foundation\\Http\\Middleware\\TransformsRequest.php(21): Illuminate\\Pipeline\\Pipeline->Illuminate\\Pipeline\\{closure}(Object(Illuminate\\Http\\Request))
#38 C:\\laragon\\www\\es_ldcu2\\vendor\\laravel\\framework\\src\\Illuminate\\Pipeline\\Pipeline.php(171): Illuminate\\Foundation\\Http\\Middleware\\TransformsRequest->handle(Object(Illuminate\\Http\\Request), Object(Closure))
#39 C:\\laragon\\www\\es_ldcu2\\vendor\\laravel\\framework\\src\\Illuminate\\Foundation\\Http\\Middleware\\ValidatePostSize.php(27): Illuminate\\Pipeline\\Pipeline->Illuminate\\Pipeline\\{closure}(Object(Illuminate\\Http\\Request))
#40 C:\\laragon\\www\\es_ldcu2\\vendor\\laravel\\framework\\src\\Illuminate\\Pipeline\\Pipeline.php(171): Illuminate\\Foundation\\Http\\Middleware\\ValidatePostSize->handle(Object(Illuminate\\Http\\Request), Object(Closure))
#41 C:\\laragon\\www\\es_ldcu2\\vendor\\laravel\\framework\\src\\Illuminate\\Foundation\\Http\\Middleware\\CheckForMaintenanceMode.php(63): Illuminate\\Pipeline\\Pipeline->Illuminate\\Pipeline\\{closure}(Object(Illuminate\\Http\\Request))
#42 C:\\laragon\\www\\es_ldcu2\\vendor\\laravel\\framework\\src\\Illuminate\\Pipeline\\Pipeline.php(171): Illuminate\\Foundation\\Http\\Middleware\\CheckForMaintenanceMode->handle(Object(Illuminate\\Http\\Request), Object(Closure))
#43 C:\\laragon\\www\\es_ldcu2\\vendor\\fideloper\\proxy\\src\\TrustProxies.php(57): Illuminate\\Pipeline\\Pipeline->Illuminate\\Pipeline\\{closure}(Object(Illuminate\\Http\\Request))
#44 C:\\laragon\\www\\es_ldcu2\\vendor\\laravel\\framework\\src\\Illuminate\\Pipeline\\Pipeline.php(171): Fideloper\\Proxy\\TrustProxies->handle(Object(Illuminate\\Http\\Request), Object(Closure))
#45 C:\\laragon\\www\\es_ldcu2\\vendor\\laravel\\framework\\src\\Illuminate\\Pipeline\\Pipeline.php(105): Illuminate\\Pipeline\\Pipeline->Illuminate\\Pipeline\\{closure}(Object(Illuminate\\Http\\Request))
#46 C:\\laragon\\www\\es_ldcu2\\vendor\\laravel\\framework\\src\\Illuminate\\Foundation\\Http\\Kernel.php(145): Illuminate\\Pipeline\\Pipeline->then(Object(Closure))
#47 C:\\laragon\\www\\es_ldcu2\\vendor\\laravel\\framework\\src\\Illuminate\\Foundation\\Http\\Kernel.php(110): Illuminate\\Foundation\\Http\\Kernel->sendRequestThroughRouter(Object(Illuminate\\Http\\Request))
#48 C:\\laragon\\www\\es_ldcu2\\public\\index.php(55): Illuminate\\Foundation\\Http\\Kernel->handle(Object(Illuminate\\Http\\Request))
#49 C:\\laragon\\www\\es_ldcu2\\server.php(21): require_once('C:\\\\laragon\\\\www\\\\...')
#50 {main}
"} 
[2025-07-14 05:49:55] local.ERROR: Cannot use object of type stdClass as array (View: C:\laragon\www\es_ldcu2\resources\views\principalsportal\forms\sf9layout\ica\jhs.blade.php) {"userId":1,"exception":"[object] (Facade\\Ignition\\Exceptions\\ViewException(code: 0): Cannot use object of type stdClass as array (View: C:\\laragon\\www\\es_ldcu2\\resources\\views\\principalsportal\\forms\\sf9layout\\ica\\jhs.blade.php) at C:\\laragon\\www\\es_ldcu2\\resources\\views/principalsportal/forms/sf9layout/ica/jhs.blade.php:380)
[stacktrace]
#0 C:\\laragon\\www\\es_ldcu2\\vendor\\laravel\\framework\\src\\Illuminate\\View\\Engines\\PhpEngine.php(43): include()
#1 C:\\laragon\\www\\es_ldcu2\\vendor\\laravel\\framework\\src\\Illuminate\\View\\Engines\\CompilerEngine.php(59): Illuminate\\View\\Engines\\PhpEngine->evaluatePath('C:\\\\laragon\\\\www\\\\...', Array)
#2 C:\\laragon\\www\\es_ldcu2\\vendor\\facade\\ignition\\src\\Views\\Engines\\CompilerEngine.php(36): Illuminate\\View\\Engines\\CompilerEngine->get('C:\\\\laragon\\\\www\\\\...', Array)
#3 C:\\laragon\\www\\es_ldcu2\\vendor\\laravel\\framework\\src\\Illuminate\\View\\View.php(143): Facade\\Ignition\\Views\\Engines\\CompilerEngine->get('C:\\\\laragon\\\\www\\\\...', Array)
#4 C:\\laragon\\www\\es_ldcu2\\vendor\\laravel\\framework\\src\\Illuminate\\View\\View.php(126): Illuminate\\View\\View->getContents()
#5 C:\\laragon\\www\\es_ldcu2\\vendor\\laravel\\framework\\src\\Illuminate\\View\\View.php(91): Illuminate\\View\\View->renderContents()
#6 C:\\laragon\\www\\es_ldcu2\\vendor\\barryvdh\\laravel-dompdf\\src\\PDF.php(132): Illuminate\\View\\View->render()
#7 C:\\laragon\\www\\es_ldcu2\\vendor\\barryvdh\\laravel-dompdf\\src\\Facade.php(31): Barryvdh\\DomPDF\\PDF->loadView('principalsporta...', Array)
#8 C:\\laragon\\www\\es_ldcu2\\app\\Http\\Controllers\\Migration\\RegistrarMigration.php(591): Barryvdh\\DomPDF\\Facade::__callStatic('loadView', Array)
#9 C:\\laragon\\www\\es_ldcu2\\vendor\\laravel\\framework\\src\\Illuminate\\Routing\\Controller.php(54): App\\Http\\Controllers\\Migration\\RegistrarMigration->downloadSf9MasterlistBatch(Object(Illuminate\\Http\\Request))
#10 C:\\laragon\\www\\es_ldcu2\\vendor\\laravel\\framework\\src\\Illuminate\\Routing\\ControllerDispatcher.php(45): Illuminate\\Routing\\Controller->callAction('downloadSf9Mast...', Array)
#11 C:\\laragon\\www\\es_ldcu2\\vendor\\laravel\\framework\\src\\Illuminate\\Routing\\Route.php(219): Illuminate\\Routing\\ControllerDispatcher->dispatch(Object(Illuminate\\Routing\\Route), Object(App\\Http\\Controllers\\Migration\\RegistrarMigration), 'downloadSf9Mast...')
#12 C:\\laragon\\www\\es_ldcu2\\vendor\\laravel\\framework\\src\\Illuminate\\Routing\\Route.php(176): Illuminate\\Routing\\Route->runController()
#13 C:\\laragon\\www\\es_ldcu2\\vendor\\laravel\\framework\\src\\Illuminate\\Routing\\Router.php(681): Illuminate\\Routing\\Route->run()
#14 C:\\laragon\\www\\es_ldcu2\\vendor\\laravel\\framework\\src\\Illuminate\\Pipeline\\Pipeline.php(130): Illuminate\\Routing\\Router->Illuminate\\Routing\\{closure}(Object(Illuminate\\Http\\Request))
#15 C:\\laragon\\www\\es_ldcu2\\vendor\\laravel\\framework\\src\\Illuminate\\Routing\\Middleware\\SubstituteBindings.php(41): Illuminate\\Pipeline\\Pipeline->Illuminate\\Pipeline\\{closure}(Object(Illuminate\\Http\\Request))
#16 C:\\laragon\\www\\es_ldcu2\\vendor\\laravel\\framework\\src\\Illuminate\\Pipeline\\Pipeline.php(171): Illuminate\\Routing\\Middleware\\SubstituteBindings->handle(Object(Illuminate\\Http\\Request), Object(Closure))
#17 C:\\laragon\\www\\es_ldcu2\\vendor\\laravel\\framework\\src\\Illuminate\\Foundation\\Http\\Middleware\\VerifyCsrfToken.php(78): Illuminate\\Pipeline\\Pipeline->Illuminate\\Pipeline\\{closure}(Object(Illuminate\\Http\\Request))
#18 C:\\laragon\\www\\es_ldcu2\\vendor\\laravel\\framework\\src\\Illuminate\\Pipeline\\Pipeline.php(171): Illuminate\\Foundation\\Http\\Middleware\\VerifyCsrfToken->handle(Object(Illuminate\\Http\\Request), Object(Closure))
#19 C:\\laragon\\www\\es_ldcu2\\vendor\\laravel\\framework\\src\\Illuminate\\View\\Middleware\\ShareErrorsFromSession.php(49): Illuminate\\Pipeline\\Pipeline->Illuminate\\Pipeline\\{closure}(Object(Illuminate\\Http\\Request))
#20 C:\\laragon\\www\\es_ldcu2\\vendor\\laravel\\framework\\src\\Illuminate\\Pipeline\\Pipeline.php(171): Illuminate\\View\\Middleware\\ShareErrorsFromSession->handle(Object(Illuminate\\Http\\Request), Object(Closure))
#21 C:\\laragon\\www\\es_ldcu2\\vendor\\laravel\\framework\\src\\Illuminate\\Session\\Middleware\\StartSession.php(56): Illuminate\\Pipeline\\Pipeline->Illuminate\\Pipeline\\{closure}(Object(Illuminate\\Http\\Request))
#22 C:\\laragon\\www\\es_ldcu2\\vendor\\laravel\\framework\\src\\Illuminate\\Pipeline\\Pipeline.php(171): Illuminate\\Session\\Middleware\\StartSession->handle(Object(Illuminate\\Http\\Request), Object(Closure))
#23 C:\\laragon\\www\\es_ldcu2\\vendor\\laravel\\framework\\src\\Illuminate\\Cookie\\Middleware\\AddQueuedCookiesToResponse.php(37): Illuminate\\Pipeline\\Pipeline->Illuminate\\Pipeline\\{closure}(Object(Illuminate\\Http\\Request))
#24 C:\\laragon\\www\\es_ldcu2\\vendor\\laravel\\framework\\src\\Illuminate\\Pipeline\\Pipeline.php(171): Illuminate\\Cookie\\Middleware\\AddQueuedCookiesToResponse->handle(Object(Illuminate\\Http\\Request), Object(Closure))
#25 C:\\laragon\\www\\es_ldcu2\\vendor\\laravel\\framework\\src\\Illuminate\\Cookie\\Middleware\\EncryptCookies.php(67): Illuminate\\Pipeline\\Pipeline->Illuminate\\Pipeline\\{closure}(Object(Illuminate\\Http\\Request))
#26 C:\\laragon\\www\\es_ldcu2\\vendor\\laravel\\framework\\src\\Illuminate\\Pipeline\\Pipeline.php(171): Illuminate\\Cookie\\Middleware\\EncryptCookies->handle(Object(Illuminate\\Http\\Request), Object(Closure))
#27 C:\\laragon\\www\\es_ldcu2\\vendor\\laravel\\framework\\src\\Illuminate\\Pipeline\\Pipeline.php(105): Illuminate\\Pipeline\\Pipeline->Illuminate\\Pipeline\\{closure}(Object(Illuminate\\Http\\Request))
#28 C:\\laragon\\www\\es_ldcu2\\vendor\\laravel\\framework\\src\\Illuminate\\Routing\\Router.php(683): Illuminate\\Pipeline\\Pipeline->then(Object(Closure))
#29 C:\\laragon\\www\\es_ldcu2\\vendor\\laravel\\framework\\src\\Illuminate\\Routing\\Router.php(658): Illuminate\\Routing\\Router->runRouteWithinStack(Object(Illuminate\\Routing\\Route), Object(Illuminate\\Http\\Request))
#30 C:\\laragon\\www\\es_ldcu2\\vendor\\laravel\\framework\\src\\Illuminate\\Routing\\Router.php(624): Illuminate\\Routing\\Router->runRoute(Object(Illuminate\\Http\\Request), Object(Illuminate\\Routing\\Route))
#31 C:\\laragon\\www\\es_ldcu2\\vendor\\laravel\\framework\\src\\Illuminate\\Routing\\Router.php(613): Illuminate\\Routing\\Router->dispatchToRoute(Object(Illuminate\\Http\\Request))
#32 C:\\laragon\\www\\es_ldcu2\\vendor\\laravel\\framework\\src\\Illuminate\\Foundation\\Http\\Kernel.php(170): Illuminate\\Routing\\Router->dispatch(Object(Illuminate\\Http\\Request))
#33 C:\\laragon\\www\\es_ldcu2\\vendor\\laravel\\framework\\src\\Illuminate\\Pipeline\\Pipeline.php(130): Illuminate\\Foundation\\Http\\Kernel->Illuminate\\Foundation\\Http\\{closure}(Object(Illuminate\\Http\\Request))
#34 C:\\laragon\\www\\es_ldcu2\\vendor\\laravel\\framework\\src\\Illuminate\\Foundation\\Http\\Middleware\\TransformsRequest.php(21): Illuminate\\Pipeline\\Pipeline->Illuminate\\Pipeline\\{closure}(Object(Illuminate\\Http\\Request))
#35 C:\\laragon\\www\\es_ldcu2\\vendor\\laravel\\framework\\src\\Illuminate\\Pipeline\\Pipeline.php(171): Illuminate\\Foundation\\Http\\Middleware\\TransformsRequest->handle(Object(Illuminate\\Http\\Request), Object(Closure))
#36 C:\\laragon\\www\\es_ldcu2\\vendor\\laravel\\framework\\src\\Illuminate\\Foundation\\Http\\Middleware\\TransformsRequest.php(21): Illuminate\\Pipeline\\Pipeline->Illuminate\\Pipeline\\{closure}(Object(Illuminate\\Http\\Request))
#37 C:\\laragon\\www\\es_ldcu2\\vendor\\laravel\\framework\\src\\Illuminate\\Pipeline\\Pipeline.php(171): Illuminate\\Foundation\\Http\\Middleware\\TransformsRequest->handle(Object(Illuminate\\Http\\Request), Object(Closure))
#38 C:\\laragon\\www\\es_ldcu2\\vendor\\laravel\\framework\\src\\Illuminate\\Foundation\\Http\\Middleware\\ValidatePostSize.php(27): Illuminate\\Pipeline\\Pipeline->Illuminate\\Pipeline\\{closure}(Object(Illuminate\\Http\\Request))
#39 C:\\laragon\\www\\es_ldcu2\\vendor\\laravel\\framework\\src\\Illuminate\\Pipeline\\Pipeline.php(171): Illuminate\\Foundation\\Http\\Middleware\\ValidatePostSize->handle(Object(Illuminate\\Http\\Request), Object(Closure))
#40 C:\\laragon\\www\\es_ldcu2\\vendor\\laravel\\framework\\src\\Illuminate\\Foundation\\Http\\Middleware\\CheckForMaintenanceMode.php(63): Illuminate\\Pipeline\\Pipeline->Illuminate\\Pipeline\\{closure}(Object(Illuminate\\Http\\Request))
#41 C:\\laragon\\www\\es_ldcu2\\vendor\\laravel\\framework\\src\\Illuminate\\Pipeline\\Pipeline.php(171): Illuminate\\Foundation\\Http\\Middleware\\CheckForMaintenanceMode->handle(Object(Illuminate\\Http\\Request), Object(Closure))
#42 C:\\laragon\\www\\es_ldcu2\\vendor\\fideloper\\proxy\\src\\TrustProxies.php(57): Illuminate\\Pipeline\\Pipeline->Illuminate\\Pipeline\\{closure}(Object(Illuminate\\Http\\Request))
#43 C:\\laragon\\www\\es_ldcu2\\vendor\\laravel\\framework\\src\\Illuminate\\Pipeline\\Pipeline.php(171): Fideloper\\Proxy\\TrustProxies->handle(Object(Illuminate\\Http\\Request), Object(Closure))
#44 C:\\laragon\\www\\es_ldcu2\\vendor\\laravel\\framework\\src\\Illuminate\\Pipeline\\Pipeline.php(105): Illuminate\\Pipeline\\Pipeline->Illuminate\\Pipeline\\{closure}(Object(Illuminate\\Http\\Request))
#45 C:\\laragon\\www\\es_ldcu2\\vendor\\laravel\\framework\\src\\Illuminate\\Foundation\\Http\\Kernel.php(145): Illuminate\\Pipeline\\Pipeline->then(Object(Closure))
#46 C:\\laragon\\www\\es_ldcu2\\vendor\\laravel\\framework\\src\\Illuminate\\Foundation\\Http\\Kernel.php(110): Illuminate\\Foundation\\Http\\Kernel->sendRequestThroughRouter(Object(Illuminate\\Http\\Request))
#47 C:\\laragon\\www\\es_ldcu2\\public\\index.php(55): Illuminate\\Foundation\\Http\\Kernel->handle(Object(Illuminate\\Http\\Request))
#48 C:\\laragon\\www\\es_ldcu2\\server.php(21): require_once('C:\\\\laragon\\\\www\\\\...')
#49 {main}

[previous exception] [object] (Symfony\\Component\\Debug\\Exception\\FatalThrowableError(code: 0): Cannot use object of type stdClass as array at C:\\laragon\\www\\es_ldcu2\\storage\\framework\\views\\e9fb05b7e2da42a09e321f4862534db12a8eda51.php:384)
[stacktrace]
#0 C:\\laragon\\www\\es_ldcu2\\vendor\\laravel\\framework\\src\\Illuminate\\View\\Engines\\PhpEngine.php(43): include()
#1 C:\\laragon\\www\\es_ldcu2\\vendor\\laravel\\framework\\src\\Illuminate\\View\\Engines\\CompilerEngine.php(59): Illuminate\\View\\Engines\\PhpEngine->evaluatePath('C:\\\\laragon\\\\www\\\\...', Array)
#2 C:\\laragon\\www\\es_ldcu2\\vendor\\facade\\ignition\\src\\Views\\Engines\\CompilerEngine.php(36): Illuminate\\View\\Engines\\CompilerEngine->get('C:\\\\laragon\\\\www\\\\...', Array)
#3 C:\\laragon\\www\\es_ldcu2\\vendor\\laravel\\framework\\src\\Illuminate\\View\\View.php(143): Facade\\Ignition\\Views\\Engines\\CompilerEngine->get('C:\\\\laragon\\\\www\\\\...', Array)
#4 C:\\laragon\\www\\es_ldcu2\\vendor\\laravel\\framework\\src\\Illuminate\\View\\View.php(126): Illuminate\\View\\View->getContents()
#5 C:\\laragon\\www\\es_ldcu2\\vendor\\laravel\\framework\\src\\Illuminate\\View\\View.php(91): Illuminate\\View\\View->renderContents()
#6 C:\\laragon\\www\\es_ldcu2\\vendor\\barryvdh\\laravel-dompdf\\src\\PDF.php(132): Illuminate\\View\\View->render()
#7 C:\\laragon\\www\\es_ldcu2\\vendor\\barryvdh\\laravel-dompdf\\src\\Facade.php(31): Barryvdh\\DomPDF\\PDF->loadView('principalsporta...', Array)
#8 C:\\laragon\\www\\es_ldcu2\\app\\Http\\Controllers\\Migration\\RegistrarMigration.php(591): Barryvdh\\DomPDF\\Facade::__callStatic('loadView', Array)
#9 C:\\laragon\\www\\es_ldcu2\\vendor\\laravel\\framework\\src\\Illuminate\\Routing\\Controller.php(54): App\\Http\\Controllers\\Migration\\RegistrarMigration->downloadSf9MasterlistBatch(Object(Illuminate\\Http\\Request))
#10 C:\\laragon\\www\\es_ldcu2\\vendor\\laravel\\framework\\src\\Illuminate\\Routing\\ControllerDispatcher.php(45): Illuminate\\Routing\\Controller->callAction('downloadSf9Mast...', Array)
#11 C:\\laragon\\www\\es_ldcu2\\vendor\\laravel\\framework\\src\\Illuminate\\Routing\\Route.php(219): Illuminate\\Routing\\ControllerDispatcher->dispatch(Object(Illuminate\\Routing\\Route), Object(App\\Http\\Controllers\\Migration\\RegistrarMigration), 'downloadSf9Mast...')
#12 C:\\laragon\\www\\es_ldcu2\\vendor\\laravel\\framework\\src\\Illuminate\\Routing\\Route.php(176): Illuminate\\Routing\\Route->runController()
#13 C:\\laragon\\www\\es_ldcu2\\vendor\\laravel\\framework\\src\\Illuminate\\Routing\\Router.php(681): Illuminate\\Routing\\Route->run()
#14 C:\\laragon\\www\\es_ldcu2\\vendor\\laravel\\framework\\src\\Illuminate\\Pipeline\\Pipeline.php(130): Illuminate\\Routing\\Router->Illuminate\\Routing\\{closure}(Object(Illuminate\\Http\\Request))
#15 C:\\laragon\\www\\es_ldcu2\\vendor\\laravel\\framework\\src\\Illuminate\\Routing\\Middleware\\SubstituteBindings.php(41): Illuminate\\Pipeline\\Pipeline->Illuminate\\Pipeline\\{closure}(Object(Illuminate\\Http\\Request))
#16 C:\\laragon\\www\\es_ldcu2\\vendor\\laravel\\framework\\src\\Illuminate\\Pipeline\\Pipeline.php(171): Illuminate\\Routing\\Middleware\\SubstituteBindings->handle(Object(Illuminate\\Http\\Request), Object(Closure))
#17 C:\\laragon\\www\\es_ldcu2\\vendor\\laravel\\framework\\src\\Illuminate\\Foundation\\Http\\Middleware\\VerifyCsrfToken.php(78): Illuminate\\Pipeline\\Pipeline->Illuminate\\Pipeline\\{closure}(Object(Illuminate\\Http\\Request))
#18 C:\\laragon\\www\\es_ldcu2\\vendor\\laravel\\framework\\src\\Illuminate\\Pipeline\\Pipeline.php(171): Illuminate\\Foundation\\Http\\Middleware\\VerifyCsrfToken->handle(Object(Illuminate\\Http\\Request), Object(Closure))
#19 C:\\laragon\\www\\es_ldcu2\\vendor\\laravel\\framework\\src\\Illuminate\\View\\Middleware\\ShareErrorsFromSession.php(49): Illuminate\\Pipeline\\Pipeline->Illuminate\\Pipeline\\{closure}(Object(Illuminate\\Http\\Request))
#20 C:\\laragon\\www\\es_ldcu2\\vendor\\laravel\\framework\\src\\Illuminate\\Pipeline\\Pipeline.php(171): Illuminate\\View\\Middleware\\ShareErrorsFromSession->handle(Object(Illuminate\\Http\\Request), Object(Closure))
#21 C:\\laragon\\www\\es_ldcu2\\vendor\\laravel\\framework\\src\\Illuminate\\Session\\Middleware\\StartSession.php(56): Illuminate\\Pipeline\\Pipeline->Illuminate\\Pipeline\\{closure}(Object(Illuminate\\Http\\Request))
#22 C:\\laragon\\www\\es_ldcu2\\vendor\\laravel\\framework\\src\\Illuminate\\Pipeline\\Pipeline.php(171): Illuminate\\Session\\Middleware\\StartSession->handle(Object(Illuminate\\Http\\Request), Object(Closure))
#23 C:\\laragon\\www\\es_ldcu2\\vendor\\laravel\\framework\\src\\Illuminate\\Cookie\\Middleware\\AddQueuedCookiesToResponse.php(37): Illuminate\\Pipeline\\Pipeline->Illuminate\\Pipeline\\{closure}(Object(Illuminate\\Http\\Request))
#24 C:\\laragon\\www\\es_ldcu2\\vendor\\laravel\\framework\\src\\Illuminate\\Pipeline\\Pipeline.php(171): Illuminate\\Cookie\\Middleware\\AddQueuedCookiesToResponse->handle(Object(Illuminate\\Http\\Request), Object(Closure))
#25 C:\\laragon\\www\\es_ldcu2\\vendor\\laravel\\framework\\src\\Illuminate\\Cookie\\Middleware\\EncryptCookies.php(67): Illuminate\\Pipeline\\Pipeline->Illuminate\\Pipeline\\{closure}(Object(Illuminate\\Http\\Request))
#26 C:\\laragon\\www\\es_ldcu2\\vendor\\laravel\\framework\\src\\Illuminate\\Pipeline\\Pipeline.php(171): Illuminate\\Cookie\\Middleware\\EncryptCookies->handle(Object(Illuminate\\Http\\Request), Object(Closure))
#27 C:\\laragon\\www\\es_ldcu2\\vendor\\laravel\\framework\\src\\Illuminate\\Pipeline\\Pipeline.php(105): Illuminate\\Pipeline\\Pipeline->Illuminate\\Pipeline\\{closure}(Object(Illuminate\\Http\\Request))
#28 C:\\laragon\\www\\es_ldcu2\\vendor\\laravel\\framework\\src\\Illuminate\\Routing\\Router.php(683): Illuminate\\Pipeline\\Pipeline->then(Object(Closure))
#29 C:\\laragon\\www\\es_ldcu2\\vendor\\laravel\\framework\\src\\Illuminate\\Routing\\Router.php(658): Illuminate\\Routing\\Router->runRouteWithinStack(Object(Illuminate\\Routing\\Route), Object(Illuminate\\Http\\Request))
#30 C:\\laragon\\www\\es_ldcu2\\vendor\\laravel\\framework\\src\\Illuminate\\Routing\\Router.php(624): Illuminate\\Routing\\Router->runRoute(Object(Illuminate\\Http\\Request), Object(Illuminate\\Routing\\Route))
#31 C:\\laragon\\www\\es_ldcu2\\vendor\\laravel\\framework\\src\\Illuminate\\Routing\\Router.php(613): Illuminate\\Routing\\Router->dispatchToRoute(Object(Illuminate\\Http\\Request))
#32 C:\\laragon\\www\\es_ldcu2\\vendor\\laravel\\framework\\src\\Illuminate\\Foundation\\Http\\Kernel.php(170): Illuminate\\Routing\\Router->dispatch(Object(Illuminate\\Http\\Request))
#33 C:\\laragon\\www\\es_ldcu2\\vendor\\laravel\\framework\\src\\Illuminate\\Pipeline\\Pipeline.php(130): Illuminate\\Foundation\\Http\\Kernel->Illuminate\\Foundation\\Http\\{closure}(Object(Illuminate\\Http\\Request))
#34 C:\\laragon\\www\\es_ldcu2\\vendor\\laravel\\framework\\src\\Illuminate\\Foundation\\Http\\Middleware\\TransformsRequest.php(21): Illuminate\\Pipeline\\Pipeline->Illuminate\\Pipeline\\{closure}(Object(Illuminate\\Http\\Request))
#35 C:\\laragon\\www\\es_ldcu2\\vendor\\laravel\\framework\\src\\Illuminate\\Pipeline\\Pipeline.php(171): Illuminate\\Foundation\\Http\\Middleware\\TransformsRequest->handle(Object(Illuminate\\Http\\Request), Object(Closure))
#36 C:\\laragon\\www\\es_ldcu2\\vendor\\laravel\\framework\\src\\Illuminate\\Foundation\\Http\\Middleware\\TransformsRequest.php(21): Illuminate\\Pipeline\\Pipeline->Illuminate\\Pipeline\\{closure}(Object(Illuminate\\Http\\Request))
#37 C:\\laragon\\www\\es_ldcu2\\vendor\\laravel\\framework\\src\\Illuminate\\Pipeline\\Pipeline.php(171): Illuminate\\Foundation\\Http\\Middleware\\TransformsRequest->handle(Object(Illuminate\\Http\\Request), Object(Closure))
#38 C:\\laragon\\www\\es_ldcu2\\vendor\\laravel\\framework\\src\\Illuminate\\Foundation\\Http\\Middleware\\ValidatePostSize.php(27): Illuminate\\Pipeline\\Pipeline->Illuminate\\Pipeline\\{closure}(Object(Illuminate\\Http\\Request))
#39 C:\\laragon\\www\\es_ldcu2\\vendor\\laravel\\framework\\src\\Illuminate\\Pipeline\\Pipeline.php(171): Illuminate\\Foundation\\Http\\Middleware\\ValidatePostSize->handle(Object(Illuminate\\Http\\Request), Object(Closure))
#40 C:\\laragon\\www\\es_ldcu2\\vendor\\laravel\\framework\\src\\Illuminate\\Foundation\\Http\\Middleware\\CheckForMaintenanceMode.php(63): Illuminate\\Pipeline\\Pipeline->Illuminate\\Pipeline\\{closure}(Object(Illuminate\\Http\\Request))
#41 C:\\laragon\\www\\es_ldcu2\\vendor\\laravel\\framework\\src\\Illuminate\\Pipeline\\Pipeline.php(171): Illuminate\\Foundation\\Http\\Middleware\\CheckForMaintenanceMode->handle(Object(Illuminate\\Http\\Request), Object(Closure))
#42 C:\\laragon\\www\\es_ldcu2\\vendor\\fideloper\\proxy\\src\\TrustProxies.php(57): Illuminate\\Pipeline\\Pipeline->Illuminate\\Pipeline\\{closure}(Object(Illuminate\\Http\\Request))
#43 C:\\laragon\\www\\es_ldcu2\\vendor\\laravel\\framework\\src\\Illuminate\\Pipeline\\Pipeline.php(171): Fideloper\\Proxy\\TrustProxies->handle(Object(Illuminate\\Http\\Request), Object(Closure))
#44 C:\\laragon\\www\\es_ldcu2\\vendor\\laravel\\framework\\src\\Illuminate\\Pipeline\\Pipeline.php(105): Illuminate\\Pipeline\\Pipeline->Illuminate\\Pipeline\\{closure}(Object(Illuminate\\Http\\Request))
#45 C:\\laragon\\www\\es_ldcu2\\vendor\\laravel\\framework\\src\\Illuminate\\Foundation\\Http\\Kernel.php(145): Illuminate\\Pipeline\\Pipeline->then(Object(Closure))
#46 C:\\laragon\\www\\es_ldcu2\\vendor\\laravel\\framework\\src\\Illuminate\\Foundation\\Http\\Kernel.php(110): Illuminate\\Foundation\\Http\\Kernel->sendRequestThroughRouter(Object(Illuminate\\Http\\Request))
#47 C:\\laragon\\www\\es_ldcu2\\public\\index.php(55): Illuminate\\Foundation\\Http\\Kernel->handle(Object(Illuminate\\Http\\Request))
#48 C:\\laragon\\www\\es_ldcu2\\server.php(21): require_once('C:\\\\laragon\\\\www\\\\...')
#49 {main}
"} 
[2025-07-14 06:05:49] local.ERROR: Cannot use object of type stdClass as array (View: C:\laragon\www\es_ldcu2\resources\views\principalsportal\forms\sf9layout\ica\jhs.blade.php) {"userId":1,"exception":"[object] (Facade\\Ignition\\Exceptions\\ViewException(code: 0): Cannot use object of type stdClass as array (View: C:\\laragon\\www\\es_ldcu2\\resources\\views\\principalsportal\\forms\\sf9layout\\ica\\jhs.blade.php) at C:\\laragon\\www\\es_ldcu2\\resources\\views/principalsportal/forms/sf9layout/ica/jhs.blade.php:380)
[stacktrace]
#0 C:\\laragon\\www\\es_ldcu2\\vendor\\laravel\\framework\\src\\Illuminate\\View\\Engines\\PhpEngine.php(43): include()
#1 C:\\laragon\\www\\es_ldcu2\\vendor\\laravel\\framework\\src\\Illuminate\\View\\Engines\\CompilerEngine.php(59): Illuminate\\View\\Engines\\PhpEngine->evaluatePath('C:\\\\laragon\\\\www\\\\...', Array)
#2 C:\\laragon\\www\\es_ldcu2\\vendor\\facade\\ignition\\src\\Views\\Engines\\CompilerEngine.php(36): Illuminate\\View\\Engines\\CompilerEngine->get('C:\\\\laragon\\\\www\\\\...', Array)
#3 C:\\laragon\\www\\es_ldcu2\\vendor\\laravel\\framework\\src\\Illuminate\\View\\View.php(143): Facade\\Ignition\\Views\\Engines\\CompilerEngine->get('C:\\\\laragon\\\\www\\\\...', Array)
#4 C:\\laragon\\www\\es_ldcu2\\vendor\\laravel\\framework\\src\\Illuminate\\View\\View.php(126): Illuminate\\View\\View->getContents()
#5 C:\\laragon\\www\\es_ldcu2\\vendor\\laravel\\framework\\src\\Illuminate\\View\\View.php(91): Illuminate\\View\\View->renderContents()
#6 C:\\laragon\\www\\es_ldcu2\\vendor\\barryvdh\\laravel-dompdf\\src\\PDF.php(132): Illuminate\\View\\View->render()
#7 C:\\laragon\\www\\es_ldcu2\\vendor\\barryvdh\\laravel-dompdf\\src\\Facade.php(31): Barryvdh\\DomPDF\\PDF->loadView('principalsporta...', Array)
#8 C:\\laragon\\www\\es_ldcu2\\app\\Http\\Controllers\\Migration\\RegistrarMigration.php(591): Barryvdh\\DomPDF\\Facade::__callStatic('loadView', Array)
#9 C:\\laragon\\www\\es_ldcu2\\vendor\\laravel\\framework\\src\\Illuminate\\Routing\\Controller.php(54): App\\Http\\Controllers\\Migration\\RegistrarMigration->downloadSf9MasterlistBatch(Object(Illuminate\\Http\\Request))
#10 C:\\laragon\\www\\es_ldcu2\\vendor\\laravel\\framework\\src\\Illuminate\\Routing\\ControllerDispatcher.php(45): Illuminate\\Routing\\Controller->callAction('downloadSf9Mast...', Array)
#11 C:\\laragon\\www\\es_ldcu2\\vendor\\laravel\\framework\\src\\Illuminate\\Routing\\Route.php(219): Illuminate\\Routing\\ControllerDispatcher->dispatch(Object(Illuminate\\Routing\\Route), Object(App\\Http\\Controllers\\Migration\\RegistrarMigration), 'downloadSf9Mast...')
#12 C:\\laragon\\www\\es_ldcu2\\vendor\\laravel\\framework\\src\\Illuminate\\Routing\\Route.php(176): Illuminate\\Routing\\Route->runController()
#13 C:\\laragon\\www\\es_ldcu2\\vendor\\laravel\\framework\\src\\Illuminate\\Routing\\Router.php(681): Illuminate\\Routing\\Route->run()
#14 C:\\laragon\\www\\es_ldcu2\\vendor\\laravel\\framework\\src\\Illuminate\\Pipeline\\Pipeline.php(130): Illuminate\\Routing\\Router->Illuminate\\Routing\\{closure}(Object(Illuminate\\Http\\Request))
#15 C:\\laragon\\www\\es_ldcu2\\vendor\\laravel\\framework\\src\\Illuminate\\Routing\\Middleware\\SubstituteBindings.php(41): Illuminate\\Pipeline\\Pipeline->Illuminate\\Pipeline\\{closure}(Object(Illuminate\\Http\\Request))
#16 C:\\laragon\\www\\es_ldcu2\\vendor\\laravel\\framework\\src\\Illuminate\\Pipeline\\Pipeline.php(171): Illuminate\\Routing\\Middleware\\SubstituteBindings->handle(Object(Illuminate\\Http\\Request), Object(Closure))
#17 C:\\laragon\\www\\es_ldcu2\\vendor\\laravel\\framework\\src\\Illuminate\\Foundation\\Http\\Middleware\\VerifyCsrfToken.php(78): Illuminate\\Pipeline\\Pipeline->Illuminate\\Pipeline\\{closure}(Object(Illuminate\\Http\\Request))
#18 C:\\laragon\\www\\es_ldcu2\\vendor\\laravel\\framework\\src\\Illuminate\\Pipeline\\Pipeline.php(171): Illuminate\\Foundation\\Http\\Middleware\\VerifyCsrfToken->handle(Object(Illuminate\\Http\\Request), Object(Closure))
#19 C:\\laragon\\www\\es_ldcu2\\vendor\\laravel\\framework\\src\\Illuminate\\View\\Middleware\\ShareErrorsFromSession.php(49): Illuminate\\Pipeline\\Pipeline->Illuminate\\Pipeline\\{closure}(Object(Illuminate\\Http\\Request))
#20 C:\\laragon\\www\\es_ldcu2\\vendor\\laravel\\framework\\src\\Illuminate\\Pipeline\\Pipeline.php(171): Illuminate\\View\\Middleware\\ShareErrorsFromSession->handle(Object(Illuminate\\Http\\Request), Object(Closure))
#21 C:\\laragon\\www\\es_ldcu2\\vendor\\laravel\\framework\\src\\Illuminate\\Session\\Middleware\\StartSession.php(56): Illuminate\\Pipeline\\Pipeline->Illuminate\\Pipeline\\{closure}(Object(Illuminate\\Http\\Request))
#22 C:\\laragon\\www\\es_ldcu2\\vendor\\laravel\\framework\\src\\Illuminate\\Pipeline\\Pipeline.php(171): Illuminate\\Session\\Middleware\\StartSession->handle(Object(Illuminate\\Http\\Request), Object(Closure))
#23 C:\\laragon\\www\\es_ldcu2\\vendor\\laravel\\framework\\src\\Illuminate\\Cookie\\Middleware\\AddQueuedCookiesToResponse.php(37): Illuminate\\Pipeline\\Pipeline->Illuminate\\Pipeline\\{closure}(Object(Illuminate\\Http\\Request))
#24 C:\\laragon\\www\\es_ldcu2\\vendor\\laravel\\framework\\src\\Illuminate\\Pipeline\\Pipeline.php(171): Illuminate\\Cookie\\Middleware\\AddQueuedCookiesToResponse->handle(Object(Illuminate\\Http\\Request), Object(Closure))
#25 C:\\laragon\\www\\es_ldcu2\\vendor\\laravel\\framework\\src\\Illuminate\\Cookie\\Middleware\\EncryptCookies.php(67): Illuminate\\Pipeline\\Pipeline->Illuminate\\Pipeline\\{closure}(Object(Illuminate\\Http\\Request))
#26 C:\\laragon\\www\\es_ldcu2\\vendor\\laravel\\framework\\src\\Illuminate\\Pipeline\\Pipeline.php(171): Illuminate\\Cookie\\Middleware\\EncryptCookies->handle(Object(Illuminate\\Http\\Request), Object(Closure))
#27 C:\\laragon\\www\\es_ldcu2\\vendor\\laravel\\framework\\src\\Illuminate\\Pipeline\\Pipeline.php(105): Illuminate\\Pipeline\\Pipeline->Illuminate\\Pipeline\\{closure}(Object(Illuminate\\Http\\Request))
#28 C:\\laragon\\www\\es_ldcu2\\vendor\\laravel\\framework\\src\\Illuminate\\Routing\\Router.php(683): Illuminate\\Pipeline\\Pipeline->then(Object(Closure))
#29 C:\\laragon\\www\\es_ldcu2\\vendor\\laravel\\framework\\src\\Illuminate\\Routing\\Router.php(658): Illuminate\\Routing\\Router->runRouteWithinStack(Object(Illuminate\\Routing\\Route), Object(Illuminate\\Http\\Request))
#30 C:\\laragon\\www\\es_ldcu2\\vendor\\laravel\\framework\\src\\Illuminate\\Routing\\Router.php(624): Illuminate\\Routing\\Router->runRoute(Object(Illuminate\\Http\\Request), Object(Illuminate\\Routing\\Route))
#31 C:\\laragon\\www\\es_ldcu2\\vendor\\laravel\\framework\\src\\Illuminate\\Routing\\Router.php(613): Illuminate\\Routing\\Router->dispatchToRoute(Object(Illuminate\\Http\\Request))
#32 C:\\laragon\\www\\es_ldcu2\\vendor\\laravel\\framework\\src\\Illuminate\\Foundation\\Http\\Kernel.php(170): Illuminate\\Routing\\Router->dispatch(Object(Illuminate\\Http\\Request))
#33 C:\\laragon\\www\\es_ldcu2\\vendor\\laravel\\framework\\src\\Illuminate\\Pipeline\\Pipeline.php(130): Illuminate\\Foundation\\Http\\Kernel->Illuminate\\Foundation\\Http\\{closure}(Object(Illuminate\\Http\\Request))
#34 C:\\laragon\\www\\es_ldcu2\\vendor\\laravel\\framework\\src\\Illuminate\\Foundation\\Http\\Middleware\\TransformsRequest.php(21): Illuminate\\Pipeline\\Pipeline->Illuminate\\Pipeline\\{closure}(Object(Illuminate\\Http\\Request))
#35 C:\\laragon\\www\\es_ldcu2\\vendor\\laravel\\framework\\src\\Illuminate\\Pipeline\\Pipeline.php(171): Illuminate\\Foundation\\Http\\Middleware\\TransformsRequest->handle(Object(Illuminate\\Http\\Request), Object(Closure))
#36 C:\\laragon\\www\\es_ldcu2\\vendor\\laravel\\framework\\src\\Illuminate\\Foundation\\Http\\Middleware\\TransformsRequest.php(21): Illuminate\\Pipeline\\Pipeline->Illuminate\\Pipeline\\{closure}(Object(Illuminate\\Http\\Request))
#37 C:\\laragon\\www\\es_ldcu2\\vendor\\laravel\\framework\\src\\Illuminate\\Pipeline\\Pipeline.php(171): Illuminate\\Foundation\\Http\\Middleware\\TransformsRequest->handle(Object(Illuminate\\Http\\Request), Object(Closure))
#38 C:\\laragon\\www\\es_ldcu2\\vendor\\laravel\\framework\\src\\Illuminate\\Foundation\\Http\\Middleware\\ValidatePostSize.php(27): Illuminate\\Pipeline\\Pipeline->Illuminate\\Pipeline\\{closure}(Object(Illuminate\\Http\\Request))
#39 C:\\laragon\\www\\es_ldcu2\\vendor\\laravel\\framework\\src\\Illuminate\\Pipeline\\Pipeline.php(171): Illuminate\\Foundation\\Http\\Middleware\\ValidatePostSize->handle(Object(Illuminate\\Http\\Request), Object(Closure))
#40 C:\\laragon\\www\\es_ldcu2\\vendor\\laravel\\framework\\src\\Illuminate\\Foundation\\Http\\Middleware\\CheckForMaintenanceMode.php(63): Illuminate\\Pipeline\\Pipeline->Illuminate\\Pipeline\\{closure}(Object(Illuminate\\Http\\Request))
#41 C:\\laragon\\www\\es_ldcu2\\vendor\\laravel\\framework\\src\\Illuminate\\Pipeline\\Pipeline.php(171): Illuminate\\Foundation\\Http\\Middleware\\CheckForMaintenanceMode->handle(Object(Illuminate\\Http\\Request), Object(Closure))
#42 C:\\laragon\\www\\es_ldcu2\\vendor\\fideloper\\proxy\\src\\TrustProxies.php(57): Illuminate\\Pipeline\\Pipeline->Illuminate\\Pipeline\\{closure}(Object(Illuminate\\Http\\Request))
#43 C:\\laragon\\www\\es_ldcu2\\vendor\\laravel\\framework\\src\\Illuminate\\Pipeline\\Pipeline.php(171): Fideloper\\Proxy\\TrustProxies->handle(Object(Illuminate\\Http\\Request), Object(Closure))
#44 C:\\laragon\\www\\es_ldcu2\\vendor\\laravel\\framework\\src\\Illuminate\\Pipeline\\Pipeline.php(105): Illuminate\\Pipeline\\Pipeline->Illuminate\\Pipeline\\{closure}(Object(Illuminate\\Http\\Request))
#45 C:\\laragon\\www\\es_ldcu2\\vendor\\laravel\\framework\\src\\Illuminate\\Foundation\\Http\\Kernel.php(145): Illuminate\\Pipeline\\Pipeline->then(Object(Closure))
#46 C:\\laragon\\www\\es_ldcu2\\vendor\\laravel\\framework\\src\\Illuminate\\Foundation\\Http\\Kernel.php(110): Illuminate\\Foundation\\Http\\Kernel->sendRequestThroughRouter(Object(Illuminate\\Http\\Request))
#47 C:\\laragon\\www\\es_ldcu2\\public\\index.php(55): Illuminate\\Foundation\\Http\\Kernel->handle(Object(Illuminate\\Http\\Request))
#48 C:\\laragon\\www\\es_ldcu2\\server.php(21): require_once('C:\\\\laragon\\\\www\\\\...')
#49 {main}

[previous exception] [object] (Symfony\\Component\\Debug\\Exception\\FatalThrowableError(code: 0): Cannot use object of type stdClass as array at C:\\laragon\\www\\es_ldcu2\\storage\\framework\\views\\e9fb05b7e2da42a09e321f4862534db12a8eda51.php:384)
[stacktrace]
#0 C:\\laragon\\www\\es_ldcu2\\vendor\\laravel\\framework\\src\\Illuminate\\View\\Engines\\PhpEngine.php(43): include()
#1 C:\\laragon\\www\\es_ldcu2\\vendor\\laravel\\framework\\src\\Illuminate\\View\\Engines\\CompilerEngine.php(59): Illuminate\\View\\Engines\\PhpEngine->evaluatePath('C:\\\\laragon\\\\www\\\\...', Array)
#2 C:\\laragon\\www\\es_ldcu2\\vendor\\facade\\ignition\\src\\Views\\Engines\\CompilerEngine.php(36): Illuminate\\View\\Engines\\CompilerEngine->get('C:\\\\laragon\\\\www\\\\...', Array)
#3 C:\\laragon\\www\\es_ldcu2\\vendor\\laravel\\framework\\src\\Illuminate\\View\\View.php(143): Facade\\Ignition\\Views\\Engines\\CompilerEngine->get('C:\\\\laragon\\\\www\\\\...', Array)
#4 C:\\laragon\\www\\es_ldcu2\\vendor\\laravel\\framework\\src\\Illuminate\\View\\View.php(126): Illuminate\\View\\View->getContents()
#5 C:\\laragon\\www\\es_ldcu2\\vendor\\laravel\\framework\\src\\Illuminate\\View\\View.php(91): Illuminate\\View\\View->renderContents()
#6 C:\\laragon\\www\\es_ldcu2\\vendor\\barryvdh\\laravel-dompdf\\src\\PDF.php(132): Illuminate\\View\\View->render()
#7 C:\\laragon\\www\\es_ldcu2\\vendor\\barryvdh\\laravel-dompdf\\src\\Facade.php(31): Barryvdh\\DomPDF\\PDF->loadView('principalsporta...', Array)
#8 C:\\laragon\\www\\es_ldcu2\\app\\Http\\Controllers\\Migration\\RegistrarMigration.php(591): Barryvdh\\DomPDF\\Facade::__callStatic('loadView', Array)
#9 C:\\laragon\\www\\es_ldcu2\\vendor\\laravel\\framework\\src\\Illuminate\\Routing\\Controller.php(54): App\\Http\\Controllers\\Migration\\RegistrarMigration->downloadSf9MasterlistBatch(Object(Illuminate\\Http\\Request))
#10 C:\\laragon\\www\\es_ldcu2\\vendor\\laravel\\framework\\src\\Illuminate\\Routing\\ControllerDispatcher.php(45): Illuminate\\Routing\\Controller->callAction('downloadSf9Mast...', Array)
#11 C:\\laragon\\www\\es_ldcu2\\vendor\\laravel\\framework\\src\\Illuminate\\Routing\\Route.php(219): Illuminate\\Routing\\ControllerDispatcher->dispatch(Object(Illuminate\\Routing\\Route), Object(App\\Http\\Controllers\\Migration\\RegistrarMigration), 'downloadSf9Mast...')
#12 C:\\laragon\\www\\es_ldcu2\\vendor\\laravel\\framework\\src\\Illuminate\\Routing\\Route.php(176): Illuminate\\Routing\\Route->runController()
#13 C:\\laragon\\www\\es_ldcu2\\vendor\\laravel\\framework\\src\\Illuminate\\Routing\\Router.php(681): Illuminate\\Routing\\Route->run()
#14 C:\\laragon\\www\\es_ldcu2\\vendor\\laravel\\framework\\src\\Illuminate\\Pipeline\\Pipeline.php(130): Illuminate\\Routing\\Router->Illuminate\\Routing\\{closure}(Object(Illuminate\\Http\\Request))
#15 C:\\laragon\\www\\es_ldcu2\\vendor\\laravel\\framework\\src\\Illuminate\\Routing\\Middleware\\SubstituteBindings.php(41): Illuminate\\Pipeline\\Pipeline->Illuminate\\Pipeline\\{closure}(Object(Illuminate\\Http\\Request))
#16 C:\\laragon\\www\\es_ldcu2\\vendor\\laravel\\framework\\src\\Illuminate\\Pipeline\\Pipeline.php(171): Illuminate\\Routing\\Middleware\\SubstituteBindings->handle(Object(Illuminate\\Http\\Request), Object(Closure))
#17 C:\\laragon\\www\\es_ldcu2\\vendor\\laravel\\framework\\src\\Illuminate\\Foundation\\Http\\Middleware\\VerifyCsrfToken.php(78): Illuminate\\Pipeline\\Pipeline->Illuminate\\Pipeline\\{closure}(Object(Illuminate\\Http\\Request))
#18 C:\\laragon\\www\\es_ldcu2\\vendor\\laravel\\framework\\src\\Illuminate\\Pipeline\\Pipeline.php(171): Illuminate\\Foundation\\Http\\Middleware\\VerifyCsrfToken->handle(Object(Illuminate\\Http\\Request), Object(Closure))
#19 C:\\laragon\\www\\es_ldcu2\\vendor\\laravel\\framework\\src\\Illuminate\\View\\Middleware\\ShareErrorsFromSession.php(49): Illuminate\\Pipeline\\Pipeline->Illuminate\\Pipeline\\{closure}(Object(Illuminate\\Http\\Request))
#20 C:\\laragon\\www\\es_ldcu2\\vendor\\laravel\\framework\\src\\Illuminate\\Pipeline\\Pipeline.php(171): Illuminate\\View\\Middleware\\ShareErrorsFromSession->handle(Object(Illuminate\\Http\\Request), Object(Closure))
#21 C:\\laragon\\www\\es_ldcu2\\vendor\\laravel\\framework\\src\\Illuminate\\Session\\Middleware\\StartSession.php(56): Illuminate\\Pipeline\\Pipeline->Illuminate\\Pipeline\\{closure}(Object(Illuminate\\Http\\Request))
#22 C:\\laragon\\www\\es_ldcu2\\vendor\\laravel\\framework\\src\\Illuminate\\Pipeline\\Pipeline.php(171): Illuminate\\Session\\Middleware\\StartSession->handle(Object(Illuminate\\Http\\Request), Object(Closure))
#23 C:\\laragon\\www\\es_ldcu2\\vendor\\laravel\\framework\\src\\Illuminate\\Cookie\\Middleware\\AddQueuedCookiesToResponse.php(37): Illuminate\\Pipeline\\Pipeline->Illuminate\\Pipeline\\{closure}(Object(Illuminate\\Http\\Request))
#24 C:\\laragon\\www\\es_ldcu2\\vendor\\laravel\\framework\\src\\Illuminate\\Pipeline\\Pipeline.php(171): Illuminate\\Cookie\\Middleware\\AddQueuedCookiesToResponse->handle(Object(Illuminate\\Http\\Request), Object(Closure))
#25 C:\\laragon\\www\\es_ldcu2\\vendor\\laravel\\framework\\src\\Illuminate\\Cookie\\Middleware\\EncryptCookies.php(67): Illuminate\\Pipeline\\Pipeline->Illuminate\\Pipeline\\{closure}(Object(Illuminate\\Http\\Request))
#26 C:\\laragon\\www\\es_ldcu2\\vendor\\laravel\\framework\\src\\Illuminate\\Pipeline\\Pipeline.php(171): Illuminate\\Cookie\\Middleware\\EncryptCookies->handle(Object(Illuminate\\Http\\Request), Object(Closure))
#27 C:\\laragon\\www\\es_ldcu2\\vendor\\laravel\\framework\\src\\Illuminate\\Pipeline\\Pipeline.php(105): Illuminate\\Pipeline\\Pipeline->Illuminate\\Pipeline\\{closure}(Object(Illuminate\\Http\\Request))
#28 C:\\laragon\\www\\es_ldcu2\\vendor\\laravel\\framework\\src\\Illuminate\\Routing\\Router.php(683): Illuminate\\Pipeline\\Pipeline->then(Object(Closure))
#29 C:\\laragon\\www\\es_ldcu2\\vendor\\laravel\\framework\\src\\Illuminate\\Routing\\Router.php(658): Illuminate\\Routing\\Router->runRouteWithinStack(Object(Illuminate\\Routing\\Route), Object(Illuminate\\Http\\Request))
#30 C:\\laragon\\www\\es_ldcu2\\vendor\\laravel\\framework\\src\\Illuminate\\Routing\\Router.php(624): Illuminate\\Routing\\Router->runRoute(Object(Illuminate\\Http\\Request), Object(Illuminate\\Routing\\Route))
#31 C:\\laragon\\www\\es_ldcu2\\vendor\\laravel\\framework\\src\\Illuminate\\Routing\\Router.php(613): Illuminate\\Routing\\Router->dispatchToRoute(Object(Illuminate\\Http\\Request))
#32 C:\\laragon\\www\\es_ldcu2\\vendor\\laravel\\framework\\src\\Illuminate\\Foundation\\Http\\Kernel.php(170): Illuminate\\Routing\\Router->dispatch(Object(Illuminate\\Http\\Request))
#33 C:\\laragon\\www\\es_ldcu2\\vendor\\laravel\\framework\\src\\Illuminate\\Pipeline\\Pipeline.php(130): Illuminate\\Foundation\\Http\\Kernel->Illuminate\\Foundation\\Http\\{closure}(Object(Illuminate\\Http\\Request))
#34 C:\\laragon\\www\\es_ldcu2\\vendor\\laravel\\framework\\src\\Illuminate\\Foundation\\Http\\Middleware\\TransformsRequest.php(21): Illuminate\\Pipeline\\Pipeline->Illuminate\\Pipeline\\{closure}(Object(Illuminate\\Http\\Request))
#35 C:\\laragon\\www\\es_ldcu2\\vendor\\laravel\\framework\\src\\Illuminate\\Pipeline\\Pipeline.php(171): Illuminate\\Foundation\\Http\\Middleware\\TransformsRequest->handle(Object(Illuminate\\Http\\Request), Object(Closure))
#36 C:\\laragon\\www\\es_ldcu2\\vendor\\laravel\\framework\\src\\Illuminate\\Foundation\\Http\\Middleware\\TransformsRequest.php(21): Illuminate\\Pipeline\\Pipeline->Illuminate\\Pipeline\\{closure}(Object(Illuminate\\Http\\Request))
#37 C:\\laragon\\www\\es_ldcu2\\vendor\\laravel\\framework\\src\\Illuminate\\Pipeline\\Pipeline.php(171): Illuminate\\Foundation\\Http\\Middleware\\TransformsRequest->handle(Object(Illuminate\\Http\\Request), Object(Closure))
#38 C:\\laragon\\www\\es_ldcu2\\vendor\\laravel\\framework\\src\\Illuminate\\Foundation\\Http\\Middleware\\ValidatePostSize.php(27): Illuminate\\Pipeline\\Pipeline->Illuminate\\Pipeline\\{closure}(Object(Illuminate\\Http\\Request))
#39 C:\\laragon\\www\\es_ldcu2\\vendor\\laravel\\framework\\src\\Illuminate\\Pipeline\\Pipeline.php(171): Illuminate\\Foundation\\Http\\Middleware\\ValidatePostSize->handle(Object(Illuminate\\Http\\Request), Object(Closure))
#40 C:\\laragon\\www\\es_ldcu2\\vendor\\laravel\\framework\\src\\Illuminate\\Foundation\\Http\\Middleware\\CheckForMaintenanceMode.php(63): Illuminate\\Pipeline\\Pipeline->Illuminate\\Pipeline\\{closure}(Object(Illuminate\\Http\\Request))
#41 C:\\laragon\\www\\es_ldcu2\\vendor\\laravel\\framework\\src\\Illuminate\\Pipeline\\Pipeline.php(171): Illuminate\\Foundation\\Http\\Middleware\\CheckForMaintenanceMode->handle(Object(Illuminate\\Http\\Request), Object(Closure))
#42 C:\\laragon\\www\\es_ldcu2\\vendor\\fideloper\\proxy\\src\\TrustProxies.php(57): Illuminate\\Pipeline\\Pipeline->Illuminate\\Pipeline\\{closure}(Object(Illuminate\\Http\\Request))
#43 C:\\laragon\\www\\es_ldcu2\\vendor\\laravel\\framework\\src\\Illuminate\\Pipeline\\Pipeline.php(171): Fideloper\\Proxy\\TrustProxies->handle(Object(Illuminate\\Http\\Request), Object(Closure))
#44 C:\\laragon\\www\\es_ldcu2\\vendor\\laravel\\framework\\src\\Illuminate\\Pipeline\\Pipeline.php(105): Illuminate\\Pipeline\\Pipeline->Illuminate\\Pipeline\\{closure}(Object(Illuminate\\Http\\Request))
#45 C:\\laragon\\www\\es_ldcu2\\vendor\\laravel\\framework\\src\\Illuminate\\Foundation\\Http\\Kernel.php(145): Illuminate\\Pipeline\\Pipeline->then(Object(Closure))
#46 C:\\laragon\\www\\es_ldcu2\\vendor\\laravel\\framework\\src\\Illuminate\\Foundation\\Http\\Kernel.php(110): Illuminate\\Foundation\\Http\\Kernel->sendRequestThroughRouter(Object(Illuminate\\Http\\Request))
#47 C:\\laragon\\www\\es_ldcu2\\public\\index.php(55): Illuminate\\Foundation\\Http\\Kernel->handle(Object(Illuminate\\Http\\Request))
#48 C:\\laragon\\www\\es_ldcu2\\server.php(21): require_once('C:\\\\laragon\\\\www\\\\...')
#49 {main}
"} 
[2025-07-14 06:08:32] local.ERROR: syntax error, unexpected '$schoolinfo' (T_VARIABLE), expecting function (T_FUNCTION) or const (T_CONST) {"exception":"[object] (Symfony\\Component\\Debug\\Exception\\FatalThrowableError(code: 0): syntax error, unexpected '$schoolinfo' (T_VARIABLE), expecting function (T_FUNCTION) or const (T_CONST) at C:\\laragon\\www\\es_ldcu2\\app\\Http\\Controllers\\Migration\\RegistrarMigration.php:643)
[stacktrace]
#0 C:\\laragon\\www\\es_ldcu2\\vendor\\composer\\ClassLoader.php(428): Composer\\Autoload\\includeFile('C:\\\\laragon\\\\www\\\\...')
#1 [internal function]: Composer\\Autoload\\ClassLoader->loadClass('App\\\\Http\\\\Contro...')
#2 [internal function]: spl_autoload_call('App\\\\Http\\\\Contro...')
#3 C:\\laragon\\www\\es_ldcu2\\vendor\\laravel\\framework\\src\\Illuminate\\Container\\Container.php(803): ReflectionClass->__construct('App\\\\Http\\\\Contro...')
#4 C:\\laragon\\www\\es_ldcu2\\vendor\\laravel\\framework\\src\\Illuminate\\Container\\Container.php(681): Illuminate\\Container\\Container->build('App\\\\Http\\\\Contro...')
#5 C:\\laragon\\www\\es_ldcu2\\vendor\\laravel\\framework\\src\\Illuminate\\Foundation\\Application.php(787): Illuminate\\Container\\Container->resolve('App\\\\Http\\\\Contro...', Array, true)
#6 C:\\laragon\\www\\es_ldcu2\\vendor\\laravel\\framework\\src\\Illuminate\\Container\\Container.php(629): Illuminate\\Foundation\\Application->resolve('App\\\\Http\\\\Contro...', Array)
#7 C:\\laragon\\www\\es_ldcu2\\vendor\\laravel\\framework\\src\\Illuminate\\Foundation\\Application.php(772): Illuminate\\Container\\Container->make('App\\\\Http\\\\Contro...', Array)
#8 C:\\laragon\\www\\es_ldcu2\\vendor\\laravel\\framework\\src\\Illuminate\\Routing\\Route.php(233): Illuminate\\Foundation\\Application->make('App\\\\Http\\\\Contro...')
#9 C:\\laragon\\www\\es_ldcu2\\vendor\\laravel\\framework\\src\\Illuminate\\Routing\\Route.php(833): Illuminate\\Routing\\Route->getController()
#10 C:\\laragon\\www\\es_ldcu2\\vendor\\laravel\\framework\\src\\Illuminate\\Routing\\Route.php(794): Illuminate\\Routing\\Route->controllerMiddleware()
#11 C:\\laragon\\www\\es_ldcu2\\vendor\\laravel\\framework\\src\\Illuminate\\Routing\\Router.php(694): Illuminate\\Routing\\Route->gatherMiddleware()
#12 C:\\laragon\\www\\es_ldcu2\\vendor\\laravel\\framework\\src\\Illuminate\\Routing\\Router.php(674): Illuminate\\Routing\\Router->gatherRouteMiddleware(Object(Illuminate\\Routing\\Route))
#13 C:\\laragon\\www\\es_ldcu2\\vendor\\laravel\\framework\\src\\Illuminate\\Routing\\Router.php(658): Illuminate\\Routing\\Router->runRouteWithinStack(Object(Illuminate\\Routing\\Route), Object(Illuminate\\Http\\Request))
#14 C:\\laragon\\www\\es_ldcu2\\vendor\\laravel\\framework\\src\\Illuminate\\Routing\\Router.php(624): Illuminate\\Routing\\Router->runRoute(Object(Illuminate\\Http\\Request), Object(Illuminate\\Routing\\Route))
#15 C:\\laragon\\www\\es_ldcu2\\vendor\\laravel\\framework\\src\\Illuminate\\Routing\\Router.php(613): Illuminate\\Routing\\Router->dispatchToRoute(Object(Illuminate\\Http\\Request))
#16 C:\\laragon\\www\\es_ldcu2\\vendor\\laravel\\framework\\src\\Illuminate\\Foundation\\Http\\Kernel.php(170): Illuminate\\Routing\\Router->dispatch(Object(Illuminate\\Http\\Request))
#17 C:\\laragon\\www\\es_ldcu2\\vendor\\laravel\\framework\\src\\Illuminate\\Pipeline\\Pipeline.php(130): Illuminate\\Foundation\\Http\\Kernel->Illuminate\\Foundation\\Http\\{closure}(Object(Illuminate\\Http\\Request))
#18 C:\\laragon\\www\\es_ldcu2\\vendor\\laravel\\framework\\src\\Illuminate\\Foundation\\Http\\Middleware\\TransformsRequest.php(21): Illuminate\\Pipeline\\Pipeline->Illuminate\\Pipeline\\{closure}(Object(Illuminate\\Http\\Request))
#19 C:\\laragon\\www\\es_ldcu2\\vendor\\laravel\\framework\\src\\Illuminate\\Pipeline\\Pipeline.php(171): Illuminate\\Foundation\\Http\\Middleware\\TransformsRequest->handle(Object(Illuminate\\Http\\Request), Object(Closure))
#20 C:\\laragon\\www\\es_ldcu2\\vendor\\laravel\\framework\\src\\Illuminate\\Foundation\\Http\\Middleware\\TransformsRequest.php(21): Illuminate\\Pipeline\\Pipeline->Illuminate\\Pipeline\\{closure}(Object(Illuminate\\Http\\Request))
#21 C:\\laragon\\www\\es_ldcu2\\vendor\\laravel\\framework\\src\\Illuminate\\Pipeline\\Pipeline.php(171): Illuminate\\Foundation\\Http\\Middleware\\TransformsRequest->handle(Object(Illuminate\\Http\\Request), Object(Closure))
#22 C:\\laragon\\www\\es_ldcu2\\vendor\\laravel\\framework\\src\\Illuminate\\Foundation\\Http\\Middleware\\ValidatePostSize.php(27): Illuminate\\Pipeline\\Pipeline->Illuminate\\Pipeline\\{closure}(Object(Illuminate\\Http\\Request))
#23 C:\\laragon\\www\\es_ldcu2\\vendor\\laravel\\framework\\src\\Illuminate\\Pipeline\\Pipeline.php(171): Illuminate\\Foundation\\Http\\Middleware\\ValidatePostSize->handle(Object(Illuminate\\Http\\Request), Object(Closure))
#24 C:\\laragon\\www\\es_ldcu2\\vendor\\laravel\\framework\\src\\Illuminate\\Foundation\\Http\\Middleware\\CheckForMaintenanceMode.php(63): Illuminate\\Pipeline\\Pipeline->Illuminate\\Pipeline\\{closure}(Object(Illuminate\\Http\\Request))
#25 C:\\laragon\\www\\es_ldcu2\\vendor\\laravel\\framework\\src\\Illuminate\\Pipeline\\Pipeline.php(171): Illuminate\\Foundation\\Http\\Middleware\\CheckForMaintenanceMode->handle(Object(Illuminate\\Http\\Request), Object(Closure))
#26 C:\\laragon\\www\\es_ldcu2\\vendor\\fideloper\\proxy\\src\\TrustProxies.php(57): Illuminate\\Pipeline\\Pipeline->Illuminate\\Pipeline\\{closure}(Object(Illuminate\\Http\\Request))
#27 C:\\laragon\\www\\es_ldcu2\\vendor\\laravel\\framework\\src\\Illuminate\\Pipeline\\Pipeline.php(171): Fideloper\\Proxy\\TrustProxies->handle(Object(Illuminate\\Http\\Request), Object(Closure))
#28 C:\\laragon\\www\\es_ldcu2\\vendor\\laravel\\framework\\src\\Illuminate\\Pipeline\\Pipeline.php(105): Illuminate\\Pipeline\\Pipeline->Illuminate\\Pipeline\\{closure}(Object(Illuminate\\Http\\Request))
#29 C:\\laragon\\www\\es_ldcu2\\vendor\\laravel\\framework\\src\\Illuminate\\Foundation\\Http\\Kernel.php(145): Illuminate\\Pipeline\\Pipeline->then(Object(Closure))
#30 C:\\laragon\\www\\es_ldcu2\\vendor\\laravel\\framework\\src\\Illuminate\\Foundation\\Http\\Kernel.php(110): Illuminate\\Foundation\\Http\\Kernel->sendRequestThroughRouter(Object(Illuminate\\Http\\Request))
#31 C:\\laragon\\www\\es_ldcu2\\public\\index.php(55): Illuminate\\Foundation\\Http\\Kernel->handle(Object(Illuminate\\Http\\Request))
#32 C:\\laragon\\www\\es_ldcu2\\server.php(21): require_once('C:\\\\laragon\\\\www\\\\...')
#33 {main}
"} 
[2025-07-14 06:16:44] local.ERROR: View [registrar.pdf.pdf_sf9masterlist] not found. {"userId":1,"exception":"[object] (InvalidArgumentException(code: 0): View [registrar.pdf.pdf_sf9masterlist] not found. at C:\\laragon\\www\\es_ldcu2\\vendor\\laravel\\framework\\src\\Illuminate\\View\\FileViewFinder.php:137)
[stacktrace]
#0 C:\\laragon\\www\\es_ldcu2\\vendor\\laravel\\framework\\src\\Illuminate\\View\\FileViewFinder.php(79): Illuminate\\View\\FileViewFinder->findInPaths('registrar.pdf.p...', Array)
#1 C:\\laragon\\www\\es_ldcu2\\vendor\\laravel\\framework\\src\\Illuminate\\View\\Factory.php(131): Illuminate\\View\\FileViewFinder->find('registrar.pdf.p...')
#2 C:\\laragon\\www\\es_ldcu2\\vendor\\barryvdh\\laravel-dompdf\\src\\PDF.php(132): Illuminate\\View\\Factory->make('registrar.pdf.p...', Array, Array)
#3 C:\\laragon\\www\\es_ldcu2\\app\\Http\\Controllers\\Migration\\RegistrarMigration.php(661): Barryvdh\\DomPDF\\PDF->loadView('registrar.pdf.p...', Array)
#4 C:\\laragon\\www\\es_ldcu2\\vendor\\laravel\\framework\\src\\Illuminate\\Routing\\Controller.php(54): App\\Http\\Controllers\\Migration\\RegistrarMigration->downloadSf9MasterlistBatch(Object(Illuminate\\Http\\Request))
#5 C:\\laragon\\www\\es_ldcu2\\vendor\\laravel\\framework\\src\\Illuminate\\Routing\\ControllerDispatcher.php(45): Illuminate\\Routing\\Controller->callAction('downloadSf9Mast...', Array)
#6 C:\\laragon\\www\\es_ldcu2\\vendor\\laravel\\framework\\src\\Illuminate\\Routing\\Route.php(219): Illuminate\\Routing\\ControllerDispatcher->dispatch(Object(Illuminate\\Routing\\Route), Object(App\\Http\\Controllers\\Migration\\RegistrarMigration), 'downloadSf9Mast...')
#7 C:\\laragon\\www\\es_ldcu2\\vendor\\laravel\\framework\\src\\Illuminate\\Routing\\Route.php(176): Illuminate\\Routing\\Route->runController()
#8 C:\\laragon\\www\\es_ldcu2\\vendor\\laravel\\framework\\src\\Illuminate\\Routing\\Router.php(681): Illuminate\\Routing\\Route->run()
#9 C:\\laragon\\www\\es_ldcu2\\vendor\\laravel\\framework\\src\\Illuminate\\Pipeline\\Pipeline.php(130): Illuminate\\Routing\\Router->Illuminate\\Routing\\{closure}(Object(Illuminate\\Http\\Request))
#10 C:\\laragon\\www\\es_ldcu2\\vendor\\laravel\\framework\\src\\Illuminate\\Routing\\Middleware\\SubstituteBindings.php(41): Illuminate\\Pipeline\\Pipeline->Illuminate\\Pipeline\\{closure}(Object(Illuminate\\Http\\Request))
#11 C:\\laragon\\www\\es_ldcu2\\vendor\\laravel\\framework\\src\\Illuminate\\Pipeline\\Pipeline.php(171): Illuminate\\Routing\\Middleware\\SubstituteBindings->handle(Object(Illuminate\\Http\\Request), Object(Closure))
#12 C:\\laragon\\www\\es_ldcu2\\vendor\\laravel\\framework\\src\\Illuminate\\Foundation\\Http\\Middleware\\VerifyCsrfToken.php(78): Illuminate\\Pipeline\\Pipeline->Illuminate\\Pipeline\\{closure}(Object(Illuminate\\Http\\Request))
#13 C:\\laragon\\www\\es_ldcu2\\vendor\\laravel\\framework\\src\\Illuminate\\Pipeline\\Pipeline.php(171): Illuminate\\Foundation\\Http\\Middleware\\VerifyCsrfToken->handle(Object(Illuminate\\Http\\Request), Object(Closure))
#14 C:\\laragon\\www\\es_ldcu2\\vendor\\laravel\\framework\\src\\Illuminate\\View\\Middleware\\ShareErrorsFromSession.php(49): Illuminate\\Pipeline\\Pipeline->Illuminate\\Pipeline\\{closure}(Object(Illuminate\\Http\\Request))
#15 C:\\laragon\\www\\es_ldcu2\\vendor\\laravel\\framework\\src\\Illuminate\\Pipeline\\Pipeline.php(171): Illuminate\\View\\Middleware\\ShareErrorsFromSession->handle(Object(Illuminate\\Http\\Request), Object(Closure))
#16 C:\\laragon\\www\\es_ldcu2\\vendor\\laravel\\framework\\src\\Illuminate\\Session\\Middleware\\StartSession.php(56): Illuminate\\Pipeline\\Pipeline->Illuminate\\Pipeline\\{closure}(Object(Illuminate\\Http\\Request))
#17 C:\\laragon\\www\\es_ldcu2\\vendor\\laravel\\framework\\src\\Illuminate\\Pipeline\\Pipeline.php(171): Illuminate\\Session\\Middleware\\StartSession->handle(Object(Illuminate\\Http\\Request), Object(Closure))
#18 C:\\laragon\\www\\es_ldcu2\\vendor\\laravel\\framework\\src\\Illuminate\\Cookie\\Middleware\\AddQueuedCookiesToResponse.php(37): Illuminate\\Pipeline\\Pipeline->Illuminate\\Pipeline\\{closure}(Object(Illuminate\\Http\\Request))
#19 C:\\laragon\\www\\es_ldcu2\\vendor\\laravel\\framework\\src\\Illuminate\\Pipeline\\Pipeline.php(171): Illuminate\\Cookie\\Middleware\\AddQueuedCookiesToResponse->handle(Object(Illuminate\\Http\\Request), Object(Closure))
#20 C:\\laragon\\www\\es_ldcu2\\vendor\\laravel\\framework\\src\\Illuminate\\Cookie\\Middleware\\EncryptCookies.php(67): Illuminate\\Pipeline\\Pipeline->Illuminate\\Pipeline\\{closure}(Object(Illuminate\\Http\\Request))
#21 C:\\laragon\\www\\es_ldcu2\\vendor\\laravel\\framework\\src\\Illuminate\\Pipeline\\Pipeline.php(171): Illuminate\\Cookie\\Middleware\\EncryptCookies->handle(Object(Illuminate\\Http\\Request), Object(Closure))
#22 C:\\laragon\\www\\es_ldcu2\\vendor\\laravel\\framework\\src\\Illuminate\\Pipeline\\Pipeline.php(105): Illuminate\\Pipeline\\Pipeline->Illuminate\\Pipeline\\{closure}(Object(Illuminate\\Http\\Request))
#23 C:\\laragon\\www\\es_ldcu2\\vendor\\laravel\\framework\\src\\Illuminate\\Routing\\Router.php(683): Illuminate\\Pipeline\\Pipeline->then(Object(Closure))
#24 C:\\laragon\\www\\es_ldcu2\\vendor\\laravel\\framework\\src\\Illuminate\\Routing\\Router.php(658): Illuminate\\Routing\\Router->runRouteWithinStack(Object(Illuminate\\Routing\\Route), Object(Illuminate\\Http\\Request))
#25 C:\\laragon\\www\\es_ldcu2\\vendor\\laravel\\framework\\src\\Illuminate\\Routing\\Router.php(624): Illuminate\\Routing\\Router->runRoute(Object(Illuminate\\Http\\Request), Object(Illuminate\\Routing\\Route))
#26 C:\\laragon\\www\\es_ldcu2\\vendor\\laravel\\framework\\src\\Illuminate\\Routing\\Router.php(613): Illuminate\\Routing\\Router->dispatchToRoute(Object(Illuminate\\Http\\Request))
#27 C:\\laragon\\www\\es_ldcu2\\vendor\\laravel\\framework\\src\\Illuminate\\Foundation\\Http\\Kernel.php(170): Illuminate\\Routing\\Router->dispatch(Object(Illuminate\\Http\\Request))
#28 C:\\laragon\\www\\es_ldcu2\\vendor\\laravel\\framework\\src\\Illuminate\\Pipeline\\Pipeline.php(130): Illuminate\\Foundation\\Http\\Kernel->Illuminate\\Foundation\\Http\\{closure}(Object(Illuminate\\Http\\Request))
#29 C:\\laragon\\www\\es_ldcu2\\vendor\\laravel\\framework\\src\\Illuminate\\Foundation\\Http\\Middleware\\TransformsRequest.php(21): Illuminate\\Pipeline\\Pipeline->Illuminate\\Pipeline\\{closure}(Object(Illuminate\\Http\\Request))
#30 C:\\laragon\\www\\es_ldcu2\\vendor\\laravel\\framework\\src\\Illuminate\\Pipeline\\Pipeline.php(171): Illuminate\\Foundation\\Http\\Middleware\\TransformsRequest->handle(Object(Illuminate\\Http\\Request), Object(Closure))
#31 C:\\laragon\\www\\es_ldcu2\\vendor\\laravel\\framework\\src\\Illuminate\\Foundation\\Http\\Middleware\\TransformsRequest.php(21): Illuminate\\Pipeline\\Pipeline->Illuminate\\Pipeline\\{closure}(Object(Illuminate\\Http\\Request))
#32 C:\\laragon\\www\\es_ldcu2\\vendor\\laravel\\framework\\src\\Illuminate\\Pipeline\\Pipeline.php(171): Illuminate\\Foundation\\Http\\Middleware\\TransformsRequest->handle(Object(Illuminate\\Http\\Request), Object(Closure))
#33 C:\\laragon\\www\\es_ldcu2\\vendor\\laravel\\framework\\src\\Illuminate\\Foundation\\Http\\Middleware\\ValidatePostSize.php(27): Illuminate\\Pipeline\\Pipeline->Illuminate\\Pipeline\\{closure}(Object(Illuminate\\Http\\Request))
#34 C:\\laragon\\www\\es_ldcu2\\vendor\\laravel\\framework\\src\\Illuminate\\Pipeline\\Pipeline.php(171): Illuminate\\Foundation\\Http\\Middleware\\ValidatePostSize->handle(Object(Illuminate\\Http\\Request), Object(Closure))
#35 C:\\laragon\\www\\es_ldcu2\\vendor\\laravel\\framework\\src\\Illuminate\\Foundation\\Http\\Middleware\\CheckForMaintenanceMode.php(63): Illuminate\\Pipeline\\Pipeline->Illuminate\\Pipeline\\{closure}(Object(Illuminate\\Http\\Request))
#36 C:\\laragon\\www\\es_ldcu2\\vendor\\laravel\\framework\\src\\Illuminate\\Pipeline\\Pipeline.php(171): Illuminate\\Foundation\\Http\\Middleware\\CheckForMaintenanceMode->handle(Object(Illuminate\\Http\\Request), Object(Closure))
#37 C:\\laragon\\www\\es_ldcu2\\vendor\\fideloper\\proxy\\src\\TrustProxies.php(57): Illuminate\\Pipeline\\Pipeline->Illuminate\\Pipeline\\{closure}(Object(Illuminate\\Http\\Request))
#38 C:\\laragon\\www\\es_ldcu2\\vendor\\laravel\\framework\\src\\Illuminate\\Pipeline\\Pipeline.php(171): Fideloper\\Proxy\\TrustProxies->handle(Object(Illuminate\\Http\\Request), Object(Closure))
#39 C:\\laragon\\www\\es_ldcu2\\vendor\\laravel\\framework\\src\\Illuminate\\Pipeline\\Pipeline.php(105): Illuminate\\Pipeline\\Pipeline->Illuminate\\Pipeline\\{closure}(Object(Illuminate\\Http\\Request))
#40 C:\\laragon\\www\\es_ldcu2\\vendor\\laravel\\framework\\src\\Illuminate\\Foundation\\Http\\Kernel.php(145): Illuminate\\Pipeline\\Pipeline->then(Object(Closure))
#41 C:\\laragon\\www\\es_ldcu2\\vendor\\laravel\\framework\\src\\Illuminate\\Foundation\\Http\\Kernel.php(110): Illuminate\\Foundation\\Http\\Kernel->sendRequestThroughRouter(Object(Illuminate\\Http\\Request))
#42 C:\\laragon\\www\\es_ldcu2\\public\\index.php(55): Illuminate\\Foundation\\Http\\Kernel->handle(Object(Illuminate\\Http\\Request))
#43 C:\\laragon\\www\\es_ldcu2\\server.php(21): require_once('C:\\\\laragon\\\\www\\\\...')
#44 {main}
"} 
[2025-07-14 06:19:14] local.ERROR: View [registrar.pdf.pdf_sf9masterlist] not found. {"userId":1,"exception":"[object] (InvalidArgumentException(code: 0): View [registrar.pdf.pdf_sf9masterlist] not found. at C:\\laragon\\www\\es_ldcu2\\vendor\\laravel\\framework\\src\\Illuminate\\View\\FileViewFinder.php:137)
[stacktrace]
#0 C:\\laragon\\www\\es_ldcu2\\vendor\\laravel\\framework\\src\\Illuminate\\View\\FileViewFinder.php(79): Illuminate\\View\\FileViewFinder->findInPaths('registrar.pdf.p...', Array)
#1 C:\\laragon\\www\\es_ldcu2\\vendor\\laravel\\framework\\src\\Illuminate\\View\\Factory.php(131): Illuminate\\View\\FileViewFinder->find('registrar.pdf.p...')
#2 C:\\laragon\\www\\es_ldcu2\\vendor\\barryvdh\\laravel-dompdf\\src\\PDF.php(132): Illuminate\\View\\Factory->make('registrar.pdf.p...', Array, Array)
#3 C:\\laragon\\www\\es_ldcu2\\app\\Http\\Controllers\\Migration\\RegistrarMigration.php(661): Barryvdh\\DomPDF\\PDF->loadView('registrar.pdf.p...', Array)
#4 C:\\laragon\\www\\es_ldcu2\\vendor\\laravel\\framework\\src\\Illuminate\\Routing\\Controller.php(54): App\\Http\\Controllers\\Migration\\RegistrarMigration->downloadSf9MasterlistBatch(Object(Illuminate\\Http\\Request))
#5 C:\\laragon\\www\\es_ldcu2\\vendor\\laravel\\framework\\src\\Illuminate\\Routing\\ControllerDispatcher.php(45): Illuminate\\Routing\\Controller->callAction('downloadSf9Mast...', Array)
#6 C:\\laragon\\www\\es_ldcu2\\vendor\\laravel\\framework\\src\\Illuminate\\Routing\\Route.php(219): Illuminate\\Routing\\ControllerDispatcher->dispatch(Object(Illuminate\\Routing\\Route), Object(App\\Http\\Controllers\\Migration\\RegistrarMigration), 'downloadSf9Mast...')
#7 C:\\laragon\\www\\es_ldcu2\\vendor\\laravel\\framework\\src\\Illuminate\\Routing\\Route.php(176): Illuminate\\Routing\\Route->runController()
#8 C:\\laragon\\www\\es_ldcu2\\vendor\\laravel\\framework\\src\\Illuminate\\Routing\\Router.php(681): Illuminate\\Routing\\Route->run()
#9 C:\\laragon\\www\\es_ldcu2\\vendor\\laravel\\framework\\src\\Illuminate\\Pipeline\\Pipeline.php(130): Illuminate\\Routing\\Router->Illuminate\\Routing\\{closure}(Object(Illuminate\\Http\\Request))
#10 C:\\laragon\\www\\es_ldcu2\\vendor\\laravel\\framework\\src\\Illuminate\\Routing\\Middleware\\SubstituteBindings.php(41): Illuminate\\Pipeline\\Pipeline->Illuminate\\Pipeline\\{closure}(Object(Illuminate\\Http\\Request))
#11 C:\\laragon\\www\\es_ldcu2\\vendor\\laravel\\framework\\src\\Illuminate\\Pipeline\\Pipeline.php(171): Illuminate\\Routing\\Middleware\\SubstituteBindings->handle(Object(Illuminate\\Http\\Request), Object(Closure))
#12 C:\\laragon\\www\\es_ldcu2\\vendor\\laravel\\framework\\src\\Illuminate\\Foundation\\Http\\Middleware\\VerifyCsrfToken.php(78): Illuminate\\Pipeline\\Pipeline->Illuminate\\Pipeline\\{closure}(Object(Illuminate\\Http\\Request))
#13 C:\\laragon\\www\\es_ldcu2\\vendor\\laravel\\framework\\src\\Illuminate\\Pipeline\\Pipeline.php(171): Illuminate\\Foundation\\Http\\Middleware\\VerifyCsrfToken->handle(Object(Illuminate\\Http\\Request), Object(Closure))
#14 C:\\laragon\\www\\es_ldcu2\\vendor\\laravel\\framework\\src\\Illuminate\\View\\Middleware\\ShareErrorsFromSession.php(49): Illuminate\\Pipeline\\Pipeline->Illuminate\\Pipeline\\{closure}(Object(Illuminate\\Http\\Request))
#15 C:\\laragon\\www\\es_ldcu2\\vendor\\laravel\\framework\\src\\Illuminate\\Pipeline\\Pipeline.php(171): Illuminate\\View\\Middleware\\ShareErrorsFromSession->handle(Object(Illuminate\\Http\\Request), Object(Closure))
#16 C:\\laragon\\www\\es_ldcu2\\vendor\\laravel\\framework\\src\\Illuminate\\Session\\Middleware\\StartSession.php(56): Illuminate\\Pipeline\\Pipeline->Illuminate\\Pipeline\\{closure}(Object(Illuminate\\Http\\Request))
#17 C:\\laragon\\www\\es_ldcu2\\vendor\\laravel\\framework\\src\\Illuminate\\Pipeline\\Pipeline.php(171): Illuminate\\Session\\Middleware\\StartSession->handle(Object(Illuminate\\Http\\Request), Object(Closure))
#18 C:\\laragon\\www\\es_ldcu2\\vendor\\laravel\\framework\\src\\Illuminate\\Cookie\\Middleware\\AddQueuedCookiesToResponse.php(37): Illuminate\\Pipeline\\Pipeline->Illuminate\\Pipeline\\{closure}(Object(Illuminate\\Http\\Request))
#19 C:\\laragon\\www\\es_ldcu2\\vendor\\laravel\\framework\\src\\Illuminate\\Pipeline\\Pipeline.php(171): Illuminate\\Cookie\\Middleware\\AddQueuedCookiesToResponse->handle(Object(Illuminate\\Http\\Request), Object(Closure))
#20 C:\\laragon\\www\\es_ldcu2\\vendor\\laravel\\framework\\src\\Illuminate\\Cookie\\Middleware\\EncryptCookies.php(67): Illuminate\\Pipeline\\Pipeline->Illuminate\\Pipeline\\{closure}(Object(Illuminate\\Http\\Request))
#21 C:\\laragon\\www\\es_ldcu2\\vendor\\laravel\\framework\\src\\Illuminate\\Pipeline\\Pipeline.php(171): Illuminate\\Cookie\\Middleware\\EncryptCookies->handle(Object(Illuminate\\Http\\Request), Object(Closure))
#22 C:\\laragon\\www\\es_ldcu2\\vendor\\laravel\\framework\\src\\Illuminate\\Pipeline\\Pipeline.php(105): Illuminate\\Pipeline\\Pipeline->Illuminate\\Pipeline\\{closure}(Object(Illuminate\\Http\\Request))
#23 C:\\laragon\\www\\es_ldcu2\\vendor\\laravel\\framework\\src\\Illuminate\\Routing\\Router.php(683): Illuminate\\Pipeline\\Pipeline->then(Object(Closure))
#24 C:\\laragon\\www\\es_ldcu2\\vendor\\laravel\\framework\\src\\Illuminate\\Routing\\Router.php(658): Illuminate\\Routing\\Router->runRouteWithinStack(Object(Illuminate\\Routing\\Route), Object(Illuminate\\Http\\Request))
#25 C:\\laragon\\www\\es_ldcu2\\vendor\\laravel\\framework\\src\\Illuminate\\Routing\\Router.php(624): Illuminate\\Routing\\Router->runRoute(Object(Illuminate\\Http\\Request), Object(Illuminate\\Routing\\Route))
#26 C:\\laragon\\www\\es_ldcu2\\vendor\\laravel\\framework\\src\\Illuminate\\Routing\\Router.php(613): Illuminate\\Routing\\Router->dispatchToRoute(Object(Illuminate\\Http\\Request))
#27 C:\\laragon\\www\\es_ldcu2\\vendor\\laravel\\framework\\src\\Illuminate\\Foundation\\Http\\Kernel.php(170): Illuminate\\Routing\\Router->dispatch(Object(Illuminate\\Http\\Request))
#28 C:\\laragon\\www\\es_ldcu2\\vendor\\laravel\\framework\\src\\Illuminate\\Pipeline\\Pipeline.php(130): Illuminate\\Foundation\\Http\\Kernel->Illuminate\\Foundation\\Http\\{closure}(Object(Illuminate\\Http\\Request))
#29 C:\\laragon\\www\\es_ldcu2\\vendor\\laravel\\framework\\src\\Illuminate\\Foundation\\Http\\Middleware\\TransformsRequest.php(21): Illuminate\\Pipeline\\Pipeline->Illuminate\\Pipeline\\{closure}(Object(Illuminate\\Http\\Request))
#30 C:\\laragon\\www\\es_ldcu2\\vendor\\laravel\\framework\\src\\Illuminate\\Pipeline\\Pipeline.php(171): Illuminate\\Foundation\\Http\\Middleware\\TransformsRequest->handle(Object(Illuminate\\Http\\Request), Object(Closure))
#31 C:\\laragon\\www\\es_ldcu2\\vendor\\laravel\\framework\\src\\Illuminate\\Foundation\\Http\\Middleware\\TransformsRequest.php(21): Illuminate\\Pipeline\\Pipeline->Illuminate\\Pipeline\\{closure}(Object(Illuminate\\Http\\Request))
#32 C:\\laragon\\www\\es_ldcu2\\vendor\\laravel\\framework\\src\\Illuminate\\Pipeline\\Pipeline.php(171): Illuminate\\Foundation\\Http\\Middleware\\TransformsRequest->handle(Object(Illuminate\\Http\\Request), Object(Closure))
#33 C:\\laragon\\www\\es_ldcu2\\vendor\\laravel\\framework\\src\\Illuminate\\Foundation\\Http\\Middleware\\ValidatePostSize.php(27): Illuminate\\Pipeline\\Pipeline->Illuminate\\Pipeline\\{closure}(Object(Illuminate\\Http\\Request))
#34 C:\\laragon\\www\\es_ldcu2\\vendor\\laravel\\framework\\src\\Illuminate\\Pipeline\\Pipeline.php(171): Illuminate\\Foundation\\Http\\Middleware\\ValidatePostSize->handle(Object(Illuminate\\Http\\Request), Object(Closure))
#35 C:\\laragon\\www\\es_ldcu2\\vendor\\laravel\\framework\\src\\Illuminate\\Foundation\\Http\\Middleware\\CheckForMaintenanceMode.php(63): Illuminate\\Pipeline\\Pipeline->Illuminate\\Pipeline\\{closure}(Object(Illuminate\\Http\\Request))
#36 C:\\laragon\\www\\es_ldcu2\\vendor\\laravel\\framework\\src\\Illuminate\\Pipeline\\Pipeline.php(171): Illuminate\\Foundation\\Http\\Middleware\\CheckForMaintenanceMode->handle(Object(Illuminate\\Http\\Request), Object(Closure))
#37 C:\\laragon\\www\\es_ldcu2\\vendor\\fideloper\\proxy\\src\\TrustProxies.php(57): Illuminate\\Pipeline\\Pipeline->Illuminate\\Pipeline\\{closure}(Object(Illuminate\\Http\\Request))
#38 C:\\laragon\\www\\es_ldcu2\\vendor\\laravel\\framework\\src\\Illuminate\\Pipeline\\Pipeline.php(171): Fideloper\\Proxy\\TrustProxies->handle(Object(Illuminate\\Http\\Request), Object(Closure))
#39 C:\\laragon\\www\\es_ldcu2\\vendor\\laravel\\framework\\src\\Illuminate\\Pipeline\\Pipeline.php(105): Illuminate\\Pipeline\\Pipeline->Illuminate\\Pipeline\\{closure}(Object(Illuminate\\Http\\Request))
#40 C:\\laragon\\www\\es_ldcu2\\vendor\\laravel\\framework\\src\\Illuminate\\Foundation\\Http\\Kernel.php(145): Illuminate\\Pipeline\\Pipeline->then(Object(Closure))
#41 C:\\laragon\\www\\es_ldcu2\\vendor\\laravel\\framework\\src\\Illuminate\\Foundation\\Http\\Kernel.php(110): Illuminate\\Foundation\\Http\\Kernel->sendRequestThroughRouter(Object(Illuminate\\Http\\Request))
#42 C:\\laragon\\www\\es_ldcu2\\public\\index.php(55): Illuminate\\Foundation\\Http\\Kernel->handle(Object(Illuminate\\Http\\Request))
#43 C:\\laragon\\www\\es_ldcu2\\server.php(21): require_once('C:\\\\laragon\\\\www\\\\...')
#44 {main}
"} 
[2025-07-14 06:23:12] local.ERROR: View [registrar.pdf.pdf_sf9masterlist] not found. {"userId":1,"exception":"[object] (InvalidArgumentException(code: 0): View [registrar.pdf.pdf_sf9masterlist] not found. at C:\\laragon\\www\\es_ldcu2\\vendor\\laravel\\framework\\src\\Illuminate\\View\\FileViewFinder.php:137)
[stacktrace]
#0 C:\\laragon\\www\\es_ldcu2\\vendor\\laravel\\framework\\src\\Illuminate\\View\\FileViewFinder.php(79): Illuminate\\View\\FileViewFinder->findInPaths('registrar.pdf.p...', Array)
#1 C:\\laragon\\www\\es_ldcu2\\vendor\\laravel\\framework\\src\\Illuminate\\View\\Factory.php(131): Illuminate\\View\\FileViewFinder->find('registrar.pdf.p...')
#2 C:\\laragon\\www\\es_ldcu2\\vendor\\barryvdh\\laravel-dompdf\\src\\PDF.php(132): Illuminate\\View\\Factory->make('registrar.pdf.p...', Array, Array)
#3 C:\\laragon\\www\\es_ldcu2\\app\\Http\\Controllers\\Migration\\RegistrarMigration.php(678): Barryvdh\\DomPDF\\PDF->loadView('registrar.pdf.p...', Array)
#4 C:\\laragon\\www\\es_ldcu2\\vendor\\laravel\\framework\\src\\Illuminate\\Routing\\Controller.php(54): App\\Http\\Controllers\\Migration\\RegistrarMigration->downloadSf9MasterlistBatch(Object(Illuminate\\Http\\Request))
#5 C:\\laragon\\www\\es_ldcu2\\vendor\\laravel\\framework\\src\\Illuminate\\Routing\\ControllerDispatcher.php(45): Illuminate\\Routing\\Controller->callAction('downloadSf9Mast...', Array)
#6 C:\\laragon\\www\\es_ldcu2\\vendor\\laravel\\framework\\src\\Illuminate\\Routing\\Route.php(219): Illuminate\\Routing\\ControllerDispatcher->dispatch(Object(Illuminate\\Routing\\Route), Object(App\\Http\\Controllers\\Migration\\RegistrarMigration), 'downloadSf9Mast...')
#7 C:\\laragon\\www\\es_ldcu2\\vendor\\laravel\\framework\\src\\Illuminate\\Routing\\Route.php(176): Illuminate\\Routing\\Route->runController()
#8 C:\\laragon\\www\\es_ldcu2\\vendor\\laravel\\framework\\src\\Illuminate\\Routing\\Router.php(681): Illuminate\\Routing\\Route->run()
#9 C:\\laragon\\www\\es_ldcu2\\vendor\\laravel\\framework\\src\\Illuminate\\Pipeline\\Pipeline.php(130): Illuminate\\Routing\\Router->Illuminate\\Routing\\{closure}(Object(Illuminate\\Http\\Request))
#10 C:\\laragon\\www\\es_ldcu2\\vendor\\laravel\\framework\\src\\Illuminate\\Routing\\Middleware\\SubstituteBindings.php(41): Illuminate\\Pipeline\\Pipeline->Illuminate\\Pipeline\\{closure}(Object(Illuminate\\Http\\Request))
#11 C:\\laragon\\www\\es_ldcu2\\vendor\\laravel\\framework\\src\\Illuminate\\Pipeline\\Pipeline.php(171): Illuminate\\Routing\\Middleware\\SubstituteBindings->handle(Object(Illuminate\\Http\\Request), Object(Closure))
#12 C:\\laragon\\www\\es_ldcu2\\vendor\\laravel\\framework\\src\\Illuminate\\Foundation\\Http\\Middleware\\VerifyCsrfToken.php(78): Illuminate\\Pipeline\\Pipeline->Illuminate\\Pipeline\\{closure}(Object(Illuminate\\Http\\Request))
#13 C:\\laragon\\www\\es_ldcu2\\vendor\\laravel\\framework\\src\\Illuminate\\Pipeline\\Pipeline.php(171): Illuminate\\Foundation\\Http\\Middleware\\VerifyCsrfToken->handle(Object(Illuminate\\Http\\Request), Object(Closure))
#14 C:\\laragon\\www\\es_ldcu2\\vendor\\laravel\\framework\\src\\Illuminate\\View\\Middleware\\ShareErrorsFromSession.php(49): Illuminate\\Pipeline\\Pipeline->Illuminate\\Pipeline\\{closure}(Object(Illuminate\\Http\\Request))
#15 C:\\laragon\\www\\es_ldcu2\\vendor\\laravel\\framework\\src\\Illuminate\\Pipeline\\Pipeline.php(171): Illuminate\\View\\Middleware\\ShareErrorsFromSession->handle(Object(Illuminate\\Http\\Request), Object(Closure))
#16 C:\\laragon\\www\\es_ldcu2\\vendor\\laravel\\framework\\src\\Illuminate\\Session\\Middleware\\StartSession.php(56): Illuminate\\Pipeline\\Pipeline->Illuminate\\Pipeline\\{closure}(Object(Illuminate\\Http\\Request))
#17 C:\\laragon\\www\\es_ldcu2\\vendor\\laravel\\framework\\src\\Illuminate\\Pipeline\\Pipeline.php(171): Illuminate\\Session\\Middleware\\StartSession->handle(Object(Illuminate\\Http\\Request), Object(Closure))
#18 C:\\laragon\\www\\es_ldcu2\\vendor\\laravel\\framework\\src\\Illuminate\\Cookie\\Middleware\\AddQueuedCookiesToResponse.php(37): Illuminate\\Pipeline\\Pipeline->Illuminate\\Pipeline\\{closure}(Object(Illuminate\\Http\\Request))
#19 C:\\laragon\\www\\es_ldcu2\\vendor\\laravel\\framework\\src\\Illuminate\\Pipeline\\Pipeline.php(171): Illuminate\\Cookie\\Middleware\\AddQueuedCookiesToResponse->handle(Object(Illuminate\\Http\\Request), Object(Closure))
#20 C:\\laragon\\www\\es_ldcu2\\vendor\\laravel\\framework\\src\\Illuminate\\Cookie\\Middleware\\EncryptCookies.php(67): Illuminate\\Pipeline\\Pipeline->Illuminate\\Pipeline\\{closure}(Object(Illuminate\\Http\\Request))
#21 C:\\laragon\\www\\es_ldcu2\\vendor\\laravel\\framework\\src\\Illuminate\\Pipeline\\Pipeline.php(171): Illuminate\\Cookie\\Middleware\\EncryptCookies->handle(Object(Illuminate\\Http\\Request), Object(Closure))
#22 C:\\laragon\\www\\es_ldcu2\\vendor\\laravel\\framework\\src\\Illuminate\\Pipeline\\Pipeline.php(105): Illuminate\\Pipeline\\Pipeline->Illuminate\\Pipeline\\{closure}(Object(Illuminate\\Http\\Request))
#23 C:\\laragon\\www\\es_ldcu2\\vendor\\laravel\\framework\\src\\Illuminate\\Routing\\Router.php(683): Illuminate\\Pipeline\\Pipeline->then(Object(Closure))
#24 C:\\laragon\\www\\es_ldcu2\\vendor\\laravel\\framework\\src\\Illuminate\\Routing\\Router.php(658): Illuminate\\Routing\\Router->runRouteWithinStack(Object(Illuminate\\Routing\\Route), Object(Illuminate\\Http\\Request))
#25 C:\\laragon\\www\\es_ldcu2\\vendor\\laravel\\framework\\src\\Illuminate\\Routing\\Router.php(624): Illuminate\\Routing\\Router->runRoute(Object(Illuminate\\Http\\Request), Object(Illuminate\\Routing\\Route))
#26 C:\\laragon\\www\\es_ldcu2\\vendor\\laravel\\framework\\src\\Illuminate\\Routing\\Router.php(613): Illuminate\\Routing\\Router->dispatchToRoute(Object(Illuminate\\Http\\Request))
#27 C:\\laragon\\www\\es_ldcu2\\vendor\\laravel\\framework\\src\\Illuminate\\Foundation\\Http\\Kernel.php(170): Illuminate\\Routing\\Router->dispatch(Object(Illuminate\\Http\\Request))
#28 C:\\laragon\\www\\es_ldcu2\\vendor\\laravel\\framework\\src\\Illuminate\\Pipeline\\Pipeline.php(130): Illuminate\\Foundation\\Http\\Kernel->Illuminate\\Foundation\\Http\\{closure}(Object(Illuminate\\Http\\Request))
#29 C:\\laragon\\www\\es_ldcu2\\vendor\\laravel\\framework\\src\\Illuminate\\Foundation\\Http\\Middleware\\TransformsRequest.php(21): Illuminate\\Pipeline\\Pipeline->Illuminate\\Pipeline\\{closure}(Object(Illuminate\\Http\\Request))
#30 C:\\laragon\\www\\es_ldcu2\\vendor\\laravel\\framework\\src\\Illuminate\\Pipeline\\Pipeline.php(171): Illuminate\\Foundation\\Http\\Middleware\\TransformsRequest->handle(Object(Illuminate\\Http\\Request), Object(Closure))
#31 C:\\laragon\\www\\es_ldcu2\\vendor\\laravel\\framework\\src\\Illuminate\\Foundation\\Http\\Middleware\\TransformsRequest.php(21): Illuminate\\Pipeline\\Pipeline->Illuminate\\Pipeline\\{closure}(Object(Illuminate\\Http\\Request))
#32 C:\\laragon\\www\\es_ldcu2\\vendor\\laravel\\framework\\src\\Illuminate\\Pipeline\\Pipeline.php(171): Illuminate\\Foundation\\Http\\Middleware\\TransformsRequest->handle(Object(Illuminate\\Http\\Request), Object(Closure))
#33 C:\\laragon\\www\\es_ldcu2\\vendor\\laravel\\framework\\src\\Illuminate\\Foundation\\Http\\Middleware\\ValidatePostSize.php(27): Illuminate\\Pipeline\\Pipeline->Illuminate\\Pipeline\\{closure}(Object(Illuminate\\Http\\Request))
#34 C:\\laragon\\www\\es_ldcu2\\vendor\\laravel\\framework\\src\\Illuminate\\Pipeline\\Pipeline.php(171): Illuminate\\Foundation\\Http\\Middleware\\ValidatePostSize->handle(Object(Illuminate\\Http\\Request), Object(Closure))
#35 C:\\laragon\\www\\es_ldcu2\\vendor\\laravel\\framework\\src\\Illuminate\\Foundation\\Http\\Middleware\\CheckForMaintenanceMode.php(63): Illuminate\\Pipeline\\Pipeline->Illuminate\\Pipeline\\{closure}(Object(Illuminate\\Http\\Request))
#36 C:\\laragon\\www\\es_ldcu2\\vendor\\laravel\\framework\\src\\Illuminate\\Pipeline\\Pipeline.php(171): Illuminate\\Foundation\\Http\\Middleware\\CheckForMaintenanceMode->handle(Object(Illuminate\\Http\\Request), Object(Closure))
#37 C:\\laragon\\www\\es_ldcu2\\vendor\\fideloper\\proxy\\src\\TrustProxies.php(57): Illuminate\\Pipeline\\Pipeline->Illuminate\\Pipeline\\{closure}(Object(Illuminate\\Http\\Request))
#38 C:\\laragon\\www\\es_ldcu2\\vendor\\laravel\\framework\\src\\Illuminate\\Pipeline\\Pipeline.php(171): Fideloper\\Proxy\\TrustProxies->handle(Object(Illuminate\\Http\\Request), Object(Closure))
#39 C:\\laragon\\www\\es_ldcu2\\vendor\\laravel\\framework\\src\\Illuminate\\Pipeline\\Pipeline.php(105): Illuminate\\Pipeline\\Pipeline->Illuminate\\Pipeline\\{closure}(Object(Illuminate\\Http\\Request))
#40 C:\\laragon\\www\\es_ldcu2\\vendor\\laravel\\framework\\src\\Illuminate\\Foundation\\Http\\Kernel.php(145): Illuminate\\Pipeline\\Pipeline->then(Object(Closure))
#41 C:\\laragon\\www\\es_ldcu2\\vendor\\laravel\\framework\\src\\Illuminate\\Foundation\\Http\\Kernel.php(110): Illuminate\\Foundation\\Http\\Kernel->sendRequestThroughRouter(Object(Illuminate\\Http\\Request))
#42 C:\\laragon\\www\\es_ldcu2\\public\\index.php(55): Illuminate\\Foundation\\Http\\Kernel->handle(Object(Illuminate\\Http\\Request))
#43 C:\\laragon\\www\\es_ldcu2\\server.php(21): require_once('C:\\\\laragon\\\\www\\\\...')
#44 {main}
"} 
[2025-07-14 06:28:11] local.ERROR: SF9 PDF template view not found: registrar.pdf.pdf_sf9masterlist  
[2025-07-14 06:28:11] local.ERROR: SF9 PDF template view not found: registrar.pdf.pdf_sf9masterlist  
[2025-07-14 06:28:11] local.ERROR: SF9 PDF template view not found: registrar.pdf.pdf_sf9masterlist  
[2025-07-14 06:28:11] local.ERROR: SF9 PDF template view not found: registrar.pdf.pdf_sf9masterlist  
[2025-07-14 06:28:11] local.ERROR: SF9 PDF template view not found: registrar.pdf.pdf_sf9masterlist  
[2025-07-14 06:28:11] local.ERROR: SF9 PDF template view not found: registrar.pdf.pdf_sf9masterlist  
[2025-07-14 06:28:11] local.ERROR: SF9 PDF template view not found: registrar.pdf.pdf_sf9masterlist  
[2025-07-14 06:28:11] local.ERROR: SF9 PDF template view not found: registrar.pdf.pdf_sf9masterlist  
[2025-07-14 06:28:11] local.ERROR: SF9 PDF template view not found: registrar.pdf.pdf_sf9masterlist  
[2025-07-14 06:28:11] local.ERROR: The file "C:\laragon\www\es_ldcu2\storage\app/zip/SIBUGAY_TECHNICAL_INSTITUTE_INC__sf9_master_list.zip" does not exist {"userId":1,"exception":"[object] (Symfony\\Component\\HttpFoundation\\File\\Exception\\FileNotFoundException(code: 0): The file \"C:\\laragon\\www\\es_ldcu2\\storage\\app/zip/SIBUGAY_TECHNICAL_INSTITUTE_INC__sf9_master_list.zip\" does not exist at C:\\laragon\\www\\es_ldcu2\\vendor\\symfony\\http-foundation\\File\\File.php:36)
[stacktrace]
#0 C:\\laragon\\www\\es_ldcu2\\vendor\\symfony\\http-foundation\\BinaryFileResponse.php(93): Symfony\\Component\\HttpFoundation\\File\\File->__construct('C:\\\\laragon\\\\www\\\\...')
#1 C:\\laragon\\www\\es_ldcu2\\vendor\\symfony\\http-foundation\\BinaryFileResponse.php(52): Symfony\\Component\\HttpFoundation\\BinaryFileResponse->setFile('C:\\\\laragon\\\\www\\\\...', 'attachment', false, true)
#2 C:\\laragon\\www\\es_ldcu2\\vendor\\laravel\\framework\\src\\Illuminate\\Routing\\ResponseFactory.php(165): Symfony\\Component\\HttpFoundation\\BinaryFileResponse->__construct('C:\\\\laragon\\\\www\\\\...', 200, Array, true, 'attachment')
#3 C:\\laragon\\www\\es_ldcu2\\app\\Http\\Controllers\\Migration\\RegistrarMigration.php(719): Illuminate\\Routing\\ResponseFactory->download('C:\\\\laragon\\\\www\\\\...')
#4 C:\\laragon\\www\\es_ldcu2\\vendor\\laravel\\framework\\src\\Illuminate\\Routing\\Controller.php(54): App\\Http\\Controllers\\Migration\\RegistrarMigration->downloadSf9MasterlistBatch(Object(Illuminate\\Http\\Request))
#5 C:\\laragon\\www\\es_ldcu2\\vendor\\laravel\\framework\\src\\Illuminate\\Routing\\ControllerDispatcher.php(45): Illuminate\\Routing\\Controller->callAction('downloadSf9Mast...', Array)
#6 C:\\laragon\\www\\es_ldcu2\\vendor\\laravel\\framework\\src\\Illuminate\\Routing\\Route.php(219): Illuminate\\Routing\\ControllerDispatcher->dispatch(Object(Illuminate\\Routing\\Route), Object(App\\Http\\Controllers\\Migration\\RegistrarMigration), 'downloadSf9Mast...')
#7 C:\\laragon\\www\\es_ldcu2\\vendor\\laravel\\framework\\src\\Illuminate\\Routing\\Route.php(176): Illuminate\\Routing\\Route->runController()
#8 C:\\laragon\\www\\es_ldcu2\\vendor\\laravel\\framework\\src\\Illuminate\\Routing\\Router.php(681): Illuminate\\Routing\\Route->run()
#9 C:\\laragon\\www\\es_ldcu2\\vendor\\laravel\\framework\\src\\Illuminate\\Pipeline\\Pipeline.php(130): Illuminate\\Routing\\Router->Illuminate\\Routing\\{closure}(Object(Illuminate\\Http\\Request))
#10 C:\\laragon\\www\\es_ldcu2\\vendor\\laravel\\framework\\src\\Illuminate\\Routing\\Middleware\\SubstituteBindings.php(41): Illuminate\\Pipeline\\Pipeline->Illuminate\\Pipeline\\{closure}(Object(Illuminate\\Http\\Request))
#11 C:\\laragon\\www\\es_ldcu2\\vendor\\laravel\\framework\\src\\Illuminate\\Pipeline\\Pipeline.php(171): Illuminate\\Routing\\Middleware\\SubstituteBindings->handle(Object(Illuminate\\Http\\Request), Object(Closure))
#12 C:\\laragon\\www\\es_ldcu2\\vendor\\laravel\\framework\\src\\Illuminate\\Foundation\\Http\\Middleware\\VerifyCsrfToken.php(78): Illuminate\\Pipeline\\Pipeline->Illuminate\\Pipeline\\{closure}(Object(Illuminate\\Http\\Request))
#13 C:\\laragon\\www\\es_ldcu2\\vendor\\laravel\\framework\\src\\Illuminate\\Pipeline\\Pipeline.php(171): Illuminate\\Foundation\\Http\\Middleware\\VerifyCsrfToken->handle(Object(Illuminate\\Http\\Request), Object(Closure))
#14 C:\\laragon\\www\\es_ldcu2\\vendor\\laravel\\framework\\src\\Illuminate\\View\\Middleware\\ShareErrorsFromSession.php(49): Illuminate\\Pipeline\\Pipeline->Illuminate\\Pipeline\\{closure}(Object(Illuminate\\Http\\Request))
#15 C:\\laragon\\www\\es_ldcu2\\vendor\\laravel\\framework\\src\\Illuminate\\Pipeline\\Pipeline.php(171): Illuminate\\View\\Middleware\\ShareErrorsFromSession->handle(Object(Illuminate\\Http\\Request), Object(Closure))
#16 C:\\laragon\\www\\es_ldcu2\\vendor\\laravel\\framework\\src\\Illuminate\\Session\\Middleware\\StartSession.php(56): Illuminate\\Pipeline\\Pipeline->Illuminate\\Pipeline\\{closure}(Object(Illuminate\\Http\\Request))
#17 C:\\laragon\\www\\es_ldcu2\\vendor\\laravel\\framework\\src\\Illuminate\\Pipeline\\Pipeline.php(171): Illuminate\\Session\\Middleware\\StartSession->handle(Object(Illuminate\\Http\\Request), Object(Closure))
#18 C:\\laragon\\www\\es_ldcu2\\vendor\\laravel\\framework\\src\\Illuminate\\Cookie\\Middleware\\AddQueuedCookiesToResponse.php(37): Illuminate\\Pipeline\\Pipeline->Illuminate\\Pipeline\\{closure}(Object(Illuminate\\Http\\Request))
#19 C:\\laragon\\www\\es_ldcu2\\vendor\\laravel\\framework\\src\\Illuminate\\Pipeline\\Pipeline.php(171): Illuminate\\Cookie\\Middleware\\AddQueuedCookiesToResponse->handle(Object(Illuminate\\Http\\Request), Object(Closure))
#20 C:\\laragon\\www\\es_ldcu2\\vendor\\laravel\\framework\\src\\Illuminate\\Cookie\\Middleware\\EncryptCookies.php(67): Illuminate\\Pipeline\\Pipeline->Illuminate\\Pipeline\\{closure}(Object(Illuminate\\Http\\Request))
#21 C:\\laragon\\www\\es_ldcu2\\vendor\\laravel\\framework\\src\\Illuminate\\Pipeline\\Pipeline.php(171): Illuminate\\Cookie\\Middleware\\EncryptCookies->handle(Object(Illuminate\\Http\\Request), Object(Closure))
#22 C:\\laragon\\www\\es_ldcu2\\vendor\\laravel\\framework\\src\\Illuminate\\Pipeline\\Pipeline.php(105): Illuminate\\Pipeline\\Pipeline->Illuminate\\Pipeline\\{closure}(Object(Illuminate\\Http\\Request))
#23 C:\\laragon\\www\\es_ldcu2\\vendor\\laravel\\framework\\src\\Illuminate\\Routing\\Router.php(683): Illuminate\\Pipeline\\Pipeline->then(Object(Closure))
#24 C:\\laragon\\www\\es_ldcu2\\vendor\\laravel\\framework\\src\\Illuminate\\Routing\\Router.php(658): Illuminate\\Routing\\Router->runRouteWithinStack(Object(Illuminate\\Routing\\Route), Object(Illuminate\\Http\\Request))
#25 C:\\laragon\\www\\es_ldcu2\\vendor\\laravel\\framework\\src\\Illuminate\\Routing\\Router.php(624): Illuminate\\Routing\\Router->runRoute(Object(Illuminate\\Http\\Request), Object(Illuminate\\Routing\\Route))
#26 C:\\laragon\\www\\es_ldcu2\\vendor\\laravel\\framework\\src\\Illuminate\\Routing\\Router.php(613): Illuminate\\Routing\\Router->dispatchToRoute(Object(Illuminate\\Http\\Request))
#27 C:\\laragon\\www\\es_ldcu2\\vendor\\laravel\\framework\\src\\Illuminate\\Foundation\\Http\\Kernel.php(170): Illuminate\\Routing\\Router->dispatch(Object(Illuminate\\Http\\Request))
#28 C:\\laragon\\www\\es_ldcu2\\vendor\\laravel\\framework\\src\\Illuminate\\Pipeline\\Pipeline.php(130): Illuminate\\Foundation\\Http\\Kernel->Illuminate\\Foundation\\Http\\{closure}(Object(Illuminate\\Http\\Request))
#29 C:\\laragon\\www\\es_ldcu2\\vendor\\laravel\\framework\\src\\Illuminate\\Foundation\\Http\\Middleware\\TransformsRequest.php(21): Illuminate\\Pipeline\\Pipeline->Illuminate\\Pipeline\\{closure}(Object(Illuminate\\Http\\Request))
#30 C:\\laragon\\www\\es_ldcu2\\vendor\\laravel\\framework\\src\\Illuminate\\Pipeline\\Pipeline.php(171): Illuminate\\Foundation\\Http\\Middleware\\TransformsRequest->handle(Object(Illuminate\\Http\\Request), Object(Closure))
#31 C:\\laragon\\www\\es_ldcu2\\vendor\\laravel\\framework\\src\\Illuminate\\Foundation\\Http\\Middleware\\TransformsRequest.php(21): Illuminate\\Pipeline\\Pipeline->Illuminate\\Pipeline\\{closure}(Object(Illuminate\\Http\\Request))
#32 C:\\laragon\\www\\es_ldcu2\\vendor\\laravel\\framework\\src\\Illuminate\\Pipeline\\Pipeline.php(171): Illuminate\\Foundation\\Http\\Middleware\\TransformsRequest->handle(Object(Illuminate\\Http\\Request), Object(Closure))
#33 C:\\laragon\\www\\es_ldcu2\\vendor\\laravel\\framework\\src\\Illuminate\\Foundation\\Http\\Middleware\\ValidatePostSize.php(27): Illuminate\\Pipeline\\Pipeline->Illuminate\\Pipeline\\{closure}(Object(Illuminate\\Http\\Request))
#34 C:\\laragon\\www\\es_ldcu2\\vendor\\laravel\\framework\\src\\Illuminate\\Pipeline\\Pipeline.php(171): Illuminate\\Foundation\\Http\\Middleware\\ValidatePostSize->handle(Object(Illuminate\\Http\\Request), Object(Closure))
#35 C:\\laragon\\www\\es_ldcu2\\vendor\\laravel\\framework\\src\\Illuminate\\Foundation\\Http\\Middleware\\CheckForMaintenanceMode.php(63): Illuminate\\Pipeline\\Pipeline->Illuminate\\Pipeline\\{closure}(Object(Illuminate\\Http\\Request))
#36 C:\\laragon\\www\\es_ldcu2\\vendor\\laravel\\framework\\src\\Illuminate\\Pipeline\\Pipeline.php(171): Illuminate\\Foundation\\Http\\Middleware\\CheckForMaintenanceMode->handle(Object(Illuminate\\Http\\Request), Object(Closure))
#37 C:\\laragon\\www\\es_ldcu2\\vendor\\fideloper\\proxy\\src\\TrustProxies.php(57): Illuminate\\Pipeline\\Pipeline->Illuminate\\Pipeline\\{closure}(Object(Illuminate\\Http\\Request))
#38 C:\\laragon\\www\\es_ldcu2\\vendor\\laravel\\framework\\src\\Illuminate\\Pipeline\\Pipeline.php(171): Fideloper\\Proxy\\TrustProxies->handle(Object(Illuminate\\Http\\Request), Object(Closure))
#39 C:\\laragon\\www\\es_ldcu2\\vendor\\laravel\\framework\\src\\Illuminate\\Pipeline\\Pipeline.php(105): Illuminate\\Pipeline\\Pipeline->Illuminate\\Pipeline\\{closure}(Object(Illuminate\\Http\\Request))
#40 C:\\laragon\\www\\es_ldcu2\\vendor\\laravel\\framework\\src\\Illuminate\\Foundation\\Http\\Kernel.php(145): Illuminate\\Pipeline\\Pipeline->then(Object(Closure))
#41 C:\\laragon\\www\\es_ldcu2\\vendor\\laravel\\framework\\src\\Illuminate\\Foundation\\Http\\Kernel.php(110): Illuminate\\Foundation\\Http\\Kernel->sendRequestThroughRouter(Object(Illuminate\\Http\\Request))
#42 C:\\laragon\\www\\es_ldcu2\\public\\index.php(55): Illuminate\\Foundation\\Http\\Kernel->handle(Object(Illuminate\\Http\\Request))
#43 C:\\laragon\\www\\es_ldcu2\\server.php(21): require_once('C:\\\\laragon\\\\www\\\\...')
#44 {main}
"} 
[2025-07-14 06:32:26] local.ERROR: SF9 PDF template view not found: registrar.pdf.pdf_sf9masterlist  
[2025-07-14 06:32:26] local.ERROR: SF9 PDF template view not found: registrar.pdf.pdf_sf9masterlist  
[2025-07-14 06:32:26] local.ERROR: SF9 PDF template view not found: registrar.pdf.pdf_sf9masterlist  
[2025-07-14 06:32:26] local.ERROR: SF9 PDF template view not found: registrar.pdf.pdf_sf9masterlist  
[2025-07-14 06:32:26] local.ERROR: SF9 PDF template view not found: registrar.pdf.pdf_sf9masterlist  
[2025-07-14 06:32:26] local.ERROR: SF9 PDF template view not found: registrar.pdf.pdf_sf9masterlist  
[2025-07-14 06:32:26] local.ERROR: SF9 PDF template view not found: registrar.pdf.pdf_sf9masterlist  
[2025-07-14 06:32:26] local.ERROR: SF9 PDF template view not found: registrar.pdf.pdf_sf9masterlist  
[2025-07-14 06:32:26] local.ERROR: SF9 PDF template view not found: registrar.pdf.pdf_sf9masterlist  
[2025-07-14 06:32:26] local.ERROR: The file "C:\laragon\www\es_ldcu2\storage\app/zip/SIBUGAY_TECHNICAL_INSTITUTE_INC__sf9_master_list.zip" does not exist {"userId":1,"exception":"[object] (Symfony\\Component\\HttpFoundation\\File\\Exception\\FileNotFoundException(code: 0): The file \"C:\\laragon\\www\\es_ldcu2\\storage\\app/zip/SIBUGAY_TECHNICAL_INSTITUTE_INC__sf9_master_list.zip\" does not exist at C:\\laragon\\www\\es_ldcu2\\vendor\\symfony\\http-foundation\\File\\File.php:36)
[stacktrace]
#0 C:\\laragon\\www\\es_ldcu2\\vendor\\symfony\\http-foundation\\BinaryFileResponse.php(93): Symfony\\Component\\HttpFoundation\\File\\File->__construct('C:\\\\laragon\\\\www\\\\...')
#1 C:\\laragon\\www\\es_ldcu2\\vendor\\symfony\\http-foundation\\BinaryFileResponse.php(52): Symfony\\Component\\HttpFoundation\\BinaryFileResponse->setFile('C:\\\\laragon\\\\www\\\\...', 'attachment', false, true)
#2 C:\\laragon\\www\\es_ldcu2\\vendor\\laravel\\framework\\src\\Illuminate\\Routing\\ResponseFactory.php(165): Symfony\\Component\\HttpFoundation\\BinaryFileResponse->__construct('C:\\\\laragon\\\\www\\\\...', 200, Array, true, 'attachment')
#3 C:\\laragon\\www\\es_ldcu2\\app\\Http\\Controllers\\Migration\\RegistrarMigration.php(717): Illuminate\\Routing\\ResponseFactory->download('C:\\\\laragon\\\\www\\\\...')
#4 C:\\laragon\\www\\es_ldcu2\\vendor\\laravel\\framework\\src\\Illuminate\\Routing\\Controller.php(54): App\\Http\\Controllers\\Migration\\RegistrarMigration->downloadSf9MasterlistBatch(Object(Illuminate\\Http\\Request))
#5 C:\\laragon\\www\\es_ldcu2\\vendor\\laravel\\framework\\src\\Illuminate\\Routing\\ControllerDispatcher.php(45): Illuminate\\Routing\\Controller->callAction('downloadSf9Mast...', Array)
#6 C:\\laragon\\www\\es_ldcu2\\vendor\\laravel\\framework\\src\\Illuminate\\Routing\\Route.php(219): Illuminate\\Routing\\ControllerDispatcher->dispatch(Object(Illuminate\\Routing\\Route), Object(App\\Http\\Controllers\\Migration\\RegistrarMigration), 'downloadSf9Mast...')
#7 C:\\laragon\\www\\es_ldcu2\\vendor\\laravel\\framework\\src\\Illuminate\\Routing\\Route.php(176): Illuminate\\Routing\\Route->runController()
#8 C:\\laragon\\www\\es_ldcu2\\vendor\\laravel\\framework\\src\\Illuminate\\Routing\\Router.php(681): Illuminate\\Routing\\Route->run()
#9 C:\\laragon\\www\\es_ldcu2\\vendor\\laravel\\framework\\src\\Illuminate\\Pipeline\\Pipeline.php(130): Illuminate\\Routing\\Router->Illuminate\\Routing\\{closure}(Object(Illuminate\\Http\\Request))
#10 C:\\laragon\\www\\es_ldcu2\\vendor\\laravel\\framework\\src\\Illuminate\\Routing\\Middleware\\SubstituteBindings.php(41): Illuminate\\Pipeline\\Pipeline->Illuminate\\Pipeline\\{closure}(Object(Illuminate\\Http\\Request))
#11 C:\\laragon\\www\\es_ldcu2\\vendor\\laravel\\framework\\src\\Illuminate\\Pipeline\\Pipeline.php(171): Illuminate\\Routing\\Middleware\\SubstituteBindings->handle(Object(Illuminate\\Http\\Request), Object(Closure))
#12 C:\\laragon\\www\\es_ldcu2\\vendor\\laravel\\framework\\src\\Illuminate\\Foundation\\Http\\Middleware\\VerifyCsrfToken.php(78): Illuminate\\Pipeline\\Pipeline->Illuminate\\Pipeline\\{closure}(Object(Illuminate\\Http\\Request))
#13 C:\\laragon\\www\\es_ldcu2\\vendor\\laravel\\framework\\src\\Illuminate\\Pipeline\\Pipeline.php(171): Illuminate\\Foundation\\Http\\Middleware\\VerifyCsrfToken->handle(Object(Illuminate\\Http\\Request), Object(Closure))
#14 C:\\laragon\\www\\es_ldcu2\\vendor\\laravel\\framework\\src\\Illuminate\\View\\Middleware\\ShareErrorsFromSession.php(49): Illuminate\\Pipeline\\Pipeline->Illuminate\\Pipeline\\{closure}(Object(Illuminate\\Http\\Request))
#15 C:\\laragon\\www\\es_ldcu2\\vendor\\laravel\\framework\\src\\Illuminate\\Pipeline\\Pipeline.php(171): Illuminate\\View\\Middleware\\ShareErrorsFromSession->handle(Object(Illuminate\\Http\\Request), Object(Closure))
#16 C:\\laragon\\www\\es_ldcu2\\vendor\\laravel\\framework\\src\\Illuminate\\Session\\Middleware\\StartSession.php(56): Illuminate\\Pipeline\\Pipeline->Illuminate\\Pipeline\\{closure}(Object(Illuminate\\Http\\Request))
#17 C:\\laragon\\www\\es_ldcu2\\vendor\\laravel\\framework\\src\\Illuminate\\Pipeline\\Pipeline.php(171): Illuminate\\Session\\Middleware\\StartSession->handle(Object(Illuminate\\Http\\Request), Object(Closure))
#18 C:\\laragon\\www\\es_ldcu2\\vendor\\laravel\\framework\\src\\Illuminate\\Cookie\\Middleware\\AddQueuedCookiesToResponse.php(37): Illuminate\\Pipeline\\Pipeline->Illuminate\\Pipeline\\{closure}(Object(Illuminate\\Http\\Request))
#19 C:\\laragon\\www\\es_ldcu2\\vendor\\laravel\\framework\\src\\Illuminate\\Pipeline\\Pipeline.php(171): Illuminate\\Cookie\\Middleware\\AddQueuedCookiesToResponse->handle(Object(Illuminate\\Http\\Request), Object(Closure))
#20 C:\\laragon\\www\\es_ldcu2\\vendor\\laravel\\framework\\src\\Illuminate\\Cookie\\Middleware\\EncryptCookies.php(67): Illuminate\\Pipeline\\Pipeline->Illuminate\\Pipeline\\{closure}(Object(Illuminate\\Http\\Request))
#21 C:\\laragon\\www\\es_ldcu2\\vendor\\laravel\\framework\\src\\Illuminate\\Pipeline\\Pipeline.php(171): Illuminate\\Cookie\\Middleware\\EncryptCookies->handle(Object(Illuminate\\Http\\Request), Object(Closure))
#22 C:\\laragon\\www\\es_ldcu2\\vendor\\laravel\\framework\\src\\Illuminate\\Pipeline\\Pipeline.php(105): Illuminate\\Pipeline\\Pipeline->Illuminate\\Pipeline\\{closure}(Object(Illuminate\\Http\\Request))
#23 C:\\laragon\\www\\es_ldcu2\\vendor\\laravel\\framework\\src\\Illuminate\\Routing\\Router.php(683): Illuminate\\Pipeline\\Pipeline->then(Object(Closure))
#24 C:\\laragon\\www\\es_ldcu2\\vendor\\laravel\\framework\\src\\Illuminate\\Routing\\Router.php(658): Illuminate\\Routing\\Router->runRouteWithinStack(Object(Illuminate\\Routing\\Route), Object(Illuminate\\Http\\Request))
#25 C:\\laragon\\www\\es_ldcu2\\vendor\\laravel\\framework\\src\\Illuminate\\Routing\\Router.php(624): Illuminate\\Routing\\Router->runRoute(Object(Illuminate\\Http\\Request), Object(Illuminate\\Routing\\Route))
#26 C:\\laragon\\www\\es_ldcu2\\vendor\\laravel\\framework\\src\\Illuminate\\Routing\\Router.php(613): Illuminate\\Routing\\Router->dispatchToRoute(Object(Illuminate\\Http\\Request))
#27 C:\\laragon\\www\\es_ldcu2\\vendor\\laravel\\framework\\src\\Illuminate\\Foundation\\Http\\Kernel.php(170): Illuminate\\Routing\\Router->dispatch(Object(Illuminate\\Http\\Request))
#28 C:\\laragon\\www\\es_ldcu2\\vendor\\laravel\\framework\\src\\Illuminate\\Pipeline\\Pipeline.php(130): Illuminate\\Foundation\\Http\\Kernel->Illuminate\\Foundation\\Http\\{closure}(Object(Illuminate\\Http\\Request))
#29 C:\\laragon\\www\\es_ldcu2\\vendor\\laravel\\framework\\src\\Illuminate\\Foundation\\Http\\Middleware\\TransformsRequest.php(21): Illuminate\\Pipeline\\Pipeline->Illuminate\\Pipeline\\{closure}(Object(Illuminate\\Http\\Request))
#30 C:\\laragon\\www\\es_ldcu2\\vendor\\laravel\\framework\\src\\Illuminate\\Pipeline\\Pipeline.php(171): Illuminate\\Foundation\\Http\\Middleware\\TransformsRequest->handle(Object(Illuminate\\Http\\Request), Object(Closure))
#31 C:\\laragon\\www\\es_ldcu2\\vendor\\laravel\\framework\\src\\Illuminate\\Foundation\\Http\\Middleware\\TransformsRequest.php(21): Illuminate\\Pipeline\\Pipeline->Illuminate\\Pipeline\\{closure}(Object(Illuminate\\Http\\Request))
#32 C:\\laragon\\www\\es_ldcu2\\vendor\\laravel\\framework\\src\\Illuminate\\Pipeline\\Pipeline.php(171): Illuminate\\Foundation\\Http\\Middleware\\TransformsRequest->handle(Object(Illuminate\\Http\\Request), Object(Closure))
#33 C:\\laragon\\www\\es_ldcu2\\vendor\\laravel\\framework\\src\\Illuminate\\Foundation\\Http\\Middleware\\ValidatePostSize.php(27): Illuminate\\Pipeline\\Pipeline->Illuminate\\Pipeline\\{closure}(Object(Illuminate\\Http\\Request))
#34 C:\\laragon\\www\\es_ldcu2\\vendor\\laravel\\framework\\src\\Illuminate\\Pipeline\\Pipeline.php(171): Illuminate\\Foundation\\Http\\Middleware\\ValidatePostSize->handle(Object(Illuminate\\Http\\Request), Object(Closure))
#35 C:\\laragon\\www\\es_ldcu2\\vendor\\laravel\\framework\\src\\Illuminate\\Foundation\\Http\\Middleware\\CheckForMaintenanceMode.php(63): Illuminate\\Pipeline\\Pipeline->Illuminate\\Pipeline\\{closure}(Object(Illuminate\\Http\\Request))
#36 C:\\laragon\\www\\es_ldcu2\\vendor\\laravel\\framework\\src\\Illuminate\\Pipeline\\Pipeline.php(171): Illuminate\\Foundation\\Http\\Middleware\\CheckForMaintenanceMode->handle(Object(Illuminate\\Http\\Request), Object(Closure))
#37 C:\\laragon\\www\\es_ldcu2\\vendor\\fideloper\\proxy\\src\\TrustProxies.php(57): Illuminate\\Pipeline\\Pipeline->Illuminate\\Pipeline\\{closure}(Object(Illuminate\\Http\\Request))
#38 C:\\laragon\\www\\es_ldcu2\\vendor\\laravel\\framework\\src\\Illuminate\\Pipeline\\Pipeline.php(171): Fideloper\\Proxy\\TrustProxies->handle(Object(Illuminate\\Http\\Request), Object(Closure))
#39 C:\\laragon\\www\\es_ldcu2\\vendor\\laravel\\framework\\src\\Illuminate\\Pipeline\\Pipeline.php(105): Illuminate\\Pipeline\\Pipeline->Illuminate\\Pipeline\\{closure}(Object(Illuminate\\Http\\Request))
#40 C:\\laragon\\www\\es_ldcu2\\vendor\\laravel\\framework\\src\\Illuminate\\Foundation\\Http\\Kernel.php(145): Illuminate\\Pipeline\\Pipeline->then(Object(Closure))
#41 C:\\laragon\\www\\es_ldcu2\\vendor\\laravel\\framework\\src\\Illuminate\\Foundation\\Http\\Kernel.php(110): Illuminate\\Foundation\\Http\\Kernel->sendRequestThroughRouter(Object(Illuminate\\Http\\Request))
#42 C:\\laragon\\www\\es_ldcu2\\public\\index.php(55): Illuminate\\Foundation\\Http\\Kernel->handle(Object(Illuminate\\Http\\Request))
#43 C:\\laragon\\www\\es_ldcu2\\server.php(21): require_once('C:\\\\laragon\\\\www\\\\...')
#44 {main}
"} 
[2025-07-14 06:35:13] local.ERROR: SF9 PDF template view not found: registrar.pdf.pdf_sf9masterlist  
[2025-07-14 06:35:13] local.ERROR: SF9 PDF template view not found: registrar.pdf.pdf_sf9masterlist  
[2025-07-14 06:35:13] local.ERROR: SF9 PDF template view not found: registrar.pdf.pdf_sf9masterlist  
[2025-07-14 06:35:13] local.ERROR: SF9 PDF template view not found: registrar.pdf.pdf_sf9masterlist  
[2025-07-14 06:35:13] local.ERROR: SF9 PDF template view not found: registrar.pdf.pdf_sf9masterlist  
[2025-07-14 06:35:13] local.ERROR: SF9 PDF template view not found: registrar.pdf.pdf_sf9masterlist  
[2025-07-14 06:35:13] local.ERROR: SF9 PDF template view not found: registrar.pdf.pdf_sf9masterlist  
[2025-07-14 06:35:13] local.ERROR: SF9 PDF template view not found: registrar.pdf.pdf_sf9masterlist  
[2025-07-14 06:35:13] local.ERROR: SF9 PDF template view not found: registrar.pdf.pdf_sf9masterlist  
[2025-07-14 06:35:13] local.ERROR: The file "C:\laragon\www\es_ldcu2\storage\app/zip/SIBUGAY_TECHNICAL_INSTITUTE_INC__sf9_master_list.zip" does not exist {"userId":1,"exception":"[object] (Symfony\\Component\\HttpFoundation\\File\\Exception\\FileNotFoundException(code: 0): The file \"C:\\laragon\\www\\es_ldcu2\\storage\\app/zip/SIBUGAY_TECHNICAL_INSTITUTE_INC__sf9_master_list.zip\" does not exist at C:\\laragon\\www\\es_ldcu2\\vendor\\symfony\\http-foundation\\File\\File.php:36)
[stacktrace]
#0 C:\\laragon\\www\\es_ldcu2\\vendor\\symfony\\http-foundation\\BinaryFileResponse.php(93): Symfony\\Component\\HttpFoundation\\File\\File->__construct('C:\\\\laragon\\\\www\\\\...')
#1 C:\\laragon\\www\\es_ldcu2\\vendor\\symfony\\http-foundation\\BinaryFileResponse.php(52): Symfony\\Component\\HttpFoundation\\BinaryFileResponse->setFile('C:\\\\laragon\\\\www\\\\...', 'attachment', false, true)
#2 C:\\laragon\\www\\es_ldcu2\\vendor\\laravel\\framework\\src\\Illuminate\\Routing\\ResponseFactory.php(165): Symfony\\Component\\HttpFoundation\\BinaryFileResponse->__construct('C:\\\\laragon\\\\www\\\\...', 200, Array, true, 'attachment')
#3 C:\\laragon\\www\\es_ldcu2\\app\\Http\\Controllers\\Migration\\RegistrarMigration.php(717): Illuminate\\Routing\\ResponseFactory->download('C:\\\\laragon\\\\www\\\\...')
#4 C:\\laragon\\www\\es_ldcu2\\vendor\\laravel\\framework\\src\\Illuminate\\Routing\\Controller.php(54): App\\Http\\Controllers\\Migration\\RegistrarMigration->downloadSf9MasterlistBatch(Object(Illuminate\\Http\\Request))
#5 C:\\laragon\\www\\es_ldcu2\\vendor\\laravel\\framework\\src\\Illuminate\\Routing\\ControllerDispatcher.php(45): Illuminate\\Routing\\Controller->callAction('downloadSf9Mast...', Array)
#6 C:\\laragon\\www\\es_ldcu2\\vendor\\laravel\\framework\\src\\Illuminate\\Routing\\Route.php(219): Illuminate\\Routing\\ControllerDispatcher->dispatch(Object(Illuminate\\Routing\\Route), Object(App\\Http\\Controllers\\Migration\\RegistrarMigration), 'downloadSf9Mast...')
#7 C:\\laragon\\www\\es_ldcu2\\vendor\\laravel\\framework\\src\\Illuminate\\Routing\\Route.php(176): Illuminate\\Routing\\Route->runController()
#8 C:\\laragon\\www\\es_ldcu2\\vendor\\laravel\\framework\\src\\Illuminate\\Routing\\Router.php(681): Illuminate\\Routing\\Route->run()
#9 C:\\laragon\\www\\es_ldcu2\\vendor\\laravel\\framework\\src\\Illuminate\\Pipeline\\Pipeline.php(130): Illuminate\\Routing\\Router->Illuminate\\Routing\\{closure}(Object(Illuminate\\Http\\Request))
#10 C:\\laragon\\www\\es_ldcu2\\vendor\\laravel\\framework\\src\\Illuminate\\Routing\\Middleware\\SubstituteBindings.php(41): Illuminate\\Pipeline\\Pipeline->Illuminate\\Pipeline\\{closure}(Object(Illuminate\\Http\\Request))
#11 C:\\laragon\\www\\es_ldcu2\\vendor\\laravel\\framework\\src\\Illuminate\\Pipeline\\Pipeline.php(171): Illuminate\\Routing\\Middleware\\SubstituteBindings->handle(Object(Illuminate\\Http\\Request), Object(Closure))
#12 C:\\laragon\\www\\es_ldcu2\\vendor\\laravel\\framework\\src\\Illuminate\\Foundation\\Http\\Middleware\\VerifyCsrfToken.php(78): Illuminate\\Pipeline\\Pipeline->Illuminate\\Pipeline\\{closure}(Object(Illuminate\\Http\\Request))
#13 C:\\laragon\\www\\es_ldcu2\\vendor\\laravel\\framework\\src\\Illuminate\\Pipeline\\Pipeline.php(171): Illuminate\\Foundation\\Http\\Middleware\\VerifyCsrfToken->handle(Object(Illuminate\\Http\\Request), Object(Closure))
#14 C:\\laragon\\www\\es_ldcu2\\vendor\\laravel\\framework\\src\\Illuminate\\View\\Middleware\\ShareErrorsFromSession.php(49): Illuminate\\Pipeline\\Pipeline->Illuminate\\Pipeline\\{closure}(Object(Illuminate\\Http\\Request))
#15 C:\\laragon\\www\\es_ldcu2\\vendor\\laravel\\framework\\src\\Illuminate\\Pipeline\\Pipeline.php(171): Illuminate\\View\\Middleware\\ShareErrorsFromSession->handle(Object(Illuminate\\Http\\Request), Object(Closure))
#16 C:\\laragon\\www\\es_ldcu2\\vendor\\laravel\\framework\\src\\Illuminate\\Session\\Middleware\\StartSession.php(56): Illuminate\\Pipeline\\Pipeline->Illuminate\\Pipeline\\{closure}(Object(Illuminate\\Http\\Request))
#17 C:\\laragon\\www\\es_ldcu2\\vendor\\laravel\\framework\\src\\Illuminate\\Pipeline\\Pipeline.php(171): Illuminate\\Session\\Middleware\\StartSession->handle(Object(Illuminate\\Http\\Request), Object(Closure))
#18 C:\\laragon\\www\\es_ldcu2\\vendor\\laravel\\framework\\src\\Illuminate\\Cookie\\Middleware\\AddQueuedCookiesToResponse.php(37): Illuminate\\Pipeline\\Pipeline->Illuminate\\Pipeline\\{closure}(Object(Illuminate\\Http\\Request))
#19 C:\\laragon\\www\\es_ldcu2\\vendor\\laravel\\framework\\src\\Illuminate\\Pipeline\\Pipeline.php(171): Illuminate\\Cookie\\Middleware\\AddQueuedCookiesToResponse->handle(Object(Illuminate\\Http\\Request), Object(Closure))
#20 C:\\laragon\\www\\es_ldcu2\\vendor\\laravel\\framework\\src\\Illuminate\\Cookie\\Middleware\\EncryptCookies.php(67): Illuminate\\Pipeline\\Pipeline->Illuminate\\Pipeline\\{closure}(Object(Illuminate\\Http\\Request))
#21 C:\\laragon\\www\\es_ldcu2\\vendor\\laravel\\framework\\src\\Illuminate\\Pipeline\\Pipeline.php(171): Illuminate\\Cookie\\Middleware\\EncryptCookies->handle(Object(Illuminate\\Http\\Request), Object(Closure))
#22 C:\\laragon\\www\\es_ldcu2\\vendor\\laravel\\framework\\src\\Illuminate\\Pipeline\\Pipeline.php(105): Illuminate\\Pipeline\\Pipeline->Illuminate\\Pipeline\\{closure}(Object(Illuminate\\Http\\Request))
#23 C:\\laragon\\www\\es_ldcu2\\vendor\\laravel\\framework\\src\\Illuminate\\Routing\\Router.php(683): Illuminate\\Pipeline\\Pipeline->then(Object(Closure))
#24 C:\\laragon\\www\\es_ldcu2\\vendor\\laravel\\framework\\src\\Illuminate\\Routing\\Router.php(658): Illuminate\\Routing\\Router->runRouteWithinStack(Object(Illuminate\\Routing\\Route), Object(Illuminate\\Http\\Request))
#25 C:\\laragon\\www\\es_ldcu2\\vendor\\laravel\\framework\\src\\Illuminate\\Routing\\Router.php(624): Illuminate\\Routing\\Router->runRoute(Object(Illuminate\\Http\\Request), Object(Illuminate\\Routing\\Route))
#26 C:\\laragon\\www\\es_ldcu2\\vendor\\laravel\\framework\\src\\Illuminate\\Routing\\Router.php(613): Illuminate\\Routing\\Router->dispatchToRoute(Object(Illuminate\\Http\\Request))
#27 C:\\laragon\\www\\es_ldcu2\\vendor\\laravel\\framework\\src\\Illuminate\\Foundation\\Http\\Kernel.php(170): Illuminate\\Routing\\Router->dispatch(Object(Illuminate\\Http\\Request))
#28 C:\\laragon\\www\\es_ldcu2\\vendor\\laravel\\framework\\src\\Illuminate\\Pipeline\\Pipeline.php(130): Illuminate\\Foundation\\Http\\Kernel->Illuminate\\Foundation\\Http\\{closure}(Object(Illuminate\\Http\\Request))
#29 C:\\laragon\\www\\es_ldcu2\\vendor\\laravel\\framework\\src\\Illuminate\\Foundation\\Http\\Middleware\\TransformsRequest.php(21): Illuminate\\Pipeline\\Pipeline->Illuminate\\Pipeline\\{closure}(Object(Illuminate\\Http\\Request))
#30 C:\\laragon\\www\\es_ldcu2\\vendor\\laravel\\framework\\src\\Illuminate\\Pipeline\\Pipeline.php(171): Illuminate\\Foundation\\Http\\Middleware\\TransformsRequest->handle(Object(Illuminate\\Http\\Request), Object(Closure))
#31 C:\\laragon\\www\\es_ldcu2\\vendor\\laravel\\framework\\src\\Illuminate\\Foundation\\Http\\Middleware\\TransformsRequest.php(21): Illuminate\\Pipeline\\Pipeline->Illuminate\\Pipeline\\{closure}(Object(Illuminate\\Http\\Request))
#32 C:\\laragon\\www\\es_ldcu2\\vendor\\laravel\\framework\\src\\Illuminate\\Pipeline\\Pipeline.php(171): Illuminate\\Foundation\\Http\\Middleware\\TransformsRequest->handle(Object(Illuminate\\Http\\Request), Object(Closure))
#33 C:\\laragon\\www\\es_ldcu2\\vendor\\laravel\\framework\\src\\Illuminate\\Foundation\\Http\\Middleware\\ValidatePostSize.php(27): Illuminate\\Pipeline\\Pipeline->Illuminate\\Pipeline\\{closure}(Object(Illuminate\\Http\\Request))
#34 C:\\laragon\\www\\es_ldcu2\\vendor\\laravel\\framework\\src\\Illuminate\\Pipeline\\Pipeline.php(171): Illuminate\\Foundation\\Http\\Middleware\\ValidatePostSize->handle(Object(Illuminate\\Http\\Request), Object(Closure))
#35 C:\\laragon\\www\\es_ldcu2\\vendor\\laravel\\framework\\src\\Illuminate\\Foundation\\Http\\Middleware\\CheckForMaintenanceMode.php(63): Illuminate\\Pipeline\\Pipeline->Illuminate\\Pipeline\\{closure}(Object(Illuminate\\Http\\Request))
#36 C:\\laragon\\www\\es_ldcu2\\vendor\\laravel\\framework\\src\\Illuminate\\Pipeline\\Pipeline.php(171): Illuminate\\Foundation\\Http\\Middleware\\CheckForMaintenanceMode->handle(Object(Illuminate\\Http\\Request), Object(Closure))
#37 C:\\laragon\\www\\es_ldcu2\\vendor\\fideloper\\proxy\\src\\TrustProxies.php(57): Illuminate\\Pipeline\\Pipeline->Illuminate\\Pipeline\\{closure}(Object(Illuminate\\Http\\Request))
#38 C:\\laragon\\www\\es_ldcu2\\vendor\\laravel\\framework\\src\\Illuminate\\Pipeline\\Pipeline.php(171): Fideloper\\Proxy\\TrustProxies->handle(Object(Illuminate\\Http\\Request), Object(Closure))
#39 C:\\laragon\\www\\es_ldcu2\\vendor\\laravel\\framework\\src\\Illuminate\\Pipeline\\Pipeline.php(105): Illuminate\\Pipeline\\Pipeline->Illuminate\\Pipeline\\{closure}(Object(Illuminate\\Http\\Request))
#40 C:\\laragon\\www\\es_ldcu2\\vendor\\laravel\\framework\\src\\Illuminate\\Foundation\\Http\\Kernel.php(145): Illuminate\\Pipeline\\Pipeline->then(Object(Closure))
#41 C:\\laragon\\www\\es_ldcu2\\vendor\\laravel\\framework\\src\\Illuminate\\Foundation\\Http\\Kernel.php(110): Illuminate\\Foundation\\Http\\Kernel->sendRequestThroughRouter(Object(Illuminate\\Http\\Request))
#42 C:\\laragon\\www\\es_ldcu2\\public\\index.php(55): Illuminate\\Foundation\\Http\\Kernel->handle(Object(Illuminate\\Http\\Request))
#43 C:\\laragon\\www\\es_ldcu2\\server.php(21): require_once('C:\\\\laragon\\\\www\\\\...')
#44 {main}
"} 
[2025-07-14 06:36:57] local.ERROR: SF9 PDF template view not found: registrar.pdf.pdf_sf9masterlist  
[2025-07-14 06:36:57] local.ERROR: SF9 PDF template view not found: registrar.pdf.pdf_sf9masterlist  
[2025-07-14 06:36:57] local.ERROR: SF9 PDF template view not found: registrar.pdf.pdf_sf9masterlist  
[2025-07-14 06:36:57] local.ERROR: SF9 PDF template view not found: registrar.pdf.pdf_sf9masterlist  
[2025-07-14 06:36:57] local.ERROR: SF9 PDF template view not found: registrar.pdf.pdf_sf9masterlist  
[2025-07-14 06:36:57] local.ERROR: SF9 PDF template view not found: registrar.pdf.pdf_sf9masterlist  
[2025-07-14 06:36:57] local.ERROR: SF9 PDF template view not found: registrar.pdf.pdf_sf9masterlist  
[2025-07-14 06:36:57] local.ERROR: SF9 PDF template view not found: registrar.pdf.pdf_sf9masterlist  
[2025-07-14 06:36:57] local.ERROR: SF9 PDF template view not found: registrar.pdf.pdf_sf9masterlist  
[2025-07-14 06:36:57] local.ERROR: The file "C:\laragon\www\es_ldcu2\storage\app/zip/SIBUGAY_TECHNICAL_INSTITUTE_INC__sf9_master_list.zip" does not exist {"userId":1,"exception":"[object] (Symfony\\Component\\HttpFoundation\\File\\Exception\\FileNotFoundException(code: 0): The file \"C:\\laragon\\www\\es_ldcu2\\storage\\app/zip/SIBUGAY_TECHNICAL_INSTITUTE_INC__sf9_master_list.zip\" does not exist at C:\\laragon\\www\\es_ldcu2\\vendor\\symfony\\http-foundation\\File\\File.php:36)
[stacktrace]
#0 C:\\laragon\\www\\es_ldcu2\\vendor\\symfony\\http-foundation\\BinaryFileResponse.php(93): Symfony\\Component\\HttpFoundation\\File\\File->__construct('C:\\\\laragon\\\\www\\\\...')
#1 C:\\laragon\\www\\es_ldcu2\\vendor\\symfony\\http-foundation\\BinaryFileResponse.php(52): Symfony\\Component\\HttpFoundation\\BinaryFileResponse->setFile('C:\\\\laragon\\\\www\\\\...', 'attachment', false, true)
#2 C:\\laragon\\www\\es_ldcu2\\vendor\\laravel\\framework\\src\\Illuminate\\Routing\\ResponseFactory.php(165): Symfony\\Component\\HttpFoundation\\BinaryFileResponse->__construct('C:\\\\laragon\\\\www\\\\...', 200, Array, true, 'attachment')
#3 C:\\laragon\\www\\es_ldcu2\\app\\Http\\Controllers\\Migration\\RegistrarMigration.php(731): Illuminate\\Routing\\ResponseFactory->download('C:\\\\laragon\\\\www\\\\...')
#4 C:\\laragon\\www\\es_ldcu2\\vendor\\laravel\\framework\\src\\Illuminate\\Routing\\Controller.php(54): App\\Http\\Controllers\\Migration\\RegistrarMigration->downloadSf9MasterlistBatch(Object(Illuminate\\Http\\Request))
#5 C:\\laragon\\www\\es_ldcu2\\vendor\\laravel\\framework\\src\\Illuminate\\Routing\\ControllerDispatcher.php(45): Illuminate\\Routing\\Controller->callAction('downloadSf9Mast...', Array)
#6 C:\\laragon\\www\\es_ldcu2\\vendor\\laravel\\framework\\src\\Illuminate\\Routing\\Route.php(219): Illuminate\\Routing\\ControllerDispatcher->dispatch(Object(Illuminate\\Routing\\Route), Object(App\\Http\\Controllers\\Migration\\RegistrarMigration), 'downloadSf9Mast...')
#7 C:\\laragon\\www\\es_ldcu2\\vendor\\laravel\\framework\\src\\Illuminate\\Routing\\Route.php(176): Illuminate\\Routing\\Route->runController()
#8 C:\\laragon\\www\\es_ldcu2\\vendor\\laravel\\framework\\src\\Illuminate\\Routing\\Router.php(681): Illuminate\\Routing\\Route->run()
#9 C:\\laragon\\www\\es_ldcu2\\vendor\\laravel\\framework\\src\\Illuminate\\Pipeline\\Pipeline.php(130): Illuminate\\Routing\\Router->Illuminate\\Routing\\{closure}(Object(Illuminate\\Http\\Request))
#10 C:\\laragon\\www\\es_ldcu2\\vendor\\laravel\\framework\\src\\Illuminate\\Routing\\Middleware\\SubstituteBindings.php(41): Illuminate\\Pipeline\\Pipeline->Illuminate\\Pipeline\\{closure}(Object(Illuminate\\Http\\Request))
#11 C:\\laragon\\www\\es_ldcu2\\vendor\\laravel\\framework\\src\\Illuminate\\Pipeline\\Pipeline.php(171): Illuminate\\Routing\\Middleware\\SubstituteBindings->handle(Object(Illuminate\\Http\\Request), Object(Closure))
#12 C:\\laragon\\www\\es_ldcu2\\vendor\\laravel\\framework\\src\\Illuminate\\Foundation\\Http\\Middleware\\VerifyCsrfToken.php(78): Illuminate\\Pipeline\\Pipeline->Illuminate\\Pipeline\\{closure}(Object(Illuminate\\Http\\Request))
#13 C:\\laragon\\www\\es_ldcu2\\vendor\\laravel\\framework\\src\\Illuminate\\Pipeline\\Pipeline.php(171): Illuminate\\Foundation\\Http\\Middleware\\VerifyCsrfToken->handle(Object(Illuminate\\Http\\Request), Object(Closure))
#14 C:\\laragon\\www\\es_ldcu2\\vendor\\laravel\\framework\\src\\Illuminate\\View\\Middleware\\ShareErrorsFromSession.php(49): Illuminate\\Pipeline\\Pipeline->Illuminate\\Pipeline\\{closure}(Object(Illuminate\\Http\\Request))
#15 C:\\laragon\\www\\es_ldcu2\\vendor\\laravel\\framework\\src\\Illuminate\\Pipeline\\Pipeline.php(171): Illuminate\\View\\Middleware\\ShareErrorsFromSession->handle(Object(Illuminate\\Http\\Request), Object(Closure))
#16 C:\\laragon\\www\\es_ldcu2\\vendor\\laravel\\framework\\src\\Illuminate\\Session\\Middleware\\StartSession.php(56): Illuminate\\Pipeline\\Pipeline->Illuminate\\Pipeline\\{closure}(Object(Illuminate\\Http\\Request))
#17 C:\\laragon\\www\\es_ldcu2\\vendor\\laravel\\framework\\src\\Illuminate\\Pipeline\\Pipeline.php(171): Illuminate\\Session\\Middleware\\StartSession->handle(Object(Illuminate\\Http\\Request), Object(Closure))
#18 C:\\laragon\\www\\es_ldcu2\\vendor\\laravel\\framework\\src\\Illuminate\\Cookie\\Middleware\\AddQueuedCookiesToResponse.php(37): Illuminate\\Pipeline\\Pipeline->Illuminate\\Pipeline\\{closure}(Object(Illuminate\\Http\\Request))
#19 C:\\laragon\\www\\es_ldcu2\\vendor\\laravel\\framework\\src\\Illuminate\\Pipeline\\Pipeline.php(171): Illuminate\\Cookie\\Middleware\\AddQueuedCookiesToResponse->handle(Object(Illuminate\\Http\\Request), Object(Closure))
#20 C:\\laragon\\www\\es_ldcu2\\vendor\\laravel\\framework\\src\\Illuminate\\Cookie\\Middleware\\EncryptCookies.php(67): Illuminate\\Pipeline\\Pipeline->Illuminate\\Pipeline\\{closure}(Object(Illuminate\\Http\\Request))
#21 C:\\laragon\\www\\es_ldcu2\\vendor\\laravel\\framework\\src\\Illuminate\\Pipeline\\Pipeline.php(171): Illuminate\\Cookie\\Middleware\\EncryptCookies->handle(Object(Illuminate\\Http\\Request), Object(Closure))
#22 C:\\laragon\\www\\es_ldcu2\\vendor\\laravel\\framework\\src\\Illuminate\\Pipeline\\Pipeline.php(105): Illuminate\\Pipeline\\Pipeline->Illuminate\\Pipeline\\{closure}(Object(Illuminate\\Http\\Request))
#23 C:\\laragon\\www\\es_ldcu2\\vendor\\laravel\\framework\\src\\Illuminate\\Routing\\Router.php(683): Illuminate\\Pipeline\\Pipeline->then(Object(Closure))
#24 C:\\laragon\\www\\es_ldcu2\\vendor\\laravel\\framework\\src\\Illuminate\\Routing\\Router.php(658): Illuminate\\Routing\\Router->runRouteWithinStack(Object(Illuminate\\Routing\\Route), Object(Illuminate\\Http\\Request))
#25 C:\\laragon\\www\\es_ldcu2\\vendor\\laravel\\framework\\src\\Illuminate\\Routing\\Router.php(624): Illuminate\\Routing\\Router->runRoute(Object(Illuminate\\Http\\Request), Object(Illuminate\\Routing\\Route))
#26 C:\\laragon\\www\\es_ldcu2\\vendor\\laravel\\framework\\src\\Illuminate\\Routing\\Router.php(613): Illuminate\\Routing\\Router->dispatchToRoute(Object(Illuminate\\Http\\Request))
#27 C:\\laragon\\www\\es_ldcu2\\vendor\\laravel\\framework\\src\\Illuminate\\Foundation\\Http\\Kernel.php(170): Illuminate\\Routing\\Router->dispatch(Object(Illuminate\\Http\\Request))
#28 C:\\laragon\\www\\es_ldcu2\\vendor\\laravel\\framework\\src\\Illuminate\\Pipeline\\Pipeline.php(130): Illuminate\\Foundation\\Http\\Kernel->Illuminate\\Foundation\\Http\\{closure}(Object(Illuminate\\Http\\Request))
#29 C:\\laragon\\www\\es_ldcu2\\vendor\\laravel\\framework\\src\\Illuminate\\Foundation\\Http\\Middleware\\TransformsRequest.php(21): Illuminate\\Pipeline\\Pipeline->Illuminate\\Pipeline\\{closure}(Object(Illuminate\\Http\\Request))
#30 C:\\laragon\\www\\es_ldcu2\\vendor\\laravel\\framework\\src\\Illuminate\\Pipeline\\Pipeline.php(171): Illuminate\\Foundation\\Http\\Middleware\\TransformsRequest->handle(Object(Illuminate\\Http\\Request), Object(Closure))
#31 C:\\laragon\\www\\es_ldcu2\\vendor\\laravel\\framework\\src\\Illuminate\\Foundation\\Http\\Middleware\\TransformsRequest.php(21): Illuminate\\Pipeline\\Pipeline->Illuminate\\Pipeline\\{closure}(Object(Illuminate\\Http\\Request))
#32 C:\\laragon\\www\\es_ldcu2\\vendor\\laravel\\framework\\src\\Illuminate\\Pipeline\\Pipeline.php(171): Illuminate\\Foundation\\Http\\Middleware\\TransformsRequest->handle(Object(Illuminate\\Http\\Request), Object(Closure))
#33 C:\\laragon\\www\\es_ldcu2\\vendor\\laravel\\framework\\src\\Illuminate\\Foundation\\Http\\Middleware\\ValidatePostSize.php(27): Illuminate\\Pipeline\\Pipeline->Illuminate\\Pipeline\\{closure}(Object(Illuminate\\Http\\Request))
#34 C:\\laragon\\www\\es_ldcu2\\vendor\\laravel\\framework\\src\\Illuminate\\Pipeline\\Pipeline.php(171): Illuminate\\Foundation\\Http\\Middleware\\ValidatePostSize->handle(Object(Illuminate\\Http\\Request), Object(Closure))
#35 C:\\laragon\\www\\es_ldcu2\\vendor\\laravel\\framework\\src\\Illuminate\\Foundation\\Http\\Middleware\\CheckForMaintenanceMode.php(63): Illuminate\\Pipeline\\Pipeline->Illuminate\\Pipeline\\{closure}(Object(Illuminate\\Http\\Request))
#36 C:\\laragon\\www\\es_ldcu2\\vendor\\laravel\\framework\\src\\Illuminate\\Pipeline\\Pipeline.php(171): Illuminate\\Foundation\\Http\\Middleware\\CheckForMaintenanceMode->handle(Object(Illuminate\\Http\\Request), Object(Closure))
#37 C:\\laragon\\www\\es_ldcu2\\vendor\\fideloper\\proxy\\src\\TrustProxies.php(57): Illuminate\\Pipeline\\Pipeline->Illuminate\\Pipeline\\{closure}(Object(Illuminate\\Http\\Request))
#38 C:\\laragon\\www\\es_ldcu2\\vendor\\laravel\\framework\\src\\Illuminate\\Pipeline\\Pipeline.php(171): Fideloper\\Proxy\\TrustProxies->handle(Object(Illuminate\\Http\\Request), Object(Closure))
#39 C:\\laragon\\www\\es_ldcu2\\vendor\\laravel\\framework\\src\\Illuminate\\Pipeline\\Pipeline.php(105): Illuminate\\Pipeline\\Pipeline->Illuminate\\Pipeline\\{closure}(Object(Illuminate\\Http\\Request))
#40 C:\\laragon\\www\\es_ldcu2\\vendor\\laravel\\framework\\src\\Illuminate\\Foundation\\Http\\Kernel.php(145): Illuminate\\Pipeline\\Pipeline->then(Object(Closure))
#41 C:\\laragon\\www\\es_ldcu2\\vendor\\laravel\\framework\\src\\Illuminate\\Foundation\\Http\\Kernel.php(110): Illuminate\\Foundation\\Http\\Kernel->sendRequestThroughRouter(Object(Illuminate\\Http\\Request))
#42 C:\\laragon\\www\\es_ldcu2\\public\\index.php(55): Illuminate\\Foundation\\Http\\Kernel->handle(Object(Illuminate\\Http\\Request))
#43 C:\\laragon\\www\\es_ldcu2\\server.php(21): require_once('C:\\\\laragon\\\\www\\\\...')
#44 {main}
"} 
[2025-07-14 06:41:30] local.INFO: Section: HONESTY, acadprogid: 0  
[2025-07-14 06:41:30] local.INFO: Active template DB result: null  
[2025-07-14 06:41:30] local.INFO: Final template to use: registrar.pdf.pdf_sf9masterlist  
[2025-07-14 06:41:30] local.ERROR: SF9 PDF template view not found: registrar.pdf.pdf_sf9masterlist  
[2025-07-14 06:41:31] local.INFO: Section: INTEGRITY, acadprogid: 0  
[2025-07-14 06:41:31] local.INFO: Active template DB result: null  
[2025-07-14 06:41:31] local.INFO: Final template to use: registrar.pdf.pdf_sf9masterlist  
[2025-07-14 06:41:31] local.ERROR: SF9 PDF template view not found: registrar.pdf.pdf_sf9masterlist  
[2025-07-14 06:41:31] local.INFO: Section: HUMILITY, acadprogid: 0  
[2025-07-14 06:41:31] local.INFO: Active template DB result: null  
[2025-07-14 06:41:31] local.INFO: Final template to use: registrar.pdf.pdf_sf9masterlist  
[2025-07-14 06:41:31] local.ERROR: SF9 PDF template view not found: registrar.pdf.pdf_sf9masterlist  
[2025-07-14 06:41:31] local.INFO: Section: CHARITY, acadprogid: 0  
[2025-07-14 06:41:31] local.INFO: Active template DB result: null  
[2025-07-14 06:41:31] local.INFO: Final template to use: registrar.pdf.pdf_sf9masterlist  
[2025-07-14 06:41:31] local.ERROR: SF9 PDF template view not found: registrar.pdf.pdf_sf9masterlist  
[2025-07-14 06:41:31] local.INFO: Section: LOYALTY, acadprogid: 0  
[2025-07-14 06:41:31] local.INFO: Active template DB result: null  
[2025-07-14 06:41:31] local.INFO: Final template to use: registrar.pdf.pdf_sf9masterlist  
[2025-07-14 06:41:31] local.ERROR: SF9 PDF template view not found: registrar.pdf.pdf_sf9masterlist  
[2025-07-14 06:41:31] local.INFO: Section: DETERMINATION, acadprogid: 0  
[2025-07-14 06:41:31] local.INFO: Active template DB result: null  
[2025-07-14 06:41:31] local.INFO: Final template to use: registrar.pdf.pdf_sf9masterlist  
[2025-07-14 06:41:31] local.ERROR: SF9 PDF template view not found: registrar.pdf.pdf_sf9masterlist  
[2025-07-14 06:41:31] local.INFO: Section: KINDNESS, acadprogid: 0  
[2025-07-14 06:41:31] local.INFO: Active template DB result: null  
[2025-07-14 06:41:31] local.INFO: Final template to use: registrar.pdf.pdf_sf9masterlist  
[2025-07-14 06:41:31] local.ERROR: SF9 PDF template view not found: registrar.pdf.pdf_sf9masterlist  
[2025-07-14 06:41:31] local.INFO: Section: POSITIVITY, acadprogid: 0  
[2025-07-14 06:41:31] local.INFO: Active template DB result: null  
[2025-07-14 06:41:31] local.INFO: Final template to use: registrar.pdf.pdf_sf9masterlist  
[2025-07-14 06:41:31] local.ERROR: SF9 PDF template view not found: registrar.pdf.pdf_sf9masterlist  
[2025-07-14 06:41:31] local.INFO: Section: SPIRITUALITY, acadprogid: 0  
[2025-07-14 06:41:31] local.INFO: Active template DB result: null  
[2025-07-14 06:41:31] local.INFO: Final template to use: registrar.pdf.pdf_sf9masterlist  
[2025-07-14 06:41:31] local.ERROR: SF9 PDF template view not found: registrar.pdf.pdf_sf9masterlist  
[2025-07-14 06:41:31] local.ERROR: The file "C:\laragon\www\es_ldcu2\storage\app/zip/SIBUGAY_TECHNICAL_INSTITUTE_INC__sf9_master_list.zip" does not exist {"userId":1,"exception":"[object] (Symfony\\Component\\HttpFoundation\\File\\Exception\\FileNotFoundException(code: 0): The file \"C:\\laragon\\www\\es_ldcu2\\storage\\app/zip/SIBUGAY_TECHNICAL_INSTITUTE_INC__sf9_master_list.zip\" does not exist at C:\\laragon\\www\\es_ldcu2\\vendor\\symfony\\http-foundation\\File\\File.php:36)
[stacktrace]
#0 C:\\laragon\\www\\es_ldcu2\\vendor\\symfony\\http-foundation\\BinaryFileResponse.php(93): Symfony\\Component\\HttpFoundation\\File\\File->__construct('C:\\\\laragon\\\\www\\\\...')
#1 C:\\laragon\\www\\es_ldcu2\\vendor\\symfony\\http-foundation\\BinaryFileResponse.php(52): Symfony\\Component\\HttpFoundation\\BinaryFileResponse->setFile('C:\\\\laragon\\\\www\\\\...', 'attachment', false, true)
#2 C:\\laragon\\www\\es_ldcu2\\vendor\\laravel\\framework\\src\\Illuminate\\Routing\\ResponseFactory.php(165): Symfony\\Component\\HttpFoundation\\BinaryFileResponse->__construct('C:\\\\laragon\\\\www\\\\...', 200, Array, true, 'attachment')
#3 C:\\laragon\\www\\es_ldcu2\\app\\Http\\Controllers\\Migration\\RegistrarMigration.php(736): Illuminate\\Routing\\ResponseFactory->download('C:\\\\laragon\\\\www\\\\...')
#4 C:\\laragon\\www\\es_ldcu2\\vendor\\laravel\\framework\\src\\Illuminate\\Routing\\Controller.php(54): App\\Http\\Controllers\\Migration\\RegistrarMigration->downloadSf9MasterlistBatch(Object(Illuminate\\Http\\Request))
#5 C:\\laragon\\www\\es_ldcu2\\vendor\\laravel\\framework\\src\\Illuminate\\Routing\\ControllerDispatcher.php(45): Illuminate\\Routing\\Controller->callAction('downloadSf9Mast...', Array)
#6 C:\\laragon\\www\\es_ldcu2\\vendor\\laravel\\framework\\src\\Illuminate\\Routing\\Route.php(219): Illuminate\\Routing\\ControllerDispatcher->dispatch(Object(Illuminate\\Routing\\Route), Object(App\\Http\\Controllers\\Migration\\RegistrarMigration), 'downloadSf9Mast...')
#7 C:\\laragon\\www\\es_ldcu2\\vendor\\laravel\\framework\\src\\Illuminate\\Routing\\Route.php(176): Illuminate\\Routing\\Route->runController()
#8 C:\\laragon\\www\\es_ldcu2\\vendor\\laravel\\framework\\src\\Illuminate\\Routing\\Router.php(681): Illuminate\\Routing\\Route->run()
#9 C:\\laragon\\www\\es_ldcu2\\vendor\\laravel\\framework\\src\\Illuminate\\Pipeline\\Pipeline.php(130): Illuminate\\Routing\\Router->Illuminate\\Routing\\{closure}(Object(Illuminate\\Http\\Request))
#10 C:\\laragon\\www\\es_ldcu2\\vendor\\laravel\\framework\\src\\Illuminate\\Routing\\Middleware\\SubstituteBindings.php(41): Illuminate\\Pipeline\\Pipeline->Illuminate\\Pipeline\\{closure}(Object(Illuminate\\Http\\Request))
#11 C:\\laragon\\www\\es_ldcu2\\vendor\\laravel\\framework\\src\\Illuminate\\Pipeline\\Pipeline.php(171): Illuminate\\Routing\\Middleware\\SubstituteBindings->handle(Object(Illuminate\\Http\\Request), Object(Closure))
#12 C:\\laragon\\www\\es_ldcu2\\vendor\\laravel\\framework\\src\\Illuminate\\Foundation\\Http\\Middleware\\VerifyCsrfToken.php(78): Illuminate\\Pipeline\\Pipeline->Illuminate\\Pipeline\\{closure}(Object(Illuminate\\Http\\Request))
#13 C:\\laragon\\www\\es_ldcu2\\vendor\\laravel\\framework\\src\\Illuminate\\Pipeline\\Pipeline.php(171): Illuminate\\Foundation\\Http\\Middleware\\VerifyCsrfToken->handle(Object(Illuminate\\Http\\Request), Object(Closure))
#14 C:\\laragon\\www\\es_ldcu2\\vendor\\laravel\\framework\\src\\Illuminate\\View\\Middleware\\ShareErrorsFromSession.php(49): Illuminate\\Pipeline\\Pipeline->Illuminate\\Pipeline\\{closure}(Object(Illuminate\\Http\\Request))
#15 C:\\laragon\\www\\es_ldcu2\\vendor\\laravel\\framework\\src\\Illuminate\\Pipeline\\Pipeline.php(171): Illuminate\\View\\Middleware\\ShareErrorsFromSession->handle(Object(Illuminate\\Http\\Request), Object(Closure))
#16 C:\\laragon\\www\\es_ldcu2\\vendor\\laravel\\framework\\src\\Illuminate\\Session\\Middleware\\StartSession.php(56): Illuminate\\Pipeline\\Pipeline->Illuminate\\Pipeline\\{closure}(Object(Illuminate\\Http\\Request))
#17 C:\\laragon\\www\\es_ldcu2\\vendor\\laravel\\framework\\src\\Illuminate\\Pipeline\\Pipeline.php(171): Illuminate\\Session\\Middleware\\StartSession->handle(Object(Illuminate\\Http\\Request), Object(Closure))
#18 C:\\laragon\\www\\es_ldcu2\\vendor\\laravel\\framework\\src\\Illuminate\\Cookie\\Middleware\\AddQueuedCookiesToResponse.php(37): Illuminate\\Pipeline\\Pipeline->Illuminate\\Pipeline\\{closure}(Object(Illuminate\\Http\\Request))
#19 C:\\laragon\\www\\es_ldcu2\\vendor\\laravel\\framework\\src\\Illuminate\\Pipeline\\Pipeline.php(171): Illuminate\\Cookie\\Middleware\\AddQueuedCookiesToResponse->handle(Object(Illuminate\\Http\\Request), Object(Closure))
#20 C:\\laragon\\www\\es_ldcu2\\vendor\\laravel\\framework\\src\\Illuminate\\Cookie\\Middleware\\EncryptCookies.php(67): Illuminate\\Pipeline\\Pipeline->Illuminate\\Pipeline\\{closure}(Object(Illuminate\\Http\\Request))
#21 C:\\laragon\\www\\es_ldcu2\\vendor\\laravel\\framework\\src\\Illuminate\\Pipeline\\Pipeline.php(171): Illuminate\\Cookie\\Middleware\\EncryptCookies->handle(Object(Illuminate\\Http\\Request), Object(Closure))
#22 C:\\laragon\\www\\es_ldcu2\\vendor\\laravel\\framework\\src\\Illuminate\\Pipeline\\Pipeline.php(105): Illuminate\\Pipeline\\Pipeline->Illuminate\\Pipeline\\{closure}(Object(Illuminate\\Http\\Request))
#23 C:\\laragon\\www\\es_ldcu2\\vendor\\laravel\\framework\\src\\Illuminate\\Routing\\Router.php(683): Illuminate\\Pipeline\\Pipeline->then(Object(Closure))
#24 C:\\laragon\\www\\es_ldcu2\\vendor\\laravel\\framework\\src\\Illuminate\\Routing\\Router.php(658): Illuminate\\Routing\\Router->runRouteWithinStack(Object(Illuminate\\Routing\\Route), Object(Illuminate\\Http\\Request))
#25 C:\\laragon\\www\\es_ldcu2\\vendor\\laravel\\framework\\src\\Illuminate\\Routing\\Router.php(624): Illuminate\\Routing\\Router->runRoute(Object(Illuminate\\Http\\Request), Object(Illuminate\\Routing\\Route))
#26 C:\\laragon\\www\\es_ldcu2\\vendor\\laravel\\framework\\src\\Illuminate\\Routing\\Router.php(613): Illuminate\\Routing\\Router->dispatchToRoute(Object(Illuminate\\Http\\Request))
#27 C:\\laragon\\www\\es_ldcu2\\vendor\\laravel\\framework\\src\\Illuminate\\Foundation\\Http\\Kernel.php(170): Illuminate\\Routing\\Router->dispatch(Object(Illuminate\\Http\\Request))
#28 C:\\laragon\\www\\es_ldcu2\\vendor\\laravel\\framework\\src\\Illuminate\\Pipeline\\Pipeline.php(130): Illuminate\\Foundation\\Http\\Kernel->Illuminate\\Foundation\\Http\\{closure}(Object(Illuminate\\Http\\Request))
#29 C:\\laragon\\www\\es_ldcu2\\vendor\\laravel\\framework\\src\\Illuminate\\Foundation\\Http\\Middleware\\TransformsRequest.php(21): Illuminate\\Pipeline\\Pipeline->Illuminate\\Pipeline\\{closure}(Object(Illuminate\\Http\\Request))
#30 C:\\laragon\\www\\es_ldcu2\\vendor\\laravel\\framework\\src\\Illuminate\\Pipeline\\Pipeline.php(171): Illuminate\\Foundation\\Http\\Middleware\\TransformsRequest->handle(Object(Illuminate\\Http\\Request), Object(Closure))
#31 C:\\laragon\\www\\es_ldcu2\\vendor\\laravel\\framework\\src\\Illuminate\\Foundation\\Http\\Middleware\\TransformsRequest.php(21): Illuminate\\Pipeline\\Pipeline->Illuminate\\Pipeline\\{closure}(Object(Illuminate\\Http\\Request))
#32 C:\\laragon\\www\\es_ldcu2\\vendor\\laravel\\framework\\src\\Illuminate\\Pipeline\\Pipeline.php(171): Illuminate\\Foundation\\Http\\Middleware\\TransformsRequest->handle(Object(Illuminate\\Http\\Request), Object(Closure))
#33 C:\\laragon\\www\\es_ldcu2\\vendor\\laravel\\framework\\src\\Illuminate\\Foundation\\Http\\Middleware\\ValidatePostSize.php(27): Illuminate\\Pipeline\\Pipeline->Illuminate\\Pipeline\\{closure}(Object(Illuminate\\Http\\Request))
#34 C:\\laragon\\www\\es_ldcu2\\vendor\\laravel\\framework\\src\\Illuminate\\Pipeline\\Pipeline.php(171): Illuminate\\Foundation\\Http\\Middleware\\ValidatePostSize->handle(Object(Illuminate\\Http\\Request), Object(Closure))
#35 C:\\laragon\\www\\es_ldcu2\\vendor\\laravel\\framework\\src\\Illuminate\\Foundation\\Http\\Middleware\\CheckForMaintenanceMode.php(63): Illuminate\\Pipeline\\Pipeline->Illuminate\\Pipeline\\{closure}(Object(Illuminate\\Http\\Request))
#36 C:\\laragon\\www\\es_ldcu2\\vendor\\laravel\\framework\\src\\Illuminate\\Pipeline\\Pipeline.php(171): Illuminate\\Foundation\\Http\\Middleware\\CheckForMaintenanceMode->handle(Object(Illuminate\\Http\\Request), Object(Closure))
#37 C:\\laragon\\www\\es_ldcu2\\vendor\\fideloper\\proxy\\src\\TrustProxies.php(57): Illuminate\\Pipeline\\Pipeline->Illuminate\\Pipeline\\{closure}(Object(Illuminate\\Http\\Request))
#38 C:\\laragon\\www\\es_ldcu2\\vendor\\laravel\\framework\\src\\Illuminate\\Pipeline\\Pipeline.php(171): Fideloper\\Proxy\\TrustProxies->handle(Object(Illuminate\\Http\\Request), Object(Closure))
#39 C:\\laragon\\www\\es_ldcu2\\vendor\\laravel\\framework\\src\\Illuminate\\Pipeline\\Pipeline.php(105): Illuminate\\Pipeline\\Pipeline->Illuminate\\Pipeline\\{closure}(Object(Illuminate\\Http\\Request))
#40 C:\\laragon\\www\\es_ldcu2\\vendor\\laravel\\framework\\src\\Illuminate\\Foundation\\Http\\Kernel.php(145): Illuminate\\Pipeline\\Pipeline->then(Object(Closure))
#41 C:\\laragon\\www\\es_ldcu2\\vendor\\laravel\\framework\\src\\Illuminate\\Foundation\\Http\\Kernel.php(110): Illuminate\\Foundation\\Http\\Kernel->sendRequestThroughRouter(Object(Illuminate\\Http\\Request))
#42 C:\\laragon\\www\\es_ldcu2\\public\\index.php(55): Illuminate\\Foundation\\Http\\Kernel->handle(Object(Illuminate\\Http\\Request))
#43 C:\\laragon\\www\\es_ldcu2\\server.php(21): require_once('C:\\\\laragon\\\\www\\\\...')
#44 {main}
"} 
[2025-07-14 06:42:02] local.INFO: Section: HONESTY, acadprogid: 0  
[2025-07-14 06:42:02] local.INFO: Active template DB result: null  
[2025-07-14 06:42:02] local.INFO: Final template to use: registrar.pdf.pdf_sf9masterlist  
[2025-07-14 06:42:02] local.ERROR: SF9 PDF template view not found: registrar.pdf.pdf_sf9masterlist  
[2025-07-14 06:42:02] local.INFO: Section: INTEGRITY, acadprogid: 0  
[2025-07-14 06:42:02] local.INFO: Active template DB result: null  
[2025-07-14 06:42:02] local.INFO: Final template to use: registrar.pdf.pdf_sf9masterlist  
[2025-07-14 06:42:02] local.ERROR: SF9 PDF template view not found: registrar.pdf.pdf_sf9masterlist  
[2025-07-14 06:42:02] local.INFO: Section: HUMILITY, acadprogid: 0  
[2025-07-14 06:42:02] local.INFO: Active template DB result: null  
[2025-07-14 06:42:02] local.INFO: Final template to use: registrar.pdf.pdf_sf9masterlist  
[2025-07-14 06:42:02] local.ERROR: SF9 PDF template view not found: registrar.pdf.pdf_sf9masterlist  
[2025-07-14 06:42:02] local.INFO: Section: CHARITY, acadprogid: 0  
[2025-07-14 06:42:02] local.INFO: Active template DB result: null  
[2025-07-14 06:42:02] local.INFO: Final template to use: registrar.pdf.pdf_sf9masterlist  
[2025-07-14 06:42:02] local.ERROR: SF9 PDF template view not found: registrar.pdf.pdf_sf9masterlist  
[2025-07-14 06:42:02] local.INFO: Section: LOYALTY, acadprogid: 0  
[2025-07-14 06:42:02] local.INFO: Active template DB result: null  
[2025-07-14 06:42:02] local.INFO: Final template to use: registrar.pdf.pdf_sf9masterlist  
[2025-07-14 06:42:02] local.ERROR: SF9 PDF template view not found: registrar.pdf.pdf_sf9masterlist  
[2025-07-14 06:42:02] local.INFO: Section: DETERMINATION, acadprogid: 0  
[2025-07-14 06:42:02] local.INFO: Active template DB result: null  
[2025-07-14 06:42:02] local.INFO: Final template to use: registrar.pdf.pdf_sf9masterlist  
[2025-07-14 06:42:02] local.ERROR: SF9 PDF template view not found: registrar.pdf.pdf_sf9masterlist  
[2025-07-14 06:42:02] local.INFO: Section: KINDNESS, acadprogid: 0  
[2025-07-14 06:42:02] local.INFO: Active template DB result: null  
[2025-07-14 06:42:02] local.INFO: Final template to use: registrar.pdf.pdf_sf9masterlist  
[2025-07-14 06:42:02] local.ERROR: SF9 PDF template view not found: registrar.pdf.pdf_sf9masterlist  
[2025-07-14 06:42:02] local.INFO: Section: POSITIVITY, acadprogid: 0  
[2025-07-14 06:42:02] local.INFO: Active template DB result: null  
[2025-07-14 06:42:02] local.INFO: Final template to use: registrar.pdf.pdf_sf9masterlist  
[2025-07-14 06:42:02] local.ERROR: SF9 PDF template view not found: registrar.pdf.pdf_sf9masterlist  
[2025-07-14 06:42:02] local.INFO: Section: SPIRITUALITY, acadprogid: 0  
[2025-07-14 06:42:02] local.INFO: Active template DB result: null  
[2025-07-14 06:42:02] local.INFO: Final template to use: registrar.pdf.pdf_sf9masterlist  
[2025-07-14 06:42:02] local.ERROR: SF9 PDF template view not found: registrar.pdf.pdf_sf9masterlist  
[2025-07-14 06:42:03] local.ERROR: The file "C:\laragon\www\es_ldcu2\storage\app/zip/SIBUGAY_TECHNICAL_INSTITUTE_INC__sf9_master_list.zip" does not exist {"userId":1,"exception":"[object] (Symfony\\Component\\HttpFoundation\\File\\Exception\\FileNotFoundException(code: 0): The file \"C:\\laragon\\www\\es_ldcu2\\storage\\app/zip/SIBUGAY_TECHNICAL_INSTITUTE_INC__sf9_master_list.zip\" does not exist at C:\\laragon\\www\\es_ldcu2\\vendor\\symfony\\http-foundation\\File\\File.php:36)
[stacktrace]
#0 C:\\laragon\\www\\es_ldcu2\\vendor\\symfony\\http-foundation\\BinaryFileResponse.php(93): Symfony\\Component\\HttpFoundation\\File\\File->__construct('C:\\\\laragon\\\\www\\\\...')
#1 C:\\laragon\\www\\es_ldcu2\\vendor\\symfony\\http-foundation\\BinaryFileResponse.php(52): Symfony\\Component\\HttpFoundation\\BinaryFileResponse->setFile('C:\\\\laragon\\\\www\\\\...', 'attachment', false, true)
#2 C:\\laragon\\www\\es_ldcu2\\vendor\\laravel\\framework\\src\\Illuminate\\Routing\\ResponseFactory.php(165): Symfony\\Component\\HttpFoundation\\BinaryFileResponse->__construct('C:\\\\laragon\\\\www\\\\...', 200, Array, true, 'attachment')
#3 C:\\laragon\\www\\es_ldcu2\\app\\Http\\Controllers\\Migration\\RegistrarMigration.php(736): Illuminate\\Routing\\ResponseFactory->download('C:\\\\laragon\\\\www\\\\...')
#4 C:\\laragon\\www\\es_ldcu2\\vendor\\laravel\\framework\\src\\Illuminate\\Routing\\Controller.php(54): App\\Http\\Controllers\\Migration\\RegistrarMigration->downloadSf9MasterlistBatch(Object(Illuminate\\Http\\Request))
#5 C:\\laragon\\www\\es_ldcu2\\vendor\\laravel\\framework\\src\\Illuminate\\Routing\\ControllerDispatcher.php(45): Illuminate\\Routing\\Controller->callAction('downloadSf9Mast...', Array)
#6 C:\\laragon\\www\\es_ldcu2\\vendor\\laravel\\framework\\src\\Illuminate\\Routing\\Route.php(219): Illuminate\\Routing\\ControllerDispatcher->dispatch(Object(Illuminate\\Routing\\Route), Object(App\\Http\\Controllers\\Migration\\RegistrarMigration), 'downloadSf9Mast...')
#7 C:\\laragon\\www\\es_ldcu2\\vendor\\laravel\\framework\\src\\Illuminate\\Routing\\Route.php(176): Illuminate\\Routing\\Route->runController()
#8 C:\\laragon\\www\\es_ldcu2\\vendor\\laravel\\framework\\src\\Illuminate\\Routing\\Router.php(681): Illuminate\\Routing\\Route->run()
#9 C:\\laragon\\www\\es_ldcu2\\vendor\\laravel\\framework\\src\\Illuminate\\Pipeline\\Pipeline.php(130): Illuminate\\Routing\\Router->Illuminate\\Routing\\{closure}(Object(Illuminate\\Http\\Request))
#10 C:\\laragon\\www\\es_ldcu2\\vendor\\laravel\\framework\\src\\Illuminate\\Routing\\Middleware\\SubstituteBindings.php(41): Illuminate\\Pipeline\\Pipeline->Illuminate\\Pipeline\\{closure}(Object(Illuminate\\Http\\Request))
#11 C:\\laragon\\www\\es_ldcu2\\vendor\\laravel\\framework\\src\\Illuminate\\Pipeline\\Pipeline.php(171): Illuminate\\Routing\\Middleware\\SubstituteBindings->handle(Object(Illuminate\\Http\\Request), Object(Closure))
#12 C:\\laragon\\www\\es_ldcu2\\vendor\\laravel\\framework\\src\\Illuminate\\Foundation\\Http\\Middleware\\VerifyCsrfToken.php(78): Illuminate\\Pipeline\\Pipeline->Illuminate\\Pipeline\\{closure}(Object(Illuminate\\Http\\Request))
#13 C:\\laragon\\www\\es_ldcu2\\vendor\\laravel\\framework\\src\\Illuminate\\Pipeline\\Pipeline.php(171): Illuminate\\Foundation\\Http\\Middleware\\VerifyCsrfToken->handle(Object(Illuminate\\Http\\Request), Object(Closure))
#14 C:\\laragon\\www\\es_ldcu2\\vendor\\laravel\\framework\\src\\Illuminate\\View\\Middleware\\ShareErrorsFromSession.php(49): Illuminate\\Pipeline\\Pipeline->Illuminate\\Pipeline\\{closure}(Object(Illuminate\\Http\\Request))
#15 C:\\laragon\\www\\es_ldcu2\\vendor\\laravel\\framework\\src\\Illuminate\\Pipeline\\Pipeline.php(171): Illuminate\\View\\Middleware\\ShareErrorsFromSession->handle(Object(Illuminate\\Http\\Request), Object(Closure))
#16 C:\\laragon\\www\\es_ldcu2\\vendor\\laravel\\framework\\src\\Illuminate\\Session\\Middleware\\StartSession.php(56): Illuminate\\Pipeline\\Pipeline->Illuminate\\Pipeline\\{closure}(Object(Illuminate\\Http\\Request))
#17 C:\\laragon\\www\\es_ldcu2\\vendor\\laravel\\framework\\src\\Illuminate\\Pipeline\\Pipeline.php(171): Illuminate\\Session\\Middleware\\StartSession->handle(Object(Illuminate\\Http\\Request), Object(Closure))
#18 C:\\laragon\\www\\es_ldcu2\\vendor\\laravel\\framework\\src\\Illuminate\\Cookie\\Middleware\\AddQueuedCookiesToResponse.php(37): Illuminate\\Pipeline\\Pipeline->Illuminate\\Pipeline\\{closure}(Object(Illuminate\\Http\\Request))
#19 C:\\laragon\\www\\es_ldcu2\\vendor\\laravel\\framework\\src\\Illuminate\\Pipeline\\Pipeline.php(171): Illuminate\\Cookie\\Middleware\\AddQueuedCookiesToResponse->handle(Object(Illuminate\\Http\\Request), Object(Closure))
#20 C:\\laragon\\www\\es_ldcu2\\vendor\\laravel\\framework\\src\\Illuminate\\Cookie\\Middleware\\EncryptCookies.php(67): Illuminate\\Pipeline\\Pipeline->Illuminate\\Pipeline\\{closure}(Object(Illuminate\\Http\\Request))
#21 C:\\laragon\\www\\es_ldcu2\\vendor\\laravel\\framework\\src\\Illuminate\\Pipeline\\Pipeline.php(171): Illuminate\\Cookie\\Middleware\\EncryptCookies->handle(Object(Illuminate\\Http\\Request), Object(Closure))
#22 C:\\laragon\\www\\es_ldcu2\\vendor\\laravel\\framework\\src\\Illuminate\\Pipeline\\Pipeline.php(105): Illuminate\\Pipeline\\Pipeline->Illuminate\\Pipeline\\{closure}(Object(Illuminate\\Http\\Request))
#23 C:\\laragon\\www\\es_ldcu2\\vendor\\laravel\\framework\\src\\Illuminate\\Routing\\Router.php(683): Illuminate\\Pipeline\\Pipeline->then(Object(Closure))
#24 C:\\laragon\\www\\es_ldcu2\\vendor\\laravel\\framework\\src\\Illuminate\\Routing\\Router.php(658): Illuminate\\Routing\\Router->runRouteWithinStack(Object(Illuminate\\Routing\\Route), Object(Illuminate\\Http\\Request))
#25 C:\\laragon\\www\\es_ldcu2\\vendor\\laravel\\framework\\src\\Illuminate\\Routing\\Router.php(624): Illuminate\\Routing\\Router->runRoute(Object(Illuminate\\Http\\Request), Object(Illuminate\\Routing\\Route))
#26 C:\\laragon\\www\\es_ldcu2\\vendor\\laravel\\framework\\src\\Illuminate\\Routing\\Router.php(613): Illuminate\\Routing\\Router->dispatchToRoute(Object(Illuminate\\Http\\Request))
#27 C:\\laragon\\www\\es_ldcu2\\vendor\\laravel\\framework\\src\\Illuminate\\Foundation\\Http\\Kernel.php(170): Illuminate\\Routing\\Router->dispatch(Object(Illuminate\\Http\\Request))
#28 C:\\laragon\\www\\es_ldcu2\\vendor\\laravel\\framework\\src\\Illuminate\\Pipeline\\Pipeline.php(130): Illuminate\\Foundation\\Http\\Kernel->Illuminate\\Foundation\\Http\\{closure}(Object(Illuminate\\Http\\Request))
#29 C:\\laragon\\www\\es_ldcu2\\vendor\\laravel\\framework\\src\\Illuminate\\Foundation\\Http\\Middleware\\TransformsRequest.php(21): Illuminate\\Pipeline\\Pipeline->Illuminate\\Pipeline\\{closure}(Object(Illuminate\\Http\\Request))
#30 C:\\laragon\\www\\es_ldcu2\\vendor\\laravel\\framework\\src\\Illuminate\\Pipeline\\Pipeline.php(171): Illuminate\\Foundation\\Http\\Middleware\\TransformsRequest->handle(Object(Illuminate\\Http\\Request), Object(Closure))
#31 C:\\laragon\\www\\es_ldcu2\\vendor\\laravel\\framework\\src\\Illuminate\\Foundation\\Http\\Middleware\\TransformsRequest.php(21): Illuminate\\Pipeline\\Pipeline->Illuminate\\Pipeline\\{closure}(Object(Illuminate\\Http\\Request))
#32 C:\\laragon\\www\\es_ldcu2\\vendor\\laravel\\framework\\src\\Illuminate\\Pipeline\\Pipeline.php(171): Illuminate\\Foundation\\Http\\Middleware\\TransformsRequest->handle(Object(Illuminate\\Http\\Request), Object(Closure))
#33 C:\\laragon\\www\\es_ldcu2\\vendor\\laravel\\framework\\src\\Illuminate\\Foundation\\Http\\Middleware\\ValidatePostSize.php(27): Illuminate\\Pipeline\\Pipeline->Illuminate\\Pipeline\\{closure}(Object(Illuminate\\Http\\Request))
#34 C:\\laragon\\www\\es_ldcu2\\vendor\\laravel\\framework\\src\\Illuminate\\Pipeline\\Pipeline.php(171): Illuminate\\Foundation\\Http\\Middleware\\ValidatePostSize->handle(Object(Illuminate\\Http\\Request), Object(Closure))
#35 C:\\laragon\\www\\es_ldcu2\\vendor\\laravel\\framework\\src\\Illuminate\\Foundation\\Http\\Middleware\\CheckForMaintenanceMode.php(63): Illuminate\\Pipeline\\Pipeline->Illuminate\\Pipeline\\{closure}(Object(Illuminate\\Http\\Request))
#36 C:\\laragon\\www\\es_ldcu2\\vendor\\laravel\\framework\\src\\Illuminate\\Pipeline\\Pipeline.php(171): Illuminate\\Foundation\\Http\\Middleware\\CheckForMaintenanceMode->handle(Object(Illuminate\\Http\\Request), Object(Closure))
#37 C:\\laragon\\www\\es_ldcu2\\vendor\\fideloper\\proxy\\src\\TrustProxies.php(57): Illuminate\\Pipeline\\Pipeline->Illuminate\\Pipeline\\{closure}(Object(Illuminate\\Http\\Request))
#38 C:\\laragon\\www\\es_ldcu2\\vendor\\laravel\\framework\\src\\Illuminate\\Pipeline\\Pipeline.php(171): Fideloper\\Proxy\\TrustProxies->handle(Object(Illuminate\\Http\\Request), Object(Closure))
#39 C:\\laragon\\www\\es_ldcu2\\vendor\\laravel\\framework\\src\\Illuminate\\Pipeline\\Pipeline.php(105): Illuminate\\Pipeline\\Pipeline->Illuminate\\Pipeline\\{closure}(Object(Illuminate\\Http\\Request))
#40 C:\\laragon\\www\\es_ldcu2\\vendor\\laravel\\framework\\src\\Illuminate\\Foundation\\Http\\Kernel.php(145): Illuminate\\Pipeline\\Pipeline->then(Object(Closure))
#41 C:\\laragon\\www\\es_ldcu2\\vendor\\laravel\\framework\\src\\Illuminate\\Foundation\\Http\\Kernel.php(110): Illuminate\\Foundation\\Http\\Kernel->sendRequestThroughRouter(Object(Illuminate\\Http\\Request))
#42 C:\\laragon\\www\\es_ldcu2\\public\\index.php(55): Illuminate\\Foundation\\Http\\Kernel->handle(Object(Illuminate\\Http\\Request))
#43 C:\\laragon\\www\\es_ldcu2\\server.php(21): require_once('C:\\\\laragon\\\\www\\\\...')
#44 {main}
"} 
[2025-07-14 06:47:25] local.INFO: Section: HONESTY, acadprogid: 0  
[2025-07-14 06:47:25] local.INFO: Section: HONESTY, acadprogid: 0  
[2025-07-14 06:47:25] local.INFO: Active template DB result: null  
[2025-07-14 06:47:25] local.INFO: Final template to use: registrar.pdf.pdf_sf9masterlist  
[2025-07-14 06:47:25] local.ERROR: SF9 PDF template view not found: registrar.pdf.pdf_sf9masterlist  
[2025-07-14 06:47:25] local.INFO: Section: INTEGRITY, acadprogid: 0  
[2025-07-14 06:47:25] local.INFO: Section: INTEGRITY, acadprogid: 0  
[2025-07-14 06:47:25] local.INFO: Active template DB result: null  
[2025-07-14 06:47:25] local.INFO: Final template to use: registrar.pdf.pdf_sf9masterlist  
[2025-07-14 06:47:25] local.ERROR: SF9 PDF template view not found: registrar.pdf.pdf_sf9masterlist  
[2025-07-14 06:47:25] local.INFO: Section: HUMILITY, acadprogid: 0  
[2025-07-14 06:47:25] local.INFO: Section: HUMILITY, acadprogid: 0  
[2025-07-14 06:47:25] local.INFO: Active template DB result: null  
[2025-07-14 06:47:25] local.INFO: Final template to use: registrar.pdf.pdf_sf9masterlist  
[2025-07-14 06:47:25] local.ERROR: SF9 PDF template view not found: registrar.pdf.pdf_sf9masterlist  
[2025-07-14 06:47:25] local.INFO: Section: CHARITY, acadprogid: 0  
[2025-07-14 06:47:25] local.INFO: Section: CHARITY, acadprogid: 0  
[2025-07-14 06:47:25] local.INFO: Active template DB result: null  
[2025-07-14 06:47:25] local.INFO: Final template to use: registrar.pdf.pdf_sf9masterlist  
[2025-07-14 06:47:25] local.ERROR: SF9 PDF template view not found: registrar.pdf.pdf_sf9masterlist  
[2025-07-14 06:47:25] local.INFO: Section: LOYALTY, acadprogid: 0  
[2025-07-14 06:47:25] local.INFO: Section: LOYALTY, acadprogid: 0  
[2025-07-14 06:47:25] local.INFO: Active template DB result: null  
[2025-07-14 06:47:25] local.INFO: Final template to use: registrar.pdf.pdf_sf9masterlist  
[2025-07-14 06:47:25] local.ERROR: SF9 PDF template view not found: registrar.pdf.pdf_sf9masterlist  
[2025-07-14 06:47:25] local.INFO: Section: DETERMINATION, acadprogid: 0  
[2025-07-14 06:47:25] local.INFO: Section: DETERMINATION, acadprogid: 0  
[2025-07-14 06:47:25] local.INFO: Active template DB result: null  
[2025-07-14 06:47:25] local.INFO: Final template to use: registrar.pdf.pdf_sf9masterlist  
[2025-07-14 06:47:25] local.ERROR: SF9 PDF template view not found: registrar.pdf.pdf_sf9masterlist  
[2025-07-14 06:47:25] local.INFO: Section: KINDNESS, acadprogid: 0  
[2025-07-14 06:47:25] local.INFO: Section: KINDNESS, acadprogid: 0  
[2025-07-14 06:47:25] local.INFO: Active template DB result: null  
[2025-07-14 06:47:25] local.INFO: Final template to use: registrar.pdf.pdf_sf9masterlist  
[2025-07-14 06:47:25] local.ERROR: SF9 PDF template view not found: registrar.pdf.pdf_sf9masterlist  
[2025-07-14 06:47:25] local.INFO: Section: POSITIVITY, acadprogid: 0  
[2025-07-14 06:47:25] local.INFO: Section: POSITIVITY, acadprogid: 0  
[2025-07-14 06:47:25] local.INFO: Active template DB result: null  
[2025-07-14 06:47:25] local.INFO: Final template to use: registrar.pdf.pdf_sf9masterlist  
[2025-07-14 06:47:25] local.ERROR: SF9 PDF template view not found: registrar.pdf.pdf_sf9masterlist  
[2025-07-14 06:47:25] local.INFO: Section: SPIRITUALITY, acadprogid: 0  
[2025-07-14 06:47:25] local.INFO: Section: SPIRITUALITY, acadprogid: 0  
[2025-07-14 06:47:25] local.INFO: Active template DB result: null  
[2025-07-14 06:47:25] local.INFO: Final template to use: registrar.pdf.pdf_sf9masterlist  
[2025-07-14 06:47:25] local.ERROR: SF9 PDF template view not found: registrar.pdf.pdf_sf9masterlist  
[2025-07-14 06:47:25] local.ERROR: The file "C:\laragon\www\es_ldcu2\storage\app/zip/SIBUGAY_TECHNICAL_INSTITUTE_INC__sf9_master_list.zip" does not exist {"userId":1,"exception":"[object] (Symfony\\Component\\HttpFoundation\\File\\Exception\\FileNotFoundException(code: 0): The file \"C:\\laragon\\www\\es_ldcu2\\storage\\app/zip/SIBUGAY_TECHNICAL_INSTITUTE_INC__sf9_master_list.zip\" does not exist at C:\\laragon\\www\\es_ldcu2\\vendor\\symfony\\http-foundation\\File\\File.php:36)
[stacktrace]
#0 C:\\laragon\\www\\es_ldcu2\\vendor\\symfony\\http-foundation\\BinaryFileResponse.php(93): Symfony\\Component\\HttpFoundation\\File\\File->__construct('C:\\\\laragon\\\\www\\\\...')
#1 C:\\laragon\\www\\es_ldcu2\\vendor\\symfony\\http-foundation\\BinaryFileResponse.php(52): Symfony\\Component\\HttpFoundation\\BinaryFileResponse->setFile('C:\\\\laragon\\\\www\\\\...', 'attachment', false, true)
#2 C:\\laragon\\www\\es_ldcu2\\vendor\\laravel\\framework\\src\\Illuminate\\Routing\\ResponseFactory.php(165): Symfony\\Component\\HttpFoundation\\BinaryFileResponse->__construct('C:\\\\laragon\\\\www\\\\...', 200, Array, true, 'attachment')
#3 C:\\laragon\\www\\es_ldcu2\\app\\Http\\Controllers\\Migration\\RegistrarMigration.php(733): Illuminate\\Routing\\ResponseFactory->download('C:\\\\laragon\\\\www\\\\...')
#4 C:\\laragon\\www\\es_ldcu2\\vendor\\laravel\\framework\\src\\Illuminate\\Routing\\Controller.php(54): App\\Http\\Controllers\\Migration\\RegistrarMigration->downloadSf9MasterlistBatch(Object(Illuminate\\Http\\Request))
#5 C:\\laragon\\www\\es_ldcu2\\vendor\\laravel\\framework\\src\\Illuminate\\Routing\\ControllerDispatcher.php(45): Illuminate\\Routing\\Controller->callAction('downloadSf9Mast...', Array)
#6 C:\\laragon\\www\\es_ldcu2\\vendor\\laravel\\framework\\src\\Illuminate\\Routing\\Route.php(219): Illuminate\\Routing\\ControllerDispatcher->dispatch(Object(Illuminate\\Routing\\Route), Object(App\\Http\\Controllers\\Migration\\RegistrarMigration), 'downloadSf9Mast...')
#7 C:\\laragon\\www\\es_ldcu2\\vendor\\laravel\\framework\\src\\Illuminate\\Routing\\Route.php(176): Illuminate\\Routing\\Route->runController()
#8 C:\\laragon\\www\\es_ldcu2\\vendor\\laravel\\framework\\src\\Illuminate\\Routing\\Router.php(681): Illuminate\\Routing\\Route->run()
#9 C:\\laragon\\www\\es_ldcu2\\vendor\\laravel\\framework\\src\\Illuminate\\Pipeline\\Pipeline.php(130): Illuminate\\Routing\\Router->Illuminate\\Routing\\{closure}(Object(Illuminate\\Http\\Request))
#10 C:\\laragon\\www\\es_ldcu2\\vendor\\laravel\\framework\\src\\Illuminate\\Routing\\Middleware\\SubstituteBindings.php(41): Illuminate\\Pipeline\\Pipeline->Illuminate\\Pipeline\\{closure}(Object(Illuminate\\Http\\Request))
#11 C:\\laragon\\www\\es_ldcu2\\vendor\\laravel\\framework\\src\\Illuminate\\Pipeline\\Pipeline.php(171): Illuminate\\Routing\\Middleware\\SubstituteBindings->handle(Object(Illuminate\\Http\\Request), Object(Closure))
#12 C:\\laragon\\www\\es_ldcu2\\vendor\\laravel\\framework\\src\\Illuminate\\Foundation\\Http\\Middleware\\VerifyCsrfToken.php(78): Illuminate\\Pipeline\\Pipeline->Illuminate\\Pipeline\\{closure}(Object(Illuminate\\Http\\Request))
#13 C:\\laragon\\www\\es_ldcu2\\vendor\\laravel\\framework\\src\\Illuminate\\Pipeline\\Pipeline.php(171): Illuminate\\Foundation\\Http\\Middleware\\VerifyCsrfToken->handle(Object(Illuminate\\Http\\Request), Object(Closure))
#14 C:\\laragon\\www\\es_ldcu2\\vendor\\laravel\\framework\\src\\Illuminate\\View\\Middleware\\ShareErrorsFromSession.php(49): Illuminate\\Pipeline\\Pipeline->Illuminate\\Pipeline\\{closure}(Object(Illuminate\\Http\\Request))
#15 C:\\laragon\\www\\es_ldcu2\\vendor\\laravel\\framework\\src\\Illuminate\\Pipeline\\Pipeline.php(171): Illuminate\\View\\Middleware\\ShareErrorsFromSession->handle(Object(Illuminate\\Http\\Request), Object(Closure))
#16 C:\\laragon\\www\\es_ldcu2\\vendor\\laravel\\framework\\src\\Illuminate\\Session\\Middleware\\StartSession.php(56): Illuminate\\Pipeline\\Pipeline->Illuminate\\Pipeline\\{closure}(Object(Illuminate\\Http\\Request))
#17 C:\\laragon\\www\\es_ldcu2\\vendor\\laravel\\framework\\src\\Illuminate\\Pipeline\\Pipeline.php(171): Illuminate\\Session\\Middleware\\StartSession->handle(Object(Illuminate\\Http\\Request), Object(Closure))
#18 C:\\laragon\\www\\es_ldcu2\\vendor\\laravel\\framework\\src\\Illuminate\\Cookie\\Middleware\\AddQueuedCookiesToResponse.php(37): Illuminate\\Pipeline\\Pipeline->Illuminate\\Pipeline\\{closure}(Object(Illuminate\\Http\\Request))
#19 C:\\laragon\\www\\es_ldcu2\\vendor\\laravel\\framework\\src\\Illuminate\\Pipeline\\Pipeline.php(171): Illuminate\\Cookie\\Middleware\\AddQueuedCookiesToResponse->handle(Object(Illuminate\\Http\\Request), Object(Closure))
#20 C:\\laragon\\www\\es_ldcu2\\vendor\\laravel\\framework\\src\\Illuminate\\Cookie\\Middleware\\EncryptCookies.php(67): Illuminate\\Pipeline\\Pipeline->Illuminate\\Pipeline\\{closure}(Object(Illuminate\\Http\\Request))
#21 C:\\laragon\\www\\es_ldcu2\\vendor\\laravel\\framework\\src\\Illuminate\\Pipeline\\Pipeline.php(171): Illuminate\\Cookie\\Middleware\\EncryptCookies->handle(Object(Illuminate\\Http\\Request), Object(Closure))
#22 C:\\laragon\\www\\es_ldcu2\\vendor\\laravel\\framework\\src\\Illuminate\\Pipeline\\Pipeline.php(105): Illuminate\\Pipeline\\Pipeline->Illuminate\\Pipeline\\{closure}(Object(Illuminate\\Http\\Request))
#23 C:\\laragon\\www\\es_ldcu2\\vendor\\laravel\\framework\\src\\Illuminate\\Routing\\Router.php(683): Illuminate\\Pipeline\\Pipeline->then(Object(Closure))
#24 C:\\laragon\\www\\es_ldcu2\\vendor\\laravel\\framework\\src\\Illuminate\\Routing\\Router.php(658): Illuminate\\Routing\\Router->runRouteWithinStack(Object(Illuminate\\Routing\\Route), Object(Illuminate\\Http\\Request))
#25 C:\\laragon\\www\\es_ldcu2\\vendor\\laravel\\framework\\src\\Illuminate\\Routing\\Router.php(624): Illuminate\\Routing\\Router->runRoute(Object(Illuminate\\Http\\Request), Object(Illuminate\\Routing\\Route))
#26 C:\\laragon\\www\\es_ldcu2\\vendor\\laravel\\framework\\src\\Illuminate\\Routing\\Router.php(613): Illuminate\\Routing\\Router->dispatchToRoute(Object(Illuminate\\Http\\Request))
#27 C:\\laragon\\www\\es_ldcu2\\vendor\\laravel\\framework\\src\\Illuminate\\Foundation\\Http\\Kernel.php(170): Illuminate\\Routing\\Router->dispatch(Object(Illuminate\\Http\\Request))
#28 C:\\laragon\\www\\es_ldcu2\\vendor\\laravel\\framework\\src\\Illuminate\\Pipeline\\Pipeline.php(130): Illuminate\\Foundation\\Http\\Kernel->Illuminate\\Foundation\\Http\\{closure}(Object(Illuminate\\Http\\Request))
#29 C:\\laragon\\www\\es_ldcu2\\vendor\\laravel\\framework\\src\\Illuminate\\Foundation\\Http\\Middleware\\TransformsRequest.php(21): Illuminate\\Pipeline\\Pipeline->Illuminate\\Pipeline\\{closure}(Object(Illuminate\\Http\\Request))
#30 C:\\laragon\\www\\es_ldcu2\\vendor\\laravel\\framework\\src\\Illuminate\\Pipeline\\Pipeline.php(171): Illuminate\\Foundation\\Http\\Middleware\\TransformsRequest->handle(Object(Illuminate\\Http\\Request), Object(Closure))
#31 C:\\laragon\\www\\es_ldcu2\\vendor\\laravel\\framework\\src\\Illuminate\\Foundation\\Http\\Middleware\\TransformsRequest.php(21): Illuminate\\Pipeline\\Pipeline->Illuminate\\Pipeline\\{closure}(Object(Illuminate\\Http\\Request))
#32 C:\\laragon\\www\\es_ldcu2\\vendor\\laravel\\framework\\src\\Illuminate\\Pipeline\\Pipeline.php(171): Illuminate\\Foundation\\Http\\Middleware\\TransformsRequest->handle(Object(Illuminate\\Http\\Request), Object(Closure))
#33 C:\\laragon\\www\\es_ldcu2\\vendor\\laravel\\framework\\src\\Illuminate\\Foundation\\Http\\Middleware\\ValidatePostSize.php(27): Illuminate\\Pipeline\\Pipeline->Illuminate\\Pipeline\\{closure}(Object(Illuminate\\Http\\Request))
#34 C:\\laragon\\www\\es_ldcu2\\vendor\\laravel\\framework\\src\\Illuminate\\Pipeline\\Pipeline.php(171): Illuminate\\Foundation\\Http\\Middleware\\ValidatePostSize->handle(Object(Illuminate\\Http\\Request), Object(Closure))
#35 C:\\laragon\\www\\es_ldcu2\\vendor\\laravel\\framework\\src\\Illuminate\\Foundation\\Http\\Middleware\\CheckForMaintenanceMode.php(63): Illuminate\\Pipeline\\Pipeline->Illuminate\\Pipeline\\{closure}(Object(Illuminate\\Http\\Request))
#36 C:\\laragon\\www\\es_ldcu2\\vendor\\laravel\\framework\\src\\Illuminate\\Pipeline\\Pipeline.php(171): Illuminate\\Foundation\\Http\\Middleware\\CheckForMaintenanceMode->handle(Object(Illuminate\\Http\\Request), Object(Closure))
#37 C:\\laragon\\www\\es_ldcu2\\vendor\\fideloper\\proxy\\src\\TrustProxies.php(57): Illuminate\\Pipeline\\Pipeline->Illuminate\\Pipeline\\{closure}(Object(Illuminate\\Http\\Request))
#38 C:\\laragon\\www\\es_ldcu2\\vendor\\laravel\\framework\\src\\Illuminate\\Pipeline\\Pipeline.php(171): Fideloper\\Proxy\\TrustProxies->handle(Object(Illuminate\\Http\\Request), Object(Closure))
#39 C:\\laragon\\www\\es_ldcu2\\vendor\\laravel\\framework\\src\\Illuminate\\Pipeline\\Pipeline.php(105): Illuminate\\Pipeline\\Pipeline->Illuminate\\Pipeline\\{closure}(Object(Illuminate\\Http\\Request))
#40 C:\\laragon\\www\\es_ldcu2\\vendor\\laravel\\framework\\src\\Illuminate\\Foundation\\Http\\Kernel.php(145): Illuminate\\Pipeline\\Pipeline->then(Object(Closure))
#41 C:\\laragon\\www\\es_ldcu2\\vendor\\laravel\\framework\\src\\Illuminate\\Foundation\\Http\\Kernel.php(110): Illuminate\\Foundation\\Http\\Kernel->sendRequestThroughRouter(Object(Illuminate\\Http\\Request))
#42 C:\\laragon\\www\\es_ldcu2\\public\\index.php(55): Illuminate\\Foundation\\Http\\Kernel->handle(Object(Illuminate\\Http\\Request))
#43 C:\\laragon\\www\\es_ldcu2\\server.php(21): require_once('C:\\\\laragon\\\\www\\\\...')
#44 {main}
"} 
[2025-07-14 06:53:26] local.INFO: Section: HONESTY, acadprogid: 4  
[2025-07-14 06:53:26] local.INFO: Active template DB result: {"templatepath":"principalsportal.forms.sf9layout.ica.jhs"}  
[2025-07-14 06:53:26] local.INFO: Final template to use: principalsportal.forms.sf9layout.ica.jhs  
[2025-07-14 06:53:26] local.ERROR: Trying to get property 'sectionname' of non-object (View: C:\laragon\www\es_ldcu2\resources\views\principalsportal\forms\sf9layout\ica\jhs.blade.php) {"userId":1,"exception":"[object] (Facade\\Ignition\\Exceptions\\ViewException(code: 0): Trying to get property 'sectionname' of non-object (View: C:\\laragon\\www\\es_ldcu2\\resources\\views\\principalsportal\\forms\\sf9layout\\ica\\jhs.blade.php) at C:\\laragon\\www\\es_ldcu2\\resources\\views/principalsportal/forms/sf9layout/ica/jhs.blade.php:277)
[stacktrace]
#0 C:\\laragon\\www\\es_ldcu2\\resources\\views/principalsportal/forms/sf9layout/ica/jhs.blade.php(277): Illuminate\\Foundation\\Bootstrap\\HandleExceptions->handleError(8, 'Trying to get p...', 'C:\\\\laragon\\\\www\\\\...', 281, Array)
#1 C:\\laragon\\www\\es_ldcu2\\vendor\\laravel\\framework\\src\\Illuminate\\View\\Engines\\PhpEngine.php(43): include('C:\\\\laragon\\\\www\\\\...')
#2 C:\\laragon\\www\\es_ldcu2\\vendor\\laravel\\framework\\src\\Illuminate\\View\\Engines\\CompilerEngine.php(59): Illuminate\\View\\Engines\\PhpEngine->evaluatePath('C:\\\\laragon\\\\www\\\\...', Array)
#3 C:\\laragon\\www\\es_ldcu2\\vendor\\facade\\ignition\\src\\Views\\Engines\\CompilerEngine.php(36): Illuminate\\View\\Engines\\CompilerEngine->get('C:\\\\laragon\\\\www\\\\...', Array)
#4 C:\\laragon\\www\\es_ldcu2\\vendor\\laravel\\framework\\src\\Illuminate\\View\\View.php(143): Facade\\Ignition\\Views\\Engines\\CompilerEngine->get('C:\\\\laragon\\\\www\\\\...', Array)
#5 C:\\laragon\\www\\es_ldcu2\\vendor\\laravel\\framework\\src\\Illuminate\\View\\View.php(126): Illuminate\\View\\View->getContents()
#6 C:\\laragon\\www\\es_ldcu2\\vendor\\laravel\\framework\\src\\Illuminate\\View\\View.php(91): Illuminate\\View\\View->renderContents()
#7 C:\\laragon\\www\\es_ldcu2\\vendor\\barryvdh\\laravel-dompdf\\src\\PDF.php(132): Illuminate\\View\\View->render()
#8 C:\\laragon\\www\\es_ldcu2\\app\\Http\\Controllers\\Migration\\RegistrarMigration.php(689): Barryvdh\\DomPDF\\PDF->loadView('principalsporta...', Array)
#9 C:\\laragon\\www\\es_ldcu2\\vendor\\laravel\\framework\\src\\Illuminate\\Routing\\Controller.php(54): App\\Http\\Controllers\\Migration\\RegistrarMigration->downloadSf9MasterlistBatch(Object(Illuminate\\Http\\Request))
#10 C:\\laragon\\www\\es_ldcu2\\vendor\\laravel\\framework\\src\\Illuminate\\Routing\\ControllerDispatcher.php(45): Illuminate\\Routing\\Controller->callAction('downloadSf9Mast...', Array)
#11 C:\\laragon\\www\\es_ldcu2\\vendor\\laravel\\framework\\src\\Illuminate\\Routing\\Route.php(219): Illuminate\\Routing\\ControllerDispatcher->dispatch(Object(Illuminate\\Routing\\Route), Object(App\\Http\\Controllers\\Migration\\RegistrarMigration), 'downloadSf9Mast...')
#12 C:\\laragon\\www\\es_ldcu2\\vendor\\laravel\\framework\\src\\Illuminate\\Routing\\Route.php(176): Illuminate\\Routing\\Route->runController()
#13 C:\\laragon\\www\\es_ldcu2\\vendor\\laravel\\framework\\src\\Illuminate\\Routing\\Router.php(681): Illuminate\\Routing\\Route->run()
#14 C:\\laragon\\www\\es_ldcu2\\vendor\\laravel\\framework\\src\\Illuminate\\Pipeline\\Pipeline.php(130): Illuminate\\Routing\\Router->Illuminate\\Routing\\{closure}(Object(Illuminate\\Http\\Request))
#15 C:\\laragon\\www\\es_ldcu2\\vendor\\laravel\\framework\\src\\Illuminate\\Routing\\Middleware\\SubstituteBindings.php(41): Illuminate\\Pipeline\\Pipeline->Illuminate\\Pipeline\\{closure}(Object(Illuminate\\Http\\Request))
#16 C:\\laragon\\www\\es_ldcu2\\vendor\\laravel\\framework\\src\\Illuminate\\Pipeline\\Pipeline.php(171): Illuminate\\Routing\\Middleware\\SubstituteBindings->handle(Object(Illuminate\\Http\\Request), Object(Closure))
#17 C:\\laragon\\www\\es_ldcu2\\vendor\\laravel\\framework\\src\\Illuminate\\Foundation\\Http\\Middleware\\VerifyCsrfToken.php(78): Illuminate\\Pipeline\\Pipeline->Illuminate\\Pipeline\\{closure}(Object(Illuminate\\Http\\Request))
#18 C:\\laragon\\www\\es_ldcu2\\vendor\\laravel\\framework\\src\\Illuminate\\Pipeline\\Pipeline.php(171): Illuminate\\Foundation\\Http\\Middleware\\VerifyCsrfToken->handle(Object(Illuminate\\Http\\Request), Object(Closure))
#19 C:\\laragon\\www\\es_ldcu2\\vendor\\laravel\\framework\\src\\Illuminate\\View\\Middleware\\ShareErrorsFromSession.php(49): Illuminate\\Pipeline\\Pipeline->Illuminate\\Pipeline\\{closure}(Object(Illuminate\\Http\\Request))
#20 C:\\laragon\\www\\es_ldcu2\\vendor\\laravel\\framework\\src\\Illuminate\\Pipeline\\Pipeline.php(171): Illuminate\\View\\Middleware\\ShareErrorsFromSession->handle(Object(Illuminate\\Http\\Request), Object(Closure))
#21 C:\\laragon\\www\\es_ldcu2\\vendor\\laravel\\framework\\src\\Illuminate\\Session\\Middleware\\StartSession.php(56): Illuminate\\Pipeline\\Pipeline->Illuminate\\Pipeline\\{closure}(Object(Illuminate\\Http\\Request))
#22 C:\\laragon\\www\\es_ldcu2\\vendor\\laravel\\framework\\src\\Illuminate\\Pipeline\\Pipeline.php(171): Illuminate\\Session\\Middleware\\StartSession->handle(Object(Illuminate\\Http\\Request), Object(Closure))
#23 C:\\laragon\\www\\es_ldcu2\\vendor\\laravel\\framework\\src\\Illuminate\\Cookie\\Middleware\\AddQueuedCookiesToResponse.php(37): Illuminate\\Pipeline\\Pipeline->Illuminate\\Pipeline\\{closure}(Object(Illuminate\\Http\\Request))
#24 C:\\laragon\\www\\es_ldcu2\\vendor\\laravel\\framework\\src\\Illuminate\\Pipeline\\Pipeline.php(171): Illuminate\\Cookie\\Middleware\\AddQueuedCookiesToResponse->handle(Object(Illuminate\\Http\\Request), Object(Closure))
#25 C:\\laragon\\www\\es_ldcu2\\vendor\\laravel\\framework\\src\\Illuminate\\Cookie\\Middleware\\EncryptCookies.php(67): Illuminate\\Pipeline\\Pipeline->Illuminate\\Pipeline\\{closure}(Object(Illuminate\\Http\\Request))
#26 C:\\laragon\\www\\es_ldcu2\\vendor\\laravel\\framework\\src\\Illuminate\\Pipeline\\Pipeline.php(171): Illuminate\\Cookie\\Middleware\\EncryptCookies->handle(Object(Illuminate\\Http\\Request), Object(Closure))
#27 C:\\laragon\\www\\es_ldcu2\\vendor\\laravel\\framework\\src\\Illuminate\\Pipeline\\Pipeline.php(105): Illuminate\\Pipeline\\Pipeline->Illuminate\\Pipeline\\{closure}(Object(Illuminate\\Http\\Request))
#28 C:\\laragon\\www\\es_ldcu2\\vendor\\laravel\\framework\\src\\Illuminate\\Routing\\Router.php(683): Illuminate\\Pipeline\\Pipeline->then(Object(Closure))
#29 C:\\laragon\\www\\es_ldcu2\\vendor\\laravel\\framework\\src\\Illuminate\\Routing\\Router.php(658): Illuminate\\Routing\\Router->runRouteWithinStack(Object(Illuminate\\Routing\\Route), Object(Illuminate\\Http\\Request))
#30 C:\\laragon\\www\\es_ldcu2\\vendor\\laravel\\framework\\src\\Illuminate\\Routing\\Router.php(624): Illuminate\\Routing\\Router->runRoute(Object(Illuminate\\Http\\Request), Object(Illuminate\\Routing\\Route))
#31 C:\\laragon\\www\\es_ldcu2\\vendor\\laravel\\framework\\src\\Illuminate\\Routing\\Router.php(613): Illuminate\\Routing\\Router->dispatchToRoute(Object(Illuminate\\Http\\Request))
#32 C:\\laragon\\www\\es_ldcu2\\vendor\\laravel\\framework\\src\\Illuminate\\Foundation\\Http\\Kernel.php(170): Illuminate\\Routing\\Router->dispatch(Object(Illuminate\\Http\\Request))
#33 C:\\laragon\\www\\es_ldcu2\\vendor\\laravel\\framework\\src\\Illuminate\\Pipeline\\Pipeline.php(130): Illuminate\\Foundation\\Http\\Kernel->Illuminate\\Foundation\\Http\\{closure}(Object(Illuminate\\Http\\Request))
#34 C:\\laragon\\www\\es_ldcu2\\vendor\\laravel\\framework\\src\\Illuminate\\Foundation\\Http\\Middleware\\TransformsRequest.php(21): Illuminate\\Pipeline\\Pipeline->Illuminate\\Pipeline\\{closure}(Object(Illuminate\\Http\\Request))
#35 C:\\laragon\\www\\es_ldcu2\\vendor\\laravel\\framework\\src\\Illuminate\\Pipeline\\Pipeline.php(171): Illuminate\\Foundation\\Http\\Middleware\\TransformsRequest->handle(Object(Illuminate\\Http\\Request), Object(Closure))
#36 C:\\laragon\\www\\es_ldcu2\\vendor\\laravel\\framework\\src\\Illuminate\\Foundation\\Http\\Middleware\\TransformsRequest.php(21): Illuminate\\Pipeline\\Pipeline->Illuminate\\Pipeline\\{closure}(Object(Illuminate\\Http\\Request))
#37 C:\\laragon\\www\\es_ldcu2\\vendor\\laravel\\framework\\src\\Illuminate\\Pipeline\\Pipeline.php(171): Illuminate\\Foundation\\Http\\Middleware\\TransformsRequest->handle(Object(Illuminate\\Http\\Request), Object(Closure))
#38 C:\\laragon\\www\\es_ldcu2\\vendor\\laravel\\framework\\src\\Illuminate\\Foundation\\Http\\Middleware\\ValidatePostSize.php(27): Illuminate\\Pipeline\\Pipeline->Illuminate\\Pipeline\\{closure}(Object(Illuminate\\Http\\Request))
#39 C:\\laragon\\www\\es_ldcu2\\vendor\\laravel\\framework\\src\\Illuminate\\Pipeline\\Pipeline.php(171): Illuminate\\Foundation\\Http\\Middleware\\ValidatePostSize->handle(Object(Illuminate\\Http\\Request), Object(Closure))
#40 C:\\laragon\\www\\es_ldcu2\\vendor\\laravel\\framework\\src\\Illuminate\\Foundation\\Http\\Middleware\\CheckForMaintenanceMode.php(63): Illuminate\\Pipeline\\Pipeline->Illuminate\\Pipeline\\{closure}(Object(Illuminate\\Http\\Request))
#41 C:\\laragon\\www\\es_ldcu2\\vendor\\laravel\\framework\\src\\Illuminate\\Pipeline\\Pipeline.php(171): Illuminate\\Foundation\\Http\\Middleware\\CheckForMaintenanceMode->handle(Object(Illuminate\\Http\\Request), Object(Closure))
#42 C:\\laragon\\www\\es_ldcu2\\vendor\\fideloper\\proxy\\src\\TrustProxies.php(57): Illuminate\\Pipeline\\Pipeline->Illuminate\\Pipeline\\{closure}(Object(Illuminate\\Http\\Request))
#43 C:\\laragon\\www\\es_ldcu2\\vendor\\laravel\\framework\\src\\Illuminate\\Pipeline\\Pipeline.php(171): Fideloper\\Proxy\\TrustProxies->handle(Object(Illuminate\\Http\\Request), Object(Closure))
#44 C:\\laragon\\www\\es_ldcu2\\vendor\\laravel\\framework\\src\\Illuminate\\Pipeline\\Pipeline.php(105): Illuminate\\Pipeline\\Pipeline->Illuminate\\Pipeline\\{closure}(Object(Illuminate\\Http\\Request))
#45 C:\\laragon\\www\\es_ldcu2\\vendor\\laravel\\framework\\src\\Illuminate\\Foundation\\Http\\Kernel.php(145): Illuminate\\Pipeline\\Pipeline->then(Object(Closure))
#46 C:\\laragon\\www\\es_ldcu2\\vendor\\laravel\\framework\\src\\Illuminate\\Foundation\\Http\\Kernel.php(110): Illuminate\\Foundation\\Http\\Kernel->sendRequestThroughRouter(Object(Illuminate\\Http\\Request))
#47 C:\\laragon\\www\\es_ldcu2\\public\\index.php(55): Illuminate\\Foundation\\Http\\Kernel->handle(Object(Illuminate\\Http\\Request))
#48 C:\\laragon\\www\\es_ldcu2\\server.php(21): require_once('C:\\\\laragon\\\\www\\\\...')
#49 {main}

[previous exception] [object] (ErrorException(code: 0): Trying to get property 'sectionname' of non-object at C:\\laragon\\www\\es_ldcu2\\storage\\framework\\views\\e9fb05b7e2da42a09e321f4862534db12a8eda51.php:281)
[stacktrace]
#0 C:\\laragon\\www\\es_ldcu2\\storage\\framework\\views\\e9fb05b7e2da42a09e321f4862534db12a8eda51.php(281): Illuminate\\Foundation\\Bootstrap\\HandleExceptions->handleError(8, 'Trying to get p...', 'C:\\\\laragon\\\\www\\\\...', 281, Array)
#1 C:\\laragon\\www\\es_ldcu2\\vendor\\laravel\\framework\\src\\Illuminate\\View\\Engines\\PhpEngine.php(43): include('C:\\\\laragon\\\\www\\\\...')
#2 C:\\laragon\\www\\es_ldcu2\\vendor\\laravel\\framework\\src\\Illuminate\\View\\Engines\\CompilerEngine.php(59): Illuminate\\View\\Engines\\PhpEngine->evaluatePath('C:\\\\laragon\\\\www\\\\...', Array)
#3 C:\\laragon\\www\\es_ldcu2\\vendor\\facade\\ignition\\src\\Views\\Engines\\CompilerEngine.php(36): Illuminate\\View\\Engines\\CompilerEngine->get('C:\\\\laragon\\\\www\\\\...', Array)
#4 C:\\laragon\\www\\es_ldcu2\\vendor\\laravel\\framework\\src\\Illuminate\\View\\View.php(143): Facade\\Ignition\\Views\\Engines\\CompilerEngine->get('C:\\\\laragon\\\\www\\\\...', Array)
#5 C:\\laragon\\www\\es_ldcu2\\vendor\\laravel\\framework\\src\\Illuminate\\View\\View.php(126): Illuminate\\View\\View->getContents()
#6 C:\\laragon\\www\\es_ldcu2\\vendor\\laravel\\framework\\src\\Illuminate\\View\\View.php(91): Illuminate\\View\\View->renderContents()
#7 C:\\laragon\\www\\es_ldcu2\\vendor\\barryvdh\\laravel-dompdf\\src\\PDF.php(132): Illuminate\\View\\View->render()
#8 C:\\laragon\\www\\es_ldcu2\\app\\Http\\Controllers\\Migration\\RegistrarMigration.php(689): Barryvdh\\DomPDF\\PDF->loadView('principalsporta...', Array)
#9 C:\\laragon\\www\\es_ldcu2\\vendor\\laravel\\framework\\src\\Illuminate\\Routing\\Controller.php(54): App\\Http\\Controllers\\Migration\\RegistrarMigration->downloadSf9MasterlistBatch(Object(Illuminate\\Http\\Request))
#10 C:\\laragon\\www\\es_ldcu2\\vendor\\laravel\\framework\\src\\Illuminate\\Routing\\ControllerDispatcher.php(45): Illuminate\\Routing\\Controller->callAction('downloadSf9Mast...', Array)
#11 C:\\laragon\\www\\es_ldcu2\\vendor\\laravel\\framework\\src\\Illuminate\\Routing\\Route.php(219): Illuminate\\Routing\\ControllerDispatcher->dispatch(Object(Illuminate\\Routing\\Route), Object(App\\Http\\Controllers\\Migration\\RegistrarMigration), 'downloadSf9Mast...')
#12 C:\\laragon\\www\\es_ldcu2\\vendor\\laravel\\framework\\src\\Illuminate\\Routing\\Route.php(176): Illuminate\\Routing\\Route->runController()
#13 C:\\laragon\\www\\es_ldcu2\\vendor\\laravel\\framework\\src\\Illuminate\\Routing\\Router.php(681): Illuminate\\Routing\\Route->run()
#14 C:\\laragon\\www\\es_ldcu2\\vendor\\laravel\\framework\\src\\Illuminate\\Pipeline\\Pipeline.php(130): Illuminate\\Routing\\Router->Illuminate\\Routing\\{closure}(Object(Illuminate\\Http\\Request))
#15 C:\\laragon\\www\\es_ldcu2\\vendor\\laravel\\framework\\src\\Illuminate\\Routing\\Middleware\\SubstituteBindings.php(41): Illuminate\\Pipeline\\Pipeline->Illuminate\\Pipeline\\{closure}(Object(Illuminate\\Http\\Request))
#16 C:\\laragon\\www\\es_ldcu2\\vendor\\laravel\\framework\\src\\Illuminate\\Pipeline\\Pipeline.php(171): Illuminate\\Routing\\Middleware\\SubstituteBindings->handle(Object(Illuminate\\Http\\Request), Object(Closure))
#17 C:\\laragon\\www\\es_ldcu2\\vendor\\laravel\\framework\\src\\Illuminate\\Foundation\\Http\\Middleware\\VerifyCsrfToken.php(78): Illuminate\\Pipeline\\Pipeline->Illuminate\\Pipeline\\{closure}(Object(Illuminate\\Http\\Request))
#18 C:\\laragon\\www\\es_ldcu2\\vendor\\laravel\\framework\\src\\Illuminate\\Pipeline\\Pipeline.php(171): Illuminate\\Foundation\\Http\\Middleware\\VerifyCsrfToken->handle(Object(Illuminate\\Http\\Request), Object(Closure))
#19 C:\\laragon\\www\\es_ldcu2\\vendor\\laravel\\framework\\src\\Illuminate\\View\\Middleware\\ShareErrorsFromSession.php(49): Illuminate\\Pipeline\\Pipeline->Illuminate\\Pipeline\\{closure}(Object(Illuminate\\Http\\Request))
#20 C:\\laragon\\www\\es_ldcu2\\vendor\\laravel\\framework\\src\\Illuminate\\Pipeline\\Pipeline.php(171): Illuminate\\View\\Middleware\\ShareErrorsFromSession->handle(Object(Illuminate\\Http\\Request), Object(Closure))
#21 C:\\laragon\\www\\es_ldcu2\\vendor\\laravel\\framework\\src\\Illuminate\\Session\\Middleware\\StartSession.php(56): Illuminate\\Pipeline\\Pipeline->Illuminate\\Pipeline\\{closure}(Object(Illuminate\\Http\\Request))
#22 C:\\laragon\\www\\es_ldcu2\\vendor\\laravel\\framework\\src\\Illuminate\\Pipeline\\Pipeline.php(171): Illuminate\\Session\\Middleware\\StartSession->handle(Object(Illuminate\\Http\\Request), Object(Closure))
#23 C:\\laragon\\www\\es_ldcu2\\vendor\\laravel\\framework\\src\\Illuminate\\Cookie\\Middleware\\AddQueuedCookiesToResponse.php(37): Illuminate\\Pipeline\\Pipeline->Illuminate\\Pipeline\\{closure}(Object(Illuminate\\Http\\Request))
#24 C:\\laragon\\www\\es_ldcu2\\vendor\\laravel\\framework\\src\\Illuminate\\Pipeline\\Pipeline.php(171): Illuminate\\Cookie\\Middleware\\AddQueuedCookiesToResponse->handle(Object(Illuminate\\Http\\Request), Object(Closure))
#25 C:\\laragon\\www\\es_ldcu2\\vendor\\laravel\\framework\\src\\Illuminate\\Cookie\\Middleware\\EncryptCookies.php(67): Illuminate\\Pipeline\\Pipeline->Illuminate\\Pipeline\\{closure}(Object(Illuminate\\Http\\Request))
#26 C:\\laragon\\www\\es_ldcu2\\vendor\\laravel\\framework\\src\\Illuminate\\Pipeline\\Pipeline.php(171): Illuminate\\Cookie\\Middleware\\EncryptCookies->handle(Object(Illuminate\\Http\\Request), Object(Closure))
#27 C:\\laragon\\www\\es_ldcu2\\vendor\\laravel\\framework\\src\\Illuminate\\Pipeline\\Pipeline.php(105): Illuminate\\Pipeline\\Pipeline->Illuminate\\Pipeline\\{closure}(Object(Illuminate\\Http\\Request))
#28 C:\\laragon\\www\\es_ldcu2\\vendor\\laravel\\framework\\src\\Illuminate\\Routing\\Router.php(683): Illuminate\\Pipeline\\Pipeline->then(Object(Closure))
#29 C:\\laragon\\www\\es_ldcu2\\vendor\\laravel\\framework\\src\\Illuminate\\Routing\\Router.php(658): Illuminate\\Routing\\Router->runRouteWithinStack(Object(Illuminate\\Routing\\Route), Object(Illuminate\\Http\\Request))
#30 C:\\laragon\\www\\es_ldcu2\\vendor\\laravel\\framework\\src\\Illuminate\\Routing\\Router.php(624): Illuminate\\Routing\\Router->runRoute(Object(Illuminate\\Http\\Request), Object(Illuminate\\Routing\\Route))
#31 C:\\laragon\\www\\es_ldcu2\\vendor\\laravel\\framework\\src\\Illuminate\\Routing\\Router.php(613): Illuminate\\Routing\\Router->dispatchToRoute(Object(Illuminate\\Http\\Request))
#32 C:\\laragon\\www\\es_ldcu2\\vendor\\laravel\\framework\\src\\Illuminate\\Foundation\\Http\\Kernel.php(170): Illuminate\\Routing\\Router->dispatch(Object(Illuminate\\Http\\Request))
#33 C:\\laragon\\www\\es_ldcu2\\vendor\\laravel\\framework\\src\\Illuminate\\Pipeline\\Pipeline.php(130): Illuminate\\Foundation\\Http\\Kernel->Illuminate\\Foundation\\Http\\{closure}(Object(Illuminate\\Http\\Request))
#34 C:\\laragon\\www\\es_ldcu2\\vendor\\laravel\\framework\\src\\Illuminate\\Foundation\\Http\\Middleware\\TransformsRequest.php(21): Illuminate\\Pipeline\\Pipeline->Illuminate\\Pipeline\\{closure}(Object(Illuminate\\Http\\Request))
#35 C:\\laragon\\www\\es_ldcu2\\vendor\\laravel\\framework\\src\\Illuminate\\Pipeline\\Pipeline.php(171): Illuminate\\Foundation\\Http\\Middleware\\TransformsRequest->handle(Object(Illuminate\\Http\\Request), Object(Closure))
#36 C:\\laragon\\www\\es_ldcu2\\vendor\\laravel\\framework\\src\\Illuminate\\Foundation\\Http\\Middleware\\TransformsRequest.php(21): Illuminate\\Pipeline\\Pipeline->Illuminate\\Pipeline\\{closure}(Object(Illuminate\\Http\\Request))
#37 C:\\laragon\\www\\es_ldcu2\\vendor\\laravel\\framework\\src\\Illuminate\\Pipeline\\Pipeline.php(171): Illuminate\\Foundation\\Http\\Middleware\\TransformsRequest->handle(Object(Illuminate\\Http\\Request), Object(Closure))
#38 C:\\laragon\\www\\es_ldcu2\\vendor\\laravel\\framework\\src\\Illuminate\\Foundation\\Http\\Middleware\\ValidatePostSize.php(27): Illuminate\\Pipeline\\Pipeline->Illuminate\\Pipeline\\{closure}(Object(Illuminate\\Http\\Request))
#39 C:\\laragon\\www\\es_ldcu2\\vendor\\laravel\\framework\\src\\Illuminate\\Pipeline\\Pipeline.php(171): Illuminate\\Foundation\\Http\\Middleware\\ValidatePostSize->handle(Object(Illuminate\\Http\\Request), Object(Closure))
#40 C:\\laragon\\www\\es_ldcu2\\vendor\\laravel\\framework\\src\\Illuminate\\Foundation\\Http\\Middleware\\CheckForMaintenanceMode.php(63): Illuminate\\Pipeline\\Pipeline->Illuminate\\Pipeline\\{closure}(Object(Illuminate\\Http\\Request))
#41 C:\\laragon\\www\\es_ldcu2\\vendor\\laravel\\framework\\src\\Illuminate\\Pipeline\\Pipeline.php(171): Illuminate\\Foundation\\Http\\Middleware\\CheckForMaintenanceMode->handle(Object(Illuminate\\Http\\Request), Object(Closure))
#42 C:\\laragon\\www\\es_ldcu2\\vendor\\fideloper\\proxy\\src\\TrustProxies.php(57): Illuminate\\Pipeline\\Pipeline->Illuminate\\Pipeline\\{closure}(Object(Illuminate\\Http\\Request))
#43 C:\\laragon\\www\\es_ldcu2\\vendor\\laravel\\framework\\src\\Illuminate\\Pipeline\\Pipeline.php(171): Fideloper\\Proxy\\TrustProxies->handle(Object(Illuminate\\Http\\Request), Object(Closure))
#44 C:\\laragon\\www\\es_ldcu2\\vendor\\laravel\\framework\\src\\Illuminate\\Pipeline\\Pipeline.php(105): Illuminate\\Pipeline\\Pipeline->Illuminate\\Pipeline\\{closure}(Object(Illuminate\\Http\\Request))
#45 C:\\laragon\\www\\es_ldcu2\\vendor\\laravel\\framework\\src\\Illuminate\\Foundation\\Http\\Kernel.php(145): Illuminate\\Pipeline\\Pipeline->then(Object(Closure))
#46 C:\\laragon\\www\\es_ldcu2\\vendor\\laravel\\framework\\src\\Illuminate\\Foundation\\Http\\Kernel.php(110): Illuminate\\Foundation\\Http\\Kernel->sendRequestThroughRouter(Object(Illuminate\\Http\\Request))
#47 C:\\laragon\\www\\es_ldcu2\\public\\index.php(55): Illuminate\\Foundation\\Http\\Kernel->handle(Object(Illuminate\\Http\\Request))
#48 C:\\laragon\\www\\es_ldcu2\\server.php(21): require_once('C:\\\\laragon\\\\www\\\\...')
#49 {main}
"} 
[2025-07-14 06:56:43] local.INFO: Section: HONESTY, acadprogid: 4  
[2025-07-14 06:56:43] local.INFO: Active template DB result: {"templatepath":"principalsportal.forms.sf9layout.ica.jhs"}  
[2025-07-14 06:56:43] local.INFO: Final template to use: principalsportal.forms.sf9layout.ica.jhs  
[2025-07-14 06:56:43] local.ERROR: Trying to get property 'sectionname' of non-object (View: C:\laragon\www\es_ldcu2\resources\views\principalsportal\forms\sf9layout\ica\jhs.blade.php) {"userId":1,"exception":"[object] (Facade\\Ignition\\Exceptions\\ViewException(code: 0): Trying to get property 'sectionname' of non-object (View: C:\\laragon\\www\\es_ldcu2\\resources\\views\\principalsportal\\forms\\sf9layout\\ica\\jhs.blade.php) at C:\\laragon\\www\\es_ldcu2\\resources\\views/principalsportal/forms/sf9layout/ica/jhs.blade.php:277)
[stacktrace]
#0 C:\\laragon\\www\\es_ldcu2\\resources\\views/principalsportal/forms/sf9layout/ica/jhs.blade.php(277): Illuminate\\Foundation\\Bootstrap\\HandleExceptions->handleError(8, 'Trying to get p...', 'C:\\\\laragon\\\\www\\\\...', 281, Array)
#1 C:\\laragon\\www\\es_ldcu2\\vendor\\laravel\\framework\\src\\Illuminate\\View\\Engines\\PhpEngine.php(43): include('C:\\\\laragon\\\\www\\\\...')
#2 C:\\laragon\\www\\es_ldcu2\\vendor\\laravel\\framework\\src\\Illuminate\\View\\Engines\\CompilerEngine.php(59): Illuminate\\View\\Engines\\PhpEngine->evaluatePath('C:\\\\laragon\\\\www\\\\...', Array)
#3 C:\\laragon\\www\\es_ldcu2\\vendor\\facade\\ignition\\src\\Views\\Engines\\CompilerEngine.php(36): Illuminate\\View\\Engines\\CompilerEngine->get('C:\\\\laragon\\\\www\\\\...', Array)
#4 C:\\laragon\\www\\es_ldcu2\\vendor\\laravel\\framework\\src\\Illuminate\\View\\View.php(143): Facade\\Ignition\\Views\\Engines\\CompilerEngine->get('C:\\\\laragon\\\\www\\\\...', Array)
#5 C:\\laragon\\www\\es_ldcu2\\vendor\\laravel\\framework\\src\\Illuminate\\View\\View.php(126): Illuminate\\View\\View->getContents()
#6 C:\\laragon\\www\\es_ldcu2\\vendor\\laravel\\framework\\src\\Illuminate\\View\\View.php(91): Illuminate\\View\\View->renderContents()
#7 C:\\laragon\\www\\es_ldcu2\\vendor\\barryvdh\\laravel-dompdf\\src\\PDF.php(132): Illuminate\\View\\View->render()
#8 C:\\laragon\\www\\es_ldcu2\\app\\Http\\Controllers\\Migration\\RegistrarMigration.php(687): Barryvdh\\DomPDF\\PDF->loadView('principalsporta...', Array)
#9 C:\\laragon\\www\\es_ldcu2\\vendor\\laravel\\framework\\src\\Illuminate\\Routing\\Controller.php(54): App\\Http\\Controllers\\Migration\\RegistrarMigration->downloadSf9MasterlistBatch(Object(Illuminate\\Http\\Request))
#10 C:\\laragon\\www\\es_ldcu2\\vendor\\laravel\\framework\\src\\Illuminate\\Routing\\ControllerDispatcher.php(45): Illuminate\\Routing\\Controller->callAction('downloadSf9Mast...', Array)
#11 C:\\laragon\\www\\es_ldcu2\\vendor\\laravel\\framework\\src\\Illuminate\\Routing\\Route.php(219): Illuminate\\Routing\\ControllerDispatcher->dispatch(Object(Illuminate\\Routing\\Route), Object(App\\Http\\Controllers\\Migration\\RegistrarMigration), 'downloadSf9Mast...')
#12 C:\\laragon\\www\\es_ldcu2\\vendor\\laravel\\framework\\src\\Illuminate\\Routing\\Route.php(176): Illuminate\\Routing\\Route->runController()
#13 C:\\laragon\\www\\es_ldcu2\\vendor\\laravel\\framework\\src\\Illuminate\\Routing\\Router.php(681): Illuminate\\Routing\\Route->run()
#14 C:\\laragon\\www\\es_ldcu2\\vendor\\laravel\\framework\\src\\Illuminate\\Pipeline\\Pipeline.php(130): Illuminate\\Routing\\Router->Illuminate\\Routing\\{closure}(Object(Illuminate\\Http\\Request))
#15 C:\\laragon\\www\\es_ldcu2\\vendor\\laravel\\framework\\src\\Illuminate\\Routing\\Middleware\\SubstituteBindings.php(41): Illuminate\\Pipeline\\Pipeline->Illuminate\\Pipeline\\{closure}(Object(Illuminate\\Http\\Request))
#16 C:\\laragon\\www\\es_ldcu2\\vendor\\laravel\\framework\\src\\Illuminate\\Pipeline\\Pipeline.php(171): Illuminate\\Routing\\Middleware\\SubstituteBindings->handle(Object(Illuminate\\Http\\Request), Object(Closure))
#17 C:\\laragon\\www\\es_ldcu2\\vendor\\laravel\\framework\\src\\Illuminate\\Foundation\\Http\\Middleware\\VerifyCsrfToken.php(78): Illuminate\\Pipeline\\Pipeline->Illuminate\\Pipeline\\{closure}(Object(Illuminate\\Http\\Request))
#18 C:\\laragon\\www\\es_ldcu2\\vendor\\laravel\\framework\\src\\Illuminate\\Pipeline\\Pipeline.php(171): Illuminate\\Foundation\\Http\\Middleware\\VerifyCsrfToken->handle(Object(Illuminate\\Http\\Request), Object(Closure))
#19 C:\\laragon\\www\\es_ldcu2\\vendor\\laravel\\framework\\src\\Illuminate\\View\\Middleware\\ShareErrorsFromSession.php(49): Illuminate\\Pipeline\\Pipeline->Illuminate\\Pipeline\\{closure}(Object(Illuminate\\Http\\Request))
#20 C:\\laragon\\www\\es_ldcu2\\vendor\\laravel\\framework\\src\\Illuminate\\Pipeline\\Pipeline.php(171): Illuminate\\View\\Middleware\\ShareErrorsFromSession->handle(Object(Illuminate\\Http\\Request), Object(Closure))
#21 C:\\laragon\\www\\es_ldcu2\\vendor\\laravel\\framework\\src\\Illuminate\\Session\\Middleware\\StartSession.php(56): Illuminate\\Pipeline\\Pipeline->Illuminate\\Pipeline\\{closure}(Object(Illuminate\\Http\\Request))
#22 C:\\laragon\\www\\es_ldcu2\\vendor\\laravel\\framework\\src\\Illuminate\\Pipeline\\Pipeline.php(171): Illuminate\\Session\\Middleware\\StartSession->handle(Object(Illuminate\\Http\\Request), Object(Closure))
#23 C:\\laragon\\www\\es_ldcu2\\vendor\\laravel\\framework\\src\\Illuminate\\Cookie\\Middleware\\AddQueuedCookiesToResponse.php(37): Illuminate\\Pipeline\\Pipeline->Illuminate\\Pipeline\\{closure}(Object(Illuminate\\Http\\Request))
#24 C:\\laragon\\www\\es_ldcu2\\vendor\\laravel\\framework\\src\\Illuminate\\Pipeline\\Pipeline.php(171): Illuminate\\Cookie\\Middleware\\AddQueuedCookiesToResponse->handle(Object(Illuminate\\Http\\Request), Object(Closure))
#25 C:\\laragon\\www\\es_ldcu2\\vendor\\laravel\\framework\\src\\Illuminate\\Cookie\\Middleware\\EncryptCookies.php(67): Illuminate\\Pipeline\\Pipeline->Illuminate\\Pipeline\\{closure}(Object(Illuminate\\Http\\Request))
#26 C:\\laragon\\www\\es_ldcu2\\vendor\\laravel\\framework\\src\\Illuminate\\Pipeline\\Pipeline.php(171): Illuminate\\Cookie\\Middleware\\EncryptCookies->handle(Object(Illuminate\\Http\\Request), Object(Closure))
#27 C:\\laragon\\www\\es_ldcu2\\vendor\\laravel\\framework\\src\\Illuminate\\Pipeline\\Pipeline.php(105): Illuminate\\Pipeline\\Pipeline->Illuminate\\Pipeline\\{closure}(Object(Illuminate\\Http\\Request))
#28 C:\\laragon\\www\\es_ldcu2\\vendor\\laravel\\framework\\src\\Illuminate\\Routing\\Router.php(683): Illuminate\\Pipeline\\Pipeline->then(Object(Closure))
#29 C:\\laragon\\www\\es_ldcu2\\vendor\\laravel\\framework\\src\\Illuminate\\Routing\\Router.php(658): Illuminate\\Routing\\Router->runRouteWithinStack(Object(Illuminate\\Routing\\Route), Object(Illuminate\\Http\\Request))
#30 C:\\laragon\\www\\es_ldcu2\\vendor\\laravel\\framework\\src\\Illuminate\\Routing\\Router.php(624): Illuminate\\Routing\\Router->runRoute(Object(Illuminate\\Http\\Request), Object(Illuminate\\Routing\\Route))
#31 C:\\laragon\\www\\es_ldcu2\\vendor\\laravel\\framework\\src\\Illuminate\\Routing\\Router.php(613): Illuminate\\Routing\\Router->dispatchToRoute(Object(Illuminate\\Http\\Request))
#32 C:\\laragon\\www\\es_ldcu2\\vendor\\laravel\\framework\\src\\Illuminate\\Foundation\\Http\\Kernel.php(170): Illuminate\\Routing\\Router->dispatch(Object(Illuminate\\Http\\Request))
#33 C:\\laragon\\www\\es_ldcu2\\vendor\\laravel\\framework\\src\\Illuminate\\Pipeline\\Pipeline.php(130): Illuminate\\Foundation\\Http\\Kernel->Illuminate\\Foundation\\Http\\{closure}(Object(Illuminate\\Http\\Request))
#34 C:\\laragon\\www\\es_ldcu2\\vendor\\laravel\\framework\\src\\Illuminate\\Foundation\\Http\\Middleware\\TransformsRequest.php(21): Illuminate\\Pipeline\\Pipeline->Illuminate\\Pipeline\\{closure}(Object(Illuminate\\Http\\Request))
#35 C:\\laragon\\www\\es_ldcu2\\vendor\\laravel\\framework\\src\\Illuminate\\Pipeline\\Pipeline.php(171): Illuminate\\Foundation\\Http\\Middleware\\TransformsRequest->handle(Object(Illuminate\\Http\\Request), Object(Closure))
#36 C:\\laragon\\www\\es_ldcu2\\vendor\\laravel\\framework\\src\\Illuminate\\Foundation\\Http\\Middleware\\TransformsRequest.php(21): Illuminate\\Pipeline\\Pipeline->Illuminate\\Pipeline\\{closure}(Object(Illuminate\\Http\\Request))
#37 C:\\laragon\\www\\es_ldcu2\\vendor\\laravel\\framework\\src\\Illuminate\\Pipeline\\Pipeline.php(171): Illuminate\\Foundation\\Http\\Middleware\\TransformsRequest->handle(Object(Illuminate\\Http\\Request), Object(Closure))
#38 C:\\laragon\\www\\es_ldcu2\\vendor\\laravel\\framework\\src\\Illuminate\\Foundation\\Http\\Middleware\\ValidatePostSize.php(27): Illuminate\\Pipeline\\Pipeline->Illuminate\\Pipeline\\{closure}(Object(Illuminate\\Http\\Request))
#39 C:\\laragon\\www\\es_ldcu2\\vendor\\laravel\\framework\\src\\Illuminate\\Pipeline\\Pipeline.php(171): Illuminate\\Foundation\\Http\\Middleware\\ValidatePostSize->handle(Object(Illuminate\\Http\\Request), Object(Closure))
#40 C:\\laragon\\www\\es_ldcu2\\vendor\\laravel\\framework\\src\\Illuminate\\Foundation\\Http\\Middleware\\CheckForMaintenanceMode.php(63): Illuminate\\Pipeline\\Pipeline->Illuminate\\Pipeline\\{closure}(Object(Illuminate\\Http\\Request))
#41 C:\\laragon\\www\\es_ldcu2\\vendor\\laravel\\framework\\src\\Illuminate\\Pipeline\\Pipeline.php(171): Illuminate\\Foundation\\Http\\Middleware\\CheckForMaintenanceMode->handle(Object(Illuminate\\Http\\Request), Object(Closure))
#42 C:\\laragon\\www\\es_ldcu2\\vendor\\fideloper\\proxy\\src\\TrustProxies.php(57): Illuminate\\Pipeline\\Pipeline->Illuminate\\Pipeline\\{closure}(Object(Illuminate\\Http\\Request))
#43 C:\\laragon\\www\\es_ldcu2\\vendor\\laravel\\framework\\src\\Illuminate\\Pipeline\\Pipeline.php(171): Fideloper\\Proxy\\TrustProxies->handle(Object(Illuminate\\Http\\Request), Object(Closure))
#44 C:\\laragon\\www\\es_ldcu2\\vendor\\laravel\\framework\\src\\Illuminate\\Pipeline\\Pipeline.php(105): Illuminate\\Pipeline\\Pipeline->Illuminate\\Pipeline\\{closure}(Object(Illuminate\\Http\\Request))
#45 C:\\laragon\\www\\es_ldcu2\\vendor\\laravel\\framework\\src\\Illuminate\\Foundation\\Http\\Kernel.php(145): Illuminate\\Pipeline\\Pipeline->then(Object(Closure))
#46 C:\\laragon\\www\\es_ldcu2\\vendor\\laravel\\framework\\src\\Illuminate\\Foundation\\Http\\Kernel.php(110): Illuminate\\Foundation\\Http\\Kernel->sendRequestThroughRouter(Object(Illuminate\\Http\\Request))
#47 C:\\laragon\\www\\es_ldcu2\\public\\index.php(55): Illuminate\\Foundation\\Http\\Kernel->handle(Object(Illuminate\\Http\\Request))
#48 C:\\laragon\\www\\es_ldcu2\\server.php(21): require_once('C:\\\\laragon\\\\www\\\\...')
#49 {main}

[previous exception] [object] (ErrorException(code: 0): Trying to get property 'sectionname' of non-object at C:\\laragon\\www\\es_ldcu2\\storage\\framework\\views\\e9fb05b7e2da42a09e321f4862534db12a8eda51.php:281)
[stacktrace]
#0 C:\\laragon\\www\\es_ldcu2\\storage\\framework\\views\\e9fb05b7e2da42a09e321f4862534db12a8eda51.php(281): Illuminate\\Foundation\\Bootstrap\\HandleExceptions->handleError(8, 'Trying to get p...', 'C:\\\\laragon\\\\www\\\\...', 281, Array)
#1 C:\\laragon\\www\\es_ldcu2\\vendor\\laravel\\framework\\src\\Illuminate\\View\\Engines\\PhpEngine.php(43): include('C:\\\\laragon\\\\www\\\\...')
#2 C:\\laragon\\www\\es_ldcu2\\vendor\\laravel\\framework\\src\\Illuminate\\View\\Engines\\CompilerEngine.php(59): Illuminate\\View\\Engines\\PhpEngine->evaluatePath('C:\\\\laragon\\\\www\\\\...', Array)
#3 C:\\laragon\\www\\es_ldcu2\\vendor\\facade\\ignition\\src\\Views\\Engines\\CompilerEngine.php(36): Illuminate\\View\\Engines\\CompilerEngine->get('C:\\\\laragon\\\\www\\\\...', Array)
#4 C:\\laragon\\www\\es_ldcu2\\vendor\\laravel\\framework\\src\\Illuminate\\View\\View.php(143): Facade\\Ignition\\Views\\Engines\\CompilerEngine->get('C:\\\\laragon\\\\www\\\\...', Array)
#5 C:\\laragon\\www\\es_ldcu2\\vendor\\laravel\\framework\\src\\Illuminate\\View\\View.php(126): Illuminate\\View\\View->getContents()
#6 C:\\laragon\\www\\es_ldcu2\\vendor\\laravel\\framework\\src\\Illuminate\\View\\View.php(91): Illuminate\\View\\View->renderContents()
#7 C:\\laragon\\www\\es_ldcu2\\vendor\\barryvdh\\laravel-dompdf\\src\\PDF.php(132): Illuminate\\View\\View->render()
#8 C:\\laragon\\www\\es_ldcu2\\app\\Http\\Controllers\\Migration\\RegistrarMigration.php(687): Barryvdh\\DomPDF\\PDF->loadView('principalsporta...', Array)
#9 C:\\laragon\\www\\es_ldcu2\\vendor\\laravel\\framework\\src\\Illuminate\\Routing\\Controller.php(54): App\\Http\\Controllers\\Migration\\RegistrarMigration->downloadSf9MasterlistBatch(Object(Illuminate\\Http\\Request))
#10 C:\\laragon\\www\\es_ldcu2\\vendor\\laravel\\framework\\src\\Illuminate\\Routing\\ControllerDispatcher.php(45): Illuminate\\Routing\\Controller->callAction('downloadSf9Mast...', Array)
#11 C:\\laragon\\www\\es_ldcu2\\vendor\\laravel\\framework\\src\\Illuminate\\Routing\\Route.php(219): Illuminate\\Routing\\ControllerDispatcher->dispatch(Object(Illuminate\\Routing\\Route), Object(App\\Http\\Controllers\\Migration\\RegistrarMigration), 'downloadSf9Mast...')
#12 C:\\laragon\\www\\es_ldcu2\\vendor\\laravel\\framework\\src\\Illuminate\\Routing\\Route.php(176): Illuminate\\Routing\\Route->runController()
#13 C:\\laragon\\www\\es_ldcu2\\vendor\\laravel\\framework\\src\\Illuminate\\Routing\\Router.php(681): Illuminate\\Routing\\Route->run()
#14 C:\\laragon\\www\\es_ldcu2\\vendor\\laravel\\framework\\src\\Illuminate\\Pipeline\\Pipeline.php(130): Illuminate\\Routing\\Router->Illuminate\\Routing\\{closure}(Object(Illuminate\\Http\\Request))
#15 C:\\laragon\\www\\es_ldcu2\\vendor\\laravel\\framework\\src\\Illuminate\\Routing\\Middleware\\SubstituteBindings.php(41): Illuminate\\Pipeline\\Pipeline->Illuminate\\Pipeline\\{closure}(Object(Illuminate\\Http\\Request))
#16 C:\\laragon\\www\\es_ldcu2\\vendor\\laravel\\framework\\src\\Illuminate\\Pipeline\\Pipeline.php(171): Illuminate\\Routing\\Middleware\\SubstituteBindings->handle(Object(Illuminate\\Http\\Request), Object(Closure))
#17 C:\\laragon\\www\\es_ldcu2\\vendor\\laravel\\framework\\src\\Illuminate\\Foundation\\Http\\Middleware\\VerifyCsrfToken.php(78): Illuminate\\Pipeline\\Pipeline->Illuminate\\Pipeline\\{closure}(Object(Illuminate\\Http\\Request))
#18 C:\\laragon\\www\\es_ldcu2\\vendor\\laravel\\framework\\src\\Illuminate\\Pipeline\\Pipeline.php(171): Illuminate\\Foundation\\Http\\Middleware\\VerifyCsrfToken->handle(Object(Illuminate\\Http\\Request), Object(Closure))
#19 C:\\laragon\\www\\es_ldcu2\\vendor\\laravel\\framework\\src\\Illuminate\\View\\Middleware\\ShareErrorsFromSession.php(49): Illuminate\\Pipeline\\Pipeline->Illuminate\\Pipeline\\{closure}(Object(Illuminate\\Http\\Request))
#20 C:\\laragon\\www\\es_ldcu2\\vendor\\laravel\\framework\\src\\Illuminate\\Pipeline\\Pipeline.php(171): Illuminate\\View\\Middleware\\ShareErrorsFromSession->handle(Object(Illuminate\\Http\\Request), Object(Closure))
#21 C:\\laragon\\www\\es_ldcu2\\vendor\\laravel\\framework\\src\\Illuminate\\Session\\Middleware\\StartSession.php(56): Illuminate\\Pipeline\\Pipeline->Illuminate\\Pipeline\\{closure}(Object(Illuminate\\Http\\Request))
#22 C:\\laragon\\www\\es_ldcu2\\vendor\\laravel\\framework\\src\\Illuminate\\Pipeline\\Pipeline.php(171): Illuminate\\Session\\Middleware\\StartSession->handle(Object(Illuminate\\Http\\Request), Object(Closure))
#23 C:\\laragon\\www\\es_ldcu2\\vendor\\laravel\\framework\\src\\Illuminate\\Cookie\\Middleware\\AddQueuedCookiesToResponse.php(37): Illuminate\\Pipeline\\Pipeline->Illuminate\\Pipeline\\{closure}(Object(Illuminate\\Http\\Request))
#24 C:\\laragon\\www\\es_ldcu2\\vendor\\laravel\\framework\\src\\Illuminate\\Pipeline\\Pipeline.php(171): Illuminate\\Cookie\\Middleware\\AddQueuedCookiesToResponse->handle(Object(Illuminate\\Http\\Request), Object(Closure))
#25 C:\\laragon\\www\\es_ldcu2\\vendor\\laravel\\framework\\src\\Illuminate\\Cookie\\Middleware\\EncryptCookies.php(67): Illuminate\\Pipeline\\Pipeline->Illuminate\\Pipeline\\{closure}(Object(Illuminate\\Http\\Request))
#26 C:\\laragon\\www\\es_ldcu2\\vendor\\laravel\\framework\\src\\Illuminate\\Pipeline\\Pipeline.php(171): Illuminate\\Cookie\\Middleware\\EncryptCookies->handle(Object(Illuminate\\Http\\Request), Object(Closure))
#27 C:\\laragon\\www\\es_ldcu2\\vendor\\laravel\\framework\\src\\Illuminate\\Pipeline\\Pipeline.php(105): Illuminate\\Pipeline\\Pipeline->Illuminate\\Pipeline\\{closure}(Object(Illuminate\\Http\\Request))
#28 C:\\laragon\\www\\es_ldcu2\\vendor\\laravel\\framework\\src\\Illuminate\\Routing\\Router.php(683): Illuminate\\Pipeline\\Pipeline->then(Object(Closure))
#29 C:\\laragon\\www\\es_ldcu2\\vendor\\laravel\\framework\\src\\Illuminate\\Routing\\Router.php(658): Illuminate\\Routing\\Router->runRouteWithinStack(Object(Illuminate\\Routing\\Route), Object(Illuminate\\Http\\Request))
#30 C:\\laragon\\www\\es_ldcu2\\vendor\\laravel\\framework\\src\\Illuminate\\Routing\\Router.php(624): Illuminate\\Routing\\Router->runRoute(Object(Illuminate\\Http\\Request), Object(Illuminate\\Routing\\Route))
#31 C:\\laragon\\www\\es_ldcu2\\vendor\\laravel\\framework\\src\\Illuminate\\Routing\\Router.php(613): Illuminate\\Routing\\Router->dispatchToRoute(Object(Illuminate\\Http\\Request))
#32 C:\\laragon\\www\\es_ldcu2\\vendor\\laravel\\framework\\src\\Illuminate\\Foundation\\Http\\Kernel.php(170): Illuminate\\Routing\\Router->dispatch(Object(Illuminate\\Http\\Request))
#33 C:\\laragon\\www\\es_ldcu2\\vendor\\laravel\\framework\\src\\Illuminate\\Pipeline\\Pipeline.php(130): Illuminate\\Foundation\\Http\\Kernel->Illuminate\\Foundation\\Http\\{closure}(Object(Illuminate\\Http\\Request))
#34 C:\\laragon\\www\\es_ldcu2\\vendor\\laravel\\framework\\src\\Illuminate\\Foundation\\Http\\Middleware\\TransformsRequest.php(21): Illuminate\\Pipeline\\Pipeline->Illuminate\\Pipeline\\{closure}(Object(Illuminate\\Http\\Request))
#35 C:\\laragon\\www\\es_ldcu2\\vendor\\laravel\\framework\\src\\Illuminate\\Pipeline\\Pipeline.php(171): Illuminate\\Foundation\\Http\\Middleware\\TransformsRequest->handle(Object(Illuminate\\Http\\Request), Object(Closure))
#36 C:\\laragon\\www\\es_ldcu2\\vendor\\laravel\\framework\\src\\Illuminate\\Foundation\\Http\\Middleware\\TransformsRequest.php(21): Illuminate\\Pipeline\\Pipeline->Illuminate\\Pipeline\\{closure}(Object(Illuminate\\Http\\Request))
#37 C:\\laragon\\www\\es_ldcu2\\vendor\\laravel\\framework\\src\\Illuminate\\Pipeline\\Pipeline.php(171): Illuminate\\Foundation\\Http\\Middleware\\TransformsRequest->handle(Object(Illuminate\\Http\\Request), Object(Closure))
#38 C:\\laragon\\www\\es_ldcu2\\vendor\\laravel\\framework\\src\\Illuminate\\Foundation\\Http\\Middleware\\ValidatePostSize.php(27): Illuminate\\Pipeline\\Pipeline->Illuminate\\Pipeline\\{closure}(Object(Illuminate\\Http\\Request))
#39 C:\\laragon\\www\\es_ldcu2\\vendor\\laravel\\framework\\src\\Illuminate\\Pipeline\\Pipeline.php(171): Illuminate\\Foundation\\Http\\Middleware\\ValidatePostSize->handle(Object(Illuminate\\Http\\Request), Object(Closure))
#40 C:\\laragon\\www\\es_ldcu2\\vendor\\laravel\\framework\\src\\Illuminate\\Foundation\\Http\\Middleware\\CheckForMaintenanceMode.php(63): Illuminate\\Pipeline\\Pipeline->Illuminate\\Pipeline\\{closure}(Object(Illuminate\\Http\\Request))
#41 C:\\laragon\\www\\es_ldcu2\\vendor\\laravel\\framework\\src\\Illuminate\\Pipeline\\Pipeline.php(171): Illuminate\\Foundation\\Http\\Middleware\\CheckForMaintenanceMode->handle(Object(Illuminate\\Http\\Request), Object(Closure))
#42 C:\\laragon\\www\\es_ldcu2\\vendor\\fideloper\\proxy\\src\\TrustProxies.php(57): Illuminate\\Pipeline\\Pipeline->Illuminate\\Pipeline\\{closure}(Object(Illuminate\\Http\\Request))
#43 C:\\laragon\\www\\es_ldcu2\\vendor\\laravel\\framework\\src\\Illuminate\\Pipeline\\Pipeline.php(171): Fideloper\\Proxy\\TrustProxies->handle(Object(Illuminate\\Http\\Request), Object(Closure))
#44 C:\\laragon\\www\\es_ldcu2\\vendor\\laravel\\framework\\src\\Illuminate\\Pipeline\\Pipeline.php(105): Illuminate\\Pipeline\\Pipeline->Illuminate\\Pipeline\\{closure}(Object(Illuminate\\Http\\Request))
#45 C:\\laragon\\www\\es_ldcu2\\vendor\\laravel\\framework\\src\\Illuminate\\Foundation\\Http\\Kernel.php(145): Illuminate\\Pipeline\\Pipeline->then(Object(Closure))
#46 C:\\laragon\\www\\es_ldcu2\\vendor\\laravel\\framework\\src\\Illuminate\\Foundation\\Http\\Kernel.php(110): Illuminate\\Foundation\\Http\\Kernel->sendRequestThroughRouter(Object(Illuminate\\Http\\Request))
#47 C:\\laragon\\www\\es_ldcu2\\public\\index.php(55): Illuminate\\Foundation\\Http\\Kernel->handle(Object(Illuminate\\Http\\Request))
#48 C:\\laragon\\www\\es_ldcu2\\server.php(21): require_once('C:\\\\laragon\\\\www\\\\...')
#49 {main}
"} 
[2025-07-14 06:58:56] local.INFO: Section: HONESTY, acadprogid: 4  
[2025-07-14 06:58:56] local.INFO: Active template DB result: {"templatepath":"principalsportal.forms.sf9layout.ica.jhs"}  
[2025-07-14 06:58:56] local.INFO: Final template to use: principalsportal.forms.sf9layout.ica.jhs  
[2025-07-14 06:58:56] local.ERROR: Trying to get property 'sectionname' of non-object (View: C:\laragon\www\es_ldcu2\resources\views\principalsportal\forms\sf9layout\ica\jhs.blade.php) {"userId":1,"exception":"[object] (Facade\\Ignition\\Exceptions\\ViewException(code: 0): Trying to get property 'sectionname' of non-object (View: C:\\laragon\\www\\es_ldcu2\\resources\\views\\principalsportal\\forms\\sf9layout\\ica\\jhs.blade.php) at C:\\laragon\\www\\es_ldcu2\\resources\\views/principalsportal/forms/sf9layout/ica/jhs.blade.php:277)
[stacktrace]
#0 C:\\laragon\\www\\es_ldcu2\\resources\\views/principalsportal/forms/sf9layout/ica/jhs.blade.php(277): Illuminate\\Foundation\\Bootstrap\\HandleExceptions->handleError(8, 'Trying to get p...', 'C:\\\\laragon\\\\www\\\\...', 281, Array)
#1 C:\\laragon\\www\\es_ldcu2\\vendor\\laravel\\framework\\src\\Illuminate\\View\\Engines\\PhpEngine.php(43): include('C:\\\\laragon\\\\www\\\\...')
#2 C:\\laragon\\www\\es_ldcu2\\vendor\\laravel\\framework\\src\\Illuminate\\View\\Engines\\CompilerEngine.php(59): Illuminate\\View\\Engines\\PhpEngine->evaluatePath('C:\\\\laragon\\\\www\\\\...', Array)
#3 C:\\laragon\\www\\es_ldcu2\\vendor\\facade\\ignition\\src\\Views\\Engines\\CompilerEngine.php(36): Illuminate\\View\\Engines\\CompilerEngine->get('C:\\\\laragon\\\\www\\\\...', Array)
#4 C:\\laragon\\www\\es_ldcu2\\vendor\\laravel\\framework\\src\\Illuminate\\View\\View.php(143): Facade\\Ignition\\Views\\Engines\\CompilerEngine->get('C:\\\\laragon\\\\www\\\\...', Array)
#5 C:\\laragon\\www\\es_ldcu2\\vendor\\laravel\\framework\\src\\Illuminate\\View\\View.php(126): Illuminate\\View\\View->getContents()
#6 C:\\laragon\\www\\es_ldcu2\\vendor\\laravel\\framework\\src\\Illuminate\\View\\View.php(91): Illuminate\\View\\View->renderContents()
#7 C:\\laragon\\www\\es_ldcu2\\vendor\\barryvdh\\laravel-dompdf\\src\\PDF.php(132): Illuminate\\View\\View->render()
#8 C:\\laragon\\www\\es_ldcu2\\app\\Http\\Controllers\\Migration\\RegistrarMigration.php(687): Barryvdh\\DomPDF\\PDF->loadView('principalsporta...', Array)
#9 C:\\laragon\\www\\es_ldcu2\\vendor\\laravel\\framework\\src\\Illuminate\\Routing\\Controller.php(54): App\\Http\\Controllers\\Migration\\RegistrarMigration->downloadSf9MasterlistBatch(Object(Illuminate\\Http\\Request))
#10 C:\\laragon\\www\\es_ldcu2\\vendor\\laravel\\framework\\src\\Illuminate\\Routing\\ControllerDispatcher.php(45): Illuminate\\Routing\\Controller->callAction('downloadSf9Mast...', Array)
#11 C:\\laragon\\www\\es_ldcu2\\vendor\\laravel\\framework\\src\\Illuminate\\Routing\\Route.php(219): Illuminate\\Routing\\ControllerDispatcher->dispatch(Object(Illuminate\\Routing\\Route), Object(App\\Http\\Controllers\\Migration\\RegistrarMigration), 'downloadSf9Mast...')
#12 C:\\laragon\\www\\es_ldcu2\\vendor\\laravel\\framework\\src\\Illuminate\\Routing\\Route.php(176): Illuminate\\Routing\\Route->runController()
#13 C:\\laragon\\www\\es_ldcu2\\vendor\\laravel\\framework\\src\\Illuminate\\Routing\\Router.php(681): Illuminate\\Routing\\Route->run()
#14 C:\\laragon\\www\\es_ldcu2\\vendor\\laravel\\framework\\src\\Illuminate\\Pipeline\\Pipeline.php(130): Illuminate\\Routing\\Router->Illuminate\\Routing\\{closure}(Object(Illuminate\\Http\\Request))
#15 C:\\laragon\\www\\es_ldcu2\\vendor\\laravel\\framework\\src\\Illuminate\\Routing\\Middleware\\SubstituteBindings.php(41): Illuminate\\Pipeline\\Pipeline->Illuminate\\Pipeline\\{closure}(Object(Illuminate\\Http\\Request))
#16 C:\\laragon\\www\\es_ldcu2\\vendor\\laravel\\framework\\src\\Illuminate\\Pipeline\\Pipeline.php(171): Illuminate\\Routing\\Middleware\\SubstituteBindings->handle(Object(Illuminate\\Http\\Request), Object(Closure))
#17 C:\\laragon\\www\\es_ldcu2\\vendor\\laravel\\framework\\src\\Illuminate\\Foundation\\Http\\Middleware\\VerifyCsrfToken.php(78): Illuminate\\Pipeline\\Pipeline->Illuminate\\Pipeline\\{closure}(Object(Illuminate\\Http\\Request))
#18 C:\\laragon\\www\\es_ldcu2\\vendor\\laravel\\framework\\src\\Illuminate\\Pipeline\\Pipeline.php(171): Illuminate\\Foundation\\Http\\Middleware\\VerifyCsrfToken->handle(Object(Illuminate\\Http\\Request), Object(Closure))
#19 C:\\laragon\\www\\es_ldcu2\\vendor\\laravel\\framework\\src\\Illuminate\\View\\Middleware\\ShareErrorsFromSession.php(49): Illuminate\\Pipeline\\Pipeline->Illuminate\\Pipeline\\{closure}(Object(Illuminate\\Http\\Request))
#20 C:\\laragon\\www\\es_ldcu2\\vendor\\laravel\\framework\\src\\Illuminate\\Pipeline\\Pipeline.php(171): Illuminate\\View\\Middleware\\ShareErrorsFromSession->handle(Object(Illuminate\\Http\\Request), Object(Closure))
#21 C:\\laragon\\www\\es_ldcu2\\vendor\\laravel\\framework\\src\\Illuminate\\Session\\Middleware\\StartSession.php(56): Illuminate\\Pipeline\\Pipeline->Illuminate\\Pipeline\\{closure}(Object(Illuminate\\Http\\Request))
#22 C:\\laragon\\www\\es_ldcu2\\vendor\\laravel\\framework\\src\\Illuminate\\Pipeline\\Pipeline.php(171): Illuminate\\Session\\Middleware\\StartSession->handle(Object(Illuminate\\Http\\Request), Object(Closure))
#23 C:\\laragon\\www\\es_ldcu2\\vendor\\laravel\\framework\\src\\Illuminate\\Cookie\\Middleware\\AddQueuedCookiesToResponse.php(37): Illuminate\\Pipeline\\Pipeline->Illuminate\\Pipeline\\{closure}(Object(Illuminate\\Http\\Request))
#24 C:\\laragon\\www\\es_ldcu2\\vendor\\laravel\\framework\\src\\Illuminate\\Pipeline\\Pipeline.php(171): Illuminate\\Cookie\\Middleware\\AddQueuedCookiesToResponse->handle(Object(Illuminate\\Http\\Request), Object(Closure))
#25 C:\\laragon\\www\\es_ldcu2\\vendor\\laravel\\framework\\src\\Illuminate\\Cookie\\Middleware\\EncryptCookies.php(67): Illuminate\\Pipeline\\Pipeline->Illuminate\\Pipeline\\{closure}(Object(Illuminate\\Http\\Request))
#26 C:\\laragon\\www\\es_ldcu2\\vendor\\laravel\\framework\\src\\Illuminate\\Pipeline\\Pipeline.php(171): Illuminate\\Cookie\\Middleware\\EncryptCookies->handle(Object(Illuminate\\Http\\Request), Object(Closure))
#27 C:\\laragon\\www\\es_ldcu2\\vendor\\laravel\\framework\\src\\Illuminate\\Pipeline\\Pipeline.php(105): Illuminate\\Pipeline\\Pipeline->Illuminate\\Pipeline\\{closure}(Object(Illuminate\\Http\\Request))
#28 C:\\laragon\\www\\es_ldcu2\\vendor\\laravel\\framework\\src\\Illuminate\\Routing\\Router.php(683): Illuminate\\Pipeline\\Pipeline->then(Object(Closure))
#29 C:\\laragon\\www\\es_ldcu2\\vendor\\laravel\\framework\\src\\Illuminate\\Routing\\Router.php(658): Illuminate\\Routing\\Router->runRouteWithinStack(Object(Illuminate\\Routing\\Route), Object(Illuminate\\Http\\Request))
#30 C:\\laragon\\www\\es_ldcu2\\vendor\\laravel\\framework\\src\\Illuminate\\Routing\\Router.php(624): Illuminate\\Routing\\Router->runRoute(Object(Illuminate\\Http\\Request), Object(Illuminate\\Routing\\Route))
#31 C:\\laragon\\www\\es_ldcu2\\vendor\\laravel\\framework\\src\\Illuminate\\Routing\\Router.php(613): Illuminate\\Routing\\Router->dispatchToRoute(Object(Illuminate\\Http\\Request))
#32 C:\\laragon\\www\\es_ldcu2\\vendor\\laravel\\framework\\src\\Illuminate\\Foundation\\Http\\Kernel.php(170): Illuminate\\Routing\\Router->dispatch(Object(Illuminate\\Http\\Request))
#33 C:\\laragon\\www\\es_ldcu2\\vendor\\laravel\\framework\\src\\Illuminate\\Pipeline\\Pipeline.php(130): Illuminate\\Foundation\\Http\\Kernel->Illuminate\\Foundation\\Http\\{closure}(Object(Illuminate\\Http\\Request))
#34 C:\\laragon\\www\\es_ldcu2\\vendor\\laravel\\framework\\src\\Illuminate\\Foundation\\Http\\Middleware\\TransformsRequest.php(21): Illuminate\\Pipeline\\Pipeline->Illuminate\\Pipeline\\{closure}(Object(Illuminate\\Http\\Request))
#35 C:\\laragon\\www\\es_ldcu2\\vendor\\laravel\\framework\\src\\Illuminate\\Pipeline\\Pipeline.php(171): Illuminate\\Foundation\\Http\\Middleware\\TransformsRequest->handle(Object(Illuminate\\Http\\Request), Object(Closure))
#36 C:\\laragon\\www\\es_ldcu2\\vendor\\laravel\\framework\\src\\Illuminate\\Foundation\\Http\\Middleware\\TransformsRequest.php(21): Illuminate\\Pipeline\\Pipeline->Illuminate\\Pipeline\\{closure}(Object(Illuminate\\Http\\Request))
#37 C:\\laragon\\www\\es_ldcu2\\vendor\\laravel\\framework\\src\\Illuminate\\Pipeline\\Pipeline.php(171): Illuminate\\Foundation\\Http\\Middleware\\TransformsRequest->handle(Object(Illuminate\\Http\\Request), Object(Closure))
#38 C:\\laragon\\www\\es_ldcu2\\vendor\\laravel\\framework\\src\\Illuminate\\Foundation\\Http\\Middleware\\ValidatePostSize.php(27): Illuminate\\Pipeline\\Pipeline->Illuminate\\Pipeline\\{closure}(Object(Illuminate\\Http\\Request))
#39 C:\\laragon\\www\\es_ldcu2\\vendor\\laravel\\framework\\src\\Illuminate\\Pipeline\\Pipeline.php(171): Illuminate\\Foundation\\Http\\Middleware\\ValidatePostSize->handle(Object(Illuminate\\Http\\Request), Object(Closure))
#40 C:\\laragon\\www\\es_ldcu2\\vendor\\laravel\\framework\\src\\Illuminate\\Foundation\\Http\\Middleware\\CheckForMaintenanceMode.php(63): Illuminate\\Pipeline\\Pipeline->Illuminate\\Pipeline\\{closure}(Object(Illuminate\\Http\\Request))
#41 C:\\laragon\\www\\es_ldcu2\\vendor\\laravel\\framework\\src\\Illuminate\\Pipeline\\Pipeline.php(171): Illuminate\\Foundation\\Http\\Middleware\\CheckForMaintenanceMode->handle(Object(Illuminate\\Http\\Request), Object(Closure))
#42 C:\\laragon\\www\\es_ldcu2\\vendor\\fideloper\\proxy\\src\\TrustProxies.php(57): Illuminate\\Pipeline\\Pipeline->Illuminate\\Pipeline\\{closure}(Object(Illuminate\\Http\\Request))
#43 C:\\laragon\\www\\es_ldcu2\\vendor\\laravel\\framework\\src\\Illuminate\\Pipeline\\Pipeline.php(171): Fideloper\\Proxy\\TrustProxies->handle(Object(Illuminate\\Http\\Request), Object(Closure))
#44 C:\\laragon\\www\\es_ldcu2\\vendor\\laravel\\framework\\src\\Illuminate\\Pipeline\\Pipeline.php(105): Illuminate\\Pipeline\\Pipeline->Illuminate\\Pipeline\\{closure}(Object(Illuminate\\Http\\Request))
#45 C:\\laragon\\www\\es_ldcu2\\vendor\\laravel\\framework\\src\\Illuminate\\Foundation\\Http\\Kernel.php(145): Illuminate\\Pipeline\\Pipeline->then(Object(Closure))
#46 C:\\laragon\\www\\es_ldcu2\\vendor\\laravel\\framework\\src\\Illuminate\\Foundation\\Http\\Kernel.php(110): Illuminate\\Foundation\\Http\\Kernel->sendRequestThroughRouter(Object(Illuminate\\Http\\Request))
#47 C:\\laragon\\www\\es_ldcu2\\public\\index.php(55): Illuminate\\Foundation\\Http\\Kernel->handle(Object(Illuminate\\Http\\Request))
#48 C:\\laragon\\www\\es_ldcu2\\server.php(21): require_once('C:\\\\laragon\\\\www\\\\...')
#49 {main}

[previous exception] [object] (ErrorException(code: 0): Trying to get property 'sectionname' of non-object at C:\\laragon\\www\\es_ldcu2\\storage\\framework\\views\\e9fb05b7e2da42a09e321f4862534db12a8eda51.php:281)
[stacktrace]
#0 C:\\laragon\\www\\es_ldcu2\\storage\\framework\\views\\e9fb05b7e2da42a09e321f4862534db12a8eda51.php(281): Illuminate\\Foundation\\Bootstrap\\HandleExceptions->handleError(8, 'Trying to get p...', 'C:\\\\laragon\\\\www\\\\...', 281, Array)
#1 C:\\laragon\\www\\es_ldcu2\\vendor\\laravel\\framework\\src\\Illuminate\\View\\Engines\\PhpEngine.php(43): include('C:\\\\laragon\\\\www\\\\...')
#2 C:\\laragon\\www\\es_ldcu2\\vendor\\laravel\\framework\\src\\Illuminate\\View\\Engines\\CompilerEngine.php(59): Illuminate\\View\\Engines\\PhpEngine->evaluatePath('C:\\\\laragon\\\\www\\\\...', Array)
#3 C:\\laragon\\www\\es_ldcu2\\vendor\\facade\\ignition\\src\\Views\\Engines\\CompilerEngine.php(36): Illuminate\\View\\Engines\\CompilerEngine->get('C:\\\\laragon\\\\www\\\\...', Array)
#4 C:\\laragon\\www\\es_ldcu2\\vendor\\laravel\\framework\\src\\Illuminate\\View\\View.php(143): Facade\\Ignition\\Views\\Engines\\CompilerEngine->get('C:\\\\laragon\\\\www\\\\...', Array)
#5 C:\\laragon\\www\\es_ldcu2\\vendor\\laravel\\framework\\src\\Illuminate\\View\\View.php(126): Illuminate\\View\\View->getContents()
#6 C:\\laragon\\www\\es_ldcu2\\vendor\\laravel\\framework\\src\\Illuminate\\View\\View.php(91): Illuminate\\View\\View->renderContents()
#7 C:\\laragon\\www\\es_ldcu2\\vendor\\barryvdh\\laravel-dompdf\\src\\PDF.php(132): Illuminate\\View\\View->render()
#8 C:\\laragon\\www\\es_ldcu2\\app\\Http\\Controllers\\Migration\\RegistrarMigration.php(687): Barryvdh\\DomPDF\\PDF->loadView('principalsporta...', Array)
#9 C:\\laragon\\www\\es_ldcu2\\vendor\\laravel\\framework\\src\\Illuminate\\Routing\\Controller.php(54): App\\Http\\Controllers\\Migration\\RegistrarMigration->downloadSf9MasterlistBatch(Object(Illuminate\\Http\\Request))
#10 C:\\laragon\\www\\es_ldcu2\\vendor\\laravel\\framework\\src\\Illuminate\\Routing\\ControllerDispatcher.php(45): Illuminate\\Routing\\Controller->callAction('downloadSf9Mast...', Array)
#11 C:\\laragon\\www\\es_ldcu2\\vendor\\laravel\\framework\\src\\Illuminate\\Routing\\Route.php(219): Illuminate\\Routing\\ControllerDispatcher->dispatch(Object(Illuminate\\Routing\\Route), Object(App\\Http\\Controllers\\Migration\\RegistrarMigration), 'downloadSf9Mast...')
#12 C:\\laragon\\www\\es_ldcu2\\vendor\\laravel\\framework\\src\\Illuminate\\Routing\\Route.php(176): Illuminate\\Routing\\Route->runController()
#13 C:\\laragon\\www\\es_ldcu2\\vendor\\laravel\\framework\\src\\Illuminate\\Routing\\Router.php(681): Illuminate\\Routing\\Route->run()
#14 C:\\laragon\\www\\es_ldcu2\\vendor\\laravel\\framework\\src\\Illuminate\\Pipeline\\Pipeline.php(130): Illuminate\\Routing\\Router->Illuminate\\Routing\\{closure}(Object(Illuminate\\Http\\Request))
#15 C:\\laragon\\www\\es_ldcu2\\vendor\\laravel\\framework\\src\\Illuminate\\Routing\\Middleware\\SubstituteBindings.php(41): Illuminate\\Pipeline\\Pipeline->Illuminate\\Pipeline\\{closure}(Object(Illuminate\\Http\\Request))
#16 C:\\laragon\\www\\es_ldcu2\\vendor\\laravel\\framework\\src\\Illuminate\\Pipeline\\Pipeline.php(171): Illuminate\\Routing\\Middleware\\SubstituteBindings->handle(Object(Illuminate\\Http\\Request), Object(Closure))
#17 C:\\laragon\\www\\es_ldcu2\\vendor\\laravel\\framework\\src\\Illuminate\\Foundation\\Http\\Middleware\\VerifyCsrfToken.php(78): Illuminate\\Pipeline\\Pipeline->Illuminate\\Pipeline\\{closure}(Object(Illuminate\\Http\\Request))
#18 C:\\laragon\\www\\es_ldcu2\\vendor\\laravel\\framework\\src\\Illuminate\\Pipeline\\Pipeline.php(171): Illuminate\\Foundation\\Http\\Middleware\\VerifyCsrfToken->handle(Object(Illuminate\\Http\\Request), Object(Closure))
#19 C:\\laragon\\www\\es_ldcu2\\vendor\\laravel\\framework\\src\\Illuminate\\View\\Middleware\\ShareErrorsFromSession.php(49): Illuminate\\Pipeline\\Pipeline->Illuminate\\Pipeline\\{closure}(Object(Illuminate\\Http\\Request))
#20 C:\\laragon\\www\\es_ldcu2\\vendor\\laravel\\framework\\src\\Illuminate\\Pipeline\\Pipeline.php(171): Illuminate\\View\\Middleware\\ShareErrorsFromSession->handle(Object(Illuminate\\Http\\Request), Object(Closure))
#21 C:\\laragon\\www\\es_ldcu2\\vendor\\laravel\\framework\\src\\Illuminate\\Session\\Middleware\\StartSession.php(56): Illuminate\\Pipeline\\Pipeline->Illuminate\\Pipeline\\{closure}(Object(Illuminate\\Http\\Request))
#22 C:\\laragon\\www\\es_ldcu2\\vendor\\laravel\\framework\\src\\Illuminate\\Pipeline\\Pipeline.php(171): Illuminate\\Session\\Middleware\\StartSession->handle(Object(Illuminate\\Http\\Request), Object(Closure))
#23 C:\\laragon\\www\\es_ldcu2\\vendor\\laravel\\framework\\src\\Illuminate\\Cookie\\Middleware\\AddQueuedCookiesToResponse.php(37): Illuminate\\Pipeline\\Pipeline->Illuminate\\Pipeline\\{closure}(Object(Illuminate\\Http\\Request))
#24 C:\\laragon\\www\\es_ldcu2\\vendor\\laravel\\framework\\src\\Illuminate\\Pipeline\\Pipeline.php(171): Illuminate\\Cookie\\Middleware\\AddQueuedCookiesToResponse->handle(Object(Illuminate\\Http\\Request), Object(Closure))
#25 C:\\laragon\\www\\es_ldcu2\\vendor\\laravel\\framework\\src\\Illuminate\\Cookie\\Middleware\\EncryptCookies.php(67): Illuminate\\Pipeline\\Pipeline->Illuminate\\Pipeline\\{closure}(Object(Illuminate\\Http\\Request))
#26 C:\\laragon\\www\\es_ldcu2\\vendor\\laravel\\framework\\src\\Illuminate\\Pipeline\\Pipeline.php(171): Illuminate\\Cookie\\Middleware\\EncryptCookies->handle(Object(Illuminate\\Http\\Request), Object(Closure))
#27 C:\\laragon\\www\\es_ldcu2\\vendor\\laravel\\framework\\src\\Illuminate\\Pipeline\\Pipeline.php(105): Illuminate\\Pipeline\\Pipeline->Illuminate\\Pipeline\\{closure}(Object(Illuminate\\Http\\Request))
#28 C:\\laragon\\www\\es_ldcu2\\vendor\\laravel\\framework\\src\\Illuminate\\Routing\\Router.php(683): Illuminate\\Pipeline\\Pipeline->then(Object(Closure))
#29 C:\\laragon\\www\\es_ldcu2\\vendor\\laravel\\framework\\src\\Illuminate\\Routing\\Router.php(658): Illuminate\\Routing\\Router->runRouteWithinStack(Object(Illuminate\\Routing\\Route), Object(Illuminate\\Http\\Request))
#30 C:\\laragon\\www\\es_ldcu2\\vendor\\laravel\\framework\\src\\Illuminate\\Routing\\Router.php(624): Illuminate\\Routing\\Router->runRoute(Object(Illuminate\\Http\\Request), Object(Illuminate\\Routing\\Route))
#31 C:\\laragon\\www\\es_ldcu2\\vendor\\laravel\\framework\\src\\Illuminate\\Routing\\Router.php(613): Illuminate\\Routing\\Router->dispatchToRoute(Object(Illuminate\\Http\\Request))
#32 C:\\laragon\\www\\es_ldcu2\\vendor\\laravel\\framework\\src\\Illuminate\\Foundation\\Http\\Kernel.php(170): Illuminate\\Routing\\Router->dispatch(Object(Illuminate\\Http\\Request))
#33 C:\\laragon\\www\\es_ldcu2\\vendor\\laravel\\framework\\src\\Illuminate\\Pipeline\\Pipeline.php(130): Illuminate\\Foundation\\Http\\Kernel->Illuminate\\Foundation\\Http\\{closure}(Object(Illuminate\\Http\\Request))
#34 C:\\laragon\\www\\es_ldcu2\\vendor\\laravel\\framework\\src\\Illuminate\\Foundation\\Http\\Middleware\\TransformsRequest.php(21): Illuminate\\Pipeline\\Pipeline->Illuminate\\Pipeline\\{closure}(Object(Illuminate\\Http\\Request))
#35 C:\\laragon\\www\\es_ldcu2\\vendor\\laravel\\framework\\src\\Illuminate\\Pipeline\\Pipeline.php(171): Illuminate\\Foundation\\Http\\Middleware\\TransformsRequest->handle(Object(Illuminate\\Http\\Request), Object(Closure))
#36 C:\\laragon\\www\\es_ldcu2\\vendor\\laravel\\framework\\src\\Illuminate\\Foundation\\Http\\Middleware\\TransformsRequest.php(21): Illuminate\\Pipeline\\Pipeline->Illuminate\\Pipeline\\{closure}(Object(Illuminate\\Http\\Request))
#37 C:\\laragon\\www\\es_ldcu2\\vendor\\laravel\\framework\\src\\Illuminate\\Pipeline\\Pipeline.php(171): Illuminate\\Foundation\\Http\\Middleware\\TransformsRequest->handle(Object(Illuminate\\Http\\Request), Object(Closure))
#38 C:\\laragon\\www\\es_ldcu2\\vendor\\laravel\\framework\\src\\Illuminate\\Foundation\\Http\\Middleware\\ValidatePostSize.php(27): Illuminate\\Pipeline\\Pipeline->Illuminate\\Pipeline\\{closure}(Object(Illuminate\\Http\\Request))
#39 C:\\laragon\\www\\es_ldcu2\\vendor\\laravel\\framework\\src\\Illuminate\\Pipeline\\Pipeline.php(171): Illuminate\\Foundation\\Http\\Middleware\\ValidatePostSize->handle(Object(Illuminate\\Http\\Request), Object(Closure))
#40 C:\\laragon\\www\\es_ldcu2\\vendor\\laravel\\framework\\src\\Illuminate\\Foundation\\Http\\Middleware\\CheckForMaintenanceMode.php(63): Illuminate\\Pipeline\\Pipeline->Illuminate\\Pipeline\\{closure}(Object(Illuminate\\Http\\Request))
#41 C:\\laragon\\www\\es_ldcu2\\vendor\\laravel\\framework\\src\\Illuminate\\Pipeline\\Pipeline.php(171): Illuminate\\Foundation\\Http\\Middleware\\CheckForMaintenanceMode->handle(Object(Illuminate\\Http\\Request), Object(Closure))
#42 C:\\laragon\\www\\es_ldcu2\\vendor\\fideloper\\proxy\\src\\TrustProxies.php(57): Illuminate\\Pipeline\\Pipeline->Illuminate\\Pipeline\\{closure}(Object(Illuminate\\Http\\Request))
#43 C:\\laragon\\www\\es_ldcu2\\vendor\\laravel\\framework\\src\\Illuminate\\Pipeline\\Pipeline.php(171): Fideloper\\Proxy\\TrustProxies->handle(Object(Illuminate\\Http\\Request), Object(Closure))
#44 C:\\laragon\\www\\es_ldcu2\\vendor\\laravel\\framework\\src\\Illuminate\\Pipeline\\Pipeline.php(105): Illuminate\\Pipeline\\Pipeline->Illuminate\\Pipeline\\{closure}(Object(Illuminate\\Http\\Request))
#45 C:\\laragon\\www\\es_ldcu2\\vendor\\laravel\\framework\\src\\Illuminate\\Foundation\\Http\\Kernel.php(145): Illuminate\\Pipeline\\Pipeline->then(Object(Closure))
#46 C:\\laragon\\www\\es_ldcu2\\vendor\\laravel\\framework\\src\\Illuminate\\Foundation\\Http\\Kernel.php(110): Illuminate\\Foundation\\Http\\Kernel->sendRequestThroughRouter(Object(Illuminate\\Http\\Request))
#47 C:\\laragon\\www\\es_ldcu2\\public\\index.php(55): Illuminate\\Foundation\\Http\\Kernel->handle(Object(Illuminate\\Http\\Request))
#48 C:\\laragon\\www\\es_ldcu2\\server.php(21): require_once('C:\\\\laragon\\\\www\\\\...')
#49 {main}
"} 
[2025-07-14 07:02:46] local.INFO: Section: HONESTY, acadprogid: 4  
[2025-07-14 07:02:46] local.INFO: Active template DB result: {"templatepath":"principalsportal.forms.sf9layout.ica.jhs"}  
[2025-07-14 07:02:46] local.INFO: Final template to use: principalsportal.forms.sf9layout.ica.jhs  
[2025-07-14 07:02:46] local.ERROR: Trying to get property 'sectionname' of non-object (View: C:\laragon\www\es_ldcu2\resources\views\principalsportal\forms\sf9layout\ica\jhs.blade.php) {"userId":1,"exception":"[object] (Facade\\Ignition\\Exceptions\\ViewException(code: 0): Trying to get property 'sectionname' of non-object (View: C:\\laragon\\www\\es_ldcu2\\resources\\views\\principalsportal\\forms\\sf9layout\\ica\\jhs.blade.php) at C:\\laragon\\www\\es_ldcu2\\resources\\views/principalsportal/forms/sf9layout/ica/jhs.blade.php:277)
[stacktrace]
#0 C:\\laragon\\www\\es_ldcu2\\resources\\views/principalsportal/forms/sf9layout/ica/jhs.blade.php(277): Illuminate\\Foundation\\Bootstrap\\HandleExceptions->handleError(8, 'Trying to get p...', 'C:\\\\laragon\\\\www\\\\...', 281, Array)
#1 C:\\laragon\\www\\es_ldcu2\\vendor\\laravel\\framework\\src\\Illuminate\\View\\Engines\\PhpEngine.php(43): include('C:\\\\laragon\\\\www\\\\...')
#2 C:\\laragon\\www\\es_ldcu2\\vendor\\laravel\\framework\\src\\Illuminate\\View\\Engines\\CompilerEngine.php(59): Illuminate\\View\\Engines\\PhpEngine->evaluatePath('C:\\\\laragon\\\\www\\\\...', Array)
#3 C:\\laragon\\www\\es_ldcu2\\vendor\\facade\\ignition\\src\\Views\\Engines\\CompilerEngine.php(36): Illuminate\\View\\Engines\\CompilerEngine->get('C:\\\\laragon\\\\www\\\\...', Array)
#4 C:\\laragon\\www\\es_ldcu2\\vendor\\laravel\\framework\\src\\Illuminate\\View\\View.php(143): Facade\\Ignition\\Views\\Engines\\CompilerEngine->get('C:\\\\laragon\\\\www\\\\...', Array)
#5 C:\\laragon\\www\\es_ldcu2\\vendor\\laravel\\framework\\src\\Illuminate\\View\\View.php(126): Illuminate\\View\\View->getContents()
#6 C:\\laragon\\www\\es_ldcu2\\vendor\\laravel\\framework\\src\\Illuminate\\View\\View.php(91): Illuminate\\View\\View->renderContents()
#7 C:\\laragon\\www\\es_ldcu2\\vendor\\barryvdh\\laravel-dompdf\\src\\PDF.php(132): Illuminate\\View\\View->render()
#8 C:\\laragon\\www\\es_ldcu2\\app\\Http\\Controllers\\Migration\\RegistrarMigration.php(690): Barryvdh\\DomPDF\\PDF->loadView('principalsporta...', Array)
#9 C:\\laragon\\www\\es_ldcu2\\vendor\\laravel\\framework\\src\\Illuminate\\Routing\\Controller.php(54): App\\Http\\Controllers\\Migration\\RegistrarMigration->downloadSf9MasterlistBatch(Object(Illuminate\\Http\\Request))
#10 C:\\laragon\\www\\es_ldcu2\\vendor\\laravel\\framework\\src\\Illuminate\\Routing\\ControllerDispatcher.php(45): Illuminate\\Routing\\Controller->callAction('downloadSf9Mast...', Array)
#11 C:\\laragon\\www\\es_ldcu2\\vendor\\laravel\\framework\\src\\Illuminate\\Routing\\Route.php(219): Illuminate\\Routing\\ControllerDispatcher->dispatch(Object(Illuminate\\Routing\\Route), Object(App\\Http\\Controllers\\Migration\\RegistrarMigration), 'downloadSf9Mast...')
#12 C:\\laragon\\www\\es_ldcu2\\vendor\\laravel\\framework\\src\\Illuminate\\Routing\\Route.php(176): Illuminate\\Routing\\Route->runController()
#13 C:\\laragon\\www\\es_ldcu2\\vendor\\laravel\\framework\\src\\Illuminate\\Routing\\Router.php(681): Illuminate\\Routing\\Route->run()
#14 C:\\laragon\\www\\es_ldcu2\\vendor\\laravel\\framework\\src\\Illuminate\\Pipeline\\Pipeline.php(130): Illuminate\\Routing\\Router->Illuminate\\Routing\\{closure}(Object(Illuminate\\Http\\Request))
#15 C:\\laragon\\www\\es_ldcu2\\vendor\\laravel\\framework\\src\\Illuminate\\Routing\\Middleware\\SubstituteBindings.php(41): Illuminate\\Pipeline\\Pipeline->Illuminate\\Pipeline\\{closure}(Object(Illuminate\\Http\\Request))
#16 C:\\laragon\\www\\es_ldcu2\\vendor\\laravel\\framework\\src\\Illuminate\\Pipeline\\Pipeline.php(171): Illuminate\\Routing\\Middleware\\SubstituteBindings->handle(Object(Illuminate\\Http\\Request), Object(Closure))
#17 C:\\laragon\\www\\es_ldcu2\\vendor\\laravel\\framework\\src\\Illuminate\\Foundation\\Http\\Middleware\\VerifyCsrfToken.php(78): Illuminate\\Pipeline\\Pipeline->Illuminate\\Pipeline\\{closure}(Object(Illuminate\\Http\\Request))
#18 C:\\laragon\\www\\es_ldcu2\\vendor\\laravel\\framework\\src\\Illuminate\\Pipeline\\Pipeline.php(171): Illuminate\\Foundation\\Http\\Middleware\\VerifyCsrfToken->handle(Object(Illuminate\\Http\\Request), Object(Closure))
#19 C:\\laragon\\www\\es_ldcu2\\vendor\\laravel\\framework\\src\\Illuminate\\View\\Middleware\\ShareErrorsFromSession.php(49): Illuminate\\Pipeline\\Pipeline->Illuminate\\Pipeline\\{closure}(Object(Illuminate\\Http\\Request))
#20 C:\\laragon\\www\\es_ldcu2\\vendor\\laravel\\framework\\src\\Illuminate\\Pipeline\\Pipeline.php(171): Illuminate\\View\\Middleware\\ShareErrorsFromSession->handle(Object(Illuminate\\Http\\Request), Object(Closure))
#21 C:\\laragon\\www\\es_ldcu2\\vendor\\laravel\\framework\\src\\Illuminate\\Session\\Middleware\\StartSession.php(56): Illuminate\\Pipeline\\Pipeline->Illuminate\\Pipeline\\{closure}(Object(Illuminate\\Http\\Request))
#22 C:\\laragon\\www\\es_ldcu2\\vendor\\laravel\\framework\\src\\Illuminate\\Pipeline\\Pipeline.php(171): Illuminate\\Session\\Middleware\\StartSession->handle(Object(Illuminate\\Http\\Request), Object(Closure))
#23 C:\\laragon\\www\\es_ldcu2\\vendor\\laravel\\framework\\src\\Illuminate\\Cookie\\Middleware\\AddQueuedCookiesToResponse.php(37): Illuminate\\Pipeline\\Pipeline->Illuminate\\Pipeline\\{closure}(Object(Illuminate\\Http\\Request))
#24 C:\\laragon\\www\\es_ldcu2\\vendor\\laravel\\framework\\src\\Illuminate\\Pipeline\\Pipeline.php(171): Illuminate\\Cookie\\Middleware\\AddQueuedCookiesToResponse->handle(Object(Illuminate\\Http\\Request), Object(Closure))
#25 C:\\laragon\\www\\es_ldcu2\\vendor\\laravel\\framework\\src\\Illuminate\\Cookie\\Middleware\\EncryptCookies.php(67): Illuminate\\Pipeline\\Pipeline->Illuminate\\Pipeline\\{closure}(Object(Illuminate\\Http\\Request))
#26 C:\\laragon\\www\\es_ldcu2\\vendor\\laravel\\framework\\src\\Illuminate\\Pipeline\\Pipeline.php(171): Illuminate\\Cookie\\Middleware\\EncryptCookies->handle(Object(Illuminate\\Http\\Request), Object(Closure))
#27 C:\\laragon\\www\\es_ldcu2\\vendor\\laravel\\framework\\src\\Illuminate\\Pipeline\\Pipeline.php(105): Illuminate\\Pipeline\\Pipeline->Illuminate\\Pipeline\\{closure}(Object(Illuminate\\Http\\Request))
#28 C:\\laragon\\www\\es_ldcu2\\vendor\\laravel\\framework\\src\\Illuminate\\Routing\\Router.php(683): Illuminate\\Pipeline\\Pipeline->then(Object(Closure))
#29 C:\\laragon\\www\\es_ldcu2\\vendor\\laravel\\framework\\src\\Illuminate\\Routing\\Router.php(658): Illuminate\\Routing\\Router->runRouteWithinStack(Object(Illuminate\\Routing\\Route), Object(Illuminate\\Http\\Request))
#30 C:\\laragon\\www\\es_ldcu2\\vendor\\laravel\\framework\\src\\Illuminate\\Routing\\Router.php(624): Illuminate\\Routing\\Router->runRoute(Object(Illuminate\\Http\\Request), Object(Illuminate\\Routing\\Route))
#31 C:\\laragon\\www\\es_ldcu2\\vendor\\laravel\\framework\\src\\Illuminate\\Routing\\Router.php(613): Illuminate\\Routing\\Router->dispatchToRoute(Object(Illuminate\\Http\\Request))
#32 C:\\laragon\\www\\es_ldcu2\\vendor\\laravel\\framework\\src\\Illuminate\\Foundation\\Http\\Kernel.php(170): Illuminate\\Routing\\Router->dispatch(Object(Illuminate\\Http\\Request))
#33 C:\\laragon\\www\\es_ldcu2\\vendor\\laravel\\framework\\src\\Illuminate\\Pipeline\\Pipeline.php(130): Illuminate\\Foundation\\Http\\Kernel->Illuminate\\Foundation\\Http\\{closure}(Object(Illuminate\\Http\\Request))
#34 C:\\laragon\\www\\es_ldcu2\\vendor\\laravel\\framework\\src\\Illuminate\\Foundation\\Http\\Middleware\\TransformsRequest.php(21): Illuminate\\Pipeline\\Pipeline->Illuminate\\Pipeline\\{closure}(Object(Illuminate\\Http\\Request))
#35 C:\\laragon\\www\\es_ldcu2\\vendor\\laravel\\framework\\src\\Illuminate\\Pipeline\\Pipeline.php(171): Illuminate\\Foundation\\Http\\Middleware\\TransformsRequest->handle(Object(Illuminate\\Http\\Request), Object(Closure))
#36 C:\\laragon\\www\\es_ldcu2\\vendor\\laravel\\framework\\src\\Illuminate\\Foundation\\Http\\Middleware\\TransformsRequest.php(21): Illuminate\\Pipeline\\Pipeline->Illuminate\\Pipeline\\{closure}(Object(Illuminate\\Http\\Request))
#37 C:\\laragon\\www\\es_ldcu2\\vendor\\laravel\\framework\\src\\Illuminate\\Pipeline\\Pipeline.php(171): Illuminate\\Foundation\\Http\\Middleware\\TransformsRequest->handle(Object(Illuminate\\Http\\Request), Object(Closure))
#38 C:\\laragon\\www\\es_ldcu2\\vendor\\laravel\\framework\\src\\Illuminate\\Foundation\\Http\\Middleware\\ValidatePostSize.php(27): Illuminate\\Pipeline\\Pipeline->Illuminate\\Pipeline\\{closure}(Object(Illuminate\\Http\\Request))
#39 C:\\laragon\\www\\es_ldcu2\\vendor\\laravel\\framework\\src\\Illuminate\\Pipeline\\Pipeline.php(171): Illuminate\\Foundation\\Http\\Middleware\\ValidatePostSize->handle(Object(Illuminate\\Http\\Request), Object(Closure))
#40 C:\\laragon\\www\\es_ldcu2\\vendor\\laravel\\framework\\src\\Illuminate\\Foundation\\Http\\Middleware\\CheckForMaintenanceMode.php(63): Illuminate\\Pipeline\\Pipeline->Illuminate\\Pipeline\\{closure}(Object(Illuminate\\Http\\Request))
#41 C:\\laragon\\www\\es_ldcu2\\vendor\\laravel\\framework\\src\\Illuminate\\Pipeline\\Pipeline.php(171): Illuminate\\Foundation\\Http\\Middleware\\CheckForMaintenanceMode->handle(Object(Illuminate\\Http\\Request), Object(Closure))
#42 C:\\laragon\\www\\es_ldcu2\\vendor\\fideloper\\proxy\\src\\TrustProxies.php(57): Illuminate\\Pipeline\\Pipeline->Illuminate\\Pipeline\\{closure}(Object(Illuminate\\Http\\Request))
#43 C:\\laragon\\www\\es_ldcu2\\vendor\\laravel\\framework\\src\\Illuminate\\Pipeline\\Pipeline.php(171): Fideloper\\Proxy\\TrustProxies->handle(Object(Illuminate\\Http\\Request), Object(Closure))
#44 C:\\laragon\\www\\es_ldcu2\\vendor\\laravel\\framework\\src\\Illuminate\\Pipeline\\Pipeline.php(105): Illuminate\\Pipeline\\Pipeline->Illuminate\\Pipeline\\{closure}(Object(Illuminate\\Http\\Request))
#45 C:\\laragon\\www\\es_ldcu2\\vendor\\laravel\\framework\\src\\Illuminate\\Foundation\\Http\\Kernel.php(145): Illuminate\\Pipeline\\Pipeline->then(Object(Closure))
#46 C:\\laragon\\www\\es_ldcu2\\vendor\\laravel\\framework\\src\\Illuminate\\Foundation\\Http\\Kernel.php(110): Illuminate\\Foundation\\Http\\Kernel->sendRequestThroughRouter(Object(Illuminate\\Http\\Request))
#47 C:\\laragon\\www\\es_ldcu2\\public\\index.php(55): Illuminate\\Foundation\\Http\\Kernel->handle(Object(Illuminate\\Http\\Request))
#48 C:\\laragon\\www\\es_ldcu2\\server.php(21): require_once('C:\\\\laragon\\\\www\\\\...')
#49 {main}

[previous exception] [object] (ErrorException(code: 0): Trying to get property 'sectionname' of non-object at C:\\laragon\\www\\es_ldcu2\\storage\\framework\\views\\e9fb05b7e2da42a09e321f4862534db12a8eda51.php:281)
[stacktrace]
#0 C:\\laragon\\www\\es_ldcu2\\storage\\framework\\views\\e9fb05b7e2da42a09e321f4862534db12a8eda51.php(281): Illuminate\\Foundation\\Bootstrap\\HandleExceptions->handleError(8, 'Trying to get p...', 'C:\\\\laragon\\\\www\\\\...', 281, Array)
#1 C:\\laragon\\www\\es_ldcu2\\vendor\\laravel\\framework\\src\\Illuminate\\View\\Engines\\PhpEngine.php(43): include('C:\\\\laragon\\\\www\\\\...')
#2 C:\\laragon\\www\\es_ldcu2\\vendor\\laravel\\framework\\src\\Illuminate\\View\\Engines\\CompilerEngine.php(59): Illuminate\\View\\Engines\\PhpEngine->evaluatePath('C:\\\\laragon\\\\www\\\\...', Array)
#3 C:\\laragon\\www\\es_ldcu2\\vendor\\facade\\ignition\\src\\Views\\Engines\\CompilerEngine.php(36): Illuminate\\View\\Engines\\CompilerEngine->get('C:\\\\laragon\\\\www\\\\...', Array)
#4 C:\\laragon\\www\\es_ldcu2\\vendor\\laravel\\framework\\src\\Illuminate\\View\\View.php(143): Facade\\Ignition\\Views\\Engines\\CompilerEngine->get('C:\\\\laragon\\\\www\\\\...', Array)
#5 C:\\laragon\\www\\es_ldcu2\\vendor\\laravel\\framework\\src\\Illuminate\\View\\View.php(126): Illuminate\\View\\View->getContents()
#6 C:\\laragon\\www\\es_ldcu2\\vendor\\laravel\\framework\\src\\Illuminate\\View\\View.php(91): Illuminate\\View\\View->renderContents()
#7 C:\\laragon\\www\\es_ldcu2\\vendor\\barryvdh\\laravel-dompdf\\src\\PDF.php(132): Illuminate\\View\\View->render()
#8 C:\\laragon\\www\\es_ldcu2\\app\\Http\\Controllers\\Migration\\RegistrarMigration.php(690): Barryvdh\\DomPDF\\PDF->loadView('principalsporta...', Array)
#9 C:\\laragon\\www\\es_ldcu2\\vendor\\laravel\\framework\\src\\Illuminate\\Routing\\Controller.php(54): App\\Http\\Controllers\\Migration\\RegistrarMigration->downloadSf9MasterlistBatch(Object(Illuminate\\Http\\Request))
#10 C:\\laragon\\www\\es_ldcu2\\vendor\\laravel\\framework\\src\\Illuminate\\Routing\\ControllerDispatcher.php(45): Illuminate\\Routing\\Controller->callAction('downloadSf9Mast...', Array)
#11 C:\\laragon\\www\\es_ldcu2\\vendor\\laravel\\framework\\src\\Illuminate\\Routing\\Route.php(219): Illuminate\\Routing\\ControllerDispatcher->dispatch(Object(Illuminate\\Routing\\Route), Object(App\\Http\\Controllers\\Migration\\RegistrarMigration), 'downloadSf9Mast...')
#12 C:\\laragon\\www\\es_ldcu2\\vendor\\laravel\\framework\\src\\Illuminate\\Routing\\Route.php(176): Illuminate\\Routing\\Route->runController()
#13 C:\\laragon\\www\\es_ldcu2\\vendor\\laravel\\framework\\src\\Illuminate\\Routing\\Router.php(681): Illuminate\\Routing\\Route->run()
#14 C:\\laragon\\www\\es_ldcu2\\vendor\\laravel\\framework\\src\\Illuminate\\Pipeline\\Pipeline.php(130): Illuminate\\Routing\\Router->Illuminate\\Routing\\{closure}(Object(Illuminate\\Http\\Request))
#15 C:\\laragon\\www\\es_ldcu2\\vendor\\laravel\\framework\\src\\Illuminate\\Routing\\Middleware\\SubstituteBindings.php(41): Illuminate\\Pipeline\\Pipeline->Illuminate\\Pipeline\\{closure}(Object(Illuminate\\Http\\Request))
#16 C:\\laragon\\www\\es_ldcu2\\vendor\\laravel\\framework\\src\\Illuminate\\Pipeline\\Pipeline.php(171): Illuminate\\Routing\\Middleware\\SubstituteBindings->handle(Object(Illuminate\\Http\\Request), Object(Closure))
#17 C:\\laragon\\www\\es_ldcu2\\vendor\\laravel\\framework\\src\\Illuminate\\Foundation\\Http\\Middleware\\VerifyCsrfToken.php(78): Illuminate\\Pipeline\\Pipeline->Illuminate\\Pipeline\\{closure}(Object(Illuminate\\Http\\Request))
#18 C:\\laragon\\www\\es_ldcu2\\vendor\\laravel\\framework\\src\\Illuminate\\Pipeline\\Pipeline.php(171): Illuminate\\Foundation\\Http\\Middleware\\VerifyCsrfToken->handle(Object(Illuminate\\Http\\Request), Object(Closure))
#19 C:\\laragon\\www\\es_ldcu2\\vendor\\laravel\\framework\\src\\Illuminate\\View\\Middleware\\ShareErrorsFromSession.php(49): Illuminate\\Pipeline\\Pipeline->Illuminate\\Pipeline\\{closure}(Object(Illuminate\\Http\\Request))
#20 C:\\laragon\\www\\es_ldcu2\\vendor\\laravel\\framework\\src\\Illuminate\\Pipeline\\Pipeline.php(171): Illuminate\\View\\Middleware\\ShareErrorsFromSession->handle(Object(Illuminate\\Http\\Request), Object(Closure))
#21 C:\\laragon\\www\\es_ldcu2\\vendor\\laravel\\framework\\src\\Illuminate\\Session\\Middleware\\StartSession.php(56): Illuminate\\Pipeline\\Pipeline->Illuminate\\Pipeline\\{closure}(Object(Illuminate\\Http\\Request))
#22 C:\\laragon\\www\\es_ldcu2\\vendor\\laravel\\framework\\src\\Illuminate\\Pipeline\\Pipeline.php(171): Illuminate\\Session\\Middleware\\StartSession->handle(Object(Illuminate\\Http\\Request), Object(Closure))
#23 C:\\laragon\\www\\es_ldcu2\\vendor\\laravel\\framework\\src\\Illuminate\\Cookie\\Middleware\\AddQueuedCookiesToResponse.php(37): Illuminate\\Pipeline\\Pipeline->Illuminate\\Pipeline\\{closure}(Object(Illuminate\\Http\\Request))
#24 C:\\laragon\\www\\es_ldcu2\\vendor\\laravel\\framework\\src\\Illuminate\\Pipeline\\Pipeline.php(171): Illuminate\\Cookie\\Middleware\\AddQueuedCookiesToResponse->handle(Object(Illuminate\\Http\\Request), Object(Closure))
#25 C:\\laragon\\www\\es_ldcu2\\vendor\\laravel\\framework\\src\\Illuminate\\Cookie\\Middleware\\EncryptCookies.php(67): Illuminate\\Pipeline\\Pipeline->Illuminate\\Pipeline\\{closure}(Object(Illuminate\\Http\\Request))
#26 C:\\laragon\\www\\es_ldcu2\\vendor\\laravel\\framework\\src\\Illuminate\\Pipeline\\Pipeline.php(171): Illuminate\\Cookie\\Middleware\\EncryptCookies->handle(Object(Illuminate\\Http\\Request), Object(Closure))
#27 C:\\laragon\\www\\es_ldcu2\\vendor\\laravel\\framework\\src\\Illuminate\\Pipeline\\Pipeline.php(105): Illuminate\\Pipeline\\Pipeline->Illuminate\\Pipeline\\{closure}(Object(Illuminate\\Http\\Request))
#28 C:\\laragon\\www\\es_ldcu2\\vendor\\laravel\\framework\\src\\Illuminate\\Routing\\Router.php(683): Illuminate\\Pipeline\\Pipeline->then(Object(Closure))
#29 C:\\laragon\\www\\es_ldcu2\\vendor\\laravel\\framework\\src\\Illuminate\\Routing\\Router.php(658): Illuminate\\Routing\\Router->runRouteWithinStack(Object(Illuminate\\Routing\\Route), Object(Illuminate\\Http\\Request))
#30 C:\\laragon\\www\\es_ldcu2\\vendor\\laravel\\framework\\src\\Illuminate\\Routing\\Router.php(624): Illuminate\\Routing\\Router->runRoute(Object(Illuminate\\Http\\Request), Object(Illuminate\\Routing\\Route))
#31 C:\\laragon\\www\\es_ldcu2\\vendor\\laravel\\framework\\src\\Illuminate\\Routing\\Router.php(613): Illuminate\\Routing\\Router->dispatchToRoute(Object(Illuminate\\Http\\Request))
#32 C:\\laragon\\www\\es_ldcu2\\vendor\\laravel\\framework\\src\\Illuminate\\Foundation\\Http\\Kernel.php(170): Illuminate\\Routing\\Router->dispatch(Object(Illuminate\\Http\\Request))
#33 C:\\laragon\\www\\es_ldcu2\\vendor\\laravel\\framework\\src\\Illuminate\\Pipeline\\Pipeline.php(130): Illuminate\\Foundation\\Http\\Kernel->Illuminate\\Foundation\\Http\\{closure}(Object(Illuminate\\Http\\Request))
#34 C:\\laragon\\www\\es_ldcu2\\vendor\\laravel\\framework\\src\\Illuminate\\Foundation\\Http\\Middleware\\TransformsRequest.php(21): Illuminate\\Pipeline\\Pipeline->Illuminate\\Pipeline\\{closure}(Object(Illuminate\\Http\\Request))
#35 C:\\laragon\\www\\es_ldcu2\\vendor\\laravel\\framework\\src\\Illuminate\\Pipeline\\Pipeline.php(171): Illuminate\\Foundation\\Http\\Middleware\\TransformsRequest->handle(Object(Illuminate\\Http\\Request), Object(Closure))
#36 C:\\laragon\\www\\es_ldcu2\\vendor\\laravel\\framework\\src\\Illuminate\\Foundation\\Http\\Middleware\\TransformsRequest.php(21): Illuminate\\Pipeline\\Pipeline->Illuminate\\Pipeline\\{closure}(Object(Illuminate\\Http\\Request))
#37 C:\\laragon\\www\\es_ldcu2\\vendor\\laravel\\framework\\src\\Illuminate\\Pipeline\\Pipeline.php(171): Illuminate\\Foundation\\Http\\Middleware\\TransformsRequest->handle(Object(Illuminate\\Http\\Request), Object(Closure))
#38 C:\\laragon\\www\\es_ldcu2\\vendor\\laravel\\framework\\src\\Illuminate\\Foundation\\Http\\Middleware\\ValidatePostSize.php(27): Illuminate\\Pipeline\\Pipeline->Illuminate\\Pipeline\\{closure}(Object(Illuminate\\Http\\Request))
#39 C:\\laragon\\www\\es_ldcu2\\vendor\\laravel\\framework\\src\\Illuminate\\Pipeline\\Pipeline.php(171): Illuminate\\Foundation\\Http\\Middleware\\ValidatePostSize->handle(Object(Illuminate\\Http\\Request), Object(Closure))
#40 C:\\laragon\\www\\es_ldcu2\\vendor\\laravel\\framework\\src\\Illuminate\\Foundation\\Http\\Middleware\\CheckForMaintenanceMode.php(63): Illuminate\\Pipeline\\Pipeline->Illuminate\\Pipeline\\{closure}(Object(Illuminate\\Http\\Request))
#41 C:\\laragon\\www\\es_ldcu2\\vendor\\laravel\\framework\\src\\Illuminate\\Pipeline\\Pipeline.php(171): Illuminate\\Foundation\\Http\\Middleware\\CheckForMaintenanceMode->handle(Object(Illuminate\\Http\\Request), Object(Closure))
#42 C:\\laragon\\www\\es_ldcu2\\vendor\\fideloper\\proxy\\src\\TrustProxies.php(57): Illuminate\\Pipeline\\Pipeline->Illuminate\\Pipeline\\{closure}(Object(Illuminate\\Http\\Request))
#43 C:\\laragon\\www\\es_ldcu2\\vendor\\laravel\\framework\\src\\Illuminate\\Pipeline\\Pipeline.php(171): Fideloper\\Proxy\\TrustProxies->handle(Object(Illuminate\\Http\\Request), Object(Closure))
#44 C:\\laragon\\www\\es_ldcu2\\vendor\\laravel\\framework\\src\\Illuminate\\Pipeline\\Pipeline.php(105): Illuminate\\Pipeline\\Pipeline->Illuminate\\Pipeline\\{closure}(Object(Illuminate\\Http\\Request))
#45 C:\\laragon\\www\\es_ldcu2\\vendor\\laravel\\framework\\src\\Illuminate\\Foundation\\Http\\Kernel.php(145): Illuminate\\Pipeline\\Pipeline->then(Object(Closure))
#46 C:\\laragon\\www\\es_ldcu2\\vendor\\laravel\\framework\\src\\Illuminate\\Foundation\\Http\\Kernel.php(110): Illuminate\\Foundation\\Http\\Kernel->sendRequestThroughRouter(Object(Illuminate\\Http\\Request))
#47 C:\\laragon\\www\\es_ldcu2\\public\\index.php(55): Illuminate\\Foundation\\Http\\Kernel->handle(Object(Illuminate\\Http\\Request))
#48 C:\\laragon\\www\\es_ldcu2\\server.php(21): require_once('C:\\\\laragon\\\\www\\\\...')
#49 {main}
"} 
[2025-07-14 07:25:59] local.ERROR: syntax error, unexpected 'return' (T_RETURN) {"exception":"[object] (Symfony\\Component\\Debug\\Exception\\FatalThrowableError(code: 0): syntax error, unexpected 'return' (T_RETURN) at C:\\laragon\\www\\es_ldcu2\\app\\Http\\Controllers\\Migration\\RegistrarMigration.php:727)
[stacktrace]
#0 C:\\laragon\\www\\es_ldcu2\\vendor\\composer\\ClassLoader.php(428): Composer\\Autoload\\includeFile('C:\\\\laragon\\\\www\\\\...')
#1 [internal function]: Composer\\Autoload\\ClassLoader->loadClass('App\\\\Http\\\\Contro...')
#2 [internal function]: spl_autoload_call('App\\\\Http\\\\Contro...')
#3 C:\\laragon\\www\\es_ldcu2\\vendor\\laravel\\framework\\src\\Illuminate\\Container\\Container.php(803): ReflectionClass->__construct('App\\\\Http\\\\Contro...')
#4 C:\\laragon\\www\\es_ldcu2\\vendor\\laravel\\framework\\src\\Illuminate\\Container\\Container.php(681): Illuminate\\Container\\Container->build('App\\\\Http\\\\Contro...')
#5 C:\\laragon\\www\\es_ldcu2\\vendor\\laravel\\framework\\src\\Illuminate\\Foundation\\Application.php(787): Illuminate\\Container\\Container->resolve('App\\\\Http\\\\Contro...', Array, true)
#6 C:\\laragon\\www\\es_ldcu2\\vendor\\laravel\\framework\\src\\Illuminate\\Container\\Container.php(629): Illuminate\\Foundation\\Application->resolve('App\\\\Http\\\\Contro...', Array)
#7 C:\\laragon\\www\\es_ldcu2\\vendor\\laravel\\framework\\src\\Illuminate\\Foundation\\Application.php(772): Illuminate\\Container\\Container->make('App\\\\Http\\\\Contro...', Array)
#8 C:\\laragon\\www\\es_ldcu2\\vendor\\laravel\\framework\\src\\Illuminate\\Routing\\Route.php(233): Illuminate\\Foundation\\Application->make('App\\\\Http\\\\Contro...')
#9 C:\\laragon\\www\\es_ldcu2\\vendor\\laravel\\framework\\src\\Illuminate\\Routing\\Route.php(833): Illuminate\\Routing\\Route->getController()
#10 C:\\laragon\\www\\es_ldcu2\\vendor\\laravel\\framework\\src\\Illuminate\\Routing\\Route.php(794): Illuminate\\Routing\\Route->controllerMiddleware()
#11 C:\\laragon\\www\\es_ldcu2\\vendor\\laravel\\framework\\src\\Illuminate\\Routing\\Router.php(694): Illuminate\\Routing\\Route->gatherMiddleware()
#12 C:\\laragon\\www\\es_ldcu2\\vendor\\laravel\\framework\\src\\Illuminate\\Routing\\Router.php(674): Illuminate\\Routing\\Router->gatherRouteMiddleware(Object(Illuminate\\Routing\\Route))
#13 C:\\laragon\\www\\es_ldcu2\\vendor\\laravel\\framework\\src\\Illuminate\\Routing\\Router.php(658): Illuminate\\Routing\\Router->runRouteWithinStack(Object(Illuminate\\Routing\\Route), Object(Illuminate\\Http\\Request))
#14 C:\\laragon\\www\\es_ldcu2\\vendor\\laravel\\framework\\src\\Illuminate\\Routing\\Router.php(624): Illuminate\\Routing\\Router->runRoute(Object(Illuminate\\Http\\Request), Object(Illuminate\\Routing\\Route))
#15 C:\\laragon\\www\\es_ldcu2\\vendor\\laravel\\framework\\src\\Illuminate\\Routing\\Router.php(613): Illuminate\\Routing\\Router->dispatchToRoute(Object(Illuminate\\Http\\Request))
#16 C:\\laragon\\www\\es_ldcu2\\vendor\\laravel\\framework\\src\\Illuminate\\Foundation\\Http\\Kernel.php(170): Illuminate\\Routing\\Router->dispatch(Object(Illuminate\\Http\\Request))
#17 C:\\laragon\\www\\es_ldcu2\\vendor\\laravel\\framework\\src\\Illuminate\\Pipeline\\Pipeline.php(130): Illuminate\\Foundation\\Http\\Kernel->Illuminate\\Foundation\\Http\\{closure}(Object(Illuminate\\Http\\Request))
#18 C:\\laragon\\www\\es_ldcu2\\vendor\\laravel\\framework\\src\\Illuminate\\Foundation\\Http\\Middleware\\TransformsRequest.php(21): Illuminate\\Pipeline\\Pipeline->Illuminate\\Pipeline\\{closure}(Object(Illuminate\\Http\\Request))
#19 C:\\laragon\\www\\es_ldcu2\\vendor\\laravel\\framework\\src\\Illuminate\\Pipeline\\Pipeline.php(171): Illuminate\\Foundation\\Http\\Middleware\\TransformsRequest->handle(Object(Illuminate\\Http\\Request), Object(Closure))
#20 C:\\laragon\\www\\es_ldcu2\\vendor\\laravel\\framework\\src\\Illuminate\\Foundation\\Http\\Middleware\\TransformsRequest.php(21): Illuminate\\Pipeline\\Pipeline->Illuminate\\Pipeline\\{closure}(Object(Illuminate\\Http\\Request))
#21 C:\\laragon\\www\\es_ldcu2\\vendor\\laravel\\framework\\src\\Illuminate\\Pipeline\\Pipeline.php(171): Illuminate\\Foundation\\Http\\Middleware\\TransformsRequest->handle(Object(Illuminate\\Http\\Request), Object(Closure))
#22 C:\\laragon\\www\\es_ldcu2\\vendor\\laravel\\framework\\src\\Illuminate\\Foundation\\Http\\Middleware\\ValidatePostSize.php(27): Illuminate\\Pipeline\\Pipeline->Illuminate\\Pipeline\\{closure}(Object(Illuminate\\Http\\Request))
#23 C:\\laragon\\www\\es_ldcu2\\vendor\\laravel\\framework\\src\\Illuminate\\Pipeline\\Pipeline.php(171): Illuminate\\Foundation\\Http\\Middleware\\ValidatePostSize->handle(Object(Illuminate\\Http\\Request), Object(Closure))
#24 C:\\laragon\\www\\es_ldcu2\\vendor\\laravel\\framework\\src\\Illuminate\\Foundation\\Http\\Middleware\\CheckForMaintenanceMode.php(63): Illuminate\\Pipeline\\Pipeline->Illuminate\\Pipeline\\{closure}(Object(Illuminate\\Http\\Request))
#25 C:\\laragon\\www\\es_ldcu2\\vendor\\laravel\\framework\\src\\Illuminate\\Pipeline\\Pipeline.php(171): Illuminate\\Foundation\\Http\\Middleware\\CheckForMaintenanceMode->handle(Object(Illuminate\\Http\\Request), Object(Closure))
#26 C:\\laragon\\www\\es_ldcu2\\vendor\\fideloper\\proxy\\src\\TrustProxies.php(57): Illuminate\\Pipeline\\Pipeline->Illuminate\\Pipeline\\{closure}(Object(Illuminate\\Http\\Request))
#27 C:\\laragon\\www\\es_ldcu2\\vendor\\laravel\\framework\\src\\Illuminate\\Pipeline\\Pipeline.php(171): Fideloper\\Proxy\\TrustProxies->handle(Object(Illuminate\\Http\\Request), Object(Closure))
#28 C:\\laragon\\www\\es_ldcu2\\vendor\\laravel\\framework\\src\\Illuminate\\Pipeline\\Pipeline.php(105): Illuminate\\Pipeline\\Pipeline->Illuminate\\Pipeline\\{closure}(Object(Illuminate\\Http\\Request))
#29 C:\\laragon\\www\\es_ldcu2\\vendor\\laravel\\framework\\src\\Illuminate\\Foundation\\Http\\Kernel.php(145): Illuminate\\Pipeline\\Pipeline->then(Object(Closure))
#30 C:\\laragon\\www\\es_ldcu2\\vendor\\laravel\\framework\\src\\Illuminate\\Foundation\\Http\\Kernel.php(110): Illuminate\\Foundation\\Http\\Kernel->sendRequestThroughRouter(Object(Illuminate\\Http\\Request))
#31 C:\\laragon\\www\\es_ldcu2\\public\\index.php(55): Illuminate\\Foundation\\Http\\Kernel->handle(Object(Illuminate\\Http\\Request))
#32 C:\\laragon\\www\\es_ldcu2\\server.php(21): require_once('C:\\\\laragon\\\\www\\\\...')
#33 {main}
"} 
[2025-07-14 07:26:11] local.INFO: Section: HONESTY, acadprogid: 4  
[2025-07-14 07:26:11] local.INFO: Active template DB result: {"templatepath":"principalsportal.forms.sf9layout.ica.jhs"}  
[2025-07-14 07:26:11] local.INFO: Final template to use: principalsportal.forms.sf9layout.ica.jhs  
[2025-07-14 07:26:11] local.ERROR: Trying to get property 'sectionname' of non-object (View: C:\laragon\www\es_ldcu2\resources\views\principalsportal\forms\sf9layout\ica\jhs.blade.php) {"userId":1,"exception":"[object] (Facade\\Ignition\\Exceptions\\ViewException(code: 0): Trying to get property 'sectionname' of non-object (View: C:\\laragon\\www\\es_ldcu2\\resources\\views\\principalsportal\\forms\\sf9layout\\ica\\jhs.blade.php) at C:\\laragon\\www\\es_ldcu2\\resources\\views/principalsportal/forms/sf9layout/ica/jhs.blade.php:277)
[stacktrace]
#0 C:\\laragon\\www\\es_ldcu2\\resources\\views/principalsportal/forms/sf9layout/ica/jhs.blade.php(277): Illuminate\\Foundation\\Bootstrap\\HandleExceptions->handleError(8, 'Trying to get p...', 'C:\\\\laragon\\\\www\\\\...', 281, Array)
#1 C:\\laragon\\www\\es_ldcu2\\vendor\\laravel\\framework\\src\\Illuminate\\View\\Engines\\PhpEngine.php(43): include('C:\\\\laragon\\\\www\\\\...')
#2 C:\\laragon\\www\\es_ldcu2\\vendor\\laravel\\framework\\src\\Illuminate\\View\\Engines\\CompilerEngine.php(59): Illuminate\\View\\Engines\\PhpEngine->evaluatePath('C:\\\\laragon\\\\www\\\\...', Array)
#3 C:\\laragon\\www\\es_ldcu2\\vendor\\facade\\ignition\\src\\Views\\Engines\\CompilerEngine.php(36): Illuminate\\View\\Engines\\CompilerEngine->get('C:\\\\laragon\\\\www\\\\...', Array)
#4 C:\\laragon\\www\\es_ldcu2\\vendor\\laravel\\framework\\src\\Illuminate\\View\\View.php(143): Facade\\Ignition\\Views\\Engines\\CompilerEngine->get('C:\\\\laragon\\\\www\\\\...', Array)
#5 C:\\laragon\\www\\es_ldcu2\\vendor\\laravel\\framework\\src\\Illuminate\\View\\View.php(126): Illuminate\\View\\View->getContents()
#6 C:\\laragon\\www\\es_ldcu2\\vendor\\laravel\\framework\\src\\Illuminate\\View\\View.php(91): Illuminate\\View\\View->renderContents()
#7 C:\\laragon\\www\\es_ldcu2\\vendor\\barryvdh\\laravel-dompdf\\src\\PDF.php(132): Illuminate\\View\\View->render()
#8 C:\\laragon\\www\\es_ldcu2\\app\\Http\\Controllers\\Migration\\RegistrarMigration.php(690): Barryvdh\\DomPDF\\PDF->loadView('principalsporta...', Array)
#9 C:\\laragon\\www\\es_ldcu2\\vendor\\laravel\\framework\\src\\Illuminate\\Routing\\Controller.php(54): App\\Http\\Controllers\\Migration\\RegistrarMigration->downloadSf9MasterlistBatch(Object(Illuminate\\Http\\Request))
#10 C:\\laragon\\www\\es_ldcu2\\vendor\\laravel\\framework\\src\\Illuminate\\Routing\\ControllerDispatcher.php(45): Illuminate\\Routing\\Controller->callAction('downloadSf9Mast...', Array)
#11 C:\\laragon\\www\\es_ldcu2\\vendor\\laravel\\framework\\src\\Illuminate\\Routing\\Route.php(219): Illuminate\\Routing\\ControllerDispatcher->dispatch(Object(Illuminate\\Routing\\Route), Object(App\\Http\\Controllers\\Migration\\RegistrarMigration), 'downloadSf9Mast...')
#12 C:\\laragon\\www\\es_ldcu2\\vendor\\laravel\\framework\\src\\Illuminate\\Routing\\Route.php(176): Illuminate\\Routing\\Route->runController()
#13 C:\\laragon\\www\\es_ldcu2\\vendor\\laravel\\framework\\src\\Illuminate\\Routing\\Router.php(681): Illuminate\\Routing\\Route->run()
#14 C:\\laragon\\www\\es_ldcu2\\vendor\\laravel\\framework\\src\\Illuminate\\Pipeline\\Pipeline.php(130): Illuminate\\Routing\\Router->Illuminate\\Routing\\{closure}(Object(Illuminate\\Http\\Request))
#15 C:\\laragon\\www\\es_ldcu2\\vendor\\laravel\\framework\\src\\Illuminate\\Routing\\Middleware\\SubstituteBindings.php(41): Illuminate\\Pipeline\\Pipeline->Illuminate\\Pipeline\\{closure}(Object(Illuminate\\Http\\Request))
#16 C:\\laragon\\www\\es_ldcu2\\vendor\\laravel\\framework\\src\\Illuminate\\Pipeline\\Pipeline.php(171): Illuminate\\Routing\\Middleware\\SubstituteBindings->handle(Object(Illuminate\\Http\\Request), Object(Closure))
#17 C:\\laragon\\www\\es_ldcu2\\vendor\\laravel\\framework\\src\\Illuminate\\Foundation\\Http\\Middleware\\VerifyCsrfToken.php(78): Illuminate\\Pipeline\\Pipeline->Illuminate\\Pipeline\\{closure}(Object(Illuminate\\Http\\Request))
#18 C:\\laragon\\www\\es_ldcu2\\vendor\\laravel\\framework\\src\\Illuminate\\Pipeline\\Pipeline.php(171): Illuminate\\Foundation\\Http\\Middleware\\VerifyCsrfToken->handle(Object(Illuminate\\Http\\Request), Object(Closure))
#19 C:\\laragon\\www\\es_ldcu2\\vendor\\laravel\\framework\\src\\Illuminate\\View\\Middleware\\ShareErrorsFromSession.php(49): Illuminate\\Pipeline\\Pipeline->Illuminate\\Pipeline\\{closure}(Object(Illuminate\\Http\\Request))
#20 C:\\laragon\\www\\es_ldcu2\\vendor\\laravel\\framework\\src\\Illuminate\\Pipeline\\Pipeline.php(171): Illuminate\\View\\Middleware\\ShareErrorsFromSession->handle(Object(Illuminate\\Http\\Request), Object(Closure))
#21 C:\\laragon\\www\\es_ldcu2\\vendor\\laravel\\framework\\src\\Illuminate\\Session\\Middleware\\StartSession.php(56): Illuminate\\Pipeline\\Pipeline->Illuminate\\Pipeline\\{closure}(Object(Illuminate\\Http\\Request))
#22 C:\\laragon\\www\\es_ldcu2\\vendor\\laravel\\framework\\src\\Illuminate\\Pipeline\\Pipeline.php(171): Illuminate\\Session\\Middleware\\StartSession->handle(Object(Illuminate\\Http\\Request), Object(Closure))
#23 C:\\laragon\\www\\es_ldcu2\\vendor\\laravel\\framework\\src\\Illuminate\\Cookie\\Middleware\\AddQueuedCookiesToResponse.php(37): Illuminate\\Pipeline\\Pipeline->Illuminate\\Pipeline\\{closure}(Object(Illuminate\\Http\\Request))
#24 C:\\laragon\\www\\es_ldcu2\\vendor\\laravel\\framework\\src\\Illuminate\\Pipeline\\Pipeline.php(171): Illuminate\\Cookie\\Middleware\\AddQueuedCookiesToResponse->handle(Object(Illuminate\\Http\\Request), Object(Closure))
#25 C:\\laragon\\www\\es_ldcu2\\vendor\\laravel\\framework\\src\\Illuminate\\Cookie\\Middleware\\EncryptCookies.php(67): Illuminate\\Pipeline\\Pipeline->Illuminate\\Pipeline\\{closure}(Object(Illuminate\\Http\\Request))
#26 C:\\laragon\\www\\es_ldcu2\\vendor\\laravel\\framework\\src\\Illuminate\\Pipeline\\Pipeline.php(171): Illuminate\\Cookie\\Middleware\\EncryptCookies->handle(Object(Illuminate\\Http\\Request), Object(Closure))
#27 C:\\laragon\\www\\es_ldcu2\\vendor\\laravel\\framework\\src\\Illuminate\\Pipeline\\Pipeline.php(105): Illuminate\\Pipeline\\Pipeline->Illuminate\\Pipeline\\{closure}(Object(Illuminate\\Http\\Request))
#28 C:\\laragon\\www\\es_ldcu2\\vendor\\laravel\\framework\\src\\Illuminate\\Routing\\Router.php(683): Illuminate\\Pipeline\\Pipeline->then(Object(Closure))
#29 C:\\laragon\\www\\es_ldcu2\\vendor\\laravel\\framework\\src\\Illuminate\\Routing\\Router.php(658): Illuminate\\Routing\\Router->runRouteWithinStack(Object(Illuminate\\Routing\\Route), Object(Illuminate\\Http\\Request))
#30 C:\\laragon\\www\\es_ldcu2\\vendor\\laravel\\framework\\src\\Illuminate\\Routing\\Router.php(624): Illuminate\\Routing\\Router->runRoute(Object(Illuminate\\Http\\Request), Object(Illuminate\\Routing\\Route))
#31 C:\\laragon\\www\\es_ldcu2\\vendor\\laravel\\framework\\src\\Illuminate\\Routing\\Router.php(613): Illuminate\\Routing\\Router->dispatchToRoute(Object(Illuminate\\Http\\Request))
#32 C:\\laragon\\www\\es_ldcu2\\vendor\\laravel\\framework\\src\\Illuminate\\Foundation\\Http\\Kernel.php(170): Illuminate\\Routing\\Router->dispatch(Object(Illuminate\\Http\\Request))
#33 C:\\laragon\\www\\es_ldcu2\\vendor\\laravel\\framework\\src\\Illuminate\\Pipeline\\Pipeline.php(130): Illuminate\\Foundation\\Http\\Kernel->Illuminate\\Foundation\\Http\\{closure}(Object(Illuminate\\Http\\Request))
#34 C:\\laragon\\www\\es_ldcu2\\vendor\\laravel\\framework\\src\\Illuminate\\Foundation\\Http\\Middleware\\TransformsRequest.php(21): Illuminate\\Pipeline\\Pipeline->Illuminate\\Pipeline\\{closure}(Object(Illuminate\\Http\\Request))
#35 C:\\laragon\\www\\es_ldcu2\\vendor\\laravel\\framework\\src\\Illuminate\\Pipeline\\Pipeline.php(171): Illuminate\\Foundation\\Http\\Middleware\\TransformsRequest->handle(Object(Illuminate\\Http\\Request), Object(Closure))
#36 C:\\laragon\\www\\es_ldcu2\\vendor\\laravel\\framework\\src\\Illuminate\\Foundation\\Http\\Middleware\\TransformsRequest.php(21): Illuminate\\Pipeline\\Pipeline->Illuminate\\Pipeline\\{closure}(Object(Illuminate\\Http\\Request))
#37 C:\\laragon\\www\\es_ldcu2\\vendor\\laravel\\framework\\src\\Illuminate\\Pipeline\\Pipeline.php(171): Illuminate\\Foundation\\Http\\Middleware\\TransformsRequest->handle(Object(Illuminate\\Http\\Request), Object(Closure))
#38 C:\\laragon\\www\\es_ldcu2\\vendor\\laravel\\framework\\src\\Illuminate\\Foundation\\Http\\Middleware\\ValidatePostSize.php(27): Illuminate\\Pipeline\\Pipeline->Illuminate\\Pipeline\\{closure}(Object(Illuminate\\Http\\Request))
#39 C:\\laragon\\www\\es_ldcu2\\vendor\\laravel\\framework\\src\\Illuminate\\Pipeline\\Pipeline.php(171): Illuminate\\Foundation\\Http\\Middleware\\ValidatePostSize->handle(Object(Illuminate\\Http\\Request), Object(Closure))
#40 C:\\laragon\\www\\es_ldcu2\\vendor\\laravel\\framework\\src\\Illuminate\\Foundation\\Http\\Middleware\\CheckForMaintenanceMode.php(63): Illuminate\\Pipeline\\Pipeline->Illuminate\\Pipeline\\{closure}(Object(Illuminate\\Http\\Request))
#41 C:\\laragon\\www\\es_ldcu2\\vendor\\laravel\\framework\\src\\Illuminate\\Pipeline\\Pipeline.php(171): Illuminate\\Foundation\\Http\\Middleware\\CheckForMaintenanceMode->handle(Object(Illuminate\\Http\\Request), Object(Closure))
#42 C:\\laragon\\www\\es_ldcu2\\vendor\\fideloper\\proxy\\src\\TrustProxies.php(57): Illuminate\\Pipeline\\Pipeline->Illuminate\\Pipeline\\{closure}(Object(Illuminate\\Http\\Request))
#43 C:\\laragon\\www\\es_ldcu2\\vendor\\laravel\\framework\\src\\Illuminate\\Pipeline\\Pipeline.php(171): Fideloper\\Proxy\\TrustProxies->handle(Object(Illuminate\\Http\\Request), Object(Closure))
#44 C:\\laragon\\www\\es_ldcu2\\vendor\\laravel\\framework\\src\\Illuminate\\Pipeline\\Pipeline.php(105): Illuminate\\Pipeline\\Pipeline->Illuminate\\Pipeline\\{closure}(Object(Illuminate\\Http\\Request))
#45 C:\\laragon\\www\\es_ldcu2\\vendor\\laravel\\framework\\src\\Illuminate\\Foundation\\Http\\Kernel.php(145): Illuminate\\Pipeline\\Pipeline->then(Object(Closure))
#46 C:\\laragon\\www\\es_ldcu2\\vendor\\laravel\\framework\\src\\Illuminate\\Foundation\\Http\\Kernel.php(110): Illuminate\\Foundation\\Http\\Kernel->sendRequestThroughRouter(Object(Illuminate\\Http\\Request))
#47 C:\\laragon\\www\\es_ldcu2\\public\\index.php(55): Illuminate\\Foundation\\Http\\Kernel->handle(Object(Illuminate\\Http\\Request))
#48 C:\\laragon\\www\\es_ldcu2\\server.php(21): require_once('C:\\\\laragon\\\\www\\\\...')
#49 {main}

[previous exception] [object] (ErrorException(code: 0): Trying to get property 'sectionname' of non-object at C:\\laragon\\www\\es_ldcu2\\storage\\framework\\views\\e9fb05b7e2da42a09e321f4862534db12a8eda51.php:281)
[stacktrace]
#0 C:\\laragon\\www\\es_ldcu2\\storage\\framework\\views\\e9fb05b7e2da42a09e321f4862534db12a8eda51.php(281): Illuminate\\Foundation\\Bootstrap\\HandleExceptions->handleError(8, 'Trying to get p...', 'C:\\\\laragon\\\\www\\\\...', 281, Array)
#1 C:\\laragon\\www\\es_ldcu2\\vendor\\laravel\\framework\\src\\Illuminate\\View\\Engines\\PhpEngine.php(43): include('C:\\\\laragon\\\\www\\\\...')
#2 C:\\laragon\\www\\es_ldcu2\\vendor\\laravel\\framework\\src\\Illuminate\\View\\Engines\\CompilerEngine.php(59): Illuminate\\View\\Engines\\PhpEngine->evaluatePath('C:\\\\laragon\\\\www\\\\...', Array)
#3 C:\\laragon\\www\\es_ldcu2\\vendor\\facade\\ignition\\src\\Views\\Engines\\CompilerEngine.php(36): Illuminate\\View\\Engines\\CompilerEngine->get('C:\\\\laragon\\\\www\\\\...', Array)
#4 C:\\laragon\\www\\es_ldcu2\\vendor\\laravel\\framework\\src\\Illuminate\\View\\View.php(143): Facade\\Ignition\\Views\\Engines\\CompilerEngine->get('C:\\\\laragon\\\\www\\\\...', Array)
#5 C:\\laragon\\www\\es_ldcu2\\vendor\\laravel\\framework\\src\\Illuminate\\View\\View.php(126): Illuminate\\View\\View->getContents()
#6 C:\\laragon\\www\\es_ldcu2\\vendor\\laravel\\framework\\src\\Illuminate\\View\\View.php(91): Illuminate\\View\\View->renderContents()
#7 C:\\laragon\\www\\es_ldcu2\\vendor\\barryvdh\\laravel-dompdf\\src\\PDF.php(132): Illuminate\\View\\View->render()
#8 C:\\laragon\\www\\es_ldcu2\\app\\Http\\Controllers\\Migration\\RegistrarMigration.php(690): Barryvdh\\DomPDF\\PDF->loadView('principalsporta...', Array)
#9 C:\\laragon\\www\\es_ldcu2\\vendor\\laravel\\framework\\src\\Illuminate\\Routing\\Controller.php(54): App\\Http\\Controllers\\Migration\\RegistrarMigration->downloadSf9MasterlistBatch(Object(Illuminate\\Http\\Request))
#10 C:\\laragon\\www\\es_ldcu2\\vendor\\laravel\\framework\\src\\Illuminate\\Routing\\ControllerDispatcher.php(45): Illuminate\\Routing\\Controller->callAction('downloadSf9Mast...', Array)
#11 C:\\laragon\\www\\es_ldcu2\\vendor\\laravel\\framework\\src\\Illuminate\\Routing\\Route.php(219): Illuminate\\Routing\\ControllerDispatcher->dispatch(Object(Illuminate\\Routing\\Route), Object(App\\Http\\Controllers\\Migration\\RegistrarMigration), 'downloadSf9Mast...')
#12 C:\\laragon\\www\\es_ldcu2\\vendor\\laravel\\framework\\src\\Illuminate\\Routing\\Route.php(176): Illuminate\\Routing\\Route->runController()
#13 C:\\laragon\\www\\es_ldcu2\\vendor\\laravel\\framework\\src\\Illuminate\\Routing\\Router.php(681): Illuminate\\Routing\\Route->run()
#14 C:\\laragon\\www\\es_ldcu2\\vendor\\laravel\\framework\\src\\Illuminate\\Pipeline\\Pipeline.php(130): Illuminate\\Routing\\Router->Illuminate\\Routing\\{closure}(Object(Illuminate\\Http\\Request))
#15 C:\\laragon\\www\\es_ldcu2\\vendor\\laravel\\framework\\src\\Illuminate\\Routing\\Middleware\\SubstituteBindings.php(41): Illuminate\\Pipeline\\Pipeline->Illuminate\\Pipeline\\{closure}(Object(Illuminate\\Http\\Request))
#16 C:\\laragon\\www\\es_ldcu2\\vendor\\laravel\\framework\\src\\Illuminate\\Pipeline\\Pipeline.php(171): Illuminate\\Routing\\Middleware\\SubstituteBindings->handle(Object(Illuminate\\Http\\Request), Object(Closure))
#17 C:\\laragon\\www\\es_ldcu2\\vendor\\laravel\\framework\\src\\Illuminate\\Foundation\\Http\\Middleware\\VerifyCsrfToken.php(78): Illuminate\\Pipeline\\Pipeline->Illuminate\\Pipeline\\{closure}(Object(Illuminate\\Http\\Request))
#18 C:\\laragon\\www\\es_ldcu2\\vendor\\laravel\\framework\\src\\Illuminate\\Pipeline\\Pipeline.php(171): Illuminate\\Foundation\\Http\\Middleware\\VerifyCsrfToken->handle(Object(Illuminate\\Http\\Request), Object(Closure))
#19 C:\\laragon\\www\\es_ldcu2\\vendor\\laravel\\framework\\src\\Illuminate\\View\\Middleware\\ShareErrorsFromSession.php(49): Illuminate\\Pipeline\\Pipeline->Illuminate\\Pipeline\\{closure}(Object(Illuminate\\Http\\Request))
#20 C:\\laragon\\www\\es_ldcu2\\vendor\\laravel\\framework\\src\\Illuminate\\Pipeline\\Pipeline.php(171): Illuminate\\View\\Middleware\\ShareErrorsFromSession->handle(Object(Illuminate\\Http\\Request), Object(Closure))
#21 C:\\laragon\\www\\es_ldcu2\\vendor\\laravel\\framework\\src\\Illuminate\\Session\\Middleware\\StartSession.php(56): Illuminate\\Pipeline\\Pipeline->Illuminate\\Pipeline\\{closure}(Object(Illuminate\\Http\\Request))
#22 C:\\laragon\\www\\es_ldcu2\\vendor\\laravel\\framework\\src\\Illuminate\\Pipeline\\Pipeline.php(171): Illuminate\\Session\\Middleware\\StartSession->handle(Object(Illuminate\\Http\\Request), Object(Closure))
#23 C:\\laragon\\www\\es_ldcu2\\vendor\\laravel\\framework\\src\\Illuminate\\Cookie\\Middleware\\AddQueuedCookiesToResponse.php(37): Illuminate\\Pipeline\\Pipeline->Illuminate\\Pipeline\\{closure}(Object(Illuminate\\Http\\Request))
#24 C:\\laragon\\www\\es_ldcu2\\vendor\\laravel\\framework\\src\\Illuminate\\Pipeline\\Pipeline.php(171): Illuminate\\Cookie\\Middleware\\AddQueuedCookiesToResponse->handle(Object(Illuminate\\Http\\Request), Object(Closure))
#25 C:\\laragon\\www\\es_ldcu2\\vendor\\laravel\\framework\\src\\Illuminate\\Cookie\\Middleware\\EncryptCookies.php(67): Illuminate\\Pipeline\\Pipeline->Illuminate\\Pipeline\\{closure}(Object(Illuminate\\Http\\Request))
#26 C:\\laragon\\www\\es_ldcu2\\vendor\\laravel\\framework\\src\\Illuminate\\Pipeline\\Pipeline.php(171): Illuminate\\Cookie\\Middleware\\EncryptCookies->handle(Object(Illuminate\\Http\\Request), Object(Closure))
#27 C:\\laragon\\www\\es_ldcu2\\vendor\\laravel\\framework\\src\\Illuminate\\Pipeline\\Pipeline.php(105): Illuminate\\Pipeline\\Pipeline->Illuminate\\Pipeline\\{closure}(Object(Illuminate\\Http\\Request))
#28 C:\\laragon\\www\\es_ldcu2\\vendor\\laravel\\framework\\src\\Illuminate\\Routing\\Router.php(683): Illuminate\\Pipeline\\Pipeline->then(Object(Closure))
#29 C:\\laragon\\www\\es_ldcu2\\vendor\\laravel\\framework\\src\\Illuminate\\Routing\\Router.php(658): Illuminate\\Routing\\Router->runRouteWithinStack(Object(Illuminate\\Routing\\Route), Object(Illuminate\\Http\\Request))
#30 C:\\laragon\\www\\es_ldcu2\\vendor\\laravel\\framework\\src\\Illuminate\\Routing\\Router.php(624): Illuminate\\Routing\\Router->runRoute(Object(Illuminate\\Http\\Request), Object(Illuminate\\Routing\\Route))
#31 C:\\laragon\\www\\es_ldcu2\\vendor\\laravel\\framework\\src\\Illuminate\\Routing\\Router.php(613): Illuminate\\Routing\\Router->dispatchToRoute(Object(Illuminate\\Http\\Request))
#32 C:\\laragon\\www\\es_ldcu2\\vendor\\laravel\\framework\\src\\Illuminate\\Foundation\\Http\\Kernel.php(170): Illuminate\\Routing\\Router->dispatch(Object(Illuminate\\Http\\Request))
#33 C:\\laragon\\www\\es_ldcu2\\vendor\\laravel\\framework\\src\\Illuminate\\Pipeline\\Pipeline.php(130): Illuminate\\Foundation\\Http\\Kernel->Illuminate\\Foundation\\Http\\{closure}(Object(Illuminate\\Http\\Request))
#34 C:\\laragon\\www\\es_ldcu2\\vendor\\laravel\\framework\\src\\Illuminate\\Foundation\\Http\\Middleware\\TransformsRequest.php(21): Illuminate\\Pipeline\\Pipeline->Illuminate\\Pipeline\\{closure}(Object(Illuminate\\Http\\Request))
#35 C:\\laragon\\www\\es_ldcu2\\vendor\\laravel\\framework\\src\\Illuminate\\Pipeline\\Pipeline.php(171): Illuminate\\Foundation\\Http\\Middleware\\TransformsRequest->handle(Object(Illuminate\\Http\\Request), Object(Closure))
#36 C:\\laragon\\www\\es_ldcu2\\vendor\\laravel\\framework\\src\\Illuminate\\Foundation\\Http\\Middleware\\TransformsRequest.php(21): Illuminate\\Pipeline\\Pipeline->Illuminate\\Pipeline\\{closure}(Object(Illuminate\\Http\\Request))
#37 C:\\laragon\\www\\es_ldcu2\\vendor\\laravel\\framework\\src\\Illuminate\\Pipeline\\Pipeline.php(171): Illuminate\\Foundation\\Http\\Middleware\\TransformsRequest->handle(Object(Illuminate\\Http\\Request), Object(Closure))
#38 C:\\laragon\\www\\es_ldcu2\\vendor\\laravel\\framework\\src\\Illuminate\\Foundation\\Http\\Middleware\\ValidatePostSize.php(27): Illuminate\\Pipeline\\Pipeline->Illuminate\\Pipeline\\{closure}(Object(Illuminate\\Http\\Request))
#39 C:\\laragon\\www\\es_ldcu2\\vendor\\laravel\\framework\\src\\Illuminate\\Pipeline\\Pipeline.php(171): Illuminate\\Foundation\\Http\\Middleware\\ValidatePostSize->handle(Object(Illuminate\\Http\\Request), Object(Closure))
#40 C:\\laragon\\www\\es_ldcu2\\vendor\\laravel\\framework\\src\\Illuminate\\Foundation\\Http\\Middleware\\CheckForMaintenanceMode.php(63): Illuminate\\Pipeline\\Pipeline->Illuminate\\Pipeline\\{closure}(Object(Illuminate\\Http\\Request))
#41 C:\\laragon\\www\\es_ldcu2\\vendor\\laravel\\framework\\src\\Illuminate\\Pipeline\\Pipeline.php(171): Illuminate\\Foundation\\Http\\Middleware\\CheckForMaintenanceMode->handle(Object(Illuminate\\Http\\Request), Object(Closure))
#42 C:\\laragon\\www\\es_ldcu2\\vendor\\fideloper\\proxy\\src\\TrustProxies.php(57): Illuminate\\Pipeline\\Pipeline->Illuminate\\Pipeline\\{closure}(Object(Illuminate\\Http\\Request))
#43 C:\\laragon\\www\\es_ldcu2\\vendor\\laravel\\framework\\src\\Illuminate\\Pipeline\\Pipeline.php(171): Fideloper\\Proxy\\TrustProxies->handle(Object(Illuminate\\Http\\Request), Object(Closure))
#44 C:\\laragon\\www\\es_ldcu2\\vendor\\laravel\\framework\\src\\Illuminate\\Pipeline\\Pipeline.php(105): Illuminate\\Pipeline\\Pipeline->Illuminate\\Pipeline\\{closure}(Object(Illuminate\\Http\\Request))
#45 C:\\laragon\\www\\es_ldcu2\\vendor\\laravel\\framework\\src\\Illuminate\\Foundation\\Http\\Kernel.php(145): Illuminate\\Pipeline\\Pipeline->then(Object(Closure))
#46 C:\\laragon\\www\\es_ldcu2\\vendor\\laravel\\framework\\src\\Illuminate\\Foundation\\Http\\Kernel.php(110): Illuminate\\Foundation\\Http\\Kernel->sendRequestThroughRouter(Object(Illuminate\\Http\\Request))
#47 C:\\laragon\\www\\es_ldcu2\\public\\index.php(55): Illuminate\\Foundation\\Http\\Kernel->handle(Object(Illuminate\\Http\\Request))
#48 C:\\laragon\\www\\es_ldcu2\\server.php(21): require_once('C:\\\\laragon\\\\www\\\\...')
#49 {main}
"} 
[2025-07-14 07:26:36] local.INFO: Section: HONESTY, acadprogid: 4  
[2025-07-14 07:26:36] local.ERROR: Undefined variable: student {"userId":1,"exception":"[object] (ErrorException(code: 0): Undefined variable: student at C:\\laragon\\www\\es_ldcu2\\app\\Http\\Controllers\\Migration\\RegistrarMigration.php:653)
[stacktrace]
#0 C:\\laragon\\www\\es_ldcu2\\app\\Http\\Controllers\\Migration\\RegistrarMigration.php(653): Illuminate\\Foundation\\Bootstrap\\HandleExceptions->handleError(8, 'Undefined varia...', 'C:\\\\laragon\\\\www\\\\...', 653, Array)
#1 C:\\laragon\\www\\es_ldcu2\\vendor\\laravel\\framework\\src\\Illuminate\\Routing\\Controller.php(54): App\\Http\\Controllers\\Migration\\RegistrarMigration->downloadSf9MasterlistBatch(Object(Illuminate\\Http\\Request))
#2 C:\\laragon\\www\\es_ldcu2\\vendor\\laravel\\framework\\src\\Illuminate\\Routing\\ControllerDispatcher.php(45): Illuminate\\Routing\\Controller->callAction('downloadSf9Mast...', Array)
#3 C:\\laragon\\www\\es_ldcu2\\vendor\\laravel\\framework\\src\\Illuminate\\Routing\\Route.php(219): Illuminate\\Routing\\ControllerDispatcher->dispatch(Object(Illuminate\\Routing\\Route), Object(App\\Http\\Controllers\\Migration\\RegistrarMigration), 'downloadSf9Mast...')
#4 C:\\laragon\\www\\es_ldcu2\\vendor\\laravel\\framework\\src\\Illuminate\\Routing\\Route.php(176): Illuminate\\Routing\\Route->runController()
#5 C:\\laragon\\www\\es_ldcu2\\vendor\\laravel\\framework\\src\\Illuminate\\Routing\\Router.php(681): Illuminate\\Routing\\Route->run()
#6 C:\\laragon\\www\\es_ldcu2\\vendor\\laravel\\framework\\src\\Illuminate\\Pipeline\\Pipeline.php(130): Illuminate\\Routing\\Router->Illuminate\\Routing\\{closure}(Object(Illuminate\\Http\\Request))
#7 C:\\laragon\\www\\es_ldcu2\\vendor\\laravel\\framework\\src\\Illuminate\\Routing\\Middleware\\SubstituteBindings.php(41): Illuminate\\Pipeline\\Pipeline->Illuminate\\Pipeline\\{closure}(Object(Illuminate\\Http\\Request))
#8 C:\\laragon\\www\\es_ldcu2\\vendor\\laravel\\framework\\src\\Illuminate\\Pipeline\\Pipeline.php(171): Illuminate\\Routing\\Middleware\\SubstituteBindings->handle(Object(Illuminate\\Http\\Request), Object(Closure))
#9 C:\\laragon\\www\\es_ldcu2\\vendor\\laravel\\framework\\src\\Illuminate\\Foundation\\Http\\Middleware\\VerifyCsrfToken.php(78): Illuminate\\Pipeline\\Pipeline->Illuminate\\Pipeline\\{closure}(Object(Illuminate\\Http\\Request))
#10 C:\\laragon\\www\\es_ldcu2\\vendor\\laravel\\framework\\src\\Illuminate\\Pipeline\\Pipeline.php(171): Illuminate\\Foundation\\Http\\Middleware\\VerifyCsrfToken->handle(Object(Illuminate\\Http\\Request), Object(Closure))
#11 C:\\laragon\\www\\es_ldcu2\\vendor\\laravel\\framework\\src\\Illuminate\\View\\Middleware\\ShareErrorsFromSession.php(49): Illuminate\\Pipeline\\Pipeline->Illuminate\\Pipeline\\{closure}(Object(Illuminate\\Http\\Request))
#12 C:\\laragon\\www\\es_ldcu2\\vendor\\laravel\\framework\\src\\Illuminate\\Pipeline\\Pipeline.php(171): Illuminate\\View\\Middleware\\ShareErrorsFromSession->handle(Object(Illuminate\\Http\\Request), Object(Closure))
#13 C:\\laragon\\www\\es_ldcu2\\vendor\\laravel\\framework\\src\\Illuminate\\Session\\Middleware\\StartSession.php(56): Illuminate\\Pipeline\\Pipeline->Illuminate\\Pipeline\\{closure}(Object(Illuminate\\Http\\Request))
#14 C:\\laragon\\www\\es_ldcu2\\vendor\\laravel\\framework\\src\\Illuminate\\Pipeline\\Pipeline.php(171): Illuminate\\Session\\Middleware\\StartSession->handle(Object(Illuminate\\Http\\Request), Object(Closure))
#15 C:\\laragon\\www\\es_ldcu2\\vendor\\laravel\\framework\\src\\Illuminate\\Cookie\\Middleware\\AddQueuedCookiesToResponse.php(37): Illuminate\\Pipeline\\Pipeline->Illuminate\\Pipeline\\{closure}(Object(Illuminate\\Http\\Request))
#16 C:\\laragon\\www\\es_ldcu2\\vendor\\laravel\\framework\\src\\Illuminate\\Pipeline\\Pipeline.php(171): Illuminate\\Cookie\\Middleware\\AddQueuedCookiesToResponse->handle(Object(Illuminate\\Http\\Request), Object(Closure))
#17 C:\\laragon\\www\\es_ldcu2\\vendor\\laravel\\framework\\src\\Illuminate\\Cookie\\Middleware\\EncryptCookies.php(67): Illuminate\\Pipeline\\Pipeline->Illuminate\\Pipeline\\{closure}(Object(Illuminate\\Http\\Request))
#18 C:\\laragon\\www\\es_ldcu2\\vendor\\laravel\\framework\\src\\Illuminate\\Pipeline\\Pipeline.php(171): Illuminate\\Cookie\\Middleware\\EncryptCookies->handle(Object(Illuminate\\Http\\Request), Object(Closure))
#19 C:\\laragon\\www\\es_ldcu2\\vendor\\laravel\\framework\\src\\Illuminate\\Pipeline\\Pipeline.php(105): Illuminate\\Pipeline\\Pipeline->Illuminate\\Pipeline\\{closure}(Object(Illuminate\\Http\\Request))
#20 C:\\laragon\\www\\es_ldcu2\\vendor\\laravel\\framework\\src\\Illuminate\\Routing\\Router.php(683): Illuminate\\Pipeline\\Pipeline->then(Object(Closure))
#21 C:\\laragon\\www\\es_ldcu2\\vendor\\laravel\\framework\\src\\Illuminate\\Routing\\Router.php(658): Illuminate\\Routing\\Router->runRouteWithinStack(Object(Illuminate\\Routing\\Route), Object(Illuminate\\Http\\Request))
#22 C:\\laragon\\www\\es_ldcu2\\vendor\\laravel\\framework\\src\\Illuminate\\Routing\\Router.php(624): Illuminate\\Routing\\Router->runRoute(Object(Illuminate\\Http\\Request), Object(Illuminate\\Routing\\Route))
#23 C:\\laragon\\www\\es_ldcu2\\vendor\\laravel\\framework\\src\\Illuminate\\Routing\\Router.php(613): Illuminate\\Routing\\Router->dispatchToRoute(Object(Illuminate\\Http\\Request))
#24 C:\\laragon\\www\\es_ldcu2\\vendor\\laravel\\framework\\src\\Illuminate\\Foundation\\Http\\Kernel.php(170): Illuminate\\Routing\\Router->dispatch(Object(Illuminate\\Http\\Request))
#25 C:\\laragon\\www\\es_ldcu2\\vendor\\laravel\\framework\\src\\Illuminate\\Pipeline\\Pipeline.php(130): Illuminate\\Foundation\\Http\\Kernel->Illuminate\\Foundation\\Http\\{closure}(Object(Illuminate\\Http\\Request))
#26 C:\\laragon\\www\\es_ldcu2\\vendor\\laravel\\framework\\src\\Illuminate\\Foundation\\Http\\Middleware\\TransformsRequest.php(21): Illuminate\\Pipeline\\Pipeline->Illuminate\\Pipeline\\{closure}(Object(Illuminate\\Http\\Request))
#27 C:\\laragon\\www\\es_ldcu2\\vendor\\laravel\\framework\\src\\Illuminate\\Pipeline\\Pipeline.php(171): Illuminate\\Foundation\\Http\\Middleware\\TransformsRequest->handle(Object(Illuminate\\Http\\Request), Object(Closure))
#28 C:\\laragon\\www\\es_ldcu2\\vendor\\laravel\\framework\\src\\Illuminate\\Foundation\\Http\\Middleware\\TransformsRequest.php(21): Illuminate\\Pipeline\\Pipeline->Illuminate\\Pipeline\\{closure}(Object(Illuminate\\Http\\Request))
#29 C:\\laragon\\www\\es_ldcu2\\vendor\\laravel\\framework\\src\\Illuminate\\Pipeline\\Pipeline.php(171): Illuminate\\Foundation\\Http\\Middleware\\TransformsRequest->handle(Object(Illuminate\\Http\\Request), Object(Closure))
#30 C:\\laragon\\www\\es_ldcu2\\vendor\\laravel\\framework\\src\\Illuminate\\Foundation\\Http\\Middleware\\ValidatePostSize.php(27): Illuminate\\Pipeline\\Pipeline->Illuminate\\Pipeline\\{closure}(Object(Illuminate\\Http\\Request))
#31 C:\\laragon\\www\\es_ldcu2\\vendor\\laravel\\framework\\src\\Illuminate\\Pipeline\\Pipeline.php(171): Illuminate\\Foundation\\Http\\Middleware\\ValidatePostSize->handle(Object(Illuminate\\Http\\Request), Object(Closure))
#32 C:\\laragon\\www\\es_ldcu2\\vendor\\laravel\\framework\\src\\Illuminate\\Foundation\\Http\\Middleware\\CheckForMaintenanceMode.php(63): Illuminate\\Pipeline\\Pipeline->Illuminate\\Pipeline\\{closure}(Object(Illuminate\\Http\\Request))
#33 C:\\laragon\\www\\es_ldcu2\\vendor\\laravel\\framework\\src\\Illuminate\\Pipeline\\Pipeline.php(171): Illuminate\\Foundation\\Http\\Middleware\\CheckForMaintenanceMode->handle(Object(Illuminate\\Http\\Request), Object(Closure))
#34 C:\\laragon\\www\\es_ldcu2\\vendor\\fideloper\\proxy\\src\\TrustProxies.php(57): Illuminate\\Pipeline\\Pipeline->Illuminate\\Pipeline\\{closure}(Object(Illuminate\\Http\\Request))
#35 C:\\laragon\\www\\es_ldcu2\\vendor\\laravel\\framework\\src\\Illuminate\\Pipeline\\Pipeline.php(171): Fideloper\\Proxy\\TrustProxies->handle(Object(Illuminate\\Http\\Request), Object(Closure))
#36 C:\\laragon\\www\\es_ldcu2\\vendor\\laravel\\framework\\src\\Illuminate\\Pipeline\\Pipeline.php(105): Illuminate\\Pipeline\\Pipeline->Illuminate\\Pipeline\\{closure}(Object(Illuminate\\Http\\Request))
#37 C:\\laragon\\www\\es_ldcu2\\vendor\\laravel\\framework\\src\\Illuminate\\Foundation\\Http\\Kernel.php(145): Illuminate\\Pipeline\\Pipeline->then(Object(Closure))
#38 C:\\laragon\\www\\es_ldcu2\\vendor\\laravel\\framework\\src\\Illuminate\\Foundation\\Http\\Kernel.php(110): Illuminate\\Foundation\\Http\\Kernel->sendRequestThroughRouter(Object(Illuminate\\Http\\Request))
#39 C:\\laragon\\www\\es_ldcu2\\public\\index.php(55): Illuminate\\Foundation\\Http\\Kernel->handle(Object(Illuminate\\Http\\Request))
#40 C:\\laragon\\www\\es_ldcu2\\server.php(21): require_once('C:\\\\laragon\\\\www\\\\...')
#41 {main}
"} 
[2025-07-14 07:26:55] local.INFO: Section: HONESTY, acadprogid: 4  
[2025-07-14 07:26:55] local.INFO: Active template DB result: {"templatepath":"principalsportal.forms.sf9layout.ica.jhs"}  
[2025-07-14 07:26:55] local.INFO: Final template to use: principalsportal.forms.sf9layout.ica.jhs  
[2025-07-14 07:26:55] local.ERROR: Trying to get property 'sectionname' of non-object (View: C:\laragon\www\es_ldcu2\resources\views\principalsportal\forms\sf9layout\ica\jhs.blade.php) {"userId":1,"exception":"[object] (Facade\\Ignition\\Exceptions\\ViewException(code: 0): Trying to get property 'sectionname' of non-object (View: C:\\laragon\\www\\es_ldcu2\\resources\\views\\principalsportal\\forms\\sf9layout\\ica\\jhs.blade.php) at C:\\laragon\\www\\es_ldcu2\\resources\\views/principalsportal/forms/sf9layout/ica/jhs.blade.php:277)
[stacktrace]
#0 C:\\laragon\\www\\es_ldcu2\\resources\\views/principalsportal/forms/sf9layout/ica/jhs.blade.php(277): Illuminate\\Foundation\\Bootstrap\\HandleExceptions->handleError(8, 'Trying to get p...', 'C:\\\\laragon\\\\www\\\\...', 281, Array)
#1 C:\\laragon\\www\\es_ldcu2\\vendor\\laravel\\framework\\src\\Illuminate\\View\\Engines\\PhpEngine.php(43): include('C:\\\\laragon\\\\www\\\\...')
#2 C:\\laragon\\www\\es_ldcu2\\vendor\\laravel\\framework\\src\\Illuminate\\View\\Engines\\CompilerEngine.php(59): Illuminate\\View\\Engines\\PhpEngine->evaluatePath('C:\\\\laragon\\\\www\\\\...', Array)
#3 C:\\laragon\\www\\es_ldcu2\\vendor\\facade\\ignition\\src\\Views\\Engines\\CompilerEngine.php(36): Illuminate\\View\\Engines\\CompilerEngine->get('C:\\\\laragon\\\\www\\\\...', Array)
#4 C:\\laragon\\www\\es_ldcu2\\vendor\\laravel\\framework\\src\\Illuminate\\View\\View.php(143): Facade\\Ignition\\Views\\Engines\\CompilerEngine->get('C:\\\\laragon\\\\www\\\\...', Array)
#5 C:\\laragon\\www\\es_ldcu2\\vendor\\laravel\\framework\\src\\Illuminate\\View\\View.php(126): Illuminate\\View\\View->getContents()
#6 C:\\laragon\\www\\es_ldcu2\\vendor\\laravel\\framework\\src\\Illuminate\\View\\View.php(91): Illuminate\\View\\View->renderContents()
#7 C:\\laragon\\www\\es_ldcu2\\vendor\\barryvdh\\laravel-dompdf\\src\\PDF.php(132): Illuminate\\View\\View->render()
#8 C:\\laragon\\www\\es_ldcu2\\app\\Http\\Controllers\\Migration\\RegistrarMigration.php(690): Barryvdh\\DomPDF\\PDF->loadView('principalsporta...', Array)
#9 C:\\laragon\\www\\es_ldcu2\\vendor\\laravel\\framework\\src\\Illuminate\\Routing\\Controller.php(54): App\\Http\\Controllers\\Migration\\RegistrarMigration->downloadSf9MasterlistBatch(Object(Illuminate\\Http\\Request))
#10 C:\\laragon\\www\\es_ldcu2\\vendor\\laravel\\framework\\src\\Illuminate\\Routing\\ControllerDispatcher.php(45): Illuminate\\Routing\\Controller->callAction('downloadSf9Mast...', Array)
#11 C:\\laragon\\www\\es_ldcu2\\vendor\\laravel\\framework\\src\\Illuminate\\Routing\\Route.php(219): Illuminate\\Routing\\ControllerDispatcher->dispatch(Object(Illuminate\\Routing\\Route), Object(App\\Http\\Controllers\\Migration\\RegistrarMigration), 'downloadSf9Mast...')
#12 C:\\laragon\\www\\es_ldcu2\\vendor\\laravel\\framework\\src\\Illuminate\\Routing\\Route.php(176): Illuminate\\Routing\\Route->runController()
#13 C:\\laragon\\www\\es_ldcu2\\vendor\\laravel\\framework\\src\\Illuminate\\Routing\\Router.php(681): Illuminate\\Routing\\Route->run()
#14 C:\\laragon\\www\\es_ldcu2\\vendor\\laravel\\framework\\src\\Illuminate\\Pipeline\\Pipeline.php(130): Illuminate\\Routing\\Router->Illuminate\\Routing\\{closure}(Object(Illuminate\\Http\\Request))
#15 C:\\laragon\\www\\es_ldcu2\\vendor\\laravel\\framework\\src\\Illuminate\\Routing\\Middleware\\SubstituteBindings.php(41): Illuminate\\Pipeline\\Pipeline->Illuminate\\Pipeline\\{closure}(Object(Illuminate\\Http\\Request))
#16 C:\\laragon\\www\\es_ldcu2\\vendor\\laravel\\framework\\src\\Illuminate\\Pipeline\\Pipeline.php(171): Illuminate\\Routing\\Middleware\\SubstituteBindings->handle(Object(Illuminate\\Http\\Request), Object(Closure))
#17 C:\\laragon\\www\\es_ldcu2\\vendor\\laravel\\framework\\src\\Illuminate\\Foundation\\Http\\Middleware\\VerifyCsrfToken.php(78): Illuminate\\Pipeline\\Pipeline->Illuminate\\Pipeline\\{closure}(Object(Illuminate\\Http\\Request))
#18 C:\\laragon\\www\\es_ldcu2\\vendor\\laravel\\framework\\src\\Illuminate\\Pipeline\\Pipeline.php(171): Illuminate\\Foundation\\Http\\Middleware\\VerifyCsrfToken->handle(Object(Illuminate\\Http\\Request), Object(Closure))
#19 C:\\laragon\\www\\es_ldcu2\\vendor\\laravel\\framework\\src\\Illuminate\\View\\Middleware\\ShareErrorsFromSession.php(49): Illuminate\\Pipeline\\Pipeline->Illuminate\\Pipeline\\{closure}(Object(Illuminate\\Http\\Request))
#20 C:\\laragon\\www\\es_ldcu2\\vendor\\laravel\\framework\\src\\Illuminate\\Pipeline\\Pipeline.php(171): Illuminate\\View\\Middleware\\ShareErrorsFromSession->handle(Object(Illuminate\\Http\\Request), Object(Closure))
#21 C:\\laragon\\www\\es_ldcu2\\vendor\\laravel\\framework\\src\\Illuminate\\Session\\Middleware\\StartSession.php(56): Illuminate\\Pipeline\\Pipeline->Illuminate\\Pipeline\\{closure}(Object(Illuminate\\Http\\Request))
#22 C:\\laragon\\www\\es_ldcu2\\vendor\\laravel\\framework\\src\\Illuminate\\Pipeline\\Pipeline.php(171): Illuminate\\Session\\Middleware\\StartSession->handle(Object(Illuminate\\Http\\Request), Object(Closure))
#23 C:\\laragon\\www\\es_ldcu2\\vendor\\laravel\\framework\\src\\Illuminate\\Cookie\\Middleware\\AddQueuedCookiesToResponse.php(37): Illuminate\\Pipeline\\Pipeline->Illuminate\\Pipeline\\{closure}(Object(Illuminate\\Http\\Request))
#24 C:\\laragon\\www\\es_ldcu2\\vendor\\laravel\\framework\\src\\Illuminate\\Pipeline\\Pipeline.php(171): Illuminate\\Cookie\\Middleware\\AddQueuedCookiesToResponse->handle(Object(Illuminate\\Http\\Request), Object(Closure))
#25 C:\\laragon\\www\\es_ldcu2\\vendor\\laravel\\framework\\src\\Illuminate\\Cookie\\Middleware\\EncryptCookies.php(67): Illuminate\\Pipeline\\Pipeline->Illuminate\\Pipeline\\{closure}(Object(Illuminate\\Http\\Request))
#26 C:\\laragon\\www\\es_ldcu2\\vendor\\laravel\\framework\\src\\Illuminate\\Pipeline\\Pipeline.php(171): Illuminate\\Cookie\\Middleware\\EncryptCookies->handle(Object(Illuminate\\Http\\Request), Object(Closure))
#27 C:\\laragon\\www\\es_ldcu2\\vendor\\laravel\\framework\\src\\Illuminate\\Pipeline\\Pipeline.php(105): Illuminate\\Pipeline\\Pipeline->Illuminate\\Pipeline\\{closure}(Object(Illuminate\\Http\\Request))
#28 C:\\laragon\\www\\es_ldcu2\\vendor\\laravel\\framework\\src\\Illuminate\\Routing\\Router.php(683): Illuminate\\Pipeline\\Pipeline->then(Object(Closure))
#29 C:\\laragon\\www\\es_ldcu2\\vendor\\laravel\\framework\\src\\Illuminate\\Routing\\Router.php(658): Illuminate\\Routing\\Router->runRouteWithinStack(Object(Illuminate\\Routing\\Route), Object(Illuminate\\Http\\Request))
#30 C:\\laragon\\www\\es_ldcu2\\vendor\\laravel\\framework\\src\\Illuminate\\Routing\\Router.php(624): Illuminate\\Routing\\Router->runRoute(Object(Illuminate\\Http\\Request), Object(Illuminate\\Routing\\Route))
#31 C:\\laragon\\www\\es_ldcu2\\vendor\\laravel\\framework\\src\\Illuminate\\Routing\\Router.php(613): Illuminate\\Routing\\Router->dispatchToRoute(Object(Illuminate\\Http\\Request))
#32 C:\\laragon\\www\\es_ldcu2\\vendor\\laravel\\framework\\src\\Illuminate\\Foundation\\Http\\Kernel.php(170): Illuminate\\Routing\\Router->dispatch(Object(Illuminate\\Http\\Request))
#33 C:\\laragon\\www\\es_ldcu2\\vendor\\laravel\\framework\\src\\Illuminate\\Pipeline\\Pipeline.php(130): Illuminate\\Foundation\\Http\\Kernel->Illuminate\\Foundation\\Http\\{closure}(Object(Illuminate\\Http\\Request))
#34 C:\\laragon\\www\\es_ldcu2\\vendor\\laravel\\framework\\src\\Illuminate\\Foundation\\Http\\Middleware\\TransformsRequest.php(21): Illuminate\\Pipeline\\Pipeline->Illuminate\\Pipeline\\{closure}(Object(Illuminate\\Http\\Request))
#35 C:\\laragon\\www\\es_ldcu2\\vendor\\laravel\\framework\\src\\Illuminate\\Pipeline\\Pipeline.php(171): Illuminate\\Foundation\\Http\\Middleware\\TransformsRequest->handle(Object(Illuminate\\Http\\Request), Object(Closure))
#36 C:\\laragon\\www\\es_ldcu2\\vendor\\laravel\\framework\\src\\Illuminate\\Foundation\\Http\\Middleware\\TransformsRequest.php(21): Illuminate\\Pipeline\\Pipeline->Illuminate\\Pipeline\\{closure}(Object(Illuminate\\Http\\Request))
#37 C:\\laragon\\www\\es_ldcu2\\vendor\\laravel\\framework\\src\\Illuminate\\Pipeline\\Pipeline.php(171): Illuminate\\Foundation\\Http\\Middleware\\TransformsRequest->handle(Object(Illuminate\\Http\\Request), Object(Closure))
#38 C:\\laragon\\www\\es_ldcu2\\vendor\\laravel\\framework\\src\\Illuminate\\Foundation\\Http\\Middleware\\ValidatePostSize.php(27): Illuminate\\Pipeline\\Pipeline->Illuminate\\Pipeline\\{closure}(Object(Illuminate\\Http\\Request))
#39 C:\\laragon\\www\\es_ldcu2\\vendor\\laravel\\framework\\src\\Illuminate\\Pipeline\\Pipeline.php(171): Illuminate\\Foundation\\Http\\Middleware\\ValidatePostSize->handle(Object(Illuminate\\Http\\Request), Object(Closure))
#40 C:\\laragon\\www\\es_ldcu2\\vendor\\laravel\\framework\\src\\Illuminate\\Foundation\\Http\\Middleware\\CheckForMaintenanceMode.php(63): Illuminate\\Pipeline\\Pipeline->Illuminate\\Pipeline\\{closure}(Object(Illuminate\\Http\\Request))
#41 C:\\laragon\\www\\es_ldcu2\\vendor\\laravel\\framework\\src\\Illuminate\\Pipeline\\Pipeline.php(171): Illuminate\\Foundation\\Http\\Middleware\\CheckForMaintenanceMode->handle(Object(Illuminate\\Http\\Request), Object(Closure))
#42 C:\\laragon\\www\\es_ldcu2\\vendor\\fideloper\\proxy\\src\\TrustProxies.php(57): Illuminate\\Pipeline\\Pipeline->Illuminate\\Pipeline\\{closure}(Object(Illuminate\\Http\\Request))
#43 C:\\laragon\\www\\es_ldcu2\\vendor\\laravel\\framework\\src\\Illuminate\\Pipeline\\Pipeline.php(171): Fideloper\\Proxy\\TrustProxies->handle(Object(Illuminate\\Http\\Request), Object(Closure))
#44 C:\\laragon\\www\\es_ldcu2\\vendor\\laravel\\framework\\src\\Illuminate\\Pipeline\\Pipeline.php(105): Illuminate\\Pipeline\\Pipeline->Illuminate\\Pipeline\\{closure}(Object(Illuminate\\Http\\Request))
#45 C:\\laragon\\www\\es_ldcu2\\vendor\\laravel\\framework\\src\\Illuminate\\Foundation\\Http\\Kernel.php(145): Illuminate\\Pipeline\\Pipeline->then(Object(Closure))
#46 C:\\laragon\\www\\es_ldcu2\\vendor\\laravel\\framework\\src\\Illuminate\\Foundation\\Http\\Kernel.php(110): Illuminate\\Foundation\\Http\\Kernel->sendRequestThroughRouter(Object(Illuminate\\Http\\Request))
#47 C:\\laragon\\www\\es_ldcu2\\public\\index.php(55): Illuminate\\Foundation\\Http\\Kernel->handle(Object(Illuminate\\Http\\Request))
#48 C:\\laragon\\www\\es_ldcu2\\server.php(21): require_once('C:\\\\laragon\\\\www\\\\...')
#49 {main}

[previous exception] [object] (ErrorException(code: 0): Trying to get property 'sectionname' of non-object at C:\\laragon\\www\\es_ldcu2\\storage\\framework\\views\\e9fb05b7e2da42a09e321f4862534db12a8eda51.php:281)
[stacktrace]
#0 C:\\laragon\\www\\es_ldcu2\\storage\\framework\\views\\e9fb05b7e2da42a09e321f4862534db12a8eda51.php(281): Illuminate\\Foundation\\Bootstrap\\HandleExceptions->handleError(8, 'Trying to get p...', 'C:\\\\laragon\\\\www\\\\...', 281, Array)
#1 C:\\laragon\\www\\es_ldcu2\\vendor\\laravel\\framework\\src\\Illuminate\\View\\Engines\\PhpEngine.php(43): include('C:\\\\laragon\\\\www\\\\...')
#2 C:\\laragon\\www\\es_ldcu2\\vendor\\laravel\\framework\\src\\Illuminate\\View\\Engines\\CompilerEngine.php(59): Illuminate\\View\\Engines\\PhpEngine->evaluatePath('C:\\\\laragon\\\\www\\\\...', Array)
#3 C:\\laragon\\www\\es_ldcu2\\vendor\\facade\\ignition\\src\\Views\\Engines\\CompilerEngine.php(36): Illuminate\\View\\Engines\\CompilerEngine->get('C:\\\\laragon\\\\www\\\\...', Array)
#4 C:\\laragon\\www\\es_ldcu2\\vendor\\laravel\\framework\\src\\Illuminate\\View\\View.php(143): Facade\\Ignition\\Views\\Engines\\CompilerEngine->get('C:\\\\laragon\\\\www\\\\...', Array)
#5 C:\\laragon\\www\\es_ldcu2\\vendor\\laravel\\framework\\src\\Illuminate\\View\\View.php(126): Illuminate\\View\\View->getContents()
#6 C:\\laragon\\www\\es_ldcu2\\vendor\\laravel\\framework\\src\\Illuminate\\View\\View.php(91): Illuminate\\View\\View->renderContents()
#7 C:\\laragon\\www\\es_ldcu2\\vendor\\barryvdh\\laravel-dompdf\\src\\PDF.php(132): Illuminate\\View\\View->render()
#8 C:\\laragon\\www\\es_ldcu2\\app\\Http\\Controllers\\Migration\\RegistrarMigration.php(690): Barryvdh\\DomPDF\\PDF->loadView('principalsporta...', Array)
#9 C:\\laragon\\www\\es_ldcu2\\vendor\\laravel\\framework\\src\\Illuminate\\Routing\\Controller.php(54): App\\Http\\Controllers\\Migration\\RegistrarMigration->downloadSf9MasterlistBatch(Object(Illuminate\\Http\\Request))
#10 C:\\laragon\\www\\es_ldcu2\\vendor\\laravel\\framework\\src\\Illuminate\\Routing\\ControllerDispatcher.php(45): Illuminate\\Routing\\Controller->callAction('downloadSf9Mast...', Array)
#11 C:\\laragon\\www\\es_ldcu2\\vendor\\laravel\\framework\\src\\Illuminate\\Routing\\Route.php(219): Illuminate\\Routing\\ControllerDispatcher->dispatch(Object(Illuminate\\Routing\\Route), Object(App\\Http\\Controllers\\Migration\\RegistrarMigration), 'downloadSf9Mast...')
#12 C:\\laragon\\www\\es_ldcu2\\vendor\\laravel\\framework\\src\\Illuminate\\Routing\\Route.php(176): Illuminate\\Routing\\Route->runController()
#13 C:\\laragon\\www\\es_ldcu2\\vendor\\laravel\\framework\\src\\Illuminate\\Routing\\Router.php(681): Illuminate\\Routing\\Route->run()
#14 C:\\laragon\\www\\es_ldcu2\\vendor\\laravel\\framework\\src\\Illuminate\\Pipeline\\Pipeline.php(130): Illuminate\\Routing\\Router->Illuminate\\Routing\\{closure}(Object(Illuminate\\Http\\Request))
#15 C:\\laragon\\www\\es_ldcu2\\vendor\\laravel\\framework\\src\\Illuminate\\Routing\\Middleware\\SubstituteBindings.php(41): Illuminate\\Pipeline\\Pipeline->Illuminate\\Pipeline\\{closure}(Object(Illuminate\\Http\\Request))
#16 C:\\laragon\\www\\es_ldcu2\\vendor\\laravel\\framework\\src\\Illuminate\\Pipeline\\Pipeline.php(171): Illuminate\\Routing\\Middleware\\SubstituteBindings->handle(Object(Illuminate\\Http\\Request), Object(Closure))
#17 C:\\laragon\\www\\es_ldcu2\\vendor\\laravel\\framework\\src\\Illuminate\\Foundation\\Http\\Middleware\\VerifyCsrfToken.php(78): Illuminate\\Pipeline\\Pipeline->Illuminate\\Pipeline\\{closure}(Object(Illuminate\\Http\\Request))
#18 C:\\laragon\\www\\es_ldcu2\\vendor\\laravel\\framework\\src\\Illuminate\\Pipeline\\Pipeline.php(171): Illuminate\\Foundation\\Http\\Middleware\\VerifyCsrfToken->handle(Object(Illuminate\\Http\\Request), Object(Closure))
#19 C:\\laragon\\www\\es_ldcu2\\vendor\\laravel\\framework\\src\\Illuminate\\View\\Middleware\\ShareErrorsFromSession.php(49): Illuminate\\Pipeline\\Pipeline->Illuminate\\Pipeline\\{closure}(Object(Illuminate\\Http\\Request))
#20 C:\\laragon\\www\\es_ldcu2\\vendor\\laravel\\framework\\src\\Illuminate\\Pipeline\\Pipeline.php(171): Illuminate\\View\\Middleware\\ShareErrorsFromSession->handle(Object(Illuminate\\Http\\Request), Object(Closure))
#21 C:\\laragon\\www\\es_ldcu2\\vendor\\laravel\\framework\\src\\Illuminate\\Session\\Middleware\\StartSession.php(56): Illuminate\\Pipeline\\Pipeline->Illuminate\\Pipeline\\{closure}(Object(Illuminate\\Http\\Request))
#22 C:\\laragon\\www\\es_ldcu2\\vendor\\laravel\\framework\\src\\Illuminate\\Pipeline\\Pipeline.php(171): Illuminate\\Session\\Middleware\\StartSession->handle(Object(Illuminate\\Http\\Request), Object(Closure))
#23 C:\\laragon\\www\\es_ldcu2\\vendor\\laravel\\framework\\src\\Illuminate\\Cookie\\Middleware\\AddQueuedCookiesToResponse.php(37): Illuminate\\Pipeline\\Pipeline->Illuminate\\Pipeline\\{closure}(Object(Illuminate\\Http\\Request))
#24 C:\\laragon\\www\\es_ldcu2\\vendor\\laravel\\framework\\src\\Illuminate\\Pipeline\\Pipeline.php(171): Illuminate\\Cookie\\Middleware\\AddQueuedCookiesToResponse->handle(Object(Illuminate\\Http\\Request), Object(Closure))
#25 C:\\laragon\\www\\es_ldcu2\\vendor\\laravel\\framework\\src\\Illuminate\\Cookie\\Middleware\\EncryptCookies.php(67): Illuminate\\Pipeline\\Pipeline->Illuminate\\Pipeline\\{closure}(Object(Illuminate\\Http\\Request))
#26 C:\\laragon\\www\\es_ldcu2\\vendor\\laravel\\framework\\src\\Illuminate\\Pipeline\\Pipeline.php(171): Illuminate\\Cookie\\Middleware\\EncryptCookies->handle(Object(Illuminate\\Http\\Request), Object(Closure))
#27 C:\\laragon\\www\\es_ldcu2\\vendor\\laravel\\framework\\src\\Illuminate\\Pipeline\\Pipeline.php(105): Illuminate\\Pipeline\\Pipeline->Illuminate\\Pipeline\\{closure}(Object(Illuminate\\Http\\Request))
#28 C:\\laragon\\www\\es_ldcu2\\vendor\\laravel\\framework\\src\\Illuminate\\Routing\\Router.php(683): Illuminate\\Pipeline\\Pipeline->then(Object(Closure))
#29 C:\\laragon\\www\\es_ldcu2\\vendor\\laravel\\framework\\src\\Illuminate\\Routing\\Router.php(658): Illuminate\\Routing\\Router->runRouteWithinStack(Object(Illuminate\\Routing\\Route), Object(Illuminate\\Http\\Request))
#30 C:\\laragon\\www\\es_ldcu2\\vendor\\laravel\\framework\\src\\Illuminate\\Routing\\Router.php(624): Illuminate\\Routing\\Router->runRoute(Object(Illuminate\\Http\\Request), Object(Illuminate\\Routing\\Route))
#31 C:\\laragon\\www\\es_ldcu2\\vendor\\laravel\\framework\\src\\Illuminate\\Routing\\Router.php(613): Illuminate\\Routing\\Router->dispatchToRoute(Object(Illuminate\\Http\\Request))
#32 C:\\laragon\\www\\es_ldcu2\\vendor\\laravel\\framework\\src\\Illuminate\\Foundation\\Http\\Kernel.php(170): Illuminate\\Routing\\Router->dispatch(Object(Illuminate\\Http\\Request))
#33 C:\\laragon\\www\\es_ldcu2\\vendor\\laravel\\framework\\src\\Illuminate\\Pipeline\\Pipeline.php(130): Illuminate\\Foundation\\Http\\Kernel->Illuminate\\Foundation\\Http\\{closure}(Object(Illuminate\\Http\\Request))
#34 C:\\laragon\\www\\es_ldcu2\\vendor\\laravel\\framework\\src\\Illuminate\\Foundation\\Http\\Middleware\\TransformsRequest.php(21): Illuminate\\Pipeline\\Pipeline->Illuminate\\Pipeline\\{closure}(Object(Illuminate\\Http\\Request))
#35 C:\\laragon\\www\\es_ldcu2\\vendor\\laravel\\framework\\src\\Illuminate\\Pipeline\\Pipeline.php(171): Illuminate\\Foundation\\Http\\Middleware\\TransformsRequest->handle(Object(Illuminate\\Http\\Request), Object(Closure))
#36 C:\\laragon\\www\\es_ldcu2\\vendor\\laravel\\framework\\src\\Illuminate\\Foundation\\Http\\Middleware\\TransformsRequest.php(21): Illuminate\\Pipeline\\Pipeline->Illuminate\\Pipeline\\{closure}(Object(Illuminate\\Http\\Request))
#37 C:\\laragon\\www\\es_ldcu2\\vendor\\laravel\\framework\\src\\Illuminate\\Pipeline\\Pipeline.php(171): Illuminate\\Foundation\\Http\\Middleware\\TransformsRequest->handle(Object(Illuminate\\Http\\Request), Object(Closure))
#38 C:\\laragon\\www\\es_ldcu2\\vendor\\laravel\\framework\\src\\Illuminate\\Foundation\\Http\\Middleware\\ValidatePostSize.php(27): Illuminate\\Pipeline\\Pipeline->Illuminate\\Pipeline\\{closure}(Object(Illuminate\\Http\\Request))
#39 C:\\laragon\\www\\es_ldcu2\\vendor\\laravel\\framework\\src\\Illuminate\\Pipeline\\Pipeline.php(171): Illuminate\\Foundation\\Http\\Middleware\\ValidatePostSize->handle(Object(Illuminate\\Http\\Request), Object(Closure))
#40 C:\\laragon\\www\\es_ldcu2\\vendor\\laravel\\framework\\src\\Illuminate\\Foundation\\Http\\Middleware\\CheckForMaintenanceMode.php(63): Illuminate\\Pipeline\\Pipeline->Illuminate\\Pipeline\\{closure}(Object(Illuminate\\Http\\Request))
#41 C:\\laragon\\www\\es_ldcu2\\vendor\\laravel\\framework\\src\\Illuminate\\Pipeline\\Pipeline.php(171): Illuminate\\Foundation\\Http\\Middleware\\CheckForMaintenanceMode->handle(Object(Illuminate\\Http\\Request), Object(Closure))
#42 C:\\laragon\\www\\es_ldcu2\\vendor\\fideloper\\proxy\\src\\TrustProxies.php(57): Illuminate\\Pipeline\\Pipeline->Illuminate\\Pipeline\\{closure}(Object(Illuminate\\Http\\Request))
#43 C:\\laragon\\www\\es_ldcu2\\vendor\\laravel\\framework\\src\\Illuminate\\Pipeline\\Pipeline.php(171): Fideloper\\Proxy\\TrustProxies->handle(Object(Illuminate\\Http\\Request), Object(Closure))
#44 C:\\laragon\\www\\es_ldcu2\\vendor\\laravel\\framework\\src\\Illuminate\\Pipeline\\Pipeline.php(105): Illuminate\\Pipeline\\Pipeline->Illuminate\\Pipeline\\{closure}(Object(Illuminate\\Http\\Request))
#45 C:\\laragon\\www\\es_ldcu2\\vendor\\laravel\\framework\\src\\Illuminate\\Foundation\\Http\\Kernel.php(145): Illuminate\\Pipeline\\Pipeline->then(Object(Closure))
#46 C:\\laragon\\www\\es_ldcu2\\vendor\\laravel\\framework\\src\\Illuminate\\Foundation\\Http\\Kernel.php(110): Illuminate\\Foundation\\Http\\Kernel->sendRequestThroughRouter(Object(Illuminate\\Http\\Request))
#47 C:\\laragon\\www\\es_ldcu2\\public\\index.php(55): Illuminate\\Foundation\\Http\\Kernel->handle(Object(Illuminate\\Http\\Request))
#48 C:\\laragon\\www\\es_ldcu2\\server.php(21): require_once('C:\\\\laragon\\\\www\\\\...')
#49 {main}
"} 
[2025-07-14 07:33:20] local.INFO: Section: HONESTY, acadprogid: 4  
[2025-07-14 07:33:20] local.INFO: Active template DB result: {"templatepath":"principalsportal.forms.sf9layout.ica.jhs"}  
[2025-07-14 07:33:20] local.INFO: Final template to use: principalsportal.forms.sf9layout.ica.jhs  
[2025-07-14 07:33:20] local.ERROR: Undefined property: stdClass::$regiontext (View: C:\laragon\www\es_ldcu2\resources\views\principalsportal\forms\sf9layout\ica\jhs.blade.php) {"userId":1,"exception":"[object] (Facade\\Ignition\\Exceptions\\ViewException(code: 0): Undefined property: stdClass::$regiontext (View: C:\\laragon\\www\\es_ldcu2\\resources\\views\\principalsportal\\forms\\sf9layout\\ica\\jhs.blade.php) at C:\\laragon\\www\\es_ldcu2\\resources\\views/principalsportal/forms/sf9layout/ica/jhs.blade.php:394)
[stacktrace]
#0 C:\\laragon\\www\\es_ldcu2\\resources\\views/principalsportal/forms/sf9layout/ica/jhs.blade.php(394): Illuminate\\Foundation\\Bootstrap\\HandleExceptions->handleError(8, 'Undefined prope...', 'C:\\\\laragon\\\\www\\\\...', 399, Array)
#1 C:\\laragon\\www\\es_ldcu2\\vendor\\laravel\\framework\\src\\Illuminate\\View\\Engines\\PhpEngine.php(43): include('C:\\\\laragon\\\\www\\\\...')
#2 C:\\laragon\\www\\es_ldcu2\\vendor\\laravel\\framework\\src\\Illuminate\\View\\Engines\\CompilerEngine.php(59): Illuminate\\View\\Engines\\PhpEngine->evaluatePath('C:\\\\laragon\\\\www\\\\...', Array)
#3 C:\\laragon\\www\\es_ldcu2\\vendor\\facade\\ignition\\src\\Views\\Engines\\CompilerEngine.php(36): Illuminate\\View\\Engines\\CompilerEngine->get('C:\\\\laragon\\\\www\\\\...', Array)
#4 C:\\laragon\\www\\es_ldcu2\\vendor\\laravel\\framework\\src\\Illuminate\\View\\View.php(143): Facade\\Ignition\\Views\\Engines\\CompilerEngine->get('C:\\\\laragon\\\\www\\\\...', Array)
#5 C:\\laragon\\www\\es_ldcu2\\vendor\\laravel\\framework\\src\\Illuminate\\View\\View.php(126): Illuminate\\View\\View->getContents()
#6 C:\\laragon\\www\\es_ldcu2\\vendor\\laravel\\framework\\src\\Illuminate\\View\\View.php(91): Illuminate\\View\\View->renderContents()
#7 C:\\laragon\\www\\es_ldcu2\\vendor\\barryvdh\\laravel-dompdf\\src\\PDF.php(132): Illuminate\\View\\View->render()
#8 C:\\laragon\\www\\es_ldcu2\\app\\Http\\Controllers\\Migration\\RegistrarMigration.php(690): Barryvdh\\DomPDF\\PDF->loadView('principalsporta...', Array)
#9 C:\\laragon\\www\\es_ldcu2\\vendor\\laravel\\framework\\src\\Illuminate\\Routing\\Controller.php(54): App\\Http\\Controllers\\Migration\\RegistrarMigration->downloadSf9MasterlistBatch(Object(Illuminate\\Http\\Request))
#10 C:\\laragon\\www\\es_ldcu2\\vendor\\laravel\\framework\\src\\Illuminate\\Routing\\ControllerDispatcher.php(45): Illuminate\\Routing\\Controller->callAction('downloadSf9Mast...', Array)
#11 C:\\laragon\\www\\es_ldcu2\\vendor\\laravel\\framework\\src\\Illuminate\\Routing\\Route.php(219): Illuminate\\Routing\\ControllerDispatcher->dispatch(Object(Illuminate\\Routing\\Route), Object(App\\Http\\Controllers\\Migration\\RegistrarMigration), 'downloadSf9Mast...')
#12 C:\\laragon\\www\\es_ldcu2\\vendor\\laravel\\framework\\src\\Illuminate\\Routing\\Route.php(176): Illuminate\\Routing\\Route->runController()
#13 C:\\laragon\\www\\es_ldcu2\\vendor\\laravel\\framework\\src\\Illuminate\\Routing\\Router.php(681): Illuminate\\Routing\\Route->run()
#14 C:\\laragon\\www\\es_ldcu2\\vendor\\laravel\\framework\\src\\Illuminate\\Pipeline\\Pipeline.php(130): Illuminate\\Routing\\Router->Illuminate\\Routing\\{closure}(Object(Illuminate\\Http\\Request))
#15 C:\\laragon\\www\\es_ldcu2\\vendor\\laravel\\framework\\src\\Illuminate\\Routing\\Middleware\\SubstituteBindings.php(41): Illuminate\\Pipeline\\Pipeline->Illuminate\\Pipeline\\{closure}(Object(Illuminate\\Http\\Request))
#16 C:\\laragon\\www\\es_ldcu2\\vendor\\laravel\\framework\\src\\Illuminate\\Pipeline\\Pipeline.php(171): Illuminate\\Routing\\Middleware\\SubstituteBindings->handle(Object(Illuminate\\Http\\Request), Object(Closure))
#17 C:\\laragon\\www\\es_ldcu2\\vendor\\laravel\\framework\\src\\Illuminate\\Foundation\\Http\\Middleware\\VerifyCsrfToken.php(78): Illuminate\\Pipeline\\Pipeline->Illuminate\\Pipeline\\{closure}(Object(Illuminate\\Http\\Request))
#18 C:\\laragon\\www\\es_ldcu2\\vendor\\laravel\\framework\\src\\Illuminate\\Pipeline\\Pipeline.php(171): Illuminate\\Foundation\\Http\\Middleware\\VerifyCsrfToken->handle(Object(Illuminate\\Http\\Request), Object(Closure))
#19 C:\\laragon\\www\\es_ldcu2\\vendor\\laravel\\framework\\src\\Illuminate\\View\\Middleware\\ShareErrorsFromSession.php(49): Illuminate\\Pipeline\\Pipeline->Illuminate\\Pipeline\\{closure}(Object(Illuminate\\Http\\Request))
#20 C:\\laragon\\www\\es_ldcu2\\vendor\\laravel\\framework\\src\\Illuminate\\Pipeline\\Pipeline.php(171): Illuminate\\View\\Middleware\\ShareErrorsFromSession->handle(Object(Illuminate\\Http\\Request), Object(Closure))
#21 C:\\laragon\\www\\es_ldcu2\\vendor\\laravel\\framework\\src\\Illuminate\\Session\\Middleware\\StartSession.php(56): Illuminate\\Pipeline\\Pipeline->Illuminate\\Pipeline\\{closure}(Object(Illuminate\\Http\\Request))
#22 C:\\laragon\\www\\es_ldcu2\\vendor\\laravel\\framework\\src\\Illuminate\\Pipeline\\Pipeline.php(171): Illuminate\\Session\\Middleware\\StartSession->handle(Object(Illuminate\\Http\\Request), Object(Closure))
#23 C:\\laragon\\www\\es_ldcu2\\vendor\\laravel\\framework\\src\\Illuminate\\Cookie\\Middleware\\AddQueuedCookiesToResponse.php(37): Illuminate\\Pipeline\\Pipeline->Illuminate\\Pipeline\\{closure}(Object(Illuminate\\Http\\Request))
#24 C:\\laragon\\www\\es_ldcu2\\vendor\\laravel\\framework\\src\\Illuminate\\Pipeline\\Pipeline.php(171): Illuminate\\Cookie\\Middleware\\AddQueuedCookiesToResponse->handle(Object(Illuminate\\Http\\Request), Object(Closure))
#25 C:\\laragon\\www\\es_ldcu2\\vendor\\laravel\\framework\\src\\Illuminate\\Cookie\\Middleware\\EncryptCookies.php(67): Illuminate\\Pipeline\\Pipeline->Illuminate\\Pipeline\\{closure}(Object(Illuminate\\Http\\Request))
#26 C:\\laragon\\www\\es_ldcu2\\vendor\\laravel\\framework\\src\\Illuminate\\Pipeline\\Pipeline.php(171): Illuminate\\Cookie\\Middleware\\EncryptCookies->handle(Object(Illuminate\\Http\\Request), Object(Closure))
#27 C:\\laragon\\www\\es_ldcu2\\vendor\\laravel\\framework\\src\\Illuminate\\Pipeline\\Pipeline.php(105): Illuminate\\Pipeline\\Pipeline->Illuminate\\Pipeline\\{closure}(Object(Illuminate\\Http\\Request))
#28 C:\\laragon\\www\\es_ldcu2\\vendor\\laravel\\framework\\src\\Illuminate\\Routing\\Router.php(683): Illuminate\\Pipeline\\Pipeline->then(Object(Closure))
#29 C:\\laragon\\www\\es_ldcu2\\vendor\\laravel\\framework\\src\\Illuminate\\Routing\\Router.php(658): Illuminate\\Routing\\Router->runRouteWithinStack(Object(Illuminate\\Routing\\Route), Object(Illuminate\\Http\\Request))
#30 C:\\laragon\\www\\es_ldcu2\\vendor\\laravel\\framework\\src\\Illuminate\\Routing\\Router.php(624): Illuminate\\Routing\\Router->runRoute(Object(Illuminate\\Http\\Request), Object(Illuminate\\Routing\\Route))
#31 C:\\laragon\\www\\es_ldcu2\\vendor\\laravel\\framework\\src\\Illuminate\\Routing\\Router.php(613): Illuminate\\Routing\\Router->dispatchToRoute(Object(Illuminate\\Http\\Request))
#32 C:\\laragon\\www\\es_ldcu2\\vendor\\laravel\\framework\\src\\Illuminate\\Foundation\\Http\\Kernel.php(170): Illuminate\\Routing\\Router->dispatch(Object(Illuminate\\Http\\Request))
#33 C:\\laragon\\www\\es_ldcu2\\vendor\\laravel\\framework\\src\\Illuminate\\Pipeline\\Pipeline.php(130): Illuminate\\Foundation\\Http\\Kernel->Illuminate\\Foundation\\Http\\{closure}(Object(Illuminate\\Http\\Request))
#34 C:\\laragon\\www\\es_ldcu2\\vendor\\laravel\\framework\\src\\Illuminate\\Foundation\\Http\\Middleware\\TransformsRequest.php(21): Illuminate\\Pipeline\\Pipeline->Illuminate\\Pipeline\\{closure}(Object(Illuminate\\Http\\Request))
#35 C:\\laragon\\www\\es_ldcu2\\vendor\\laravel\\framework\\src\\Illuminate\\Pipeline\\Pipeline.php(171): Illuminate\\Foundation\\Http\\Middleware\\TransformsRequest->handle(Object(Illuminate\\Http\\Request), Object(Closure))
#36 C:\\laragon\\www\\es_ldcu2\\vendor\\laravel\\framework\\src\\Illuminate\\Foundation\\Http\\Middleware\\TransformsRequest.php(21): Illuminate\\Pipeline\\Pipeline->Illuminate\\Pipeline\\{closure}(Object(Illuminate\\Http\\Request))
#37 C:\\laragon\\www\\es_ldcu2\\vendor\\laravel\\framework\\src\\Illuminate\\Pipeline\\Pipeline.php(171): Illuminate\\Foundation\\Http\\Middleware\\TransformsRequest->handle(Object(Illuminate\\Http\\Request), Object(Closure))
#38 C:\\laragon\\www\\es_ldcu2\\vendor\\laravel\\framework\\src\\Illuminate\\Foundation\\Http\\Middleware\\ValidatePostSize.php(27): Illuminate\\Pipeline\\Pipeline->Illuminate\\Pipeline\\{closure}(Object(Illuminate\\Http\\Request))
#39 C:\\laragon\\www\\es_ldcu2\\vendor\\laravel\\framework\\src\\Illuminate\\Pipeline\\Pipeline.php(171): Illuminate\\Foundation\\Http\\Middleware\\ValidatePostSize->handle(Object(Illuminate\\Http\\Request), Object(Closure))
#40 C:\\laragon\\www\\es_ldcu2\\vendor\\laravel\\framework\\src\\Illuminate\\Foundation\\Http\\Middleware\\CheckForMaintenanceMode.php(63): Illuminate\\Pipeline\\Pipeline->Illuminate\\Pipeline\\{closure}(Object(Illuminate\\Http\\Request))
#41 C:\\laragon\\www\\es_ldcu2\\vendor\\laravel\\framework\\src\\Illuminate\\Pipeline\\Pipeline.php(171): Illuminate\\Foundation\\Http\\Middleware\\CheckForMaintenanceMode->handle(Object(Illuminate\\Http\\Request), Object(Closure))
#42 C:\\laragon\\www\\es_ldcu2\\vendor\\fideloper\\proxy\\src\\TrustProxies.php(57): Illuminate\\Pipeline\\Pipeline->Illuminate\\Pipeline\\{closure}(Object(Illuminate\\Http\\Request))
#43 C:\\laragon\\www\\es_ldcu2\\vendor\\laravel\\framework\\src\\Illuminate\\Pipeline\\Pipeline.php(171): Fideloper\\Proxy\\TrustProxies->handle(Object(Illuminate\\Http\\Request), Object(Closure))
#44 C:\\laragon\\www\\es_ldcu2\\vendor\\laravel\\framework\\src\\Illuminate\\Pipeline\\Pipeline.php(105): Illuminate\\Pipeline\\Pipeline->Illuminate\\Pipeline\\{closure}(Object(Illuminate\\Http\\Request))
#45 C:\\laragon\\www\\es_ldcu2\\vendor\\laravel\\framework\\src\\Illuminate\\Foundation\\Http\\Kernel.php(145): Illuminate\\Pipeline\\Pipeline->then(Object(Closure))
#46 C:\\laragon\\www\\es_ldcu2\\vendor\\laravel\\framework\\src\\Illuminate\\Foundation\\Http\\Kernel.php(110): Illuminate\\Foundation\\Http\\Kernel->sendRequestThroughRouter(Object(Illuminate\\Http\\Request))
#47 C:\\laragon\\www\\es_ldcu2\\public\\index.php(55): Illuminate\\Foundation\\Http\\Kernel->handle(Object(Illuminate\\Http\\Request))
#48 C:\\laragon\\www\\es_ldcu2\\server.php(21): require_once('C:\\\\laragon\\\\www\\\\...')
#49 {main}

[previous exception] [object] (ErrorException(code: 0): Undefined property: stdClass::$regiontext at C:\\laragon\\www\\es_ldcu2\\storage\\framework\\views\\e9fb05b7e2da42a09e321f4862534db12a8eda51.php:399)
[stacktrace]
#0 C:\\laragon\\www\\es_ldcu2\\storage\\framework\\views\\e9fb05b7e2da42a09e321f4862534db12a8eda51.php(399): Illuminate\\Foundation\\Bootstrap\\HandleExceptions->handleError(8, 'Undefined prope...', 'C:\\\\laragon\\\\www\\\\...', 399, Array)
#1 C:\\laragon\\www\\es_ldcu2\\vendor\\laravel\\framework\\src\\Illuminate\\View\\Engines\\PhpEngine.php(43): include('C:\\\\laragon\\\\www\\\\...')
#2 C:\\laragon\\www\\es_ldcu2\\vendor\\laravel\\framework\\src\\Illuminate\\View\\Engines\\CompilerEngine.php(59): Illuminate\\View\\Engines\\PhpEngine->evaluatePath('C:\\\\laragon\\\\www\\\\...', Array)
#3 C:\\laragon\\www\\es_ldcu2\\vendor\\facade\\ignition\\src\\Views\\Engines\\CompilerEngine.php(36): Illuminate\\View\\Engines\\CompilerEngine->get('C:\\\\laragon\\\\www\\\\...', Array)
#4 C:\\laragon\\www\\es_ldcu2\\vendor\\laravel\\framework\\src\\Illuminate\\View\\View.php(143): Facade\\Ignition\\Views\\Engines\\CompilerEngine->get('C:\\\\laragon\\\\www\\\\...', Array)
#5 C:\\laragon\\www\\es_ldcu2\\vendor\\laravel\\framework\\src\\Illuminate\\View\\View.php(126): Illuminate\\View\\View->getContents()
#6 C:\\laragon\\www\\es_ldcu2\\vendor\\laravel\\framework\\src\\Illuminate\\View\\View.php(91): Illuminate\\View\\View->renderContents()
#7 C:\\laragon\\www\\es_ldcu2\\vendor\\barryvdh\\laravel-dompdf\\src\\PDF.php(132): Illuminate\\View\\View->render()
#8 C:\\laragon\\www\\es_ldcu2\\app\\Http\\Controllers\\Migration\\RegistrarMigration.php(690): Barryvdh\\DomPDF\\PDF->loadView('principalsporta...', Array)
#9 C:\\laragon\\www\\es_ldcu2\\vendor\\laravel\\framework\\src\\Illuminate\\Routing\\Controller.php(54): App\\Http\\Controllers\\Migration\\RegistrarMigration->downloadSf9MasterlistBatch(Object(Illuminate\\Http\\Request))
#10 C:\\laragon\\www\\es_ldcu2\\vendor\\laravel\\framework\\src\\Illuminate\\Routing\\ControllerDispatcher.php(45): Illuminate\\Routing\\Controller->callAction('downloadSf9Mast...', Array)
#11 C:\\laragon\\www\\es_ldcu2\\vendor\\laravel\\framework\\src\\Illuminate\\Routing\\Route.php(219): Illuminate\\Routing\\ControllerDispatcher->dispatch(Object(Illuminate\\Routing\\Route), Object(App\\Http\\Controllers\\Migration\\RegistrarMigration), 'downloadSf9Mast...')
#12 C:\\laragon\\www\\es_ldcu2\\vendor\\laravel\\framework\\src\\Illuminate\\Routing\\Route.php(176): Illuminate\\Routing\\Route->runController()
#13 C:\\laragon\\www\\es_ldcu2\\vendor\\laravel\\framework\\src\\Illuminate\\Routing\\Router.php(681): Illuminate\\Routing\\Route->run()
#14 C:\\laragon\\www\\es_ldcu2\\vendor\\laravel\\framework\\src\\Illuminate\\Pipeline\\Pipeline.php(130): Illuminate\\Routing\\Router->Illuminate\\Routing\\{closure}(Object(Illuminate\\Http\\Request))
#15 C:\\laragon\\www\\es_ldcu2\\vendor\\laravel\\framework\\src\\Illuminate\\Routing\\Middleware\\SubstituteBindings.php(41): Illuminate\\Pipeline\\Pipeline->Illuminate\\Pipeline\\{closure}(Object(Illuminate\\Http\\Request))
#16 C:\\laragon\\www\\es_ldcu2\\vendor\\laravel\\framework\\src\\Illuminate\\Pipeline\\Pipeline.php(171): Illuminate\\Routing\\Middleware\\SubstituteBindings->handle(Object(Illuminate\\Http\\Request), Object(Closure))
#17 C:\\laragon\\www\\es_ldcu2\\vendor\\laravel\\framework\\src\\Illuminate\\Foundation\\Http\\Middleware\\VerifyCsrfToken.php(78): Illuminate\\Pipeline\\Pipeline->Illuminate\\Pipeline\\{closure}(Object(Illuminate\\Http\\Request))
#18 C:\\laragon\\www\\es_ldcu2\\vendor\\laravel\\framework\\src\\Illuminate\\Pipeline\\Pipeline.php(171): Illuminate\\Foundation\\Http\\Middleware\\VerifyCsrfToken->handle(Object(Illuminate\\Http\\Request), Object(Closure))
#19 C:\\laragon\\www\\es_ldcu2\\vendor\\laravel\\framework\\src\\Illuminate\\View\\Middleware\\ShareErrorsFromSession.php(49): Illuminate\\Pipeline\\Pipeline->Illuminate\\Pipeline\\{closure}(Object(Illuminate\\Http\\Request))
#20 C:\\laragon\\www\\es_ldcu2\\vendor\\laravel\\framework\\src\\Illuminate\\Pipeline\\Pipeline.php(171): Illuminate\\View\\Middleware\\ShareErrorsFromSession->handle(Object(Illuminate\\Http\\Request), Object(Closure))
#21 C:\\laragon\\www\\es_ldcu2\\vendor\\laravel\\framework\\src\\Illuminate\\Session\\Middleware\\StartSession.php(56): Illuminate\\Pipeline\\Pipeline->Illuminate\\Pipeline\\{closure}(Object(Illuminate\\Http\\Request))
#22 C:\\laragon\\www\\es_ldcu2\\vendor\\laravel\\framework\\src\\Illuminate\\Pipeline\\Pipeline.php(171): Illuminate\\Session\\Middleware\\StartSession->handle(Object(Illuminate\\Http\\Request), Object(Closure))
#23 C:\\laragon\\www\\es_ldcu2\\vendor\\laravel\\framework\\src\\Illuminate\\Cookie\\Middleware\\AddQueuedCookiesToResponse.php(37): Illuminate\\Pipeline\\Pipeline->Illuminate\\Pipeline\\{closure}(Object(Illuminate\\Http\\Request))
#24 C:\\laragon\\www\\es_ldcu2\\vendor\\laravel\\framework\\src\\Illuminate\\Pipeline\\Pipeline.php(171): Illuminate\\Cookie\\Middleware\\AddQueuedCookiesToResponse->handle(Object(Illuminate\\Http\\Request), Object(Closure))
#25 C:\\laragon\\www\\es_ldcu2\\vendor\\laravel\\framework\\src\\Illuminate\\Cookie\\Middleware\\EncryptCookies.php(67): Illuminate\\Pipeline\\Pipeline->Illuminate\\Pipeline\\{closure}(Object(Illuminate\\Http\\Request))
#26 C:\\laragon\\www\\es_ldcu2\\vendor\\laravel\\framework\\src\\Illuminate\\Pipeline\\Pipeline.php(171): Illuminate\\Cookie\\Middleware\\EncryptCookies->handle(Object(Illuminate\\Http\\Request), Object(Closure))
#27 C:\\laragon\\www\\es_ldcu2\\vendor\\laravel\\framework\\src\\Illuminate\\Pipeline\\Pipeline.php(105): Illuminate\\Pipeline\\Pipeline->Illuminate\\Pipeline\\{closure}(Object(Illuminate\\Http\\Request))
#28 C:\\laragon\\www\\es_ldcu2\\vendor\\laravel\\framework\\src\\Illuminate\\Routing\\Router.php(683): Illuminate\\Pipeline\\Pipeline->then(Object(Closure))
#29 C:\\laragon\\www\\es_ldcu2\\vendor\\laravel\\framework\\src\\Illuminate\\Routing\\Router.php(658): Illuminate\\Routing\\Router->runRouteWithinStack(Object(Illuminate\\Routing\\Route), Object(Illuminate\\Http\\Request))
#30 C:\\laragon\\www\\es_ldcu2\\vendor\\laravel\\framework\\src\\Illuminate\\Routing\\Router.php(624): Illuminate\\Routing\\Router->runRoute(Object(Illuminate\\Http\\Request), Object(Illuminate\\Routing\\Route))
#31 C:\\laragon\\www\\es_ldcu2\\vendor\\laravel\\framework\\src\\Illuminate\\Routing\\Router.php(613): Illuminate\\Routing\\Router->dispatchToRoute(Object(Illuminate\\Http\\Request))
#32 C:\\laragon\\www\\es_ldcu2\\vendor\\laravel\\framework\\src\\Illuminate\\Foundation\\Http\\Kernel.php(170): Illuminate\\Routing\\Router->dispatch(Object(Illuminate\\Http\\Request))
#33 C:\\laragon\\www\\es_ldcu2\\vendor\\laravel\\framework\\src\\Illuminate\\Pipeline\\Pipeline.php(130): Illuminate\\Foundation\\Http\\Kernel->Illuminate\\Foundation\\Http\\{closure}(Object(Illuminate\\Http\\Request))
#34 C:\\laragon\\www\\es_ldcu2\\vendor\\laravel\\framework\\src\\Illuminate\\Foundation\\Http\\Middleware\\TransformsRequest.php(21): Illuminate\\Pipeline\\Pipeline->Illuminate\\Pipeline\\{closure}(Object(Illuminate\\Http\\Request))
#35 C:\\laragon\\www\\es_ldcu2\\vendor\\laravel\\framework\\src\\Illuminate\\Pipeline\\Pipeline.php(171): Illuminate\\Foundation\\Http\\Middleware\\TransformsRequest->handle(Object(Illuminate\\Http\\Request), Object(Closure))
#36 C:\\laragon\\www\\es_ldcu2\\vendor\\laravel\\framework\\src\\Illuminate\\Foundation\\Http\\Middleware\\TransformsRequest.php(21): Illuminate\\Pipeline\\Pipeline->Illuminate\\Pipeline\\{closure}(Object(Illuminate\\Http\\Request))
#37 C:\\laragon\\www\\es_ldcu2\\vendor\\laravel\\framework\\src\\Illuminate\\Pipeline\\Pipeline.php(171): Illuminate\\Foundation\\Http\\Middleware\\TransformsRequest->handle(Object(Illuminate\\Http\\Request), Object(Closure))
#38 C:\\laragon\\www\\es_ldcu2\\vendor\\laravel\\framework\\src\\Illuminate\\Foundation\\Http\\Middleware\\ValidatePostSize.php(27): Illuminate\\Pipeline\\Pipeline->Illuminate\\Pipeline\\{closure}(Object(Illuminate\\Http\\Request))
#39 C:\\laragon\\www\\es_ldcu2\\vendor\\laravel\\framework\\src\\Illuminate\\Pipeline\\Pipeline.php(171): Illuminate\\Foundation\\Http\\Middleware\\ValidatePostSize->handle(Object(Illuminate\\Http\\Request), Object(Closure))
#40 C:\\laragon\\www\\es_ldcu2\\vendor\\laravel\\framework\\src\\Illuminate\\Foundation\\Http\\Middleware\\CheckForMaintenanceMode.php(63): Illuminate\\Pipeline\\Pipeline->Illuminate\\Pipeline\\{closure}(Object(Illuminate\\Http\\Request))
#41 C:\\laragon\\www\\es_ldcu2\\vendor\\laravel\\framework\\src\\Illuminate\\Pipeline\\Pipeline.php(171): Illuminate\\Foundation\\Http\\Middleware\\CheckForMaintenanceMode->handle(Object(Illuminate\\Http\\Request), Object(Closure))
#42 C:\\laragon\\www\\es_ldcu2\\vendor\\fideloper\\proxy\\src\\TrustProxies.php(57): Illuminate\\Pipeline\\Pipeline->Illuminate\\Pipeline\\{closure}(Object(Illuminate\\Http\\Request))
#43 C:\\laragon\\www\\es_ldcu2\\vendor\\laravel\\framework\\src\\Illuminate\\Pipeline\\Pipeline.php(171): Fideloper\\Proxy\\TrustProxies->handle(Object(Illuminate\\Http\\Request), Object(Closure))
#44 C:\\laragon\\www\\es_ldcu2\\vendor\\laravel\\framework\\src\\Illuminate\\Pipeline\\Pipeline.php(105): Illuminate\\Pipeline\\Pipeline->Illuminate\\Pipeline\\{closure}(Object(Illuminate\\Http\\Request))
#45 C:\\laragon\\www\\es_ldcu2\\vendor\\laravel\\framework\\src\\Illuminate\\Foundation\\Http\\Kernel.php(145): Illuminate\\Pipeline\\Pipeline->then(Object(Closure))
#46 C:\\laragon\\www\\es_ldcu2\\vendor\\laravel\\framework\\src\\Illuminate\\Foundation\\Http\\Kernel.php(110): Illuminate\\Foundation\\Http\\Kernel->sendRequestThroughRouter(Object(Illuminate\\Http\\Request))
#47 C:\\laragon\\www\\es_ldcu2\\public\\index.php(55): Illuminate\\Foundation\\Http\\Kernel->handle(Object(Illuminate\\Http\\Request))
#48 C:\\laragon\\www\\es_ldcu2\\server.php(21): require_once('C:\\\\laragon\\\\www\\\\...')
#49 {main}
"} 
[2025-07-14 07:35:41] local.INFO: Section: HONESTY, acadprogid: 4  
[2025-07-14 07:35:41] local.INFO: Active template DB result: {"templatepath":"principalsportal.forms.sf9layout.ica.jhs"}  
[2025-07-14 07:35:41] local.INFO: Final template to use: principalsportal.forms.sf9layout.ica.jhs  
[2025-07-14 07:35:41] local.ERROR: Undefined property: stdClass::$regiontext (View: C:\laragon\www\es_ldcu2\resources\views\principalsportal\forms\sf9layout\ica\jhs.blade.php) {"userId":1,"exception":"[object] (Facade\\Ignition\\Exceptions\\ViewException(code: 0): Undefined property: stdClass::$regiontext (View: C:\\laragon\\www\\es_ldcu2\\resources\\views\\principalsportal\\forms\\sf9layout\\ica\\jhs.blade.php) at C:\\laragon\\www\\es_ldcu2\\resources\\views/principalsportal/forms/sf9layout/ica/jhs.blade.php:394)
[stacktrace]
#0 C:\\laragon\\www\\es_ldcu2\\resources\\views/principalsportal/forms/sf9layout/ica/jhs.blade.php(394): Illuminate\\Foundation\\Bootstrap\\HandleExceptions->handleError(8, 'Undefined prope...', 'C:\\\\laragon\\\\www\\\\...', 399, Array)
#1 C:\\laragon\\www\\es_ldcu2\\vendor\\laravel\\framework\\src\\Illuminate\\View\\Engines\\PhpEngine.php(43): include('C:\\\\laragon\\\\www\\\\...')
#2 C:\\laragon\\www\\es_ldcu2\\vendor\\laravel\\framework\\src\\Illuminate\\View\\Engines\\CompilerEngine.php(59): Illuminate\\View\\Engines\\PhpEngine->evaluatePath('C:\\\\laragon\\\\www\\\\...', Array)
#3 C:\\laragon\\www\\es_ldcu2\\vendor\\facade\\ignition\\src\\Views\\Engines\\CompilerEngine.php(36): Illuminate\\View\\Engines\\CompilerEngine->get('C:\\\\laragon\\\\www\\\\...', Array)
#4 C:\\laragon\\www\\es_ldcu2\\vendor\\laravel\\framework\\src\\Illuminate\\View\\View.php(143): Facade\\Ignition\\Views\\Engines\\CompilerEngine->get('C:\\\\laragon\\\\www\\\\...', Array)
#5 C:\\laragon\\www\\es_ldcu2\\vendor\\laravel\\framework\\src\\Illuminate\\View\\View.php(126): Illuminate\\View\\View->getContents()
#6 C:\\laragon\\www\\es_ldcu2\\vendor\\laravel\\framework\\src\\Illuminate\\View\\View.php(91): Illuminate\\View\\View->renderContents()
#7 C:\\laragon\\www\\es_ldcu2\\vendor\\barryvdh\\laravel-dompdf\\src\\PDF.php(132): Illuminate\\View\\View->render()
#8 C:\\laragon\\www\\es_ldcu2\\app\\Http\\Controllers\\Migration\\RegistrarMigration.php(690): Barryvdh\\DomPDF\\PDF->loadView('principalsporta...', Array)
#9 C:\\laragon\\www\\es_ldcu2\\vendor\\laravel\\framework\\src\\Illuminate\\Routing\\Controller.php(54): App\\Http\\Controllers\\Migration\\RegistrarMigration->downloadSf9MasterlistBatch(Object(Illuminate\\Http\\Request))
#10 C:\\laragon\\www\\es_ldcu2\\vendor\\laravel\\framework\\src\\Illuminate\\Routing\\ControllerDispatcher.php(45): Illuminate\\Routing\\Controller->callAction('downloadSf9Mast...', Array)
#11 C:\\laragon\\www\\es_ldcu2\\vendor\\laravel\\framework\\src\\Illuminate\\Routing\\Route.php(219): Illuminate\\Routing\\ControllerDispatcher->dispatch(Object(Illuminate\\Routing\\Route), Object(App\\Http\\Controllers\\Migration\\RegistrarMigration), 'downloadSf9Mast...')
#12 C:\\laragon\\www\\es_ldcu2\\vendor\\laravel\\framework\\src\\Illuminate\\Routing\\Route.php(176): Illuminate\\Routing\\Route->runController()
#13 C:\\laragon\\www\\es_ldcu2\\vendor\\laravel\\framework\\src\\Illuminate\\Routing\\Router.php(681): Illuminate\\Routing\\Route->run()
#14 C:\\laragon\\www\\es_ldcu2\\vendor\\laravel\\framework\\src\\Illuminate\\Pipeline\\Pipeline.php(130): Illuminate\\Routing\\Router->Illuminate\\Routing\\{closure}(Object(Illuminate\\Http\\Request))
#15 C:\\laragon\\www\\es_ldcu2\\vendor\\laravel\\framework\\src\\Illuminate\\Routing\\Middleware\\SubstituteBindings.php(41): Illuminate\\Pipeline\\Pipeline->Illuminate\\Pipeline\\{closure}(Object(Illuminate\\Http\\Request))
#16 C:\\laragon\\www\\es_ldcu2\\vendor\\laravel\\framework\\src\\Illuminate\\Pipeline\\Pipeline.php(171): Illuminate\\Routing\\Middleware\\SubstituteBindings->handle(Object(Illuminate\\Http\\Request), Object(Closure))
#17 C:\\laragon\\www\\es_ldcu2\\vendor\\laravel\\framework\\src\\Illuminate\\Foundation\\Http\\Middleware\\VerifyCsrfToken.php(78): Illuminate\\Pipeline\\Pipeline->Illuminate\\Pipeline\\{closure}(Object(Illuminate\\Http\\Request))
#18 C:\\laragon\\www\\es_ldcu2\\vendor\\laravel\\framework\\src\\Illuminate\\Pipeline\\Pipeline.php(171): Illuminate\\Foundation\\Http\\Middleware\\VerifyCsrfToken->handle(Object(Illuminate\\Http\\Request), Object(Closure))
#19 C:\\laragon\\www\\es_ldcu2\\vendor\\laravel\\framework\\src\\Illuminate\\View\\Middleware\\ShareErrorsFromSession.php(49): Illuminate\\Pipeline\\Pipeline->Illuminate\\Pipeline\\{closure}(Object(Illuminate\\Http\\Request))
#20 C:\\laragon\\www\\es_ldcu2\\vendor\\laravel\\framework\\src\\Illuminate\\Pipeline\\Pipeline.php(171): Illuminate\\View\\Middleware\\ShareErrorsFromSession->handle(Object(Illuminate\\Http\\Request), Object(Closure))
#21 C:\\laragon\\www\\es_ldcu2\\vendor\\laravel\\framework\\src\\Illuminate\\Session\\Middleware\\StartSession.php(56): Illuminate\\Pipeline\\Pipeline->Illuminate\\Pipeline\\{closure}(Object(Illuminate\\Http\\Request))
#22 C:\\laragon\\www\\es_ldcu2\\vendor\\laravel\\framework\\src\\Illuminate\\Pipeline\\Pipeline.php(171): Illuminate\\Session\\Middleware\\StartSession->handle(Object(Illuminate\\Http\\Request), Object(Closure))
#23 C:\\laragon\\www\\es_ldcu2\\vendor\\laravel\\framework\\src\\Illuminate\\Cookie\\Middleware\\AddQueuedCookiesToResponse.php(37): Illuminate\\Pipeline\\Pipeline->Illuminate\\Pipeline\\{closure}(Object(Illuminate\\Http\\Request))
#24 C:\\laragon\\www\\es_ldcu2\\vendor\\laravel\\framework\\src\\Illuminate\\Pipeline\\Pipeline.php(171): Illuminate\\Cookie\\Middleware\\AddQueuedCookiesToResponse->handle(Object(Illuminate\\Http\\Request), Object(Closure))
#25 C:\\laragon\\www\\es_ldcu2\\vendor\\laravel\\framework\\src\\Illuminate\\Cookie\\Middleware\\EncryptCookies.php(67): Illuminate\\Pipeline\\Pipeline->Illuminate\\Pipeline\\{closure}(Object(Illuminate\\Http\\Request))
#26 C:\\laragon\\www\\es_ldcu2\\vendor\\laravel\\framework\\src\\Illuminate\\Pipeline\\Pipeline.php(171): Illuminate\\Cookie\\Middleware\\EncryptCookies->handle(Object(Illuminate\\Http\\Request), Object(Closure))
#27 C:\\laragon\\www\\es_ldcu2\\vendor\\laravel\\framework\\src\\Illuminate\\Pipeline\\Pipeline.php(105): Illuminate\\Pipeline\\Pipeline->Illuminate\\Pipeline\\{closure}(Object(Illuminate\\Http\\Request))
#28 C:\\laragon\\www\\es_ldcu2\\vendor\\laravel\\framework\\src\\Illuminate\\Routing\\Router.php(683): Illuminate\\Pipeline\\Pipeline->then(Object(Closure))
#29 C:\\laragon\\www\\es_ldcu2\\vendor\\laravel\\framework\\src\\Illuminate\\Routing\\Router.php(658): Illuminate\\Routing\\Router->runRouteWithinStack(Object(Illuminate\\Routing\\Route), Object(Illuminate\\Http\\Request))
#30 C:\\laragon\\www\\es_ldcu2\\vendor\\laravel\\framework\\src\\Illuminate\\Routing\\Router.php(624): Illuminate\\Routing\\Router->runRoute(Object(Illuminate\\Http\\Request), Object(Illuminate\\Routing\\Route))
#31 C:\\laragon\\www\\es_ldcu2\\vendor\\laravel\\framework\\src\\Illuminate\\Routing\\Router.php(613): Illuminate\\Routing\\Router->dispatchToRoute(Object(Illuminate\\Http\\Request))
#32 C:\\laragon\\www\\es_ldcu2\\vendor\\laravel\\framework\\src\\Illuminate\\Foundation\\Http\\Kernel.php(170): Illuminate\\Routing\\Router->dispatch(Object(Illuminate\\Http\\Request))
#33 C:\\laragon\\www\\es_ldcu2\\vendor\\laravel\\framework\\src\\Illuminate\\Pipeline\\Pipeline.php(130): Illuminate\\Foundation\\Http\\Kernel->Illuminate\\Foundation\\Http\\{closure}(Object(Illuminate\\Http\\Request))
#34 C:\\laragon\\www\\es_ldcu2\\vendor\\laravel\\framework\\src\\Illuminate\\Foundation\\Http\\Middleware\\TransformsRequest.php(21): Illuminate\\Pipeline\\Pipeline->Illuminate\\Pipeline\\{closure}(Object(Illuminate\\Http\\Request))
#35 C:\\laragon\\www\\es_ldcu2\\vendor\\laravel\\framework\\src\\Illuminate\\Pipeline\\Pipeline.php(171): Illuminate\\Foundation\\Http\\Middleware\\TransformsRequest->handle(Object(Illuminate\\Http\\Request), Object(Closure))
#36 C:\\laragon\\www\\es_ldcu2\\vendor\\laravel\\framework\\src\\Illuminate\\Foundation\\Http\\Middleware\\TransformsRequest.php(21): Illuminate\\Pipeline\\Pipeline->Illuminate\\Pipeline\\{closure}(Object(Illuminate\\Http\\Request))
#37 C:\\laragon\\www\\es_ldcu2\\vendor\\laravel\\framework\\src\\Illuminate\\Pipeline\\Pipeline.php(171): Illuminate\\Foundation\\Http\\Middleware\\TransformsRequest->handle(Object(Illuminate\\Http\\Request), Object(Closure))
#38 C:\\laragon\\www\\es_ldcu2\\vendor\\laravel\\framework\\src\\Illuminate\\Foundation\\Http\\Middleware\\ValidatePostSize.php(27): Illuminate\\Pipeline\\Pipeline->Illuminate\\Pipeline\\{closure}(Object(Illuminate\\Http\\Request))
#39 C:\\laragon\\www\\es_ldcu2\\vendor\\laravel\\framework\\src\\Illuminate\\Pipeline\\Pipeline.php(171): Illuminate\\Foundation\\Http\\Middleware\\ValidatePostSize->handle(Object(Illuminate\\Http\\Request), Object(Closure))
#40 C:\\laragon\\www\\es_ldcu2\\vendor\\laravel\\framework\\src\\Illuminate\\Foundation\\Http\\Middleware\\CheckForMaintenanceMode.php(63): Illuminate\\Pipeline\\Pipeline->Illuminate\\Pipeline\\{closure}(Object(Illuminate\\Http\\Request))
#41 C:\\laragon\\www\\es_ldcu2\\vendor\\laravel\\framework\\src\\Illuminate\\Pipeline\\Pipeline.php(171): Illuminate\\Foundation\\Http\\Middleware\\CheckForMaintenanceMode->handle(Object(Illuminate\\Http\\Request), Object(Closure))
#42 C:\\laragon\\www\\es_ldcu2\\vendor\\fideloper\\proxy\\src\\TrustProxies.php(57): Illuminate\\Pipeline\\Pipeline->Illuminate\\Pipeline\\{closure}(Object(Illuminate\\Http\\Request))
#43 C:\\laragon\\www\\es_ldcu2\\vendor\\laravel\\framework\\src\\Illuminate\\Pipeline\\Pipeline.php(171): Fideloper\\Proxy\\TrustProxies->handle(Object(Illuminate\\Http\\Request), Object(Closure))
#44 C:\\laragon\\www\\es_ldcu2\\vendor\\laravel\\framework\\src\\Illuminate\\Pipeline\\Pipeline.php(105): Illuminate\\Pipeline\\Pipeline->Illuminate\\Pipeline\\{closure}(Object(Illuminate\\Http\\Request))
#45 C:\\laragon\\www\\es_ldcu2\\vendor\\laravel\\framework\\src\\Illuminate\\Foundation\\Http\\Kernel.php(145): Illuminate\\Pipeline\\Pipeline->then(Object(Closure))
#46 C:\\laragon\\www\\es_ldcu2\\vendor\\laravel\\framework\\src\\Illuminate\\Foundation\\Http\\Kernel.php(110): Illuminate\\Foundation\\Http\\Kernel->sendRequestThroughRouter(Object(Illuminate\\Http\\Request))
#47 C:\\laragon\\www\\es_ldcu2\\public\\index.php(55): Illuminate\\Foundation\\Http\\Kernel->handle(Object(Illuminate\\Http\\Request))
#48 C:\\laragon\\www\\es_ldcu2\\server.php(21): require_once('C:\\\\laragon\\\\www\\\\...')
#49 {main}

[previous exception] [object] (ErrorException(code: 0): Undefined property: stdClass::$regiontext at C:\\laragon\\www\\es_ldcu2\\storage\\framework\\views\\e9fb05b7e2da42a09e321f4862534db12a8eda51.php:399)
[stacktrace]
#0 C:\\laragon\\www\\es_ldcu2\\storage\\framework\\views\\e9fb05b7e2da42a09e321f4862534db12a8eda51.php(399): Illuminate\\Foundation\\Bootstrap\\HandleExceptions->handleError(8, 'Undefined prope...', 'C:\\\\laragon\\\\www\\\\...', 399, Array)
#1 C:\\laragon\\www\\es_ldcu2\\vendor\\laravel\\framework\\src\\Illuminate\\View\\Engines\\PhpEngine.php(43): include('C:\\\\laragon\\\\www\\\\...')
#2 C:\\laragon\\www\\es_ldcu2\\vendor\\laravel\\framework\\src\\Illuminate\\View\\Engines\\CompilerEngine.php(59): Illuminate\\View\\Engines\\PhpEngine->evaluatePath('C:\\\\laragon\\\\www\\\\...', Array)
#3 C:\\laragon\\www\\es_ldcu2\\vendor\\facade\\ignition\\src\\Views\\Engines\\CompilerEngine.php(36): Illuminate\\View\\Engines\\CompilerEngine->get('C:\\\\laragon\\\\www\\\\...', Array)
#4 C:\\laragon\\www\\es_ldcu2\\vendor\\laravel\\framework\\src\\Illuminate\\View\\View.php(143): Facade\\Ignition\\Views\\Engines\\CompilerEngine->get('C:\\\\laragon\\\\www\\\\...', Array)
#5 C:\\laragon\\www\\es_ldcu2\\vendor\\laravel\\framework\\src\\Illuminate\\View\\View.php(126): Illuminate\\View\\View->getContents()
#6 C:\\laragon\\www\\es_ldcu2\\vendor\\laravel\\framework\\src\\Illuminate\\View\\View.php(91): Illuminate\\View\\View->renderContents()
#7 C:\\laragon\\www\\es_ldcu2\\vendor\\barryvdh\\laravel-dompdf\\src\\PDF.php(132): Illuminate\\View\\View->render()
#8 C:\\laragon\\www\\es_ldcu2\\app\\Http\\Controllers\\Migration\\RegistrarMigration.php(690): Barryvdh\\DomPDF\\PDF->loadView('principalsporta...', Array)
#9 C:\\laragon\\www\\es_ldcu2\\vendor\\laravel\\framework\\src\\Illuminate\\Routing\\Controller.php(54): App\\Http\\Controllers\\Migration\\RegistrarMigration->downloadSf9MasterlistBatch(Object(Illuminate\\Http\\Request))
#10 C:\\laragon\\www\\es_ldcu2\\vendor\\laravel\\framework\\src\\Illuminate\\Routing\\ControllerDispatcher.php(45): Illuminate\\Routing\\Controller->callAction('downloadSf9Mast...', Array)
#11 C:\\laragon\\www\\es_ldcu2\\vendor\\laravel\\framework\\src\\Illuminate\\Routing\\Route.php(219): Illuminate\\Routing\\ControllerDispatcher->dispatch(Object(Illuminate\\Routing\\Route), Object(App\\Http\\Controllers\\Migration\\RegistrarMigration), 'downloadSf9Mast...')
#12 C:\\laragon\\www\\es_ldcu2\\vendor\\laravel\\framework\\src\\Illuminate\\Routing\\Route.php(176): Illuminate\\Routing\\Route->runController()
#13 C:\\laragon\\www\\es_ldcu2\\vendor\\laravel\\framework\\src\\Illuminate\\Routing\\Router.php(681): Illuminate\\Routing\\Route->run()
#14 C:\\laragon\\www\\es_ldcu2\\vendor\\laravel\\framework\\src\\Illuminate\\Pipeline\\Pipeline.php(130): Illuminate\\Routing\\Router->Illuminate\\Routing\\{closure}(Object(Illuminate\\Http\\Request))
#15 C:\\laragon\\www\\es_ldcu2\\vendor\\laravel\\framework\\src\\Illuminate\\Routing\\Middleware\\SubstituteBindings.php(41): Illuminate\\Pipeline\\Pipeline->Illuminate\\Pipeline\\{closure}(Object(Illuminate\\Http\\Request))
#16 C:\\laragon\\www\\es_ldcu2\\vendor\\laravel\\framework\\src\\Illuminate\\Pipeline\\Pipeline.php(171): Illuminate\\Routing\\Middleware\\SubstituteBindings->handle(Object(Illuminate\\Http\\Request), Object(Closure))
#17 C:\\laragon\\www\\es_ldcu2\\vendor\\laravel\\framework\\src\\Illuminate\\Foundation\\Http\\Middleware\\VerifyCsrfToken.php(78): Illuminate\\Pipeline\\Pipeline->Illuminate\\Pipeline\\{closure}(Object(Illuminate\\Http\\Request))
#18 C:\\laragon\\www\\es_ldcu2\\vendor\\laravel\\framework\\src\\Illuminate\\Pipeline\\Pipeline.php(171): Illuminate\\Foundation\\Http\\Middleware\\VerifyCsrfToken->handle(Object(Illuminate\\Http\\Request), Object(Closure))
#19 C:\\laragon\\www\\es_ldcu2\\vendor\\laravel\\framework\\src\\Illuminate\\View\\Middleware\\ShareErrorsFromSession.php(49): Illuminate\\Pipeline\\Pipeline->Illuminate\\Pipeline\\{closure}(Object(Illuminate\\Http\\Request))
#20 C:\\laragon\\www\\es_ldcu2\\vendor\\laravel\\framework\\src\\Illuminate\\Pipeline\\Pipeline.php(171): Illuminate\\View\\Middleware\\ShareErrorsFromSession->handle(Object(Illuminate\\Http\\Request), Object(Closure))
#21 C:\\laragon\\www\\es_ldcu2\\vendor\\laravel\\framework\\src\\Illuminate\\Session\\Middleware\\StartSession.php(56): Illuminate\\Pipeline\\Pipeline->Illuminate\\Pipeline\\{closure}(Object(Illuminate\\Http\\Request))
#22 C:\\laragon\\www\\es_ldcu2\\vendor\\laravel\\framework\\src\\Illuminate\\Pipeline\\Pipeline.php(171): Illuminate\\Session\\Middleware\\StartSession->handle(Object(Illuminate\\Http\\Request), Object(Closure))
#23 C:\\laragon\\www\\es_ldcu2\\vendor\\laravel\\framework\\src\\Illuminate\\Cookie\\Middleware\\AddQueuedCookiesToResponse.php(37): Illuminate\\Pipeline\\Pipeline->Illuminate\\Pipeline\\{closure}(Object(Illuminate\\Http\\Request))
#24 C:\\laragon\\www\\es_ldcu2\\vendor\\laravel\\framework\\src\\Illuminate\\Pipeline\\Pipeline.php(171): Illuminate\\Cookie\\Middleware\\AddQueuedCookiesToResponse->handle(Object(Illuminate\\Http\\Request), Object(Closure))
#25 C:\\laragon\\www\\es_ldcu2\\vendor\\laravel\\framework\\src\\Illuminate\\Cookie\\Middleware\\EncryptCookies.php(67): Illuminate\\Pipeline\\Pipeline->Illuminate\\Pipeline\\{closure}(Object(Illuminate\\Http\\Request))
#26 C:\\laragon\\www\\es_ldcu2\\vendor\\laravel\\framework\\src\\Illuminate\\Pipeline\\Pipeline.php(171): Illuminate\\Cookie\\Middleware\\EncryptCookies->handle(Object(Illuminate\\Http\\Request), Object(Closure))
#27 C:\\laragon\\www\\es_ldcu2\\vendor\\laravel\\framework\\src\\Illuminate\\Pipeline\\Pipeline.php(105): Illuminate\\Pipeline\\Pipeline->Illuminate\\Pipeline\\{closure}(Object(Illuminate\\Http\\Request))
#28 C:\\laragon\\www\\es_ldcu2\\vendor\\laravel\\framework\\src\\Illuminate\\Routing\\Router.php(683): Illuminate\\Pipeline\\Pipeline->then(Object(Closure))
#29 C:\\laragon\\www\\es_ldcu2\\vendor\\laravel\\framework\\src\\Illuminate\\Routing\\Router.php(658): Illuminate\\Routing\\Router->runRouteWithinStack(Object(Illuminate\\Routing\\Route), Object(Illuminate\\Http\\Request))
#30 C:\\laragon\\www\\es_ldcu2\\vendor\\laravel\\framework\\src\\Illuminate\\Routing\\Router.php(624): Illuminate\\Routing\\Router->runRoute(Object(Illuminate\\Http\\Request), Object(Illuminate\\Routing\\Route))
#31 C:\\laragon\\www\\es_ldcu2\\vendor\\laravel\\framework\\src\\Illuminate\\Routing\\Router.php(613): Illuminate\\Routing\\Router->dispatchToRoute(Object(Illuminate\\Http\\Request))
#32 C:\\laragon\\www\\es_ldcu2\\vendor\\laravel\\framework\\src\\Illuminate\\Foundation\\Http\\Kernel.php(170): Illuminate\\Routing\\Router->dispatch(Object(Illuminate\\Http\\Request))
#33 C:\\laragon\\www\\es_ldcu2\\vendor\\laravel\\framework\\src\\Illuminate\\Pipeline\\Pipeline.php(130): Illuminate\\Foundation\\Http\\Kernel->Illuminate\\Foundation\\Http\\{closure}(Object(Illuminate\\Http\\Request))
#34 C:\\laragon\\www\\es_ldcu2\\vendor\\laravel\\framework\\src\\Illuminate\\Foundation\\Http\\Middleware\\TransformsRequest.php(21): Illuminate\\Pipeline\\Pipeline->Illuminate\\Pipeline\\{closure}(Object(Illuminate\\Http\\Request))
#35 C:\\laragon\\www\\es_ldcu2\\vendor\\laravel\\framework\\src\\Illuminate\\Pipeline\\Pipeline.php(171): Illuminate\\Foundation\\Http\\Middleware\\TransformsRequest->handle(Object(Illuminate\\Http\\Request), Object(Closure))
#36 C:\\laragon\\www\\es_ldcu2\\vendor\\laravel\\framework\\src\\Illuminate\\Foundation\\Http\\Middleware\\TransformsRequest.php(21): Illuminate\\Pipeline\\Pipeline->Illuminate\\Pipeline\\{closure}(Object(Illuminate\\Http\\Request))
#37 C:\\laragon\\www\\es_ldcu2\\vendor\\laravel\\framework\\src\\Illuminate\\Pipeline\\Pipeline.php(171): Illuminate\\Foundation\\Http\\Middleware\\TransformsRequest->handle(Object(Illuminate\\Http\\Request), Object(Closure))
#38 C:\\laragon\\www\\es_ldcu2\\vendor\\laravel\\framework\\src\\Illuminate\\Foundation\\Http\\Middleware\\ValidatePostSize.php(27): Illuminate\\Pipeline\\Pipeline->Illuminate\\Pipeline\\{closure}(Object(Illuminate\\Http\\Request))
#39 C:\\laragon\\www\\es_ldcu2\\vendor\\laravel\\framework\\src\\Illuminate\\Pipeline\\Pipeline.php(171): Illuminate\\Foundation\\Http\\Middleware\\ValidatePostSize->handle(Object(Illuminate\\Http\\Request), Object(Closure))
#40 C:\\laragon\\www\\es_ldcu2\\vendor\\laravel\\framework\\src\\Illuminate\\Foundation\\Http\\Middleware\\CheckForMaintenanceMode.php(63): Illuminate\\Pipeline\\Pipeline->Illuminate\\Pipeline\\{closure}(Object(Illuminate\\Http\\Request))
#41 C:\\laragon\\www\\es_ldcu2\\vendor\\laravel\\framework\\src\\Illuminate\\Pipeline\\Pipeline.php(171): Illuminate\\Foundation\\Http\\Middleware\\CheckForMaintenanceMode->handle(Object(Illuminate\\Http\\Request), Object(Closure))
#42 C:\\laragon\\www\\es_ldcu2\\vendor\\fideloper\\proxy\\src\\TrustProxies.php(57): Illuminate\\Pipeline\\Pipeline->Illuminate\\Pipeline\\{closure}(Object(Illuminate\\Http\\Request))
#43 C:\\laragon\\www\\es_ldcu2\\vendor\\laravel\\framework\\src\\Illuminate\\Pipeline\\Pipeline.php(171): Fideloper\\Proxy\\TrustProxies->handle(Object(Illuminate\\Http\\Request), Object(Closure))
#44 C:\\laragon\\www\\es_ldcu2\\vendor\\laravel\\framework\\src\\Illuminate\\Pipeline\\Pipeline.php(105): Illuminate\\Pipeline\\Pipeline->Illuminate\\Pipeline\\{closure}(Object(Illuminate\\Http\\Request))
#45 C:\\laragon\\www\\es_ldcu2\\vendor\\laravel\\framework\\src\\Illuminate\\Foundation\\Http\\Kernel.php(145): Illuminate\\Pipeline\\Pipeline->then(Object(Closure))
#46 C:\\laragon\\www\\es_ldcu2\\vendor\\laravel\\framework\\src\\Illuminate\\Foundation\\Http\\Kernel.php(110): Illuminate\\Foundation\\Http\\Kernel->sendRequestThroughRouter(Object(Illuminate\\Http\\Request))
#47 C:\\laragon\\www\\es_ldcu2\\public\\index.php(55): Illuminate\\Foundation\\Http\\Kernel->handle(Object(Illuminate\\Http\\Request))
#48 C:\\laragon\\www\\es_ldcu2\\server.php(21): require_once('C:\\\\laragon\\\\www\\\\...')
#49 {main}
"} 
[2025-07-14 07:36:13] local.INFO: Section: HONESTY, acadprogid: 4  
[2025-07-14 07:36:13] local.INFO: Active template DB result: {"templatepath":"principalsportal.forms.sf9layout.ica.jhs"}  
[2025-07-14 07:36:13] local.INFO: Final template to use: principalsportal.forms.sf9layout.ica.jhs  
[2025-07-14 07:36:13] local.ERROR: Trying to get property 'student' of non-object (View: C:\laragon\www\es_ldcu2\resources\views\principalsportal\forms\sf9layout\ica\jhs.blade.php) {"userId":1,"exception":"[object] (Facade\\Ignition\\Exceptions\\ViewException(code: 0): Trying to get property 'student' of non-object (View: C:\\laragon\\www\\es_ldcu2\\resources\\views\\principalsportal\\forms\\sf9layout\\ica\\jhs.blade.php) at C:\\laragon\\www\\es_ldcu2\\resources\\views/principalsportal/forms/sf9layout/ica/jhs.blade.php:433)
[stacktrace]
#0 C:\\laragon\\www\\es_ldcu2\\resources\\views/principalsportal/forms/sf9layout/ica/jhs.blade.php(433): Illuminate\\Foundation\\Bootstrap\\HandleExceptions->handleError(8, 'Trying to get p...', 'C:\\\\laragon\\\\www\\\\...', 433, Array)
#1 C:\\laragon\\www\\es_ldcu2\\vendor\\laravel\\framework\\src\\Illuminate\\View\\Engines\\PhpEngine.php(43): include('C:\\\\laragon\\\\www\\\\...')
#2 C:\\laragon\\www\\es_ldcu2\\vendor\\laravel\\framework\\src\\Illuminate\\View\\Engines\\CompilerEngine.php(59): Illuminate\\View\\Engines\\PhpEngine->evaluatePath('C:\\\\laragon\\\\www\\\\...', Array)
#3 C:\\laragon\\www\\es_ldcu2\\vendor\\facade\\ignition\\src\\Views\\Engines\\CompilerEngine.php(36): Illuminate\\View\\Engines\\CompilerEngine->get('C:\\\\laragon\\\\www\\\\...', Array)
#4 C:\\laragon\\www\\es_ldcu2\\vendor\\laravel\\framework\\src\\Illuminate\\View\\View.php(143): Facade\\Ignition\\Views\\Engines\\CompilerEngine->get('C:\\\\laragon\\\\www\\\\...', Array)
#5 C:\\laragon\\www\\es_ldcu2\\vendor\\laravel\\framework\\src\\Illuminate\\View\\View.php(126): Illuminate\\View\\View->getContents()
#6 C:\\laragon\\www\\es_ldcu2\\vendor\\laravel\\framework\\src\\Illuminate\\View\\View.php(91): Illuminate\\View\\View->renderContents()
#7 C:\\laragon\\www\\es_ldcu2\\vendor\\barryvdh\\laravel-dompdf\\src\\PDF.php(132): Illuminate\\View\\View->render()
#8 C:\\laragon\\www\\es_ldcu2\\app\\Http\\Controllers\\Migration\\RegistrarMigration.php(690): Barryvdh\\DomPDF\\PDF->loadView('principalsporta...', Array)
#9 C:\\laragon\\www\\es_ldcu2\\vendor\\laravel\\framework\\src\\Illuminate\\Routing\\Controller.php(54): App\\Http\\Controllers\\Migration\\RegistrarMigration->downloadSf9MasterlistBatch(Object(Illuminate\\Http\\Request))
#10 C:\\laragon\\www\\es_ldcu2\\vendor\\laravel\\framework\\src\\Illuminate\\Routing\\ControllerDispatcher.php(45): Illuminate\\Routing\\Controller->callAction('downloadSf9Mast...', Array)
#11 C:\\laragon\\www\\es_ldcu2\\vendor\\laravel\\framework\\src\\Illuminate\\Routing\\Route.php(219): Illuminate\\Routing\\ControllerDispatcher->dispatch(Object(Illuminate\\Routing\\Route), Object(App\\Http\\Controllers\\Migration\\RegistrarMigration), 'downloadSf9Mast...')
#12 C:\\laragon\\www\\es_ldcu2\\vendor\\laravel\\framework\\src\\Illuminate\\Routing\\Route.php(176): Illuminate\\Routing\\Route->runController()
#13 C:\\laragon\\www\\es_ldcu2\\vendor\\laravel\\framework\\src\\Illuminate\\Routing\\Router.php(681): Illuminate\\Routing\\Route->run()
#14 C:\\laragon\\www\\es_ldcu2\\vendor\\laravel\\framework\\src\\Illuminate\\Pipeline\\Pipeline.php(130): Illuminate\\Routing\\Router->Illuminate\\Routing\\{closure}(Object(Illuminate\\Http\\Request))
#15 C:\\laragon\\www\\es_ldcu2\\vendor\\laravel\\framework\\src\\Illuminate\\Routing\\Middleware\\SubstituteBindings.php(41): Illuminate\\Pipeline\\Pipeline->Illuminate\\Pipeline\\{closure}(Object(Illuminate\\Http\\Request))
#16 C:\\laragon\\www\\es_ldcu2\\vendor\\laravel\\framework\\src\\Illuminate\\Pipeline\\Pipeline.php(171): Illuminate\\Routing\\Middleware\\SubstituteBindings->handle(Object(Illuminate\\Http\\Request), Object(Closure))
#17 C:\\laragon\\www\\es_ldcu2\\vendor\\laravel\\framework\\src\\Illuminate\\Foundation\\Http\\Middleware\\VerifyCsrfToken.php(78): Illuminate\\Pipeline\\Pipeline->Illuminate\\Pipeline\\{closure}(Object(Illuminate\\Http\\Request))
#18 C:\\laragon\\www\\es_ldcu2\\vendor\\laravel\\framework\\src\\Illuminate\\Pipeline\\Pipeline.php(171): Illuminate\\Foundation\\Http\\Middleware\\VerifyCsrfToken->handle(Object(Illuminate\\Http\\Request), Object(Closure))
#19 C:\\laragon\\www\\es_ldcu2\\vendor\\laravel\\framework\\src\\Illuminate\\View\\Middleware\\ShareErrorsFromSession.php(49): Illuminate\\Pipeline\\Pipeline->Illuminate\\Pipeline\\{closure}(Object(Illuminate\\Http\\Request))
#20 C:\\laragon\\www\\es_ldcu2\\vendor\\laravel\\framework\\src\\Illuminate\\Pipeline\\Pipeline.php(171): Illuminate\\View\\Middleware\\ShareErrorsFromSession->handle(Object(Illuminate\\Http\\Request), Object(Closure))
#21 C:\\laragon\\www\\es_ldcu2\\vendor\\laravel\\framework\\src\\Illuminate\\Session\\Middleware\\StartSession.php(56): Illuminate\\Pipeline\\Pipeline->Illuminate\\Pipeline\\{closure}(Object(Illuminate\\Http\\Request))
#22 C:\\laragon\\www\\es_ldcu2\\vendor\\laravel\\framework\\src\\Illuminate\\Pipeline\\Pipeline.php(171): Illuminate\\Session\\Middleware\\StartSession->handle(Object(Illuminate\\Http\\Request), Object(Closure))
#23 C:\\laragon\\www\\es_ldcu2\\vendor\\laravel\\framework\\src\\Illuminate\\Cookie\\Middleware\\AddQueuedCookiesToResponse.php(37): Illuminate\\Pipeline\\Pipeline->Illuminate\\Pipeline\\{closure}(Object(Illuminate\\Http\\Request))
#24 C:\\laragon\\www\\es_ldcu2\\vendor\\laravel\\framework\\src\\Illuminate\\Pipeline\\Pipeline.php(171): Illuminate\\Cookie\\Middleware\\AddQueuedCookiesToResponse->handle(Object(Illuminate\\Http\\Request), Object(Closure))
#25 C:\\laragon\\www\\es_ldcu2\\vendor\\laravel\\framework\\src\\Illuminate\\Cookie\\Middleware\\EncryptCookies.php(67): Illuminate\\Pipeline\\Pipeline->Illuminate\\Pipeline\\{closure}(Object(Illuminate\\Http\\Request))
#26 C:\\laragon\\www\\es_ldcu2\\vendor\\laravel\\framework\\src\\Illuminate\\Pipeline\\Pipeline.php(171): Illuminate\\Cookie\\Middleware\\EncryptCookies->handle(Object(Illuminate\\Http\\Request), Object(Closure))
#27 C:\\laragon\\www\\es_ldcu2\\vendor\\laravel\\framework\\src\\Illuminate\\Pipeline\\Pipeline.php(105): Illuminate\\Pipeline\\Pipeline->Illuminate\\Pipeline\\{closure}(Object(Illuminate\\Http\\Request))
#28 C:\\laragon\\www\\es_ldcu2\\vendor\\laravel\\framework\\src\\Illuminate\\Routing\\Router.php(683): Illuminate\\Pipeline\\Pipeline->then(Object(Closure))
#29 C:\\laragon\\www\\es_ldcu2\\vendor\\laravel\\framework\\src\\Illuminate\\Routing\\Router.php(658): Illuminate\\Routing\\Router->runRouteWithinStack(Object(Illuminate\\Routing\\Route), Object(Illuminate\\Http\\Request))
#30 C:\\laragon\\www\\es_ldcu2\\vendor\\laravel\\framework\\src\\Illuminate\\Routing\\Router.php(624): Illuminate\\Routing\\Router->runRoute(Object(Illuminate\\Http\\Request), Object(Illuminate\\Routing\\Route))
#31 C:\\laragon\\www\\es_ldcu2\\vendor\\laravel\\framework\\src\\Illuminate\\Routing\\Router.php(613): Illuminate\\Routing\\Router->dispatchToRoute(Object(Illuminate\\Http\\Request))
#32 C:\\laragon\\www\\es_ldcu2\\vendor\\laravel\\framework\\src\\Illuminate\\Foundation\\Http\\Kernel.php(170): Illuminate\\Routing\\Router->dispatch(Object(Illuminate\\Http\\Request))
#33 C:\\laragon\\www\\es_ldcu2\\vendor\\laravel\\framework\\src\\Illuminate\\Pipeline\\Pipeline.php(130): Illuminate\\Foundation\\Http\\Kernel->Illuminate\\Foundation\\Http\\{closure}(Object(Illuminate\\Http\\Request))
#34 C:\\laragon\\www\\es_ldcu2\\vendor\\laravel\\framework\\src\\Illuminate\\Foundation\\Http\\Middleware\\TransformsRequest.php(21): Illuminate\\Pipeline\\Pipeline->Illuminate\\Pipeline\\{closure}(Object(Illuminate\\Http\\Request))
#35 C:\\laragon\\www\\es_ldcu2\\vendor\\laravel\\framework\\src\\Illuminate\\Pipeline\\Pipeline.php(171): Illuminate\\Foundation\\Http\\Middleware\\TransformsRequest->handle(Object(Illuminate\\Http\\Request), Object(Closure))
#36 C:\\laragon\\www\\es_ldcu2\\vendor\\laravel\\framework\\src\\Illuminate\\Foundation\\Http\\Middleware\\TransformsRequest.php(21): Illuminate\\Pipeline\\Pipeline->Illuminate\\Pipeline\\{closure}(Object(Illuminate\\Http\\Request))
#37 C:\\laragon\\www\\es_ldcu2\\vendor\\laravel\\framework\\src\\Illuminate\\Pipeline\\Pipeline.php(171): Illuminate\\Foundation\\Http\\Middleware\\TransformsRequest->handle(Object(Illuminate\\Http\\Request), Object(Closure))
#38 C:\\laragon\\www\\es_ldcu2\\vendor\\laravel\\framework\\src\\Illuminate\\Foundation\\Http\\Middleware\\ValidatePostSize.php(27): Illuminate\\Pipeline\\Pipeline->Illuminate\\Pipeline\\{closure}(Object(Illuminate\\Http\\Request))
#39 C:\\laragon\\www\\es_ldcu2\\vendor\\laravel\\framework\\src\\Illuminate\\Pipeline\\Pipeline.php(171): Illuminate\\Foundation\\Http\\Middleware\\ValidatePostSize->handle(Object(Illuminate\\Http\\Request), Object(Closure))
#40 C:\\laragon\\www\\es_ldcu2\\vendor\\laravel\\framework\\src\\Illuminate\\Foundation\\Http\\Middleware\\CheckForMaintenanceMode.php(63): Illuminate\\Pipeline\\Pipeline->Illuminate\\Pipeline\\{closure}(Object(Illuminate\\Http\\Request))
#41 C:\\laragon\\www\\es_ldcu2\\vendor\\laravel\\framework\\src\\Illuminate\\Pipeline\\Pipeline.php(171): Illuminate\\Foundation\\Http\\Middleware\\CheckForMaintenanceMode->handle(Object(Illuminate\\Http\\Request), Object(Closure))
#42 C:\\laragon\\www\\es_ldcu2\\vendor\\fideloper\\proxy\\src\\TrustProxies.php(57): Illuminate\\Pipeline\\Pipeline->Illuminate\\Pipeline\\{closure}(Object(Illuminate\\Http\\Request))
#43 C:\\laragon\\www\\es_ldcu2\\vendor\\laravel\\framework\\src\\Illuminate\\Pipeline\\Pipeline.php(171): Fideloper\\Proxy\\TrustProxies->handle(Object(Illuminate\\Http\\Request), Object(Closure))
#44 C:\\laragon\\www\\es_ldcu2\\vendor\\laravel\\framework\\src\\Illuminate\\Pipeline\\Pipeline.php(105): Illuminate\\Pipeline\\Pipeline->Illuminate\\Pipeline\\{closure}(Object(Illuminate\\Http\\Request))
#45 C:\\laragon\\www\\es_ldcu2\\vendor\\laravel\\framework\\src\\Illuminate\\Foundation\\Http\\Kernel.php(145): Illuminate\\Pipeline\\Pipeline->then(Object(Closure))
#46 C:\\laragon\\www\\es_ldcu2\\vendor\\laravel\\framework\\src\\Illuminate\\Foundation\\Http\\Kernel.php(110): Illuminate\\Foundation\\Http\\Kernel->sendRequestThroughRouter(Object(Illuminate\\Http\\Request))
#47 C:\\laragon\\www\\es_ldcu2\\public\\index.php(55): Illuminate\\Foundation\\Http\\Kernel->handle(Object(Illuminate\\Http\\Request))
#48 C:\\laragon\\www\\es_ldcu2\\server.php(21): require_once('C:\\\\laragon\\\\www\\\\...')
#49 {main}

[previous exception] [object] (ErrorException(code: 0): Trying to get property 'student' of non-object at C:\\laragon\\www\\es_ldcu2\\storage\\framework\\views\\e9fb05b7e2da42a09e321f4862534db12a8eda51.php:433)
[stacktrace]
#0 C:\\laragon\\www\\es_ldcu2\\storage\\framework\\views\\e9fb05b7e2da42a09e321f4862534db12a8eda51.php(433): Illuminate\\Foundation\\Bootstrap\\HandleExceptions->handleError(8, 'Trying to get p...', 'C:\\\\laragon\\\\www\\\\...', 433, Array)
#1 C:\\laragon\\www\\es_ldcu2\\vendor\\laravel\\framework\\src\\Illuminate\\View\\Engines\\PhpEngine.php(43): include('C:\\\\laragon\\\\www\\\\...')
#2 C:\\laragon\\www\\es_ldcu2\\vendor\\laravel\\framework\\src\\Illuminate\\View\\Engines\\CompilerEngine.php(59): Illuminate\\View\\Engines\\PhpEngine->evaluatePath('C:\\\\laragon\\\\www\\\\...', Array)
#3 C:\\laragon\\www\\es_ldcu2\\vendor\\facade\\ignition\\src\\Views\\Engines\\CompilerEngine.php(36): Illuminate\\View\\Engines\\CompilerEngine->get('C:\\\\laragon\\\\www\\\\...', Array)
#4 C:\\laragon\\www\\es_ldcu2\\vendor\\laravel\\framework\\src\\Illuminate\\View\\View.php(143): Facade\\Ignition\\Views\\Engines\\CompilerEngine->get('C:\\\\laragon\\\\www\\\\...', Array)
#5 C:\\laragon\\www\\es_ldcu2\\vendor\\laravel\\framework\\src\\Illuminate\\View\\View.php(126): Illuminate\\View\\View->getContents()
#6 C:\\laragon\\www\\es_ldcu2\\vendor\\laravel\\framework\\src\\Illuminate\\View\\View.php(91): Illuminate\\View\\View->renderContents()
#7 C:\\laragon\\www\\es_ldcu2\\vendor\\barryvdh\\laravel-dompdf\\src\\PDF.php(132): Illuminate\\View\\View->render()
#8 C:\\laragon\\www\\es_ldcu2\\app\\Http\\Controllers\\Migration\\RegistrarMigration.php(690): Barryvdh\\DomPDF\\PDF->loadView('principalsporta...', Array)
#9 C:\\laragon\\www\\es_ldcu2\\vendor\\laravel\\framework\\src\\Illuminate\\Routing\\Controller.php(54): App\\Http\\Controllers\\Migration\\RegistrarMigration->downloadSf9MasterlistBatch(Object(Illuminate\\Http\\Request))
#10 C:\\laragon\\www\\es_ldcu2\\vendor\\laravel\\framework\\src\\Illuminate\\Routing\\ControllerDispatcher.php(45): Illuminate\\Routing\\Controller->callAction('downloadSf9Mast...', Array)
#11 C:\\laragon\\www\\es_ldcu2\\vendor\\laravel\\framework\\src\\Illuminate\\Routing\\Route.php(219): Illuminate\\Routing\\ControllerDispatcher->dispatch(Object(Illuminate\\Routing\\Route), Object(App\\Http\\Controllers\\Migration\\RegistrarMigration), 'downloadSf9Mast...')
#12 C:\\laragon\\www\\es_ldcu2\\vendor\\laravel\\framework\\src\\Illuminate\\Routing\\Route.php(176): Illuminate\\Routing\\Route->runController()
#13 C:\\laragon\\www\\es_ldcu2\\vendor\\laravel\\framework\\src\\Illuminate\\Routing\\Router.php(681): Illuminate\\Routing\\Route->run()
#14 C:\\laragon\\www\\es_ldcu2\\vendor\\laravel\\framework\\src\\Illuminate\\Pipeline\\Pipeline.php(130): Illuminate\\Routing\\Router->Illuminate\\Routing\\{closure}(Object(Illuminate\\Http\\Request))
#15 C:\\laragon\\www\\es_ldcu2\\vendor\\laravel\\framework\\src\\Illuminate\\Routing\\Middleware\\SubstituteBindings.php(41): Illuminate\\Pipeline\\Pipeline->Illuminate\\Pipeline\\{closure}(Object(Illuminate\\Http\\Request))
#16 C:\\laragon\\www\\es_ldcu2\\vendor\\laravel\\framework\\src\\Illuminate\\Pipeline\\Pipeline.php(171): Illuminate\\Routing\\Middleware\\SubstituteBindings->handle(Object(Illuminate\\Http\\Request), Object(Closure))
#17 C:\\laragon\\www\\es_ldcu2\\vendor\\laravel\\framework\\src\\Illuminate\\Foundation\\Http\\Middleware\\VerifyCsrfToken.php(78): Illuminate\\Pipeline\\Pipeline->Illuminate\\Pipeline\\{closure}(Object(Illuminate\\Http\\Request))
#18 C:\\laragon\\www\\es_ldcu2\\vendor\\laravel\\framework\\src\\Illuminate\\Pipeline\\Pipeline.php(171): Illuminate\\Foundation\\Http\\Middleware\\VerifyCsrfToken->handle(Object(Illuminate\\Http\\Request), Object(Closure))
#19 C:\\laragon\\www\\es_ldcu2\\vendor\\laravel\\framework\\src\\Illuminate\\View\\Middleware\\ShareErrorsFromSession.php(49): Illuminate\\Pipeline\\Pipeline->Illuminate\\Pipeline\\{closure}(Object(Illuminate\\Http\\Request))
#20 C:\\laragon\\www\\es_ldcu2\\vendor\\laravel\\framework\\src\\Illuminate\\Pipeline\\Pipeline.php(171): Illuminate\\View\\Middleware\\ShareErrorsFromSession->handle(Object(Illuminate\\Http\\Request), Object(Closure))
#21 C:\\laragon\\www\\es_ldcu2\\vendor\\laravel\\framework\\src\\Illuminate\\Session\\Middleware\\StartSession.php(56): Illuminate\\Pipeline\\Pipeline->Illuminate\\Pipeline\\{closure}(Object(Illuminate\\Http\\Request))
#22 C:\\laragon\\www\\es_ldcu2\\vendor\\laravel\\framework\\src\\Illuminate\\Pipeline\\Pipeline.php(171): Illuminate\\Session\\Middleware\\StartSession->handle(Object(Illuminate\\Http\\Request), Object(Closure))
#23 C:\\laragon\\www\\es_ldcu2\\vendor\\laravel\\framework\\src\\Illuminate\\Cookie\\Middleware\\AddQueuedCookiesToResponse.php(37): Illuminate\\Pipeline\\Pipeline->Illuminate\\Pipeline\\{closure}(Object(Illuminate\\Http\\Request))
#24 C:\\laragon\\www\\es_ldcu2\\vendor\\laravel\\framework\\src\\Illuminate\\Pipeline\\Pipeline.php(171): Illuminate\\Cookie\\Middleware\\AddQueuedCookiesToResponse->handle(Object(Illuminate\\Http\\Request), Object(Closure))
#25 C:\\laragon\\www\\es_ldcu2\\vendor\\laravel\\framework\\src\\Illuminate\\Cookie\\Middleware\\EncryptCookies.php(67): Illuminate\\Pipeline\\Pipeline->Illuminate\\Pipeline\\{closure}(Object(Illuminate\\Http\\Request))
#26 C:\\laragon\\www\\es_ldcu2\\vendor\\laravel\\framework\\src\\Illuminate\\Pipeline\\Pipeline.php(171): Illuminate\\Cookie\\Middleware\\EncryptCookies->handle(Object(Illuminate\\Http\\Request), Object(Closure))
#27 C:\\laragon\\www\\es_ldcu2\\vendor\\laravel\\framework\\src\\Illuminate\\Pipeline\\Pipeline.php(105): Illuminate\\Pipeline\\Pipeline->Illuminate\\Pipeline\\{closure}(Object(Illuminate\\Http\\Request))
#28 C:\\laragon\\www\\es_ldcu2\\vendor\\laravel\\framework\\src\\Illuminate\\Routing\\Router.php(683): Illuminate\\Pipeline\\Pipeline->then(Object(Closure))
#29 C:\\laragon\\www\\es_ldcu2\\vendor\\laravel\\framework\\src\\Illuminate\\Routing\\Router.php(658): Illuminate\\Routing\\Router->runRouteWithinStack(Object(Illuminate\\Routing\\Route), Object(Illuminate\\Http\\Request))
#30 C:\\laragon\\www\\es_ldcu2\\vendor\\laravel\\framework\\src\\Illuminate\\Routing\\Router.php(624): Illuminate\\Routing\\Router->runRoute(Object(Illuminate\\Http\\Request), Object(Illuminate\\Routing\\Route))
#31 C:\\laragon\\www\\es_ldcu2\\vendor\\laravel\\framework\\src\\Illuminate\\Routing\\Router.php(613): Illuminate\\Routing\\Router->dispatchToRoute(Object(Illuminate\\Http\\Request))
#32 C:\\laragon\\www\\es_ldcu2\\vendor\\laravel\\framework\\src\\Illuminate\\Foundation\\Http\\Kernel.php(170): Illuminate\\Routing\\Router->dispatch(Object(Illuminate\\Http\\Request))
#33 C:\\laragon\\www\\es_ldcu2\\vendor\\laravel\\framework\\src\\Illuminate\\Pipeline\\Pipeline.php(130): Illuminate\\Foundation\\Http\\Kernel->Illuminate\\Foundation\\Http\\{closure}(Object(Illuminate\\Http\\Request))
#34 C:\\laragon\\www\\es_ldcu2\\vendor\\laravel\\framework\\src\\Illuminate\\Foundation\\Http\\Middleware\\TransformsRequest.php(21): Illuminate\\Pipeline\\Pipeline->Illuminate\\Pipeline\\{closure}(Object(Illuminate\\Http\\Request))
#35 C:\\laragon\\www\\es_ldcu2\\vendor\\laravel\\framework\\src\\Illuminate\\Pipeline\\Pipeline.php(171): Illuminate\\Foundation\\Http\\Middleware\\TransformsRequest->handle(Object(Illuminate\\Http\\Request), Object(Closure))
#36 C:\\laragon\\www\\es_ldcu2\\vendor\\laravel\\framework\\src\\Illuminate\\Foundation\\Http\\Middleware\\TransformsRequest.php(21): Illuminate\\Pipeline\\Pipeline->Illuminate\\Pipeline\\{closure}(Object(Illuminate\\Http\\Request))
#37 C:\\laragon\\www\\es_ldcu2\\vendor\\laravel\\framework\\src\\Illuminate\\Pipeline\\Pipeline.php(171): Illuminate\\Foundation\\Http\\Middleware\\TransformsRequest->handle(Object(Illuminate\\Http\\Request), Object(Closure))
#38 C:\\laragon\\www\\es_ldcu2\\vendor\\laravel\\framework\\src\\Illuminate\\Foundation\\Http\\Middleware\\ValidatePostSize.php(27): Illuminate\\Pipeline\\Pipeline->Illuminate\\Pipeline\\{closure}(Object(Illuminate\\Http\\Request))
#39 C:\\laragon\\www\\es_ldcu2\\vendor\\laravel\\framework\\src\\Illuminate\\Pipeline\\Pipeline.php(171): Illuminate\\Foundation\\Http\\Middleware\\ValidatePostSize->handle(Object(Illuminate\\Http\\Request), Object(Closure))
#40 C:\\laragon\\www\\es_ldcu2\\vendor\\laravel\\framework\\src\\Illuminate\\Foundation\\Http\\Middleware\\CheckForMaintenanceMode.php(63): Illuminate\\Pipeline\\Pipeline->Illuminate\\Pipeline\\{closure}(Object(Illuminate\\Http\\Request))
#41 C:\\laragon\\www\\es_ldcu2\\vendor\\laravel\\framework\\src\\Illuminate\\Pipeline\\Pipeline.php(171): Illuminate\\Foundation\\Http\\Middleware\\CheckForMaintenanceMode->handle(Object(Illuminate\\Http\\Request), Object(Closure))
#42 C:\\laragon\\www\\es_ldcu2\\vendor\\fideloper\\proxy\\src\\TrustProxies.php(57): Illuminate\\Pipeline\\Pipeline->Illuminate\\Pipeline\\{closure}(Object(Illuminate\\Http\\Request))
#43 C:\\laragon\\www\\es_ldcu2\\vendor\\laravel\\framework\\src\\Illuminate\\Pipeline\\Pipeline.php(171): Fideloper\\Proxy\\TrustProxies->handle(Object(Illuminate\\Http\\Request), Object(Closure))
#44 C:\\laragon\\www\\es_ldcu2\\vendor\\laravel\\framework\\src\\Illuminate\\Pipeline\\Pipeline.php(105): Illuminate\\Pipeline\\Pipeline->Illuminate\\Pipeline\\{closure}(Object(Illuminate\\Http\\Request))
#45 C:\\laragon\\www\\es_ldcu2\\vendor\\laravel\\framework\\src\\Illuminate\\Foundation\\Http\\Kernel.php(145): Illuminate\\Pipeline\\Pipeline->then(Object(Closure))
#46 C:\\laragon\\www\\es_ldcu2\\vendor\\laravel\\framework\\src\\Illuminate\\Foundation\\Http\\Kernel.php(110): Illuminate\\Foundation\\Http\\Kernel->sendRequestThroughRouter(Object(Illuminate\\Http\\Request))
#47 C:\\laragon\\www\\es_ldcu2\\public\\index.php(55): Illuminate\\Foundation\\Http\\Kernel->handle(Object(Illuminate\\Http\\Request))
#48 C:\\laragon\\www\\es_ldcu2\\server.php(21): require_once('C:\\\\laragon\\\\www\\\\...')
#49 {main}
"} 
[2025-07-14 07:38:08] local.INFO: Section: HONESTY, acadprogid: 4  
[2025-07-14 07:38:08] local.INFO: Active template DB result: {"templatepath":"principalsportal.forms.sf9layout.ica.jhs"}  
[2025-07-14 07:38:08] local.INFO: Final template to use: principalsportal.forms.sf9layout.ica.jhs  
[2025-07-14 07:38:08] local.ERROR: Trying to get property 'student' of non-object (View: C:\laragon\www\es_ldcu2\resources\views\principalsportal\forms\sf9layout\ica\jhs.blade.php) {"userId":1,"exception":"[object] (Facade\\Ignition\\Exceptions\\ViewException(code: 0): Trying to get property 'student' of non-object (View: C:\\laragon\\www\\es_ldcu2\\resources\\views\\principalsportal\\forms\\sf9layout\\ica\\jhs.blade.php) at C:\\laragon\\www\\es_ldcu2\\resources\\views/principalsportal/forms/sf9layout/ica/jhs.blade.php:433)
[stacktrace]
#0 C:\\laragon\\www\\es_ldcu2\\resources\\views/principalsportal/forms/sf9layout/ica/jhs.blade.php(433): Illuminate\\Foundation\\Bootstrap\\HandleExceptions->handleError(8, 'Trying to get p...', 'C:\\\\laragon\\\\www\\\\...', 433, Array)
#1 C:\\laragon\\www\\es_ldcu2\\vendor\\laravel\\framework\\src\\Illuminate\\View\\Engines\\PhpEngine.php(43): include('C:\\\\laragon\\\\www\\\\...')
#2 C:\\laragon\\www\\es_ldcu2\\vendor\\laravel\\framework\\src\\Illuminate\\View\\Engines\\CompilerEngine.php(59): Illuminate\\View\\Engines\\PhpEngine->evaluatePath('C:\\\\laragon\\\\www\\\\...', Array)
#3 C:\\laragon\\www\\es_ldcu2\\vendor\\facade\\ignition\\src\\Views\\Engines\\CompilerEngine.php(36): Illuminate\\View\\Engines\\CompilerEngine->get('C:\\\\laragon\\\\www\\\\...', Array)
#4 C:\\laragon\\www\\es_ldcu2\\vendor\\laravel\\framework\\src\\Illuminate\\View\\View.php(143): Facade\\Ignition\\Views\\Engines\\CompilerEngine->get('C:\\\\laragon\\\\www\\\\...', Array)
#5 C:\\laragon\\www\\es_ldcu2\\vendor\\laravel\\framework\\src\\Illuminate\\View\\View.php(126): Illuminate\\View\\View->getContents()
#6 C:\\laragon\\www\\es_ldcu2\\vendor\\laravel\\framework\\src\\Illuminate\\View\\View.php(91): Illuminate\\View\\View->renderContents()
#7 C:\\laragon\\www\\es_ldcu2\\vendor\\barryvdh\\laravel-dompdf\\src\\PDF.php(132): Illuminate\\View\\View->render()
#8 C:\\laragon\\www\\es_ldcu2\\app\\Http\\Controllers\\Migration\\RegistrarMigration.php(690): Barryvdh\\DomPDF\\PDF->loadView('principalsporta...', Array)
#9 C:\\laragon\\www\\es_ldcu2\\vendor\\laravel\\framework\\src\\Illuminate\\Routing\\Controller.php(54): App\\Http\\Controllers\\Migration\\RegistrarMigration->downloadSf9MasterlistBatch(Object(Illuminate\\Http\\Request))
#10 C:\\laragon\\www\\es_ldcu2\\vendor\\laravel\\framework\\src\\Illuminate\\Routing\\ControllerDispatcher.php(45): Illuminate\\Routing\\Controller->callAction('downloadSf9Mast...', Array)
#11 C:\\laragon\\www\\es_ldcu2\\vendor\\laravel\\framework\\src\\Illuminate\\Routing\\Route.php(219): Illuminate\\Routing\\ControllerDispatcher->dispatch(Object(Illuminate\\Routing\\Route), Object(App\\Http\\Controllers\\Migration\\RegistrarMigration), 'downloadSf9Mast...')
#12 C:\\laragon\\www\\es_ldcu2\\vendor\\laravel\\framework\\src\\Illuminate\\Routing\\Route.php(176): Illuminate\\Routing\\Route->runController()
#13 C:\\laragon\\www\\es_ldcu2\\vendor\\laravel\\framework\\src\\Illuminate\\Routing\\Router.php(681): Illuminate\\Routing\\Route->run()
#14 C:\\laragon\\www\\es_ldcu2\\vendor\\laravel\\framework\\src\\Illuminate\\Pipeline\\Pipeline.php(130): Illuminate\\Routing\\Router->Illuminate\\Routing\\{closure}(Object(Illuminate\\Http\\Request))
#15 C:\\laragon\\www\\es_ldcu2\\vendor\\laravel\\framework\\src\\Illuminate\\Routing\\Middleware\\SubstituteBindings.php(41): Illuminate\\Pipeline\\Pipeline->Illuminate\\Pipeline\\{closure}(Object(Illuminate\\Http\\Request))
#16 C:\\laragon\\www\\es_ldcu2\\vendor\\laravel\\framework\\src\\Illuminate\\Pipeline\\Pipeline.php(171): Illuminate\\Routing\\Middleware\\SubstituteBindings->handle(Object(Illuminate\\Http\\Request), Object(Closure))
#17 C:\\laragon\\www\\es_ldcu2\\vendor\\laravel\\framework\\src\\Illuminate\\Foundation\\Http\\Middleware\\VerifyCsrfToken.php(78): Illuminate\\Pipeline\\Pipeline->Illuminate\\Pipeline\\{closure}(Object(Illuminate\\Http\\Request))
#18 C:\\laragon\\www\\es_ldcu2\\vendor\\laravel\\framework\\src\\Illuminate\\Pipeline\\Pipeline.php(171): Illuminate\\Foundation\\Http\\Middleware\\VerifyCsrfToken->handle(Object(Illuminate\\Http\\Request), Object(Closure))
#19 C:\\laragon\\www\\es_ldcu2\\vendor\\laravel\\framework\\src\\Illuminate\\View\\Middleware\\ShareErrorsFromSession.php(49): Illuminate\\Pipeline\\Pipeline->Illuminate\\Pipeline\\{closure}(Object(Illuminate\\Http\\Request))
#20 C:\\laragon\\www\\es_ldcu2\\vendor\\laravel\\framework\\src\\Illuminate\\Pipeline\\Pipeline.php(171): Illuminate\\View\\Middleware\\ShareErrorsFromSession->handle(Object(Illuminate\\Http\\Request), Object(Closure))
#21 C:\\laragon\\www\\es_ldcu2\\vendor\\laravel\\framework\\src\\Illuminate\\Session\\Middleware\\StartSession.php(56): Illuminate\\Pipeline\\Pipeline->Illuminate\\Pipeline\\{closure}(Object(Illuminate\\Http\\Request))
#22 C:\\laragon\\www\\es_ldcu2\\vendor\\laravel\\framework\\src\\Illuminate\\Pipeline\\Pipeline.php(171): Illuminate\\Session\\Middleware\\StartSession->handle(Object(Illuminate\\Http\\Request), Object(Closure))
#23 C:\\laragon\\www\\es_ldcu2\\vendor\\laravel\\framework\\src\\Illuminate\\Cookie\\Middleware\\AddQueuedCookiesToResponse.php(37): Illuminate\\Pipeline\\Pipeline->Illuminate\\Pipeline\\{closure}(Object(Illuminate\\Http\\Request))
#24 C:\\laragon\\www\\es_ldcu2\\vendor\\laravel\\framework\\src\\Illuminate\\Pipeline\\Pipeline.php(171): Illuminate\\Cookie\\Middleware\\AddQueuedCookiesToResponse->handle(Object(Illuminate\\Http\\Request), Object(Closure))
#25 C:\\laragon\\www\\es_ldcu2\\vendor\\laravel\\framework\\src\\Illuminate\\Cookie\\Middleware\\EncryptCookies.php(67): Illuminate\\Pipeline\\Pipeline->Illuminate\\Pipeline\\{closure}(Object(Illuminate\\Http\\Request))
#26 C:\\laragon\\www\\es_ldcu2\\vendor\\laravel\\framework\\src\\Illuminate\\Pipeline\\Pipeline.php(171): Illuminate\\Cookie\\Middleware\\EncryptCookies->handle(Object(Illuminate\\Http\\Request), Object(Closure))
#27 C:\\laragon\\www\\es_ldcu2\\vendor\\laravel\\framework\\src\\Illuminate\\Pipeline\\Pipeline.php(105): Illuminate\\Pipeline\\Pipeline->Illuminate\\Pipeline\\{closure}(Object(Illuminate\\Http\\Request))
#28 C:\\laragon\\www\\es_ldcu2\\vendor\\laravel\\framework\\src\\Illuminate\\Routing\\Router.php(683): Illuminate\\Pipeline\\Pipeline->then(Object(Closure))
#29 C:\\laragon\\www\\es_ldcu2\\vendor\\laravel\\framework\\src\\Illuminate\\Routing\\Router.php(658): Illuminate\\Routing\\Router->runRouteWithinStack(Object(Illuminate\\Routing\\Route), Object(Illuminate\\Http\\Request))
#30 C:\\laragon\\www\\es_ldcu2\\vendor\\laravel\\framework\\src\\Illuminate\\Routing\\Router.php(624): Illuminate\\Routing\\Router->runRoute(Object(Illuminate\\Http\\Request), Object(Illuminate\\Routing\\Route))
#31 C:\\laragon\\www\\es_ldcu2\\vendor\\laravel\\framework\\src\\Illuminate\\Routing\\Router.php(613): Illuminate\\Routing\\Router->dispatchToRoute(Object(Illuminate\\Http\\Request))
#32 C:\\laragon\\www\\es_ldcu2\\vendor\\laravel\\framework\\src\\Illuminate\\Foundation\\Http\\Kernel.php(170): Illuminate\\Routing\\Router->dispatch(Object(Illuminate\\Http\\Request))
#33 C:\\laragon\\www\\es_ldcu2\\vendor\\laravel\\framework\\src\\Illuminate\\Pipeline\\Pipeline.php(130): Illuminate\\Foundation\\Http\\Kernel->Illuminate\\Foundation\\Http\\{closure}(Object(Illuminate\\Http\\Request))
#34 C:\\laragon\\www\\es_ldcu2\\vendor\\laravel\\framework\\src\\Illuminate\\Foundation\\Http\\Middleware\\TransformsRequest.php(21): Illuminate\\Pipeline\\Pipeline->Illuminate\\Pipeline\\{closure}(Object(Illuminate\\Http\\Request))
#35 C:\\laragon\\www\\es_ldcu2\\vendor\\laravel\\framework\\src\\Illuminate\\Pipeline\\Pipeline.php(171): Illuminate\\Foundation\\Http\\Middleware\\TransformsRequest->handle(Object(Illuminate\\Http\\Request), Object(Closure))
#36 C:\\laragon\\www\\es_ldcu2\\vendor\\laravel\\framework\\src\\Illuminate\\Foundation\\Http\\Middleware\\TransformsRequest.php(21): Illuminate\\Pipeline\\Pipeline->Illuminate\\Pipeline\\{closure}(Object(Illuminate\\Http\\Request))
#37 C:\\laragon\\www\\es_ldcu2\\vendor\\laravel\\framework\\src\\Illuminate\\Pipeline\\Pipeline.php(171): Illuminate\\Foundation\\Http\\Middleware\\TransformsRequest->handle(Object(Illuminate\\Http\\Request), Object(Closure))
#38 C:\\laragon\\www\\es_ldcu2\\vendor\\laravel\\framework\\src\\Illuminate\\Foundation\\Http\\Middleware\\ValidatePostSize.php(27): Illuminate\\Pipeline\\Pipeline->Illuminate\\Pipeline\\{closure}(Object(Illuminate\\Http\\Request))
#39 C:\\laragon\\www\\es_ldcu2\\vendor\\laravel\\framework\\src\\Illuminate\\Pipeline\\Pipeline.php(171): Illuminate\\Foundation\\Http\\Middleware\\ValidatePostSize->handle(Object(Illuminate\\Http\\Request), Object(Closure))
#40 C:\\laragon\\www\\es_ldcu2\\vendor\\laravel\\framework\\src\\Illuminate\\Foundation\\Http\\Middleware\\CheckForMaintenanceMode.php(63): Illuminate\\Pipeline\\Pipeline->Illuminate\\Pipeline\\{closure}(Object(Illuminate\\Http\\Request))
#41 C:\\laragon\\www\\es_ldcu2\\vendor\\laravel\\framework\\src\\Illuminate\\Pipeline\\Pipeline.php(171): Illuminate\\Foundation\\Http\\Middleware\\CheckForMaintenanceMode->handle(Object(Illuminate\\Http\\Request), Object(Closure))
#42 C:\\laragon\\www\\es_ldcu2\\vendor\\fideloper\\proxy\\src\\TrustProxies.php(57): Illuminate\\Pipeline\\Pipeline->Illuminate\\Pipeline\\{closure}(Object(Illuminate\\Http\\Request))
#43 C:\\laragon\\www\\es_ldcu2\\vendor\\laravel\\framework\\src\\Illuminate\\Pipeline\\Pipeline.php(171): Fideloper\\Proxy\\TrustProxies->handle(Object(Illuminate\\Http\\Request), Object(Closure))
#44 C:\\laragon\\www\\es_ldcu2\\vendor\\laravel\\framework\\src\\Illuminate\\Pipeline\\Pipeline.php(105): Illuminate\\Pipeline\\Pipeline->Illuminate\\Pipeline\\{closure}(Object(Illuminate\\Http\\Request))
#45 C:\\laragon\\www\\es_ldcu2\\vendor\\laravel\\framework\\src\\Illuminate\\Foundation\\Http\\Kernel.php(145): Illuminate\\Pipeline\\Pipeline->then(Object(Closure))
#46 C:\\laragon\\www\\es_ldcu2\\vendor\\laravel\\framework\\src\\Illuminate\\Foundation\\Http\\Kernel.php(110): Illuminate\\Foundation\\Http\\Kernel->sendRequestThroughRouter(Object(Illuminate\\Http\\Request))
#47 C:\\laragon\\www\\es_ldcu2\\public\\index.php(55): Illuminate\\Foundation\\Http\\Kernel->handle(Object(Illuminate\\Http\\Request))
#48 C:\\laragon\\www\\es_ldcu2\\server.php(21): require_once('C:\\\\laragon\\\\www\\\\...')
#49 {main}

[previous exception] [object] (ErrorException(code: 0): Trying to get property 'student' of non-object at C:\\laragon\\www\\es_ldcu2\\storage\\framework\\views\\e9fb05b7e2da42a09e321f4862534db12a8eda51.php:433)
[stacktrace]
#0 C:\\laragon\\www\\es_ldcu2\\storage\\framework\\views\\e9fb05b7e2da42a09e321f4862534db12a8eda51.php(433): Illuminate\\Foundation\\Bootstrap\\HandleExceptions->handleError(8, 'Trying to get p...', 'C:\\\\laragon\\\\www\\\\...', 433, Array)
#1 C:\\laragon\\www\\es_ldcu2\\vendor\\laravel\\framework\\src\\Illuminate\\View\\Engines\\PhpEngine.php(43): include('C:\\\\laragon\\\\www\\\\...')
#2 C:\\laragon\\www\\es_ldcu2\\vendor\\laravel\\framework\\src\\Illuminate\\View\\Engines\\CompilerEngine.php(59): Illuminate\\View\\Engines\\PhpEngine->evaluatePath('C:\\\\laragon\\\\www\\\\...', Array)
#3 C:\\laragon\\www\\es_ldcu2\\vendor\\facade\\ignition\\src\\Views\\Engines\\CompilerEngine.php(36): Illuminate\\View\\Engines\\CompilerEngine->get('C:\\\\laragon\\\\www\\\\...', Array)
#4 C:\\laragon\\www\\es_ldcu2\\vendor\\laravel\\framework\\src\\Illuminate\\View\\View.php(143): Facade\\Ignition\\Views\\Engines\\CompilerEngine->get('C:\\\\laragon\\\\www\\\\...', Array)
#5 C:\\laragon\\www\\es_ldcu2\\vendor\\laravel\\framework\\src\\Illuminate\\View\\View.php(126): Illuminate\\View\\View->getContents()
#6 C:\\laragon\\www\\es_ldcu2\\vendor\\laravel\\framework\\src\\Illuminate\\View\\View.php(91): Illuminate\\View\\View->renderContents()
#7 C:\\laragon\\www\\es_ldcu2\\vendor\\barryvdh\\laravel-dompdf\\src\\PDF.php(132): Illuminate\\View\\View->render()
#8 C:\\laragon\\www\\es_ldcu2\\app\\Http\\Controllers\\Migration\\RegistrarMigration.php(690): Barryvdh\\DomPDF\\PDF->loadView('principalsporta...', Array)
#9 C:\\laragon\\www\\es_ldcu2\\vendor\\laravel\\framework\\src\\Illuminate\\Routing\\Controller.php(54): App\\Http\\Controllers\\Migration\\RegistrarMigration->downloadSf9MasterlistBatch(Object(Illuminate\\Http\\Request))
#10 C:\\laragon\\www\\es_ldcu2\\vendor\\laravel\\framework\\src\\Illuminate\\Routing\\ControllerDispatcher.php(45): Illuminate\\Routing\\Controller->callAction('downloadSf9Mast...', Array)
#11 C:\\laragon\\www\\es_ldcu2\\vendor\\laravel\\framework\\src\\Illuminate\\Routing\\Route.php(219): Illuminate\\Routing\\ControllerDispatcher->dispatch(Object(Illuminate\\Routing\\Route), Object(App\\Http\\Controllers\\Migration\\RegistrarMigration), 'downloadSf9Mast...')
#12 C:\\laragon\\www\\es_ldcu2\\vendor\\laravel\\framework\\src\\Illuminate\\Routing\\Route.php(176): Illuminate\\Routing\\Route->runController()
#13 C:\\laragon\\www\\es_ldcu2\\vendor\\laravel\\framework\\src\\Illuminate\\Routing\\Router.php(681): Illuminate\\Routing\\Route->run()
#14 C:\\laragon\\www\\es_ldcu2\\vendor\\laravel\\framework\\src\\Illuminate\\Pipeline\\Pipeline.php(130): Illuminate\\Routing\\Router->Illuminate\\Routing\\{closure}(Object(Illuminate\\Http\\Request))
#15 C:\\laragon\\www\\es_ldcu2\\vendor\\laravel\\framework\\src\\Illuminate\\Routing\\Middleware\\SubstituteBindings.php(41): Illuminate\\Pipeline\\Pipeline->Illuminate\\Pipeline\\{closure}(Object(Illuminate\\Http\\Request))
#16 C:\\laragon\\www\\es_ldcu2\\vendor\\laravel\\framework\\src\\Illuminate\\Pipeline\\Pipeline.php(171): Illuminate\\Routing\\Middleware\\SubstituteBindings->handle(Object(Illuminate\\Http\\Request), Object(Closure))
#17 C:\\laragon\\www\\es_ldcu2\\vendor\\laravel\\framework\\src\\Illuminate\\Foundation\\Http\\Middleware\\VerifyCsrfToken.php(78): Illuminate\\Pipeline\\Pipeline->Illuminate\\Pipeline\\{closure}(Object(Illuminate\\Http\\Request))
#18 C:\\laragon\\www\\es_ldcu2\\vendor\\laravel\\framework\\src\\Illuminate\\Pipeline\\Pipeline.php(171): Illuminate\\Foundation\\Http\\Middleware\\VerifyCsrfToken->handle(Object(Illuminate\\Http\\Request), Object(Closure))
#19 C:\\laragon\\www\\es_ldcu2\\vendor\\laravel\\framework\\src\\Illuminate\\View\\Middleware\\ShareErrorsFromSession.php(49): Illuminate\\Pipeline\\Pipeline->Illuminate\\Pipeline\\{closure}(Object(Illuminate\\Http\\Request))
#20 C:\\laragon\\www\\es_ldcu2\\vendor\\laravel\\framework\\src\\Illuminate\\Pipeline\\Pipeline.php(171): Illuminate\\View\\Middleware\\ShareErrorsFromSession->handle(Object(Illuminate\\Http\\Request), Object(Closure))
#21 C:\\laragon\\www\\es_ldcu2\\vendor\\laravel\\framework\\src\\Illuminate\\Session\\Middleware\\StartSession.php(56): Illuminate\\Pipeline\\Pipeline->Illuminate\\Pipeline\\{closure}(Object(Illuminate\\Http\\Request))
#22 C:\\laragon\\www\\es_ldcu2\\vendor\\laravel\\framework\\src\\Illuminate\\Pipeline\\Pipeline.php(171): Illuminate\\Session\\Middleware\\StartSession->handle(Object(Illuminate\\Http\\Request), Object(Closure))
#23 C:\\laragon\\www\\es_ldcu2\\vendor\\laravel\\framework\\src\\Illuminate\\Cookie\\Middleware\\AddQueuedCookiesToResponse.php(37): Illuminate\\Pipeline\\Pipeline->Illuminate\\Pipeline\\{closure}(Object(Illuminate\\Http\\Request))
#24 C:\\laragon\\www\\es_ldcu2\\vendor\\laravel\\framework\\src\\Illuminate\\Pipeline\\Pipeline.php(171): Illuminate\\Cookie\\Middleware\\AddQueuedCookiesToResponse->handle(Object(Illuminate\\Http\\Request), Object(Closure))
#25 C:\\laragon\\www\\es_ldcu2\\vendor\\laravel\\framework\\src\\Illuminate\\Cookie\\Middleware\\EncryptCookies.php(67): Illuminate\\Pipeline\\Pipeline->Illuminate\\Pipeline\\{closure}(Object(Illuminate\\Http\\Request))
#26 C:\\laragon\\www\\es_ldcu2\\vendor\\laravel\\framework\\src\\Illuminate\\Pipeline\\Pipeline.php(171): Illuminate\\Cookie\\Middleware\\EncryptCookies->handle(Object(Illuminate\\Http\\Request), Object(Closure))
#27 C:\\laragon\\www\\es_ldcu2\\vendor\\laravel\\framework\\src\\Illuminate\\Pipeline\\Pipeline.php(105): Illuminate\\Pipeline\\Pipeline->Illuminate\\Pipeline\\{closure}(Object(Illuminate\\Http\\Request))
#28 C:\\laragon\\www\\es_ldcu2\\vendor\\laravel\\framework\\src\\Illuminate\\Routing\\Router.php(683): Illuminate\\Pipeline\\Pipeline->then(Object(Closure))
#29 C:\\laragon\\www\\es_ldcu2\\vendor\\laravel\\framework\\src\\Illuminate\\Routing\\Router.php(658): Illuminate\\Routing\\Router->runRouteWithinStack(Object(Illuminate\\Routing\\Route), Object(Illuminate\\Http\\Request))
#30 C:\\laragon\\www\\es_ldcu2\\vendor\\laravel\\framework\\src\\Illuminate\\Routing\\Router.php(624): Illuminate\\Routing\\Router->runRoute(Object(Illuminate\\Http\\Request), Object(Illuminate\\Routing\\Route))
#31 C:\\laragon\\www\\es_ldcu2\\vendor\\laravel\\framework\\src\\Illuminate\\Routing\\Router.php(613): Illuminate\\Routing\\Router->dispatchToRoute(Object(Illuminate\\Http\\Request))
#32 C:\\laragon\\www\\es_ldcu2\\vendor\\laravel\\framework\\src\\Illuminate\\Foundation\\Http\\Kernel.php(170): Illuminate\\Routing\\Router->dispatch(Object(Illuminate\\Http\\Request))
#33 C:\\laragon\\www\\es_ldcu2\\vendor\\laravel\\framework\\src\\Illuminate\\Pipeline\\Pipeline.php(130): Illuminate\\Foundation\\Http\\Kernel->Illuminate\\Foundation\\Http\\{closure}(Object(Illuminate\\Http\\Request))
#34 C:\\laragon\\www\\es_ldcu2\\vendor\\laravel\\framework\\src\\Illuminate\\Foundation\\Http\\Middleware\\TransformsRequest.php(21): Illuminate\\Pipeline\\Pipeline->Illuminate\\Pipeline\\{closure}(Object(Illuminate\\Http\\Request))
#35 C:\\laragon\\www\\es_ldcu2\\vendor\\laravel\\framework\\src\\Illuminate\\Pipeline\\Pipeline.php(171): Illuminate\\Foundation\\Http\\Middleware\\TransformsRequest->handle(Object(Illuminate\\Http\\Request), Object(Closure))
#36 C:\\laragon\\www\\es_ldcu2\\vendor\\laravel\\framework\\src\\Illuminate\\Foundation\\Http\\Middleware\\TransformsRequest.php(21): Illuminate\\Pipeline\\Pipeline->Illuminate\\Pipeline\\{closure}(Object(Illuminate\\Http\\Request))
#37 C:\\laragon\\www\\es_ldcu2\\vendor\\laravel\\framework\\src\\Illuminate\\Pipeline\\Pipeline.php(171): Illuminate\\Foundation\\Http\\Middleware\\TransformsRequest->handle(Object(Illuminate\\Http\\Request), Object(Closure))
#38 C:\\laragon\\www\\es_ldcu2\\vendor\\laravel\\framework\\src\\Illuminate\\Foundation\\Http\\Middleware\\ValidatePostSize.php(27): Illuminate\\Pipeline\\Pipeline->Illuminate\\Pipeline\\{closure}(Object(Illuminate\\Http\\Request))
#39 C:\\laragon\\www\\es_ldcu2\\vendor\\laravel\\framework\\src\\Illuminate\\Pipeline\\Pipeline.php(171): Illuminate\\Foundation\\Http\\Middleware\\ValidatePostSize->handle(Object(Illuminate\\Http\\Request), Object(Closure))
#40 C:\\laragon\\www\\es_ldcu2\\vendor\\laravel\\framework\\src\\Illuminate\\Foundation\\Http\\Middleware\\CheckForMaintenanceMode.php(63): Illuminate\\Pipeline\\Pipeline->Illuminate\\Pipeline\\{closure}(Object(Illuminate\\Http\\Request))
#41 C:\\laragon\\www\\es_ldcu2\\vendor\\laravel\\framework\\src\\Illuminate\\Pipeline\\Pipeline.php(171): Illuminate\\Foundation\\Http\\Middleware\\CheckForMaintenanceMode->handle(Object(Illuminate\\Http\\Request), Object(Closure))
#42 C:\\laragon\\www\\es_ldcu2\\vendor\\fideloper\\proxy\\src\\TrustProxies.php(57): Illuminate\\Pipeline\\Pipeline->Illuminate\\Pipeline\\{closure}(Object(Illuminate\\Http\\Request))
#43 C:\\laragon\\www\\es_ldcu2\\vendor\\laravel\\framework\\src\\Illuminate\\Pipeline\\Pipeline.php(171): Fideloper\\Proxy\\TrustProxies->handle(Object(Illuminate\\Http\\Request), Object(Closure))
#44 C:\\laragon\\www\\es_ldcu2\\vendor\\laravel\\framework\\src\\Illuminate\\Pipeline\\Pipeline.php(105): Illuminate\\Pipeline\\Pipeline->Illuminate\\Pipeline\\{closure}(Object(Illuminate\\Http\\Request))
#45 C:\\laragon\\www\\es_ldcu2\\vendor\\laravel\\framework\\src\\Illuminate\\Foundation\\Http\\Kernel.php(145): Illuminate\\Pipeline\\Pipeline->then(Object(Closure))
#46 C:\\laragon\\www\\es_ldcu2\\vendor\\laravel\\framework\\src\\Illuminate\\Foundation\\Http\\Kernel.php(110): Illuminate\\Foundation\\Http\\Kernel->sendRequestThroughRouter(Object(Illuminate\\Http\\Request))
#47 C:\\laragon\\www\\es_ldcu2\\public\\index.php(55): Illuminate\\Foundation\\Http\\Kernel->handle(Object(Illuminate\\Http\\Request))
#48 C:\\laragon\\www\\es_ldcu2\\server.php(21): require_once('C:\\\\laragon\\\\www\\\\...')
#49 {main}
"} 
[2025-07-14 07:56:53] local.INFO: Section: HONESTY, acadprogid: 4  
[2025-07-14 07:56:53] local.INFO: Active template DB result: {"templatepath":"principalsportal.forms.sf9layout.ica.jhs"}  
[2025-07-14 07:56:53] local.INFO: Final template to use: principalsportal.forms.sf9layout.ica.jhs  
[2025-07-14 07:56:53] local.ERROR: Undefined variable: students (View: C:\laragon\www\es_ldcu2\resources\views\principalsportal\forms\sf9layout\ica\jhs.blade.php) {"userId":1,"exception":"[object] (Facade\\Ignition\\Exceptions\\ViewException(code: 0): Undefined variable: students (View: C:\\laragon\\www\\es_ldcu2\\resources\\views\\principalsportal\\forms\\sf9layout\\ica\\jhs.blade.php) at C:\\laragon\\www\\es_ldcu2\\resources\\views/principalsportal/forms/sf9layout/ica/jhs.blade.php:433)
[stacktrace]
#0 C:\\laragon\\www\\es_ldcu2\\resources\\views/principalsportal/forms/sf9layout/ica/jhs.blade.php(433): Illuminate\\Foundation\\Bootstrap\\HandleExceptions->handleError(8, 'Undefined varia...', 'C:\\\\laragon\\\\www\\\\...', 433, Array)
#1 C:\\laragon\\www\\es_ldcu2\\vendor\\laravel\\framework\\src\\Illuminate\\View\\Engines\\PhpEngine.php(43): include('C:\\\\laragon\\\\www\\\\...')
#2 C:\\laragon\\www\\es_ldcu2\\vendor\\laravel\\framework\\src\\Illuminate\\View\\Engines\\CompilerEngine.php(59): Illuminate\\View\\Engines\\PhpEngine->evaluatePath('C:\\\\laragon\\\\www\\\\...', Array)
#3 C:\\laragon\\www\\es_ldcu2\\vendor\\facade\\ignition\\src\\Views\\Engines\\CompilerEngine.php(36): Illuminate\\View\\Engines\\CompilerEngine->get('C:\\\\laragon\\\\www\\\\...', Array)
#4 C:\\laragon\\www\\es_ldcu2\\vendor\\laravel\\framework\\src\\Illuminate\\View\\View.php(143): Facade\\Ignition\\Views\\Engines\\CompilerEngine->get('C:\\\\laragon\\\\www\\\\...', Array)
#5 C:\\laragon\\www\\es_ldcu2\\vendor\\laravel\\framework\\src\\Illuminate\\View\\View.php(126): Illuminate\\View\\View->getContents()
#6 C:\\laragon\\www\\es_ldcu2\\vendor\\laravel\\framework\\src\\Illuminate\\View\\View.php(91): Illuminate\\View\\View->renderContents()
#7 C:\\laragon\\www\\es_ldcu2\\vendor\\barryvdh\\laravel-dompdf\\src\\PDF.php(132): Illuminate\\View\\View->render()
#8 C:\\laragon\\www\\es_ldcu2\\app\\Http\\Controllers\\Migration\\RegistrarMigration.php(690): Barryvdh\\DomPDF\\PDF->loadView('principalsporta...', Array)
#9 C:\\laragon\\www\\es_ldcu2\\vendor\\laravel\\framework\\src\\Illuminate\\Routing\\Controller.php(54): App\\Http\\Controllers\\Migration\\RegistrarMigration->downloadSf9MasterlistBatch(Object(Illuminate\\Http\\Request))
#10 C:\\laragon\\www\\es_ldcu2\\vendor\\laravel\\framework\\src\\Illuminate\\Routing\\ControllerDispatcher.php(45): Illuminate\\Routing\\Controller->callAction('downloadSf9Mast...', Array)
#11 C:\\laragon\\www\\es_ldcu2\\vendor\\laravel\\framework\\src\\Illuminate\\Routing\\Route.php(219): Illuminate\\Routing\\ControllerDispatcher->dispatch(Object(Illuminate\\Routing\\Route), Object(App\\Http\\Controllers\\Migration\\RegistrarMigration), 'downloadSf9Mast...')
#12 C:\\laragon\\www\\es_ldcu2\\vendor\\laravel\\framework\\src\\Illuminate\\Routing\\Route.php(176): Illuminate\\Routing\\Route->runController()
#13 C:\\laragon\\www\\es_ldcu2\\vendor\\laravel\\framework\\src\\Illuminate\\Routing\\Router.php(681): Illuminate\\Routing\\Route->run()
#14 C:\\laragon\\www\\es_ldcu2\\vendor\\laravel\\framework\\src\\Illuminate\\Pipeline\\Pipeline.php(130): Illuminate\\Routing\\Router->Illuminate\\Routing\\{closure}(Object(Illuminate\\Http\\Request))
#15 C:\\laragon\\www\\es_ldcu2\\vendor\\laravel\\framework\\src\\Illuminate\\Routing\\Middleware\\SubstituteBindings.php(41): Illuminate\\Pipeline\\Pipeline->Illuminate\\Pipeline\\{closure}(Object(Illuminate\\Http\\Request))
#16 C:\\laragon\\www\\es_ldcu2\\vendor\\laravel\\framework\\src\\Illuminate\\Pipeline\\Pipeline.php(171): Illuminate\\Routing\\Middleware\\SubstituteBindings->handle(Object(Illuminate\\Http\\Request), Object(Closure))
#17 C:\\laragon\\www\\es_ldcu2\\vendor\\laravel\\framework\\src\\Illuminate\\Foundation\\Http\\Middleware\\VerifyCsrfToken.php(78): Illuminate\\Pipeline\\Pipeline->Illuminate\\Pipeline\\{closure}(Object(Illuminate\\Http\\Request))
#18 C:\\laragon\\www\\es_ldcu2\\vendor\\laravel\\framework\\src\\Illuminate\\Pipeline\\Pipeline.php(171): Illuminate\\Foundation\\Http\\Middleware\\VerifyCsrfToken->handle(Object(Illuminate\\Http\\Request), Object(Closure))
#19 C:\\laragon\\www\\es_ldcu2\\vendor\\laravel\\framework\\src\\Illuminate\\View\\Middleware\\ShareErrorsFromSession.php(49): Illuminate\\Pipeline\\Pipeline->Illuminate\\Pipeline\\{closure}(Object(Illuminate\\Http\\Request))
#20 C:\\laragon\\www\\es_ldcu2\\vendor\\laravel\\framework\\src\\Illuminate\\Pipeline\\Pipeline.php(171): Illuminate\\View\\Middleware\\ShareErrorsFromSession->handle(Object(Illuminate\\Http\\Request), Object(Closure))
#21 C:\\laragon\\www\\es_ldcu2\\vendor\\laravel\\framework\\src\\Illuminate\\Session\\Middleware\\StartSession.php(56): Illuminate\\Pipeline\\Pipeline->Illuminate\\Pipeline\\{closure}(Object(Illuminate\\Http\\Request))
#22 C:\\laragon\\www\\es_ldcu2\\vendor\\laravel\\framework\\src\\Illuminate\\Pipeline\\Pipeline.php(171): Illuminate\\Session\\Middleware\\StartSession->handle(Object(Illuminate\\Http\\Request), Object(Closure))
#23 C:\\laragon\\www\\es_ldcu2\\vendor\\laravel\\framework\\src\\Illuminate\\Cookie\\Middleware\\AddQueuedCookiesToResponse.php(37): Illuminate\\Pipeline\\Pipeline->Illuminate\\Pipeline\\{closure}(Object(Illuminate\\Http\\Request))
#24 C:\\laragon\\www\\es_ldcu2\\vendor\\laravel\\framework\\src\\Illuminate\\Pipeline\\Pipeline.php(171): Illuminate\\Cookie\\Middleware\\AddQueuedCookiesToResponse->handle(Object(Illuminate\\Http\\Request), Object(Closure))
#25 C:\\laragon\\www\\es_ldcu2\\vendor\\laravel\\framework\\src\\Illuminate\\Cookie\\Middleware\\EncryptCookies.php(67): Illuminate\\Pipeline\\Pipeline->Illuminate\\Pipeline\\{closure}(Object(Illuminate\\Http\\Request))
#26 C:\\laragon\\www\\es_ldcu2\\vendor\\laravel\\framework\\src\\Illuminate\\Pipeline\\Pipeline.php(171): Illuminate\\Cookie\\Middleware\\EncryptCookies->handle(Object(Illuminate\\Http\\Request), Object(Closure))
#27 C:\\laragon\\www\\es_ldcu2\\vendor\\laravel\\framework\\src\\Illuminate\\Pipeline\\Pipeline.php(105): Illuminate\\Pipeline\\Pipeline->Illuminate\\Pipeline\\{closure}(Object(Illuminate\\Http\\Request))
#28 C:\\laragon\\www\\es_ldcu2\\vendor\\laravel\\framework\\src\\Illuminate\\Routing\\Router.php(683): Illuminate\\Pipeline\\Pipeline->then(Object(Closure))
#29 C:\\laragon\\www\\es_ldcu2\\vendor\\laravel\\framework\\src\\Illuminate\\Routing\\Router.php(658): Illuminate\\Routing\\Router->runRouteWithinStack(Object(Illuminate\\Routing\\Route), Object(Illuminate\\Http\\Request))
#30 C:\\laragon\\www\\es_ldcu2\\vendor\\laravel\\framework\\src\\Illuminate\\Routing\\Router.php(624): Illuminate\\Routing\\Router->runRoute(Object(Illuminate\\Http\\Request), Object(Illuminate\\Routing\\Route))
#31 C:\\laragon\\www\\es_ldcu2\\vendor\\laravel\\framework\\src\\Illuminate\\Routing\\Router.php(613): Illuminate\\Routing\\Router->dispatchToRoute(Object(Illuminate\\Http\\Request))
#32 C:\\laragon\\www\\es_ldcu2\\vendor\\laravel\\framework\\src\\Illuminate\\Foundation\\Http\\Kernel.php(170): Illuminate\\Routing\\Router->dispatch(Object(Illuminate\\Http\\Request))
#33 C:\\laragon\\www\\es_ldcu2\\vendor\\laravel\\framework\\src\\Illuminate\\Pipeline\\Pipeline.php(130): Illuminate\\Foundation\\Http\\Kernel->Illuminate\\Foundation\\Http\\{closure}(Object(Illuminate\\Http\\Request))
#34 C:\\laragon\\www\\es_ldcu2\\vendor\\laravel\\framework\\src\\Illuminate\\Foundation\\Http\\Middleware\\TransformsRequest.php(21): Illuminate\\Pipeline\\Pipeline->Illuminate\\Pipeline\\{closure}(Object(Illuminate\\Http\\Request))
#35 C:\\laragon\\www\\es_ldcu2\\vendor\\laravel\\framework\\src\\Illuminate\\Pipeline\\Pipeline.php(171): Illuminate\\Foundation\\Http\\Middleware\\TransformsRequest->handle(Object(Illuminate\\Http\\Request), Object(Closure))
#36 C:\\laragon\\www\\es_ldcu2\\vendor\\laravel\\framework\\src\\Illuminate\\Foundation\\Http\\Middleware\\TransformsRequest.php(21): Illuminate\\Pipeline\\Pipeline->Illuminate\\Pipeline\\{closure}(Object(Illuminate\\Http\\Request))
#37 C:\\laragon\\www\\es_ldcu2\\vendor\\laravel\\framework\\src\\Illuminate\\Pipeline\\Pipeline.php(171): Illuminate\\Foundation\\Http\\Middleware\\TransformsRequest->handle(Object(Illuminate\\Http\\Request), Object(Closure))
#38 C:\\laragon\\www\\es_ldcu2\\vendor\\laravel\\framework\\src\\Illuminate\\Foundation\\Http\\Middleware\\ValidatePostSize.php(27): Illuminate\\Pipeline\\Pipeline->Illuminate\\Pipeline\\{closure}(Object(Illuminate\\Http\\Request))
#39 C:\\laragon\\www\\es_ldcu2\\vendor\\laravel\\framework\\src\\Illuminate\\Pipeline\\Pipeline.php(171): Illuminate\\Foundation\\Http\\Middleware\\ValidatePostSize->handle(Object(Illuminate\\Http\\Request), Object(Closure))
#40 C:\\laragon\\www\\es_ldcu2\\vendor\\laravel\\framework\\src\\Illuminate\\Foundation\\Http\\Middleware\\CheckForMaintenanceMode.php(63): Illuminate\\Pipeline\\Pipeline->Illuminate\\Pipeline\\{closure}(Object(Illuminate\\Http\\Request))
#41 C:\\laragon\\www\\es_ldcu2\\vendor\\laravel\\framework\\src\\Illuminate\\Pipeline\\Pipeline.php(171): Illuminate\\Foundation\\Http\\Middleware\\CheckForMaintenanceMode->handle(Object(Illuminate\\Http\\Request), Object(Closure))
#42 C:\\laragon\\www\\es_ldcu2\\vendor\\fideloper\\proxy\\src\\TrustProxies.php(57): Illuminate\\Pipeline\\Pipeline->Illuminate\\Pipeline\\{closure}(Object(Illuminate\\Http\\Request))
#43 C:\\laragon\\www\\es_ldcu2\\vendor\\laravel\\framework\\src\\Illuminate\\Pipeline\\Pipeline.php(171): Fideloper\\Proxy\\TrustProxies->handle(Object(Illuminate\\Http\\Request), Object(Closure))
#44 C:\\laragon\\www\\es_ldcu2\\vendor\\laravel\\framework\\src\\Illuminate\\Pipeline\\Pipeline.php(105): Illuminate\\Pipeline\\Pipeline->Illuminate\\Pipeline\\{closure}(Object(Illuminate\\Http\\Request))
#45 C:\\laragon\\www\\es_ldcu2\\vendor\\laravel\\framework\\src\\Illuminate\\Foundation\\Http\\Kernel.php(145): Illuminate\\Pipeline\\Pipeline->then(Object(Closure))
#46 C:\\laragon\\www\\es_ldcu2\\vendor\\laravel\\framework\\src\\Illuminate\\Foundation\\Http\\Kernel.php(110): Illuminate\\Foundation\\Http\\Kernel->sendRequestThroughRouter(Object(Illuminate\\Http\\Request))
#47 C:\\laragon\\www\\es_ldcu2\\public\\index.php(55): Illuminate\\Foundation\\Http\\Kernel->handle(Object(Illuminate\\Http\\Request))
#48 C:\\laragon\\www\\es_ldcu2\\server.php(21): require_once('C:\\\\laragon\\\\www\\\\...')
#49 {main}

[previous exception] [object] (ErrorException(code: 0): Undefined variable: students at C:\\laragon\\www\\es_ldcu2\\storage\\framework\\views\\e9fb05b7e2da42a09e321f4862534db12a8eda51.php:433)
[stacktrace]
#0 C:\\laragon\\www\\es_ldcu2\\storage\\framework\\views\\e9fb05b7e2da42a09e321f4862534db12a8eda51.php(433): Illuminate\\Foundation\\Bootstrap\\HandleExceptions->handleError(8, 'Undefined varia...', 'C:\\\\laragon\\\\www\\\\...', 433, Array)
#1 C:\\laragon\\www\\es_ldcu2\\vendor\\laravel\\framework\\src\\Illuminate\\View\\Engines\\PhpEngine.php(43): include('C:\\\\laragon\\\\www\\\\...')
#2 C:\\laragon\\www\\es_ldcu2\\vendor\\laravel\\framework\\src\\Illuminate\\View\\Engines\\CompilerEngine.php(59): Illuminate\\View\\Engines\\PhpEngine->evaluatePath('C:\\\\laragon\\\\www\\\\...', Array)
#3 C:\\laragon\\www\\es_ldcu2\\vendor\\facade\\ignition\\src\\Views\\Engines\\CompilerEngine.php(36): Illuminate\\View\\Engines\\CompilerEngine->get('C:\\\\laragon\\\\www\\\\...', Array)
#4 C:\\laragon\\www\\es_ldcu2\\vendor\\laravel\\framework\\src\\Illuminate\\View\\View.php(143): Facade\\Ignition\\Views\\Engines\\CompilerEngine->get('C:\\\\laragon\\\\www\\\\...', Array)
#5 C:\\laragon\\www\\es_ldcu2\\vendor\\laravel\\framework\\src\\Illuminate\\View\\View.php(126): Illuminate\\View\\View->getContents()
#6 C:\\laragon\\www\\es_ldcu2\\vendor\\laravel\\framework\\src\\Illuminate\\View\\View.php(91): Illuminate\\View\\View->renderContents()
#7 C:\\laragon\\www\\es_ldcu2\\vendor\\barryvdh\\laravel-dompdf\\src\\PDF.php(132): Illuminate\\View\\View->render()
#8 C:\\laragon\\www\\es_ldcu2\\app\\Http\\Controllers\\Migration\\RegistrarMigration.php(690): Barryvdh\\DomPDF\\PDF->loadView('principalsporta...', Array)
#9 C:\\laragon\\www\\es_ldcu2\\vendor\\laravel\\framework\\src\\Illuminate\\Routing\\Controller.php(54): App\\Http\\Controllers\\Migration\\RegistrarMigration->downloadSf9MasterlistBatch(Object(Illuminate\\Http\\Request))
#10 C:\\laragon\\www\\es_ldcu2\\vendor\\laravel\\framework\\src\\Illuminate\\Routing\\ControllerDispatcher.php(45): Illuminate\\Routing\\Controller->callAction('downloadSf9Mast...', Array)
#11 C:\\laragon\\www\\es_ldcu2\\vendor\\laravel\\framework\\src\\Illuminate\\Routing\\Route.php(219): Illuminate\\Routing\\ControllerDispatcher->dispatch(Object(Illuminate\\Routing\\Route), Object(App\\Http\\Controllers\\Migration\\RegistrarMigration), 'downloadSf9Mast...')
#12 C:\\laragon\\www\\es_ldcu2\\vendor\\laravel\\framework\\src\\Illuminate\\Routing\\Route.php(176): Illuminate\\Routing\\Route->runController()
#13 C:\\laragon\\www\\es_ldcu2\\vendor\\laravel\\framework\\src\\Illuminate\\Routing\\Router.php(681): Illuminate\\Routing\\Route->run()
#14 C:\\laragon\\www\\es_ldcu2\\vendor\\laravel\\framework\\src\\Illuminate\\Pipeline\\Pipeline.php(130): Illuminate\\Routing\\Router->Illuminate\\Routing\\{closure}(Object(Illuminate\\Http\\Request))
#15 C:\\laragon\\www\\es_ldcu2\\vendor\\laravel\\framework\\src\\Illuminate\\Routing\\Middleware\\SubstituteBindings.php(41): Illuminate\\Pipeline\\Pipeline->Illuminate\\Pipeline\\{closure}(Object(Illuminate\\Http\\Request))
#16 C:\\laragon\\www\\es_ldcu2\\vendor\\laravel\\framework\\src\\Illuminate\\Pipeline\\Pipeline.php(171): Illuminate\\Routing\\Middleware\\SubstituteBindings->handle(Object(Illuminate\\Http\\Request), Object(Closure))
#17 C:\\laragon\\www\\es_ldcu2\\vendor\\laravel\\framework\\src\\Illuminate\\Foundation\\Http\\Middleware\\VerifyCsrfToken.php(78): Illuminate\\Pipeline\\Pipeline->Illuminate\\Pipeline\\{closure}(Object(Illuminate\\Http\\Request))
#18 C:\\laragon\\www\\es_ldcu2\\vendor\\laravel\\framework\\src\\Illuminate\\Pipeline\\Pipeline.php(171): Illuminate\\Foundation\\Http\\Middleware\\VerifyCsrfToken->handle(Object(Illuminate\\Http\\Request), Object(Closure))
#19 C:\\laragon\\www\\es_ldcu2\\vendor\\laravel\\framework\\src\\Illuminate\\View\\Middleware\\ShareErrorsFromSession.php(49): Illuminate\\Pipeline\\Pipeline->Illuminate\\Pipeline\\{closure}(Object(Illuminate\\Http\\Request))
#20 C:\\laragon\\www\\es_ldcu2\\vendor\\laravel\\framework\\src\\Illuminate\\Pipeline\\Pipeline.php(171): Illuminate\\View\\Middleware\\ShareErrorsFromSession->handle(Object(Illuminate\\Http\\Request), Object(Closure))
#21 C:\\laragon\\www\\es_ldcu2\\vendor\\laravel\\framework\\src\\Illuminate\\Session\\Middleware\\StartSession.php(56): Illuminate\\Pipeline\\Pipeline->Illuminate\\Pipeline\\{closure}(Object(Illuminate\\Http\\Request))
#22 C:\\laragon\\www\\es_ldcu2\\vendor\\laravel\\framework\\src\\Illuminate\\Pipeline\\Pipeline.php(171): Illuminate\\Session\\Middleware\\StartSession->handle(Object(Illuminate\\Http\\Request), Object(Closure))
#23 C:\\laragon\\www\\es_ldcu2\\vendor\\laravel\\framework\\src\\Illuminate\\Cookie\\Middleware\\AddQueuedCookiesToResponse.php(37): Illuminate\\Pipeline\\Pipeline->Illuminate\\Pipeline\\{closure}(Object(Illuminate\\Http\\Request))
#24 C:\\laragon\\www\\es_ldcu2\\vendor\\laravel\\framework\\src\\Illuminate\\Pipeline\\Pipeline.php(171): Illuminate\\Cookie\\Middleware\\AddQueuedCookiesToResponse->handle(Object(Illuminate\\Http\\Request), Object(Closure))
#25 C:\\laragon\\www\\es_ldcu2\\vendor\\laravel\\framework\\src\\Illuminate\\Cookie\\Middleware\\EncryptCookies.php(67): Illuminate\\Pipeline\\Pipeline->Illuminate\\Pipeline\\{closure}(Object(Illuminate\\Http\\Request))
#26 C:\\laragon\\www\\es_ldcu2\\vendor\\laravel\\framework\\src\\Illuminate\\Pipeline\\Pipeline.php(171): Illuminate\\Cookie\\Middleware\\EncryptCookies->handle(Object(Illuminate\\Http\\Request), Object(Closure))
#27 C:\\laragon\\www\\es_ldcu2\\vendor\\laravel\\framework\\src\\Illuminate\\Pipeline\\Pipeline.php(105): Illuminate\\Pipeline\\Pipeline->Illuminate\\Pipeline\\{closure}(Object(Illuminate\\Http\\Request))
#28 C:\\laragon\\www\\es_ldcu2\\vendor\\laravel\\framework\\src\\Illuminate\\Routing\\Router.php(683): Illuminate\\Pipeline\\Pipeline->then(Object(Closure))
#29 C:\\laragon\\www\\es_ldcu2\\vendor\\laravel\\framework\\src\\Illuminate\\Routing\\Router.php(658): Illuminate\\Routing\\Router->runRouteWithinStack(Object(Illuminate\\Routing\\Route), Object(Illuminate\\Http\\Request))
#30 C:\\laragon\\www\\es_ldcu2\\vendor\\laravel\\framework\\src\\Illuminate\\Routing\\Router.php(624): Illuminate\\Routing\\Router->runRoute(Object(Illuminate\\Http\\Request), Object(Illuminate\\Routing\\Route))
#31 C:\\laragon\\www\\es_ldcu2\\vendor\\laravel\\framework\\src\\Illuminate\\Routing\\Router.php(613): Illuminate\\Routing\\Router->dispatchToRoute(Object(Illuminate\\Http\\Request))
#32 C:\\laragon\\www\\es_ldcu2\\vendor\\laravel\\framework\\src\\Illuminate\\Foundation\\Http\\Kernel.php(170): Illuminate\\Routing\\Router->dispatch(Object(Illuminate\\Http\\Request))
#33 C:\\laragon\\www\\es_ldcu2\\vendor\\laravel\\framework\\src\\Illuminate\\Pipeline\\Pipeline.php(130): Illuminate\\Foundation\\Http\\Kernel->Illuminate\\Foundation\\Http\\{closure}(Object(Illuminate\\Http\\Request))
#34 C:\\laragon\\www\\es_ldcu2\\vendor\\laravel\\framework\\src\\Illuminate\\Foundation\\Http\\Middleware\\TransformsRequest.php(21): Illuminate\\Pipeline\\Pipeline->Illuminate\\Pipeline\\{closure}(Object(Illuminate\\Http\\Request))
#35 C:\\laragon\\www\\es_ldcu2\\vendor\\laravel\\framework\\src\\Illuminate\\Pipeline\\Pipeline.php(171): Illuminate\\Foundation\\Http\\Middleware\\TransformsRequest->handle(Object(Illuminate\\Http\\Request), Object(Closure))
#36 C:\\laragon\\www\\es_ldcu2\\vendor\\laravel\\framework\\src\\Illuminate\\Foundation\\Http\\Middleware\\TransformsRequest.php(21): Illuminate\\Pipeline\\Pipeline->Illuminate\\Pipeline\\{closure}(Object(Illuminate\\Http\\Request))
#37 C:\\laragon\\www\\es_ldcu2\\vendor\\laravel\\framework\\src\\Illuminate\\Pipeline\\Pipeline.php(171): Illuminate\\Foundation\\Http\\Middleware\\TransformsRequest->handle(Object(Illuminate\\Http\\Request), Object(Closure))
#38 C:\\laragon\\www\\es_ldcu2\\vendor\\laravel\\framework\\src\\Illuminate\\Foundation\\Http\\Middleware\\ValidatePostSize.php(27): Illuminate\\Pipeline\\Pipeline->Illuminate\\Pipeline\\{closure}(Object(Illuminate\\Http\\Request))
#39 C:\\laragon\\www\\es_ldcu2\\vendor\\laravel\\framework\\src\\Illuminate\\Pipeline\\Pipeline.php(171): Illuminate\\Foundation\\Http\\Middleware\\ValidatePostSize->handle(Object(Illuminate\\Http\\Request), Object(Closure))
#40 C:\\laragon\\www\\es_ldcu2\\vendor\\laravel\\framework\\src\\Illuminate\\Foundation\\Http\\Middleware\\CheckForMaintenanceMode.php(63): Illuminate\\Pipeline\\Pipeline->Illuminate\\Pipeline\\{closure}(Object(Illuminate\\Http\\Request))
#41 C:\\laragon\\www\\es_ldcu2\\vendor\\laravel\\framework\\src\\Illuminate\\Pipeline\\Pipeline.php(171): Illuminate\\Foundation\\Http\\Middleware\\CheckForMaintenanceMode->handle(Object(Illuminate\\Http\\Request), Object(Closure))
#42 C:\\laragon\\www\\es_ldcu2\\vendor\\fideloper\\proxy\\src\\TrustProxies.php(57): Illuminate\\Pipeline\\Pipeline->Illuminate\\Pipeline\\{closure}(Object(Illuminate\\Http\\Request))
#43 C:\\laragon\\www\\es_ldcu2\\vendor\\laravel\\framework\\src\\Illuminate\\Pipeline\\Pipeline.php(171): Fideloper\\Proxy\\TrustProxies->handle(Object(Illuminate\\Http\\Request), Object(Closure))
#44 C:\\laragon\\www\\es_ldcu2\\vendor\\laravel\\framework\\src\\Illuminate\\Pipeline\\Pipeline.php(105): Illuminate\\Pipeline\\Pipeline->Illuminate\\Pipeline\\{closure}(Object(Illuminate\\Http\\Request))
#45 C:\\laragon\\www\\es_ldcu2\\vendor\\laravel\\framework\\src\\Illuminate\\Foundation\\Http\\Kernel.php(145): Illuminate\\Pipeline\\Pipeline->then(Object(Closure))
#46 C:\\laragon\\www\\es_ldcu2\\vendor\\laravel\\framework\\src\\Illuminate\\Foundation\\Http\\Kernel.php(110): Illuminate\\Foundation\\Http\\Kernel->sendRequestThroughRouter(Object(Illuminate\\Http\\Request))
#47 C:\\laragon\\www\\es_ldcu2\\public\\index.php(55): Illuminate\\Foundation\\Http\\Kernel->handle(Object(Illuminate\\Http\\Request))
#48 C:\\laragon\\www\\es_ldcu2\\server.php(21): require_once('C:\\\\laragon\\\\www\\\\...')
#49 {main}
"} 
[2025-07-14 07:57:21] local.INFO: Section: HONESTY, acadprogid: 4  
[2025-07-14 07:57:21] local.INFO: Active template DB result: {"templatepath":"principalsportal.forms.sf9layout.ica.jhs"}  
[2025-07-14 07:57:21] local.INFO: Final template to use: principalsportal.forms.sf9layout.ica.jhs  
[2025-07-14 07:57:21] local.ERROR: Undefined variable: students (View: C:\laragon\www\es_ldcu2\resources\views\principalsportal\forms\sf9layout\ica\jhs.blade.php) {"userId":1,"exception":"[object] (Facade\\Ignition\\Exceptions\\ViewException(code: 0): Undefined variable: students (View: C:\\laragon\\www\\es_ldcu2\\resources\\views\\principalsportal\\forms\\sf9layout\\ica\\jhs.blade.php) at C:\\laragon\\www\\es_ldcu2\\resources\\views/principalsportal/forms/sf9layout/ica/jhs.blade.php:433)
[stacktrace]
#0 C:\\laragon\\www\\es_ldcu2\\resources\\views/principalsportal/forms/sf9layout/ica/jhs.blade.php(433): Illuminate\\Foundation\\Bootstrap\\HandleExceptions->handleError(8, 'Undefined varia...', 'C:\\\\laragon\\\\www\\\\...', 433, Array)
#1 C:\\laragon\\www\\es_ldcu2\\vendor\\laravel\\framework\\src\\Illuminate\\View\\Engines\\PhpEngine.php(43): include('C:\\\\laragon\\\\www\\\\...')
#2 C:\\laragon\\www\\es_ldcu2\\vendor\\laravel\\framework\\src\\Illuminate\\View\\Engines\\CompilerEngine.php(59): Illuminate\\View\\Engines\\PhpEngine->evaluatePath('C:\\\\laragon\\\\www\\\\...', Array)
#3 C:\\laragon\\www\\es_ldcu2\\vendor\\facade\\ignition\\src\\Views\\Engines\\CompilerEngine.php(36): Illuminate\\View\\Engines\\CompilerEngine->get('C:\\\\laragon\\\\www\\\\...', Array)
#4 C:\\laragon\\www\\es_ldcu2\\vendor\\laravel\\framework\\src\\Illuminate\\View\\View.php(143): Facade\\Ignition\\Views\\Engines\\CompilerEngine->get('C:\\\\laragon\\\\www\\\\...', Array)
#5 C:\\laragon\\www\\es_ldcu2\\vendor\\laravel\\framework\\src\\Illuminate\\View\\View.php(126): Illuminate\\View\\View->getContents()
#6 C:\\laragon\\www\\es_ldcu2\\vendor\\laravel\\framework\\src\\Illuminate\\View\\View.php(91): Illuminate\\View\\View->renderContents()
#7 C:\\laragon\\www\\es_ldcu2\\vendor\\barryvdh\\laravel-dompdf\\src\\PDF.php(132): Illuminate\\View\\View->render()
#8 C:\\laragon\\www\\es_ldcu2\\app\\Http\\Controllers\\Migration\\RegistrarMigration.php(690): Barryvdh\\DomPDF\\PDF->loadView('principalsporta...', Array)
#9 C:\\laragon\\www\\es_ldcu2\\vendor\\laravel\\framework\\src\\Illuminate\\Routing\\Controller.php(54): App\\Http\\Controllers\\Migration\\RegistrarMigration->downloadSf9MasterlistBatch(Object(Illuminate\\Http\\Request))
#10 C:\\laragon\\www\\es_ldcu2\\vendor\\laravel\\framework\\src\\Illuminate\\Routing\\ControllerDispatcher.php(45): Illuminate\\Routing\\Controller->callAction('downloadSf9Mast...', Array)
#11 C:\\laragon\\www\\es_ldcu2\\vendor\\laravel\\framework\\src\\Illuminate\\Routing\\Route.php(219): Illuminate\\Routing\\ControllerDispatcher->dispatch(Object(Illuminate\\Routing\\Route), Object(App\\Http\\Controllers\\Migration\\RegistrarMigration), 'downloadSf9Mast...')
#12 C:\\laragon\\www\\es_ldcu2\\vendor\\laravel\\framework\\src\\Illuminate\\Routing\\Route.php(176): Illuminate\\Routing\\Route->runController()
#13 C:\\laragon\\www\\es_ldcu2\\vendor\\laravel\\framework\\src\\Illuminate\\Routing\\Router.php(681): Illuminate\\Routing\\Route->run()
#14 C:\\laragon\\www\\es_ldcu2\\vendor\\laravel\\framework\\src\\Illuminate\\Pipeline\\Pipeline.php(130): Illuminate\\Routing\\Router->Illuminate\\Routing\\{closure}(Object(Illuminate\\Http\\Request))
#15 C:\\laragon\\www\\es_ldcu2\\vendor\\laravel\\framework\\src\\Illuminate\\Routing\\Middleware\\SubstituteBindings.php(41): Illuminate\\Pipeline\\Pipeline->Illuminate\\Pipeline\\{closure}(Object(Illuminate\\Http\\Request))
#16 C:\\laragon\\www\\es_ldcu2\\vendor\\laravel\\framework\\src\\Illuminate\\Pipeline\\Pipeline.php(171): Illuminate\\Routing\\Middleware\\SubstituteBindings->handle(Object(Illuminate\\Http\\Request), Object(Closure))
#17 C:\\laragon\\www\\es_ldcu2\\vendor\\laravel\\framework\\src\\Illuminate\\Foundation\\Http\\Middleware\\VerifyCsrfToken.php(78): Illuminate\\Pipeline\\Pipeline->Illuminate\\Pipeline\\{closure}(Object(Illuminate\\Http\\Request))
#18 C:\\laragon\\www\\es_ldcu2\\vendor\\laravel\\framework\\src\\Illuminate\\Pipeline\\Pipeline.php(171): Illuminate\\Foundation\\Http\\Middleware\\VerifyCsrfToken->handle(Object(Illuminate\\Http\\Request), Object(Closure))
#19 C:\\laragon\\www\\es_ldcu2\\vendor\\laravel\\framework\\src\\Illuminate\\View\\Middleware\\ShareErrorsFromSession.php(49): Illuminate\\Pipeline\\Pipeline->Illuminate\\Pipeline\\{closure}(Object(Illuminate\\Http\\Request))
#20 C:\\laragon\\www\\es_ldcu2\\vendor\\laravel\\framework\\src\\Illuminate\\Pipeline\\Pipeline.php(171): Illuminate\\View\\Middleware\\ShareErrorsFromSession->handle(Object(Illuminate\\Http\\Request), Object(Closure))
#21 C:\\laragon\\www\\es_ldcu2\\vendor\\laravel\\framework\\src\\Illuminate\\Session\\Middleware\\StartSession.php(56): Illuminate\\Pipeline\\Pipeline->Illuminate\\Pipeline\\{closure}(Object(Illuminate\\Http\\Request))
#22 C:\\laragon\\www\\es_ldcu2\\vendor\\laravel\\framework\\src\\Illuminate\\Pipeline\\Pipeline.php(171): Illuminate\\Session\\Middleware\\StartSession->handle(Object(Illuminate\\Http\\Request), Object(Closure))
#23 C:\\laragon\\www\\es_ldcu2\\vendor\\laravel\\framework\\src\\Illuminate\\Cookie\\Middleware\\AddQueuedCookiesToResponse.php(37): Illuminate\\Pipeline\\Pipeline->Illuminate\\Pipeline\\{closure}(Object(Illuminate\\Http\\Request))
#24 C:\\laragon\\www\\es_ldcu2\\vendor\\laravel\\framework\\src\\Illuminate\\Pipeline\\Pipeline.php(171): Illuminate\\Cookie\\Middleware\\AddQueuedCookiesToResponse->handle(Object(Illuminate\\Http\\Request), Object(Closure))
#25 C:\\laragon\\www\\es_ldcu2\\vendor\\laravel\\framework\\src\\Illuminate\\Cookie\\Middleware\\EncryptCookies.php(67): Illuminate\\Pipeline\\Pipeline->Illuminate\\Pipeline\\{closure}(Object(Illuminate\\Http\\Request))
#26 C:\\laragon\\www\\es_ldcu2\\vendor\\laravel\\framework\\src\\Illuminate\\Pipeline\\Pipeline.php(171): Illuminate\\Cookie\\Middleware\\EncryptCookies->handle(Object(Illuminate\\Http\\Request), Object(Closure))
#27 C:\\laragon\\www\\es_ldcu2\\vendor\\laravel\\framework\\src\\Illuminate\\Pipeline\\Pipeline.php(105): Illuminate\\Pipeline\\Pipeline->Illuminate\\Pipeline\\{closure}(Object(Illuminate\\Http\\Request))
#28 C:\\laragon\\www\\es_ldcu2\\vendor\\laravel\\framework\\src\\Illuminate\\Routing\\Router.php(683): Illuminate\\Pipeline\\Pipeline->then(Object(Closure))
#29 C:\\laragon\\www\\es_ldcu2\\vendor\\laravel\\framework\\src\\Illuminate\\Routing\\Router.php(658): Illuminate\\Routing\\Router->runRouteWithinStack(Object(Illuminate\\Routing\\Route), Object(Illuminate\\Http\\Request))
#30 C:\\laragon\\www\\es_ldcu2\\vendor\\laravel\\framework\\src\\Illuminate\\Routing\\Router.php(624): Illuminate\\Routing\\Router->runRoute(Object(Illuminate\\Http\\Request), Object(Illuminate\\Routing\\Route))
#31 C:\\laragon\\www\\es_ldcu2\\vendor\\laravel\\framework\\src\\Illuminate\\Routing\\Router.php(613): Illuminate\\Routing\\Router->dispatchToRoute(Object(Illuminate\\Http\\Request))
#32 C:\\laragon\\www\\es_ldcu2\\vendor\\laravel\\framework\\src\\Illuminate\\Foundation\\Http\\Kernel.php(170): Illuminate\\Routing\\Router->dispatch(Object(Illuminate\\Http\\Request))
#33 C:\\laragon\\www\\es_ldcu2\\vendor\\laravel\\framework\\src\\Illuminate\\Pipeline\\Pipeline.php(130): Illuminate\\Foundation\\Http\\Kernel->Illuminate\\Foundation\\Http\\{closure}(Object(Illuminate\\Http\\Request))
#34 C:\\laragon\\www\\es_ldcu2\\vendor\\laravel\\framework\\src\\Illuminate\\Foundation\\Http\\Middleware\\TransformsRequest.php(21): Illuminate\\Pipeline\\Pipeline->Illuminate\\Pipeline\\{closure}(Object(Illuminate\\Http\\Request))
#35 C:\\laragon\\www\\es_ldcu2\\vendor\\laravel\\framework\\src\\Illuminate\\Pipeline\\Pipeline.php(171): Illuminate\\Foundation\\Http\\Middleware\\TransformsRequest->handle(Object(Illuminate\\Http\\Request), Object(Closure))
#36 C:\\laragon\\www\\es_ldcu2\\vendor\\laravel\\framework\\src\\Illuminate\\Foundation\\Http\\Middleware\\TransformsRequest.php(21): Illuminate\\Pipeline\\Pipeline->Illuminate\\Pipeline\\{closure}(Object(Illuminate\\Http\\Request))
#37 C:\\laragon\\www\\es_ldcu2\\vendor\\laravel\\framework\\src\\Illuminate\\Pipeline\\Pipeline.php(171): Illuminate\\Foundation\\Http\\Middleware\\TransformsRequest->handle(Object(Illuminate\\Http\\Request), Object(Closure))
#38 C:\\laragon\\www\\es_ldcu2\\vendor\\laravel\\framework\\src\\Illuminate\\Foundation\\Http\\Middleware\\ValidatePostSize.php(27): Illuminate\\Pipeline\\Pipeline->Illuminate\\Pipeline\\{closure}(Object(Illuminate\\Http\\Request))
#39 C:\\laragon\\www\\es_ldcu2\\vendor\\laravel\\framework\\src\\Illuminate\\Pipeline\\Pipeline.php(171): Illuminate\\Foundation\\Http\\Middleware\\ValidatePostSize->handle(Object(Illuminate\\Http\\Request), Object(Closure))
#40 C:\\laragon\\www\\es_ldcu2\\vendor\\laravel\\framework\\src\\Illuminate\\Foundation\\Http\\Middleware\\CheckForMaintenanceMode.php(63): Illuminate\\Pipeline\\Pipeline->Illuminate\\Pipeline\\{closure}(Object(Illuminate\\Http\\Request))
#41 C:\\laragon\\www\\es_ldcu2\\vendor\\laravel\\framework\\src\\Illuminate\\Pipeline\\Pipeline.php(171): Illuminate\\Foundation\\Http\\Middleware\\CheckForMaintenanceMode->handle(Object(Illuminate\\Http\\Request), Object(Closure))
#42 C:\\laragon\\www\\es_ldcu2\\vendor\\fideloper\\proxy\\src\\TrustProxies.php(57): Illuminate\\Pipeline\\Pipeline->Illuminate\\Pipeline\\{closure}(Object(Illuminate\\Http\\Request))
#43 C:\\laragon\\www\\es_ldcu2\\vendor\\laravel\\framework\\src\\Illuminate\\Pipeline\\Pipeline.php(171): Fideloper\\Proxy\\TrustProxies->handle(Object(Illuminate\\Http\\Request), Object(Closure))
#44 C:\\laragon\\www\\es_ldcu2\\vendor\\laravel\\framework\\src\\Illuminate\\Pipeline\\Pipeline.php(105): Illuminate\\Pipeline\\Pipeline->Illuminate\\Pipeline\\{closure}(Object(Illuminate\\Http\\Request))
#45 C:\\laragon\\www\\es_ldcu2\\vendor\\laravel\\framework\\src\\Illuminate\\Foundation\\Http\\Kernel.php(145): Illuminate\\Pipeline\\Pipeline->then(Object(Closure))
#46 C:\\laragon\\www\\es_ldcu2\\vendor\\laravel\\framework\\src\\Illuminate\\Foundation\\Http\\Kernel.php(110): Illuminate\\Foundation\\Http\\Kernel->sendRequestThroughRouter(Object(Illuminate\\Http\\Request))
#47 C:\\laragon\\www\\es_ldcu2\\public\\index.php(55): Illuminate\\Foundation\\Http\\Kernel->handle(Object(Illuminate\\Http\\Request))
#48 C:\\laragon\\www\\es_ldcu2\\server.php(21): require_once('C:\\\\laragon\\\\www\\\\...')
#49 {main}

[previous exception] [object] (ErrorException(code: 0): Undefined variable: students at C:\\laragon\\www\\es_ldcu2\\storage\\framework\\views\\e9fb05b7e2da42a09e321f4862534db12a8eda51.php:433)
[stacktrace]
#0 C:\\laragon\\www\\es_ldcu2\\storage\\framework\\views\\e9fb05b7e2da42a09e321f4862534db12a8eda51.php(433): Illuminate\\Foundation\\Bootstrap\\HandleExceptions->handleError(8, 'Undefined varia...', 'C:\\\\laragon\\\\www\\\\...', 433, Array)
#1 C:\\laragon\\www\\es_ldcu2\\vendor\\laravel\\framework\\src\\Illuminate\\View\\Engines\\PhpEngine.php(43): include('C:\\\\laragon\\\\www\\\\...')
#2 C:\\laragon\\www\\es_ldcu2\\vendor\\laravel\\framework\\src\\Illuminate\\View\\Engines\\CompilerEngine.php(59): Illuminate\\View\\Engines\\PhpEngine->evaluatePath('C:\\\\laragon\\\\www\\\\...', Array)
#3 C:\\laragon\\www\\es_ldcu2\\vendor\\facade\\ignition\\src\\Views\\Engines\\CompilerEngine.php(36): Illuminate\\View\\Engines\\CompilerEngine->get('C:\\\\laragon\\\\www\\\\...', Array)
#4 C:\\laragon\\www\\es_ldcu2\\vendor\\laravel\\framework\\src\\Illuminate\\View\\View.php(143): Facade\\Ignition\\Views\\Engines\\CompilerEngine->get('C:\\\\laragon\\\\www\\\\...', Array)
#5 C:\\laragon\\www\\es_ldcu2\\vendor\\laravel\\framework\\src\\Illuminate\\View\\View.php(126): Illuminate\\View\\View->getContents()
#6 C:\\laragon\\www\\es_ldcu2\\vendor\\laravel\\framework\\src\\Illuminate\\View\\View.php(91): Illuminate\\View\\View->renderContents()
#7 C:\\laragon\\www\\es_ldcu2\\vendor\\barryvdh\\laravel-dompdf\\src\\PDF.php(132): Illuminate\\View\\View->render()
#8 C:\\laragon\\www\\es_ldcu2\\app\\Http\\Controllers\\Migration\\RegistrarMigration.php(690): Barryvdh\\DomPDF\\PDF->loadView('principalsporta...', Array)
#9 C:\\laragon\\www\\es_ldcu2\\vendor\\laravel\\framework\\src\\Illuminate\\Routing\\Controller.php(54): App\\Http\\Controllers\\Migration\\RegistrarMigration->downloadSf9MasterlistBatch(Object(Illuminate\\Http\\Request))
#10 C:\\laragon\\www\\es_ldcu2\\vendor\\laravel\\framework\\src\\Illuminate\\Routing\\ControllerDispatcher.php(45): Illuminate\\Routing\\Controller->callAction('downloadSf9Mast...', Array)
#11 C:\\laragon\\www\\es_ldcu2\\vendor\\laravel\\framework\\src\\Illuminate\\Routing\\Route.php(219): Illuminate\\Routing\\ControllerDispatcher->dispatch(Object(Illuminate\\Routing\\Route), Object(App\\Http\\Controllers\\Migration\\RegistrarMigration), 'downloadSf9Mast...')
#12 C:\\laragon\\www\\es_ldcu2\\vendor\\laravel\\framework\\src\\Illuminate\\Routing\\Route.php(176): Illuminate\\Routing\\Route->runController()
#13 C:\\laragon\\www\\es_ldcu2\\vendor\\laravel\\framework\\src\\Illuminate\\Routing\\Router.php(681): Illuminate\\Routing\\Route->run()
#14 C:\\laragon\\www\\es_ldcu2\\vendor\\laravel\\framework\\src\\Illuminate\\Pipeline\\Pipeline.php(130): Illuminate\\Routing\\Router->Illuminate\\Routing\\{closure}(Object(Illuminate\\Http\\Request))
#15 C:\\laragon\\www\\es_ldcu2\\vendor\\laravel\\framework\\src\\Illuminate\\Routing\\Middleware\\SubstituteBindings.php(41): Illuminate\\Pipeline\\Pipeline->Illuminate\\Pipeline\\{closure}(Object(Illuminate\\Http\\Request))
#16 C:\\laragon\\www\\es_ldcu2\\vendor\\laravel\\framework\\src\\Illuminate\\Pipeline\\Pipeline.php(171): Illuminate\\Routing\\Middleware\\SubstituteBindings->handle(Object(Illuminate\\Http\\Request), Object(Closure))
#17 C:\\laragon\\www\\es_ldcu2\\vendor\\laravel\\framework\\src\\Illuminate\\Foundation\\Http\\Middleware\\VerifyCsrfToken.php(78): Illuminate\\Pipeline\\Pipeline->Illuminate\\Pipeline\\{closure}(Object(Illuminate\\Http\\Request))
#18 C:\\laragon\\www\\es_ldcu2\\vendor\\laravel\\framework\\src\\Illuminate\\Pipeline\\Pipeline.php(171): Illuminate\\Foundation\\Http\\Middleware\\VerifyCsrfToken->handle(Object(Illuminate\\Http\\Request), Object(Closure))
#19 C:\\laragon\\www\\es_ldcu2\\vendor\\laravel\\framework\\src\\Illuminate\\View\\Middleware\\ShareErrorsFromSession.php(49): Illuminate\\Pipeline\\Pipeline->Illuminate\\Pipeline\\{closure}(Object(Illuminate\\Http\\Request))
#20 C:\\laragon\\www\\es_ldcu2\\vendor\\laravel\\framework\\src\\Illuminate\\Pipeline\\Pipeline.php(171): Illuminate\\View\\Middleware\\ShareErrorsFromSession->handle(Object(Illuminate\\Http\\Request), Object(Closure))
#21 C:\\laragon\\www\\es_ldcu2\\vendor\\laravel\\framework\\src\\Illuminate\\Session\\Middleware\\StartSession.php(56): Illuminate\\Pipeline\\Pipeline->Illuminate\\Pipeline\\{closure}(Object(Illuminate\\Http\\Request))
#22 C:\\laragon\\www\\es_ldcu2\\vendor\\laravel\\framework\\src\\Illuminate\\Pipeline\\Pipeline.php(171): Illuminate\\Session\\Middleware\\StartSession->handle(Object(Illuminate\\Http\\Request), Object(Closure))
#23 C:\\laragon\\www\\es_ldcu2\\vendor\\laravel\\framework\\src\\Illuminate\\Cookie\\Middleware\\AddQueuedCookiesToResponse.php(37): Illuminate\\Pipeline\\Pipeline->Illuminate\\Pipeline\\{closure}(Object(Illuminate\\Http\\Request))
#24 C:\\laragon\\www\\es_ldcu2\\vendor\\laravel\\framework\\src\\Illuminate\\Pipeline\\Pipeline.php(171): Illuminate\\Cookie\\Middleware\\AddQueuedCookiesToResponse->handle(Object(Illuminate\\Http\\Request), Object(Closure))
#25 C:\\laragon\\www\\es_ldcu2\\vendor\\laravel\\framework\\src\\Illuminate\\Cookie\\Middleware\\EncryptCookies.php(67): Illuminate\\Pipeline\\Pipeline->Illuminate\\Pipeline\\{closure}(Object(Illuminate\\Http\\Request))
#26 C:\\laragon\\www\\es_ldcu2\\vendor\\laravel\\framework\\src\\Illuminate\\Pipeline\\Pipeline.php(171): Illuminate\\Cookie\\Middleware\\EncryptCookies->handle(Object(Illuminate\\Http\\Request), Object(Closure))
#27 C:\\laragon\\www\\es_ldcu2\\vendor\\laravel\\framework\\src\\Illuminate\\Pipeline\\Pipeline.php(105): Illuminate\\Pipeline\\Pipeline->Illuminate\\Pipeline\\{closure}(Object(Illuminate\\Http\\Request))
#28 C:\\laragon\\www\\es_ldcu2\\vendor\\laravel\\framework\\src\\Illuminate\\Routing\\Router.php(683): Illuminate\\Pipeline\\Pipeline->then(Object(Closure))
#29 C:\\laragon\\www\\es_ldcu2\\vendor\\laravel\\framework\\src\\Illuminate\\Routing\\Router.php(658): Illuminate\\Routing\\Router->runRouteWithinStack(Object(Illuminate\\Routing\\Route), Object(Illuminate\\Http\\Request))
#30 C:\\laragon\\www\\es_ldcu2\\vendor\\laravel\\framework\\src\\Illuminate\\Routing\\Router.php(624): Illuminate\\Routing\\Router->runRoute(Object(Illuminate\\Http\\Request), Object(Illuminate\\Routing\\Route))
#31 C:\\laragon\\www\\es_ldcu2\\vendor\\laravel\\framework\\src\\Illuminate\\Routing\\Router.php(613): Illuminate\\Routing\\Router->dispatchToRoute(Object(Illuminate\\Http\\Request))
#32 C:\\laragon\\www\\es_ldcu2\\vendor\\laravel\\framework\\src\\Illuminate\\Foundation\\Http\\Kernel.php(170): Illuminate\\Routing\\Router->dispatch(Object(Illuminate\\Http\\Request))
#33 C:\\laragon\\www\\es_ldcu2\\vendor\\laravel\\framework\\src\\Illuminate\\Pipeline\\Pipeline.php(130): Illuminate\\Foundation\\Http\\Kernel->Illuminate\\Foundation\\Http\\{closure}(Object(Illuminate\\Http\\Request))
#34 C:\\laragon\\www\\es_ldcu2\\vendor\\laravel\\framework\\src\\Illuminate\\Foundation\\Http\\Middleware\\TransformsRequest.php(21): Illuminate\\Pipeline\\Pipeline->Illuminate\\Pipeline\\{closure}(Object(Illuminate\\Http\\Request))
#35 C:\\laragon\\www\\es_ldcu2\\vendor\\laravel\\framework\\src\\Illuminate\\Pipeline\\Pipeline.php(171): Illuminate\\Foundation\\Http\\Middleware\\TransformsRequest->handle(Object(Illuminate\\Http\\Request), Object(Closure))
#36 C:\\laragon\\www\\es_ldcu2\\vendor\\laravel\\framework\\src\\Illuminate\\Foundation\\Http\\Middleware\\TransformsRequest.php(21): Illuminate\\Pipeline\\Pipeline->Illuminate\\Pipeline\\{closure}(Object(Illuminate\\Http\\Request))
#37 C:\\laragon\\www\\es_ldcu2\\vendor\\laravel\\framework\\src\\Illuminate\\Pipeline\\Pipeline.php(171): Illuminate\\Foundation\\Http\\Middleware\\TransformsRequest->handle(Object(Illuminate\\Http\\Request), Object(Closure))
#38 C:\\laragon\\www\\es_ldcu2\\vendor\\laravel\\framework\\src\\Illuminate\\Foundation\\Http\\Middleware\\ValidatePostSize.php(27): Illuminate\\Pipeline\\Pipeline->Illuminate\\Pipeline\\{closure}(Object(Illuminate\\Http\\Request))
#39 C:\\laragon\\www\\es_ldcu2\\vendor\\laravel\\framework\\src\\Illuminate\\Pipeline\\Pipeline.php(171): Illuminate\\Foundation\\Http\\Middleware\\ValidatePostSize->handle(Object(Illuminate\\Http\\Request), Object(Closure))
#40 C:\\laragon\\www\\es_ldcu2\\vendor\\laravel\\framework\\src\\Illuminate\\Foundation\\Http\\Middleware\\CheckForMaintenanceMode.php(63): Illuminate\\Pipeline\\Pipeline->Illuminate\\Pipeline\\{closure}(Object(Illuminate\\Http\\Request))
#41 C:\\laragon\\www\\es_ldcu2\\vendor\\laravel\\framework\\src\\Illuminate\\Pipeline\\Pipeline.php(171): Illuminate\\Foundation\\Http\\Middleware\\CheckForMaintenanceMode->handle(Object(Illuminate\\Http\\Request), Object(Closure))
#42 C:\\laragon\\www\\es_ldcu2\\vendor\\fideloper\\proxy\\src\\TrustProxies.php(57): Illuminate\\Pipeline\\Pipeline->Illuminate\\Pipeline\\{closure}(Object(Illuminate\\Http\\Request))
#43 C:\\laragon\\www\\es_ldcu2\\vendor\\laravel\\framework\\src\\Illuminate\\Pipeline\\Pipeline.php(171): Fideloper\\Proxy\\TrustProxies->handle(Object(Illuminate\\Http\\Request), Object(Closure))
#44 C:\\laragon\\www\\es_ldcu2\\vendor\\laravel\\framework\\src\\Illuminate\\Pipeline\\Pipeline.php(105): Illuminate\\Pipeline\\Pipeline->Illuminate\\Pipeline\\{closure}(Object(Illuminate\\Http\\Request))
#45 C:\\laragon\\www\\es_ldcu2\\vendor\\laravel\\framework\\src\\Illuminate\\Foundation\\Http\\Kernel.php(145): Illuminate\\Pipeline\\Pipeline->then(Object(Closure))
#46 C:\\laragon\\www\\es_ldcu2\\vendor\\laravel\\framework\\src\\Illuminate\\Foundation\\Http\\Kernel.php(110): Illuminate\\Foundation\\Http\\Kernel->sendRequestThroughRouter(Object(Illuminate\\Http\\Request))
#47 C:\\laragon\\www\\es_ldcu2\\public\\index.php(55): Illuminate\\Foundation\\Http\\Kernel->handle(Object(Illuminate\\Http\\Request))
#48 C:\\laragon\\www\\es_ldcu2\\server.php(21): require_once('C:\\\\laragon\\\\www\\\\...')
#49 {main}
"} 
[2025-07-14 07:57:38] local.INFO: Section: HONESTY, acadprogid: 4  
[2025-07-14 07:57:38] local.INFO: Active template DB result: {"templatepath":"principalsportal.forms.sf9layout.ica.jhs"}  
[2025-07-14 07:57:38] local.INFO: Final template to use: principalsportal.forms.sf9layout.ica.jhs  
[2025-07-14 07:57:38] local.ERROR: Undefined property: stdClass::$divisiontext (View: C:\laragon\www\es_ldcu2\resources\views\principalsportal\forms\sf9layout\ica\jhs.blade.php) {"userId":1,"exception":"[object] (Facade\\Ignition\\Exceptions\\ViewException(code: 0): Undefined property: stdClass::$divisiontext (View: C:\\laragon\\www\\es_ldcu2\\resources\\views\\principalsportal\\forms\\sf9layout\\ica\\jhs.blade.php) at C:\\laragon\\www\\es_ldcu2\\resources\\views/principalsportal/forms/sf9layout/ica/jhs.blade.php:395)
[stacktrace]
#0 C:\\laragon\\www\\es_ldcu2\\resources\\views/principalsportal/forms/sf9layout/ica/jhs.blade.php(395): Illuminate\\Foundation\\Bootstrap\\HandleExceptions->handleError(8, 'Undefined prope...', 'C:\\\\laragon\\\\www\\\\...', 400, Array)
#1 C:\\laragon\\www\\es_ldcu2\\vendor\\laravel\\framework\\src\\Illuminate\\View\\Engines\\PhpEngine.php(43): include('C:\\\\laragon\\\\www\\\\...')
#2 C:\\laragon\\www\\es_ldcu2\\vendor\\laravel\\framework\\src\\Illuminate\\View\\Engines\\CompilerEngine.php(59): Illuminate\\View\\Engines\\PhpEngine->evaluatePath('C:\\\\laragon\\\\www\\\\...', Array)
#3 C:\\laragon\\www\\es_ldcu2\\vendor\\facade\\ignition\\src\\Views\\Engines\\CompilerEngine.php(36): Illuminate\\View\\Engines\\CompilerEngine->get('C:\\\\laragon\\\\www\\\\...', Array)
#4 C:\\laragon\\www\\es_ldcu2\\vendor\\laravel\\framework\\src\\Illuminate\\View\\View.php(143): Facade\\Ignition\\Views\\Engines\\CompilerEngine->get('C:\\\\laragon\\\\www\\\\...', Array)
#5 C:\\laragon\\www\\es_ldcu2\\vendor\\laravel\\framework\\src\\Illuminate\\View\\View.php(126): Illuminate\\View\\View->getContents()
#6 C:\\laragon\\www\\es_ldcu2\\vendor\\laravel\\framework\\src\\Illuminate\\View\\View.php(91): Illuminate\\View\\View->renderContents()
#7 C:\\laragon\\www\\es_ldcu2\\vendor\\barryvdh\\laravel-dompdf\\src\\PDF.php(132): Illuminate\\View\\View->render()
#8 C:\\laragon\\www\\es_ldcu2\\app\\Http\\Controllers\\Migration\\RegistrarMigration.php(690): Barryvdh\\DomPDF\\PDF->loadView('principalsporta...', Array)
#9 C:\\laragon\\www\\es_ldcu2\\vendor\\laravel\\framework\\src\\Illuminate\\Routing\\Controller.php(54): App\\Http\\Controllers\\Migration\\RegistrarMigration->downloadSf9MasterlistBatch(Object(Illuminate\\Http\\Request))
#10 C:\\laragon\\www\\es_ldcu2\\vendor\\laravel\\framework\\src\\Illuminate\\Routing\\ControllerDispatcher.php(45): Illuminate\\Routing\\Controller->callAction('downloadSf9Mast...', Array)
#11 C:\\laragon\\www\\es_ldcu2\\vendor\\laravel\\framework\\src\\Illuminate\\Routing\\Route.php(219): Illuminate\\Routing\\ControllerDispatcher->dispatch(Object(Illuminate\\Routing\\Route), Object(App\\Http\\Controllers\\Migration\\RegistrarMigration), 'downloadSf9Mast...')
#12 C:\\laragon\\www\\es_ldcu2\\vendor\\laravel\\framework\\src\\Illuminate\\Routing\\Route.php(176): Illuminate\\Routing\\Route->runController()
#13 C:\\laragon\\www\\es_ldcu2\\vendor\\laravel\\framework\\src\\Illuminate\\Routing\\Router.php(681): Illuminate\\Routing\\Route->run()
#14 C:\\laragon\\www\\es_ldcu2\\vendor\\laravel\\framework\\src\\Illuminate\\Pipeline\\Pipeline.php(130): Illuminate\\Routing\\Router->Illuminate\\Routing\\{closure}(Object(Illuminate\\Http\\Request))
#15 C:\\laragon\\www\\es_ldcu2\\vendor\\laravel\\framework\\src\\Illuminate\\Routing\\Middleware\\SubstituteBindings.php(41): Illuminate\\Pipeline\\Pipeline->Illuminate\\Pipeline\\{closure}(Object(Illuminate\\Http\\Request))
#16 C:\\laragon\\www\\es_ldcu2\\vendor\\laravel\\framework\\src\\Illuminate\\Pipeline\\Pipeline.php(171): Illuminate\\Routing\\Middleware\\SubstituteBindings->handle(Object(Illuminate\\Http\\Request), Object(Closure))
#17 C:\\laragon\\www\\es_ldcu2\\vendor\\laravel\\framework\\src\\Illuminate\\Foundation\\Http\\Middleware\\VerifyCsrfToken.php(78): Illuminate\\Pipeline\\Pipeline->Illuminate\\Pipeline\\{closure}(Object(Illuminate\\Http\\Request))
#18 C:\\laragon\\www\\es_ldcu2\\vendor\\laravel\\framework\\src\\Illuminate\\Pipeline\\Pipeline.php(171): Illuminate\\Foundation\\Http\\Middleware\\VerifyCsrfToken->handle(Object(Illuminate\\Http\\Request), Object(Closure))
#19 C:\\laragon\\www\\es_ldcu2\\vendor\\laravel\\framework\\src\\Illuminate\\View\\Middleware\\ShareErrorsFromSession.php(49): Illuminate\\Pipeline\\Pipeline->Illuminate\\Pipeline\\{closure}(Object(Illuminate\\Http\\Request))
#20 C:\\laragon\\www\\es_ldcu2\\vendor\\laravel\\framework\\src\\Illuminate\\Pipeline\\Pipeline.php(171): Illuminate\\View\\Middleware\\ShareErrorsFromSession->handle(Object(Illuminate\\Http\\Request), Object(Closure))
#21 C:\\laragon\\www\\es_ldcu2\\vendor\\laravel\\framework\\src\\Illuminate\\Session\\Middleware\\StartSession.php(56): Illuminate\\Pipeline\\Pipeline->Illuminate\\Pipeline\\{closure}(Object(Illuminate\\Http\\Request))
#22 C:\\laragon\\www\\es_ldcu2\\vendor\\laravel\\framework\\src\\Illuminate\\Pipeline\\Pipeline.php(171): Illuminate\\Session\\Middleware\\StartSession->handle(Object(Illuminate\\Http\\Request), Object(Closure))
#23 C:\\laragon\\www\\es_ldcu2\\vendor\\laravel\\framework\\src\\Illuminate\\Cookie\\Middleware\\AddQueuedCookiesToResponse.php(37): Illuminate\\Pipeline\\Pipeline->Illuminate\\Pipeline\\{closure}(Object(Illuminate\\Http\\Request))
#24 C:\\laragon\\www\\es_ldcu2\\vendor\\laravel\\framework\\src\\Illuminate\\Pipeline\\Pipeline.php(171): Illuminate\\Cookie\\Middleware\\AddQueuedCookiesToResponse->handle(Object(Illuminate\\Http\\Request), Object(Closure))
#25 C:\\laragon\\www\\es_ldcu2\\vendor\\laravel\\framework\\src\\Illuminate\\Cookie\\Middleware\\EncryptCookies.php(67): Illuminate\\Pipeline\\Pipeline->Illuminate\\Pipeline\\{closure}(Object(Illuminate\\Http\\Request))
#26 C:\\laragon\\www\\es_ldcu2\\vendor\\laravel\\framework\\src\\Illuminate\\Pipeline\\Pipeline.php(171): Illuminate\\Cookie\\Middleware\\EncryptCookies->handle(Object(Illuminate\\Http\\Request), Object(Closure))
#27 C:\\laragon\\www\\es_ldcu2\\vendor\\laravel\\framework\\src\\Illuminate\\Pipeline\\Pipeline.php(105): Illuminate\\Pipeline\\Pipeline->Illuminate\\Pipeline\\{closure}(Object(Illuminate\\Http\\Request))
#28 C:\\laragon\\www\\es_ldcu2\\vendor\\laravel\\framework\\src\\Illuminate\\Routing\\Router.php(683): Illuminate\\Pipeline\\Pipeline->then(Object(Closure))
#29 C:\\laragon\\www\\es_ldcu2\\vendor\\laravel\\framework\\src\\Illuminate\\Routing\\Router.php(658): Illuminate\\Routing\\Router->runRouteWithinStack(Object(Illuminate\\Routing\\Route), Object(Illuminate\\Http\\Request))
#30 C:\\laragon\\www\\es_ldcu2\\vendor\\laravel\\framework\\src\\Illuminate\\Routing\\Router.php(624): Illuminate\\Routing\\Router->runRoute(Object(Illuminate\\Http\\Request), Object(Illuminate\\Routing\\Route))
#31 C:\\laragon\\www\\es_ldcu2\\vendor\\laravel\\framework\\src\\Illuminate\\Routing\\Router.php(613): Illuminate\\Routing\\Router->dispatchToRoute(Object(Illuminate\\Http\\Request))
#32 C:\\laragon\\www\\es_ldcu2\\vendor\\laravel\\framework\\src\\Illuminate\\Foundation\\Http\\Kernel.php(170): Illuminate\\Routing\\Router->dispatch(Object(Illuminate\\Http\\Request))
#33 C:\\laragon\\www\\es_ldcu2\\vendor\\laravel\\framework\\src\\Illuminate\\Pipeline\\Pipeline.php(130): Illuminate\\Foundation\\Http\\Kernel->Illuminate\\Foundation\\Http\\{closure}(Object(Illuminate\\Http\\Request))
#34 C:\\laragon\\www\\es_ldcu2\\vendor\\laravel\\framework\\src\\Illuminate\\Foundation\\Http\\Middleware\\TransformsRequest.php(21): Illuminate\\Pipeline\\Pipeline->Illuminate\\Pipeline\\{closure}(Object(Illuminate\\Http\\Request))
#35 C:\\laragon\\www\\es_ldcu2\\vendor\\laravel\\framework\\src\\Illuminate\\Pipeline\\Pipeline.php(171): Illuminate\\Foundation\\Http\\Middleware\\TransformsRequest->handle(Object(Illuminate\\Http\\Request), Object(Closure))
#36 C:\\laragon\\www\\es_ldcu2\\vendor\\laravel\\framework\\src\\Illuminate\\Foundation\\Http\\Middleware\\TransformsRequest.php(21): Illuminate\\Pipeline\\Pipeline->Illuminate\\Pipeline\\{closure}(Object(Illuminate\\Http\\Request))
#37 C:\\laragon\\www\\es_ldcu2\\vendor\\laravel\\framework\\src\\Illuminate\\Pipeline\\Pipeline.php(171): Illuminate\\Foundation\\Http\\Middleware\\TransformsRequest->handle(Object(Illuminate\\Http\\Request), Object(Closure))
#38 C:\\laragon\\www\\es_ldcu2\\vendor\\laravel\\framework\\src\\Illuminate\\Foundation\\Http\\Middleware\\ValidatePostSize.php(27): Illuminate\\Pipeline\\Pipeline->Illuminate\\Pipeline\\{closure}(Object(Illuminate\\Http\\Request))
#39 C:\\laragon\\www\\es_ldcu2\\vendor\\laravel\\framework\\src\\Illuminate\\Pipeline\\Pipeline.php(171): Illuminate\\Foundation\\Http\\Middleware\\ValidatePostSize->handle(Object(Illuminate\\Http\\Request), Object(Closure))
#40 C:\\laragon\\www\\es_ldcu2\\vendor\\laravel\\framework\\src\\Illuminate\\Foundation\\Http\\Middleware\\CheckForMaintenanceMode.php(63): Illuminate\\Pipeline\\Pipeline->Illuminate\\Pipeline\\{closure}(Object(Illuminate\\Http\\Request))
#41 C:\\laragon\\www\\es_ldcu2\\vendor\\laravel\\framework\\src\\Illuminate\\Pipeline\\Pipeline.php(171): Illuminate\\Foundation\\Http\\Middleware\\CheckForMaintenanceMode->handle(Object(Illuminate\\Http\\Request), Object(Closure))
#42 C:\\laragon\\www\\es_ldcu2\\vendor\\fideloper\\proxy\\src\\TrustProxies.php(57): Illuminate\\Pipeline\\Pipeline->Illuminate\\Pipeline\\{closure}(Object(Illuminate\\Http\\Request))
#43 C:\\laragon\\www\\es_ldcu2\\vendor\\laravel\\framework\\src\\Illuminate\\Pipeline\\Pipeline.php(171): Fideloper\\Proxy\\TrustProxies->handle(Object(Illuminate\\Http\\Request), Object(Closure))
#44 C:\\laragon\\www\\es_ldcu2\\vendor\\laravel\\framework\\src\\Illuminate\\Pipeline\\Pipeline.php(105): Illuminate\\Pipeline\\Pipeline->Illuminate\\Pipeline\\{closure}(Object(Illuminate\\Http\\Request))
#45 C:\\laragon\\www\\es_ldcu2\\vendor\\laravel\\framework\\src\\Illuminate\\Foundation\\Http\\Kernel.php(145): Illuminate\\Pipeline\\Pipeline->then(Object(Closure))
#46 C:\\laragon\\www\\es_ldcu2\\vendor\\laravel\\framework\\src\\Illuminate\\Foundation\\Http\\Kernel.php(110): Illuminate\\Foundation\\Http\\Kernel->sendRequestThroughRouter(Object(Illuminate\\Http\\Request))
#47 C:\\laragon\\www\\es_ldcu2\\public\\index.php(55): Illuminate\\Foundation\\Http\\Kernel->handle(Object(Illuminate\\Http\\Request))
#48 C:\\laragon\\www\\es_ldcu2\\server.php(21): require_once('C:\\\\laragon\\\\www\\\\...')
#49 {main}

[previous exception] [object] (ErrorException(code: 0): Undefined property: stdClass::$divisiontext at C:\\laragon\\www\\es_ldcu2\\storage\\framework\\views\\e9fb05b7e2da42a09e321f4862534db12a8eda51.php:400)
[stacktrace]
#0 C:\\laragon\\www\\es_ldcu2\\storage\\framework\\views\\e9fb05b7e2da42a09e321f4862534db12a8eda51.php(400): Illuminate\\Foundation\\Bootstrap\\HandleExceptions->handleError(8, 'Undefined prope...', 'C:\\\\laragon\\\\www\\\\...', 400, Array)
#1 C:\\laragon\\www\\es_ldcu2\\vendor\\laravel\\framework\\src\\Illuminate\\View\\Engines\\PhpEngine.php(43): include('C:\\\\laragon\\\\www\\\\...')
#2 C:\\laragon\\www\\es_ldcu2\\vendor\\laravel\\framework\\src\\Illuminate\\View\\Engines\\CompilerEngine.php(59): Illuminate\\View\\Engines\\PhpEngine->evaluatePath('C:\\\\laragon\\\\www\\\\...', Array)
#3 C:\\laragon\\www\\es_ldcu2\\vendor\\facade\\ignition\\src\\Views\\Engines\\CompilerEngine.php(36): Illuminate\\View\\Engines\\CompilerEngine->get('C:\\\\laragon\\\\www\\\\...', Array)
#4 C:\\laragon\\www\\es_ldcu2\\vendor\\laravel\\framework\\src\\Illuminate\\View\\View.php(143): Facade\\Ignition\\Views\\Engines\\CompilerEngine->get('C:\\\\laragon\\\\www\\\\...', Array)
#5 C:\\laragon\\www\\es_ldcu2\\vendor\\laravel\\framework\\src\\Illuminate\\View\\View.php(126): Illuminate\\View\\View->getContents()
#6 C:\\laragon\\www\\es_ldcu2\\vendor\\laravel\\framework\\src\\Illuminate\\View\\View.php(91): Illuminate\\View\\View->renderContents()
#7 C:\\laragon\\www\\es_ldcu2\\vendor\\barryvdh\\laravel-dompdf\\src\\PDF.php(132): Illuminate\\View\\View->render()
#8 C:\\laragon\\www\\es_ldcu2\\app\\Http\\Controllers\\Migration\\RegistrarMigration.php(690): Barryvdh\\DomPDF\\PDF->loadView('principalsporta...', Array)
#9 C:\\laragon\\www\\es_ldcu2\\vendor\\laravel\\framework\\src\\Illuminate\\Routing\\Controller.php(54): App\\Http\\Controllers\\Migration\\RegistrarMigration->downloadSf9MasterlistBatch(Object(Illuminate\\Http\\Request))
#10 C:\\laragon\\www\\es_ldcu2\\vendor\\laravel\\framework\\src\\Illuminate\\Routing\\ControllerDispatcher.php(45): Illuminate\\Routing\\Controller->callAction('downloadSf9Mast...', Array)
#11 C:\\laragon\\www\\es_ldcu2\\vendor\\laravel\\framework\\src\\Illuminate\\Routing\\Route.php(219): Illuminate\\Routing\\ControllerDispatcher->dispatch(Object(Illuminate\\Routing\\Route), Object(App\\Http\\Controllers\\Migration\\RegistrarMigration), 'downloadSf9Mast...')
#12 C:\\laragon\\www\\es_ldcu2\\vendor\\laravel\\framework\\src\\Illuminate\\Routing\\Route.php(176): Illuminate\\Routing\\Route->runController()
#13 C:\\laragon\\www\\es_ldcu2\\vendor\\laravel\\framework\\src\\Illuminate\\Routing\\Router.php(681): Illuminate\\Routing\\Route->run()
#14 C:\\laragon\\www\\es_ldcu2\\vendor\\laravel\\framework\\src\\Illuminate\\Pipeline\\Pipeline.php(130): Illuminate\\Routing\\Router->Illuminate\\Routing\\{closure}(Object(Illuminate\\Http\\Request))
#15 C:\\laragon\\www\\es_ldcu2\\vendor\\laravel\\framework\\src\\Illuminate\\Routing\\Middleware\\SubstituteBindings.php(41): Illuminate\\Pipeline\\Pipeline->Illuminate\\Pipeline\\{closure}(Object(Illuminate\\Http\\Request))
#16 C:\\laragon\\www\\es_ldcu2\\vendor\\laravel\\framework\\src\\Illuminate\\Pipeline\\Pipeline.php(171): Illuminate\\Routing\\Middleware\\SubstituteBindings->handle(Object(Illuminate\\Http\\Request), Object(Closure))
#17 C:\\laragon\\www\\es_ldcu2\\vendor\\laravel\\framework\\src\\Illuminate\\Foundation\\Http\\Middleware\\VerifyCsrfToken.php(78): Illuminate\\Pipeline\\Pipeline->Illuminate\\Pipeline\\{closure}(Object(Illuminate\\Http\\Request))
#18 C:\\laragon\\www\\es_ldcu2\\vendor\\laravel\\framework\\src\\Illuminate\\Pipeline\\Pipeline.php(171): Illuminate\\Foundation\\Http\\Middleware\\VerifyCsrfToken->handle(Object(Illuminate\\Http\\Request), Object(Closure))
#19 C:\\laragon\\www\\es_ldcu2\\vendor\\laravel\\framework\\src\\Illuminate\\View\\Middleware\\ShareErrorsFromSession.php(49): Illuminate\\Pipeline\\Pipeline->Illuminate\\Pipeline\\{closure}(Object(Illuminate\\Http\\Request))
#20 C:\\laragon\\www\\es_ldcu2\\vendor\\laravel\\framework\\src\\Illuminate\\Pipeline\\Pipeline.php(171): Illuminate\\View\\Middleware\\ShareErrorsFromSession->handle(Object(Illuminate\\Http\\Request), Object(Closure))
#21 C:\\laragon\\www\\es_ldcu2\\vendor\\laravel\\framework\\src\\Illuminate\\Session\\Middleware\\StartSession.php(56): Illuminate\\Pipeline\\Pipeline->Illuminate\\Pipeline\\{closure}(Object(Illuminate\\Http\\Request))
#22 C:\\laragon\\www\\es_ldcu2\\vendor\\laravel\\framework\\src\\Illuminate\\Pipeline\\Pipeline.php(171): Illuminate\\Session\\Middleware\\StartSession->handle(Object(Illuminate\\Http\\Request), Object(Closure))
#23 C:\\laragon\\www\\es_ldcu2\\vendor\\laravel\\framework\\src\\Illuminate\\Cookie\\Middleware\\AddQueuedCookiesToResponse.php(37): Illuminate\\Pipeline\\Pipeline->Illuminate\\Pipeline\\{closure}(Object(Illuminate\\Http\\Request))
#24 C:\\laragon\\www\\es_ldcu2\\vendor\\laravel\\framework\\src\\Illuminate\\Pipeline\\Pipeline.php(171): Illuminate\\Cookie\\Middleware\\AddQueuedCookiesToResponse->handle(Object(Illuminate\\Http\\Request), Object(Closure))
#25 C:\\laragon\\www\\es_ldcu2\\vendor\\laravel\\framework\\src\\Illuminate\\Cookie\\Middleware\\EncryptCookies.php(67): Illuminate\\Pipeline\\Pipeline->Illuminate\\Pipeline\\{closure}(Object(Illuminate\\Http\\Request))
#26 C:\\laragon\\www\\es_ldcu2\\vendor\\laravel\\framework\\src\\Illuminate\\Pipeline\\Pipeline.php(171): Illuminate\\Cookie\\Middleware\\EncryptCookies->handle(Object(Illuminate\\Http\\Request), Object(Closure))
#27 C:\\laragon\\www\\es_ldcu2\\vendor\\laravel\\framework\\src\\Illuminate\\Pipeline\\Pipeline.php(105): Illuminate\\Pipeline\\Pipeline->Illuminate\\Pipeline\\{closure}(Object(Illuminate\\Http\\Request))
#28 C:\\laragon\\www\\es_ldcu2\\vendor\\laravel\\framework\\src\\Illuminate\\Routing\\Router.php(683): Illuminate\\Pipeline\\Pipeline->then(Object(Closure))
#29 C:\\laragon\\www\\es_ldcu2\\vendor\\laravel\\framework\\src\\Illuminate\\Routing\\Router.php(658): Illuminate\\Routing\\Router->runRouteWithinStack(Object(Illuminate\\Routing\\Route), Object(Illuminate\\Http\\Request))
#30 C:\\laragon\\www\\es_ldcu2\\vendor\\laravel\\framework\\src\\Illuminate\\Routing\\Router.php(624): Illuminate\\Routing\\Router->runRoute(Object(Illuminate\\Http\\Request), Object(Illuminate\\Routing\\Route))
#31 C:\\laragon\\www\\es_ldcu2\\vendor\\laravel\\framework\\src\\Illuminate\\Routing\\Router.php(613): Illuminate\\Routing\\Router->dispatchToRoute(Object(Illuminate\\Http\\Request))
#32 C:\\laragon\\www\\es_ldcu2\\vendor\\laravel\\framework\\src\\Illuminate\\Foundation\\Http\\Kernel.php(170): Illuminate\\Routing\\Router->dispatch(Object(Illuminate\\Http\\Request))
#33 C:\\laragon\\www\\es_ldcu2\\vendor\\laravel\\framework\\src\\Illuminate\\Pipeline\\Pipeline.php(130): Illuminate\\Foundation\\Http\\Kernel->Illuminate\\Foundation\\Http\\{closure}(Object(Illuminate\\Http\\Request))
#34 C:\\laragon\\www\\es_ldcu2\\vendor\\laravel\\framework\\src\\Illuminate\\Foundation\\Http\\Middleware\\TransformsRequest.php(21): Illuminate\\Pipeline\\Pipeline->Illuminate\\Pipeline\\{closure}(Object(Illuminate\\Http\\Request))
#35 C:\\laragon\\www\\es_ldcu2\\vendor\\laravel\\framework\\src\\Illuminate\\Pipeline\\Pipeline.php(171): Illuminate\\Foundation\\Http\\Middleware\\TransformsRequest->handle(Object(Illuminate\\Http\\Request), Object(Closure))
#36 C:\\laragon\\www\\es_ldcu2\\vendor\\laravel\\framework\\src\\Illuminate\\Foundation\\Http\\Middleware\\TransformsRequest.php(21): Illuminate\\Pipeline\\Pipeline->Illuminate\\Pipeline\\{closure}(Object(Illuminate\\Http\\Request))
#37 C:\\laragon\\www\\es_ldcu2\\vendor\\laravel\\framework\\src\\Illuminate\\Pipeline\\Pipeline.php(171): Illuminate\\Foundation\\Http\\Middleware\\TransformsRequest->handle(Object(Illuminate\\Http\\Request), Object(Closure))
#38 C:\\laragon\\www\\es_ldcu2\\vendor\\laravel\\framework\\src\\Illuminate\\Foundation\\Http\\Middleware\\ValidatePostSize.php(27): Illuminate\\Pipeline\\Pipeline->Illuminate\\Pipeline\\{closure}(Object(Illuminate\\Http\\Request))
#39 C:\\laragon\\www\\es_ldcu2\\vendor\\laravel\\framework\\src\\Illuminate\\Pipeline\\Pipeline.php(171): Illuminate\\Foundation\\Http\\Middleware\\ValidatePostSize->handle(Object(Illuminate\\Http\\Request), Object(Closure))
#40 C:\\laragon\\www\\es_ldcu2\\vendor\\laravel\\framework\\src\\Illuminate\\Foundation\\Http\\Middleware\\CheckForMaintenanceMode.php(63): Illuminate\\Pipeline\\Pipeline->Illuminate\\Pipeline\\{closure}(Object(Illuminate\\Http\\Request))
#41 C:\\laragon\\www\\es_ldcu2\\vendor\\laravel\\framework\\src\\Illuminate\\Pipeline\\Pipeline.php(171): Illuminate\\Foundation\\Http\\Middleware\\CheckForMaintenanceMode->handle(Object(Illuminate\\Http\\Request), Object(Closure))
#42 C:\\laragon\\www\\es_ldcu2\\vendor\\fideloper\\proxy\\src\\TrustProxies.php(57): Illuminate\\Pipeline\\Pipeline->Illuminate\\Pipeline\\{closure}(Object(Illuminate\\Http\\Request))
#43 C:\\laragon\\www\\es_ldcu2\\vendor\\laravel\\framework\\src\\Illuminate\\Pipeline\\Pipeline.php(171): Fideloper\\Proxy\\TrustProxies->handle(Object(Illuminate\\Http\\Request), Object(Closure))
#44 C:\\laragon\\www\\es_ldcu2\\vendor\\laravel\\framework\\src\\Illuminate\\Pipeline\\Pipeline.php(105): Illuminate\\Pipeline\\Pipeline->Illuminate\\Pipeline\\{closure}(Object(Illuminate\\Http\\Request))
#45 C:\\laragon\\www\\es_ldcu2\\vendor\\laravel\\framework\\src\\Illuminate\\Foundation\\Http\\Kernel.php(145): Illuminate\\Pipeline\\Pipeline->then(Object(Closure))
#46 C:\\laragon\\www\\es_ldcu2\\vendor\\laravel\\framework\\src\\Illuminate\\Foundation\\Http\\Kernel.php(110): Illuminate\\Foundation\\Http\\Kernel->sendRequestThroughRouter(Object(Illuminate\\Http\\Request))
#47 C:\\laragon\\www\\es_ldcu2\\public\\index.php(55): Illuminate\\Foundation\\Http\\Kernel->handle(Object(Illuminate\\Http\\Request))
#48 C:\\laragon\\www\\es_ldcu2\\server.php(21): require_once('C:\\\\laragon\\\\www\\\\...')
#49 {main}
"} 
[2025-07-14 08:00:17] local.INFO: Section: HONESTY, acadprogid: 4  
[2025-07-14 08:00:17] local.INFO: Active template DB result: {"templatepath":"principalsportal.forms.sf9layout.ica.jhs"}  
[2025-07-14 08:00:17] local.INFO: Final template to use: principalsportal.forms.sf9layout.ica.jhs  
[2025-07-14 08:00:17] local.ERROR: Undefined property: stdClass::$districttext (View: C:\laragon\www\es_ldcu2\resources\views\principalsportal\forms\sf9layout\ica\jhs.blade.php) {"userId":1,"exception":"[object] (Facade\\Ignition\\Exceptions\\ViewException(code: 0): Undefined property: stdClass::$districttext (View: C:\\laragon\\www\\es_ldcu2\\resources\\views\\principalsportal\\forms\\sf9layout\\ica\\jhs.blade.php) at C:\\laragon\\www\\es_ldcu2\\resources\\views/principalsportal/forms/sf9layout/ica/jhs.blade.php:396)
[stacktrace]
#0 C:\\laragon\\www\\es_ldcu2\\resources\\views/principalsportal/forms/sf9layout/ica/jhs.blade.php(396): Illuminate\\Foundation\\Bootstrap\\HandleExceptions->handleError(8, 'Undefined prope...', 'C:\\\\laragon\\\\www\\\\...', 401, Array)
#1 C:\\laragon\\www\\es_ldcu2\\vendor\\laravel\\framework\\src\\Illuminate\\View\\Engines\\PhpEngine.php(43): include('C:\\\\laragon\\\\www\\\\...')
#2 C:\\laragon\\www\\es_ldcu2\\vendor\\laravel\\framework\\src\\Illuminate\\View\\Engines\\CompilerEngine.php(59): Illuminate\\View\\Engines\\PhpEngine->evaluatePath('C:\\\\laragon\\\\www\\\\...', Array)
#3 C:\\laragon\\www\\es_ldcu2\\vendor\\facade\\ignition\\src\\Views\\Engines\\CompilerEngine.php(36): Illuminate\\View\\Engines\\CompilerEngine->get('C:\\\\laragon\\\\www\\\\...', Array)
#4 C:\\laragon\\www\\es_ldcu2\\vendor\\laravel\\framework\\src\\Illuminate\\View\\View.php(143): Facade\\Ignition\\Views\\Engines\\CompilerEngine->get('C:\\\\laragon\\\\www\\\\...', Array)
#5 C:\\laragon\\www\\es_ldcu2\\vendor\\laravel\\framework\\src\\Illuminate\\View\\View.php(126): Illuminate\\View\\View->getContents()
#6 C:\\laragon\\www\\es_ldcu2\\vendor\\laravel\\framework\\src\\Illuminate\\View\\View.php(91): Illuminate\\View\\View->renderContents()
#7 C:\\laragon\\www\\es_ldcu2\\vendor\\barryvdh\\laravel-dompdf\\src\\PDF.php(132): Illuminate\\View\\View->render()
#8 C:\\laragon\\www\\es_ldcu2\\app\\Http\\Controllers\\Migration\\RegistrarMigration.php(690): Barryvdh\\DomPDF\\PDF->loadView('principalsporta...', Array)
#9 C:\\laragon\\www\\es_ldcu2\\vendor\\laravel\\framework\\src\\Illuminate\\Routing\\Controller.php(54): App\\Http\\Controllers\\Migration\\RegistrarMigration->downloadSf9MasterlistBatch(Object(Illuminate\\Http\\Request))
#10 C:\\laragon\\www\\es_ldcu2\\vendor\\laravel\\framework\\src\\Illuminate\\Routing\\ControllerDispatcher.php(45): Illuminate\\Routing\\Controller->callAction('downloadSf9Mast...', Array)
#11 C:\\laragon\\www\\es_ldcu2\\vendor\\laravel\\framework\\src\\Illuminate\\Routing\\Route.php(219): Illuminate\\Routing\\ControllerDispatcher->dispatch(Object(Illuminate\\Routing\\Route), Object(App\\Http\\Controllers\\Migration\\RegistrarMigration), 'downloadSf9Mast...')
#12 C:\\laragon\\www\\es_ldcu2\\vendor\\laravel\\framework\\src\\Illuminate\\Routing\\Route.php(176): Illuminate\\Routing\\Route->runController()
#13 C:\\laragon\\www\\es_ldcu2\\vendor\\laravel\\framework\\src\\Illuminate\\Routing\\Router.php(681): Illuminate\\Routing\\Route->run()
#14 C:\\laragon\\www\\es_ldcu2\\vendor\\laravel\\framework\\src\\Illuminate\\Pipeline\\Pipeline.php(130): Illuminate\\Routing\\Router->Illuminate\\Routing\\{closure}(Object(Illuminate\\Http\\Request))
#15 C:\\laragon\\www\\es_ldcu2\\vendor\\laravel\\framework\\src\\Illuminate\\Routing\\Middleware\\SubstituteBindings.php(41): Illuminate\\Pipeline\\Pipeline->Illuminate\\Pipeline\\{closure}(Object(Illuminate\\Http\\Request))
#16 C:\\laragon\\www\\es_ldcu2\\vendor\\laravel\\framework\\src\\Illuminate\\Pipeline\\Pipeline.php(171): Illuminate\\Routing\\Middleware\\SubstituteBindings->handle(Object(Illuminate\\Http\\Request), Object(Closure))
#17 C:\\laragon\\www\\es_ldcu2\\vendor\\laravel\\framework\\src\\Illuminate\\Foundation\\Http\\Middleware\\VerifyCsrfToken.php(78): Illuminate\\Pipeline\\Pipeline->Illuminate\\Pipeline\\{closure}(Object(Illuminate\\Http\\Request))
#18 C:\\laragon\\www\\es_ldcu2\\vendor\\laravel\\framework\\src\\Illuminate\\Pipeline\\Pipeline.php(171): Illuminate\\Foundation\\Http\\Middleware\\VerifyCsrfToken->handle(Object(Illuminate\\Http\\Request), Object(Closure))
#19 C:\\laragon\\www\\es_ldcu2\\vendor\\laravel\\framework\\src\\Illuminate\\View\\Middleware\\ShareErrorsFromSession.php(49): Illuminate\\Pipeline\\Pipeline->Illuminate\\Pipeline\\{closure}(Object(Illuminate\\Http\\Request))
#20 C:\\laragon\\www\\es_ldcu2\\vendor\\laravel\\framework\\src\\Illuminate\\Pipeline\\Pipeline.php(171): Illuminate\\View\\Middleware\\ShareErrorsFromSession->handle(Object(Illuminate\\Http\\Request), Object(Closure))
#21 C:\\laragon\\www\\es_ldcu2\\vendor\\laravel\\framework\\src\\Illuminate\\Session\\Middleware\\StartSession.php(56): Illuminate\\Pipeline\\Pipeline->Illuminate\\Pipeline\\{closure}(Object(Illuminate\\Http\\Request))
#22 C:\\laragon\\www\\es_ldcu2\\vendor\\laravel\\framework\\src\\Illuminate\\Pipeline\\Pipeline.php(171): Illuminate\\Session\\Middleware\\StartSession->handle(Object(Illuminate\\Http\\Request), Object(Closure))
#23 C:\\laragon\\www\\es_ldcu2\\vendor\\laravel\\framework\\src\\Illuminate\\Cookie\\Middleware\\AddQueuedCookiesToResponse.php(37): Illuminate\\Pipeline\\Pipeline->Illuminate\\Pipeline\\{closure}(Object(Illuminate\\Http\\Request))
#24 C:\\laragon\\www\\es_ldcu2\\vendor\\laravel\\framework\\src\\Illuminate\\Pipeline\\Pipeline.php(171): Illuminate\\Cookie\\Middleware\\AddQueuedCookiesToResponse->handle(Object(Illuminate\\Http\\Request), Object(Closure))
#25 C:\\laragon\\www\\es_ldcu2\\vendor\\laravel\\framework\\src\\Illuminate\\Cookie\\Middleware\\EncryptCookies.php(67): Illuminate\\Pipeline\\Pipeline->Illuminate\\Pipeline\\{closure}(Object(Illuminate\\Http\\Request))
#26 C:\\laragon\\www\\es_ldcu2\\vendor\\laravel\\framework\\src\\Illuminate\\Pipeline\\Pipeline.php(171): Illuminate\\Cookie\\Middleware\\EncryptCookies->handle(Object(Illuminate\\Http\\Request), Object(Closure))
#27 C:\\laragon\\www\\es_ldcu2\\vendor\\laravel\\framework\\src\\Illuminate\\Pipeline\\Pipeline.php(105): Illuminate\\Pipeline\\Pipeline->Illuminate\\Pipeline\\{closure}(Object(Illuminate\\Http\\Request))
#28 C:\\laragon\\www\\es_ldcu2\\vendor\\laravel\\framework\\src\\Illuminate\\Routing\\Router.php(683): Illuminate\\Pipeline\\Pipeline->then(Object(Closure))
#29 C:\\laragon\\www\\es_ldcu2\\vendor\\laravel\\framework\\src\\Illuminate\\Routing\\Router.php(658): Illuminate\\Routing\\Router->runRouteWithinStack(Object(Illuminate\\Routing\\Route), Object(Illuminate\\Http\\Request))
#30 C:\\laragon\\www\\es_ldcu2\\vendor\\laravel\\framework\\src\\Illuminate\\Routing\\Router.php(624): Illuminate\\Routing\\Router->runRoute(Object(Illuminate\\Http\\Request), Object(Illuminate\\Routing\\Route))
#31 C:\\laragon\\www\\es_ldcu2\\vendor\\laravel\\framework\\src\\Illuminate\\Routing\\Router.php(613): Illuminate\\Routing\\Router->dispatchToRoute(Object(Illuminate\\Http\\Request))
#32 C:\\laragon\\www\\es_ldcu2\\vendor\\laravel\\framework\\src\\Illuminate\\Foundation\\Http\\Kernel.php(170): Illuminate\\Routing\\Router->dispatch(Object(Illuminate\\Http\\Request))
#33 C:\\laragon\\www\\es_ldcu2\\vendor\\laravel\\framework\\src\\Illuminate\\Pipeline\\Pipeline.php(130): Illuminate\\Foundation\\Http\\Kernel->Illuminate\\Foundation\\Http\\{closure}(Object(Illuminate\\Http\\Request))
#34 C:\\laragon\\www\\es_ldcu2\\vendor\\laravel\\framework\\src\\Illuminate\\Foundation\\Http\\Middleware\\TransformsRequest.php(21): Illuminate\\Pipeline\\Pipeline->Illuminate\\Pipeline\\{closure}(Object(Illuminate\\Http\\Request))
#35 C:\\laragon\\www\\es_ldcu2\\vendor\\laravel\\framework\\src\\Illuminate\\Pipeline\\Pipeline.php(171): Illuminate\\Foundation\\Http\\Middleware\\TransformsRequest->handle(Object(Illuminate\\Http\\Request), Object(Closure))
#36 C:\\laragon\\www\\es_ldcu2\\vendor\\laravel\\framework\\src\\Illuminate\\Foundation\\Http\\Middleware\\TransformsRequest.php(21): Illuminate\\Pipeline\\Pipeline->Illuminate\\Pipeline\\{closure}(Object(Illuminate\\Http\\Request))
#37 C:\\laragon\\www\\es_ldcu2\\vendor\\laravel\\framework\\src\\Illuminate\\Pipeline\\Pipeline.php(171): Illuminate\\Foundation\\Http\\Middleware\\TransformsRequest->handle(Object(Illuminate\\Http\\Request), Object(Closure))
#38 C:\\laragon\\www\\es_ldcu2\\vendor\\laravel\\framework\\src\\Illuminate\\Foundation\\Http\\Middleware\\ValidatePostSize.php(27): Illuminate\\Pipeline\\Pipeline->Illuminate\\Pipeline\\{closure}(Object(Illuminate\\Http\\Request))
#39 C:\\laragon\\www\\es_ldcu2\\vendor\\laravel\\framework\\src\\Illuminate\\Pipeline\\Pipeline.php(171): Illuminate\\Foundation\\Http\\Middleware\\ValidatePostSize->handle(Object(Illuminate\\Http\\Request), Object(Closure))
#40 C:\\laragon\\www\\es_ldcu2\\vendor\\laravel\\framework\\src\\Illuminate\\Foundation\\Http\\Middleware\\CheckForMaintenanceMode.php(63): Illuminate\\Pipeline\\Pipeline->Illuminate\\Pipeline\\{closure}(Object(Illuminate\\Http\\Request))
#41 C:\\laragon\\www\\es_ldcu2\\vendor\\laravel\\framework\\src\\Illuminate\\Pipeline\\Pipeline.php(171): Illuminate\\Foundation\\Http\\Middleware\\CheckForMaintenanceMode->handle(Object(Illuminate\\Http\\Request), Object(Closure))
#42 C:\\laragon\\www\\es_ldcu2\\vendor\\fideloper\\proxy\\src\\TrustProxies.php(57): Illuminate\\Pipeline\\Pipeline->Illuminate\\Pipeline\\{closure}(Object(Illuminate\\Http\\Request))
#43 C:\\laragon\\www\\es_ldcu2\\vendor\\laravel\\framework\\src\\Illuminate\\Pipeline\\Pipeline.php(171): Fideloper\\Proxy\\TrustProxies->handle(Object(Illuminate\\Http\\Request), Object(Closure))
#44 C:\\laragon\\www\\es_ldcu2\\vendor\\laravel\\framework\\src\\Illuminate\\Pipeline\\Pipeline.php(105): Illuminate\\Pipeline\\Pipeline->Illuminate\\Pipeline\\{closure}(Object(Illuminate\\Http\\Request))
#45 C:\\laragon\\www\\es_ldcu2\\vendor\\laravel\\framework\\src\\Illuminate\\Foundation\\Http\\Kernel.php(145): Illuminate\\Pipeline\\Pipeline->then(Object(Closure))
#46 C:\\laragon\\www\\es_ldcu2\\vendor\\laravel\\framework\\src\\Illuminate\\Foundation\\Http\\Kernel.php(110): Illuminate\\Foundation\\Http\\Kernel->sendRequestThroughRouter(Object(Illuminate\\Http\\Request))
#47 C:\\laragon\\www\\es_ldcu2\\public\\index.php(55): Illuminate\\Foundation\\Http\\Kernel->handle(Object(Illuminate\\Http\\Request))
#48 C:\\laragon\\www\\es_ldcu2\\server.php(21): require_once('C:\\\\laragon\\\\www\\\\...')
#49 {main}

[previous exception] [object] (ErrorException(code: 0): Undefined property: stdClass::$districttext at C:\\laragon\\www\\es_ldcu2\\storage\\framework\\views\\e9fb05b7e2da42a09e321f4862534db12a8eda51.php:401)
[stacktrace]
#0 C:\\laragon\\www\\es_ldcu2\\storage\\framework\\views\\e9fb05b7e2da42a09e321f4862534db12a8eda51.php(401): Illuminate\\Foundation\\Bootstrap\\HandleExceptions->handleError(8, 'Undefined prope...', 'C:\\\\laragon\\\\www\\\\...', 401, Array)
#1 C:\\laragon\\www\\es_ldcu2\\vendor\\laravel\\framework\\src\\Illuminate\\View\\Engines\\PhpEngine.php(43): include('C:\\\\laragon\\\\www\\\\...')
#2 C:\\laragon\\www\\es_ldcu2\\vendor\\laravel\\framework\\src\\Illuminate\\View\\Engines\\CompilerEngine.php(59): Illuminate\\View\\Engines\\PhpEngine->evaluatePath('C:\\\\laragon\\\\www\\\\...', Array)
#3 C:\\laragon\\www\\es_ldcu2\\vendor\\facade\\ignition\\src\\Views\\Engines\\CompilerEngine.php(36): Illuminate\\View\\Engines\\CompilerEngine->get('C:\\\\laragon\\\\www\\\\...', Array)
#4 C:\\laragon\\www\\es_ldcu2\\vendor\\laravel\\framework\\src\\Illuminate\\View\\View.php(143): Facade\\Ignition\\Views\\Engines\\CompilerEngine->get('C:\\\\laragon\\\\www\\\\...', Array)
#5 C:\\laragon\\www\\es_ldcu2\\vendor\\laravel\\framework\\src\\Illuminate\\View\\View.php(126): Illuminate\\View\\View->getContents()
#6 C:\\laragon\\www\\es_ldcu2\\vendor\\laravel\\framework\\src\\Illuminate\\View\\View.php(91): Illuminate\\View\\View->renderContents()
#7 C:\\laragon\\www\\es_ldcu2\\vendor\\barryvdh\\laravel-dompdf\\src\\PDF.php(132): Illuminate\\View\\View->render()
#8 C:\\laragon\\www\\es_ldcu2\\app\\Http\\Controllers\\Migration\\RegistrarMigration.php(690): Barryvdh\\DomPDF\\PDF->loadView('principalsporta...', Array)
#9 C:\\laragon\\www\\es_ldcu2\\vendor\\laravel\\framework\\src\\Illuminate\\Routing\\Controller.php(54): App\\Http\\Controllers\\Migration\\RegistrarMigration->downloadSf9MasterlistBatch(Object(Illuminate\\Http\\Request))
#10 C:\\laragon\\www\\es_ldcu2\\vendor\\laravel\\framework\\src\\Illuminate\\Routing\\ControllerDispatcher.php(45): Illuminate\\Routing\\Controller->callAction('downloadSf9Mast...', Array)
#11 C:\\laragon\\www\\es_ldcu2\\vendor\\laravel\\framework\\src\\Illuminate\\Routing\\Route.php(219): Illuminate\\Routing\\ControllerDispatcher->dispatch(Object(Illuminate\\Routing\\Route), Object(App\\Http\\Controllers\\Migration\\RegistrarMigration), 'downloadSf9Mast...')
#12 C:\\laragon\\www\\es_ldcu2\\vendor\\laravel\\framework\\src\\Illuminate\\Routing\\Route.php(176): Illuminate\\Routing\\Route->runController()
#13 C:\\laragon\\www\\es_ldcu2\\vendor\\laravel\\framework\\src\\Illuminate\\Routing\\Router.php(681): Illuminate\\Routing\\Route->run()
#14 C:\\laragon\\www\\es_ldcu2\\vendor\\laravel\\framework\\src\\Illuminate\\Pipeline\\Pipeline.php(130): Illuminate\\Routing\\Router->Illuminate\\Routing\\{closure}(Object(Illuminate\\Http\\Request))
#15 C:\\laragon\\www\\es_ldcu2\\vendor\\laravel\\framework\\src\\Illuminate\\Routing\\Middleware\\SubstituteBindings.php(41): Illuminate\\Pipeline\\Pipeline->Illuminate\\Pipeline\\{closure}(Object(Illuminate\\Http\\Request))
#16 C:\\laragon\\www\\es_ldcu2\\vendor\\laravel\\framework\\src\\Illuminate\\Pipeline\\Pipeline.php(171): Illuminate\\Routing\\Middleware\\SubstituteBindings->handle(Object(Illuminate\\Http\\Request), Object(Closure))
#17 C:\\laragon\\www\\es_ldcu2\\vendor\\laravel\\framework\\src\\Illuminate\\Foundation\\Http\\Middleware\\VerifyCsrfToken.php(78): Illuminate\\Pipeline\\Pipeline->Illuminate\\Pipeline\\{closure}(Object(Illuminate\\Http\\Request))
#18 C:\\laragon\\www\\es_ldcu2\\vendor\\laravel\\framework\\src\\Illuminate\\Pipeline\\Pipeline.php(171): Illuminate\\Foundation\\Http\\Middleware\\VerifyCsrfToken->handle(Object(Illuminate\\Http\\Request), Object(Closure))
#19 C:\\laragon\\www\\es_ldcu2\\vendor\\laravel\\framework\\src\\Illuminate\\View\\Middleware\\ShareErrorsFromSession.php(49): Illuminate\\Pipeline\\Pipeline->Illuminate\\Pipeline\\{closure}(Object(Illuminate\\Http\\Request))
#20 C:\\laragon\\www\\es_ldcu2\\vendor\\laravel\\framework\\src\\Illuminate\\Pipeline\\Pipeline.php(171): Illuminate\\View\\Middleware\\ShareErrorsFromSession->handle(Object(Illuminate\\Http\\Request), Object(Closure))
#21 C:\\laragon\\www\\es_ldcu2\\vendor\\laravel\\framework\\src\\Illuminate\\Session\\Middleware\\StartSession.php(56): Illuminate\\Pipeline\\Pipeline->Illuminate\\Pipeline\\{closure}(Object(Illuminate\\Http\\Request))
#22 C:\\laragon\\www\\es_ldcu2\\vendor\\laravel\\framework\\src\\Illuminate\\Pipeline\\Pipeline.php(171): Illuminate\\Session\\Middleware\\StartSession->handle(Object(Illuminate\\Http\\Request), Object(Closure))
#23 C:\\laragon\\www\\es_ldcu2\\vendor\\laravel\\framework\\src\\Illuminate\\Cookie\\Middleware\\AddQueuedCookiesToResponse.php(37): Illuminate\\Pipeline\\Pipeline->Illuminate\\Pipeline\\{closure}(Object(Illuminate\\Http\\Request))
#24 C:\\laragon\\www\\es_ldcu2\\vendor\\laravel\\framework\\src\\Illuminate\\Pipeline\\Pipeline.php(171): Illuminate\\Cookie\\Middleware\\AddQueuedCookiesToResponse->handle(Object(Illuminate\\Http\\Request), Object(Closure))
#25 C:\\laragon\\www\\es_ldcu2\\vendor\\laravel\\framework\\src\\Illuminate\\Cookie\\Middleware\\EncryptCookies.php(67): Illuminate\\Pipeline\\Pipeline->Illuminate\\Pipeline\\{closure}(Object(Illuminate\\Http\\Request))
#26 C:\\laragon\\www\\es_ldcu2\\vendor\\laravel\\framework\\src\\Illuminate\\Pipeline\\Pipeline.php(171): Illuminate\\Cookie\\Middleware\\EncryptCookies->handle(Object(Illuminate\\Http\\Request), Object(Closure))
#27 C:\\laragon\\www\\es_ldcu2\\vendor\\laravel\\framework\\src\\Illuminate\\Pipeline\\Pipeline.php(105): Illuminate\\Pipeline\\Pipeline->Illuminate\\Pipeline\\{closure}(Object(Illuminate\\Http\\Request))
#28 C:\\laragon\\www\\es_ldcu2\\vendor\\laravel\\framework\\src\\Illuminate\\Routing\\Router.php(683): Illuminate\\Pipeline\\Pipeline->then(Object(Closure))
#29 C:\\laragon\\www\\es_ldcu2\\vendor\\laravel\\framework\\src\\Illuminate\\Routing\\Router.php(658): Illuminate\\Routing\\Router->runRouteWithinStack(Object(Illuminate\\Routing\\Route), Object(Illuminate\\Http\\Request))
#30 C:\\laragon\\www\\es_ldcu2\\vendor\\laravel\\framework\\src\\Illuminate\\Routing\\Router.php(624): Illuminate\\Routing\\Router->runRoute(Object(Illuminate\\Http\\Request), Object(Illuminate\\Routing\\Route))
#31 C:\\laragon\\www\\es_ldcu2\\vendor\\laravel\\framework\\src\\Illuminate\\Routing\\Router.php(613): Illuminate\\Routing\\Router->dispatchToRoute(Object(Illuminate\\Http\\Request))
#32 C:\\laragon\\www\\es_ldcu2\\vendor\\laravel\\framework\\src\\Illuminate\\Foundation\\Http\\Kernel.php(170): Illuminate\\Routing\\Router->dispatch(Object(Illuminate\\Http\\Request))
#33 C:\\laragon\\www\\es_ldcu2\\vendor\\laravel\\framework\\src\\Illuminate\\Pipeline\\Pipeline.php(130): Illuminate\\Foundation\\Http\\Kernel->Illuminate\\Foundation\\Http\\{closure}(Object(Illuminate\\Http\\Request))
#34 C:\\laragon\\www\\es_ldcu2\\vendor\\laravel\\framework\\src\\Illuminate\\Foundation\\Http\\Middleware\\TransformsRequest.php(21): Illuminate\\Pipeline\\Pipeline->Illuminate\\Pipeline\\{closure}(Object(Illuminate\\Http\\Request))
#35 C:\\laragon\\www\\es_ldcu2\\vendor\\laravel\\framework\\src\\Illuminate\\Pipeline\\Pipeline.php(171): Illuminate\\Foundation\\Http\\Middleware\\TransformsRequest->handle(Object(Illuminate\\Http\\Request), Object(Closure))
#36 C:\\laragon\\www\\es_ldcu2\\vendor\\laravel\\framework\\src\\Illuminate\\Foundation\\Http\\Middleware\\TransformsRequest.php(21): Illuminate\\Pipeline\\Pipeline->Illuminate\\Pipeline\\{closure}(Object(Illuminate\\Http\\Request))
#37 C:\\laragon\\www\\es_ldcu2\\vendor\\laravel\\framework\\src\\Illuminate\\Pipeline\\Pipeline.php(171): Illuminate\\Foundation\\Http\\Middleware\\TransformsRequest->handle(Object(Illuminate\\Http\\Request), Object(Closure))
#38 C:\\laragon\\www\\es_ldcu2\\vendor\\laravel\\framework\\src\\Illuminate\\Foundation\\Http\\Middleware\\ValidatePostSize.php(27): Illuminate\\Pipeline\\Pipeline->Illuminate\\Pipeline\\{closure}(Object(Illuminate\\Http\\Request))
#39 C:\\laragon\\www\\es_ldcu2\\vendor\\laravel\\framework\\src\\Illuminate\\Pipeline\\Pipeline.php(171): Illuminate\\Foundation\\Http\\Middleware\\ValidatePostSize->handle(Object(Illuminate\\Http\\Request), Object(Closure))
#40 C:\\laragon\\www\\es_ldcu2\\vendor\\laravel\\framework\\src\\Illuminate\\Foundation\\Http\\Middleware\\CheckForMaintenanceMode.php(63): Illuminate\\Pipeline\\Pipeline->Illuminate\\Pipeline\\{closure}(Object(Illuminate\\Http\\Request))
#41 C:\\laragon\\www\\es_ldcu2\\vendor\\laravel\\framework\\src\\Illuminate\\Pipeline\\Pipeline.php(171): Illuminate\\Foundation\\Http\\Middleware\\CheckForMaintenanceMode->handle(Object(Illuminate\\Http\\Request), Object(Closure))
#42 C:\\laragon\\www\\es_ldcu2\\vendor\\fideloper\\proxy\\src\\TrustProxies.php(57): Illuminate\\Pipeline\\Pipeline->Illuminate\\Pipeline\\{closure}(Object(Illuminate\\Http\\Request))
#43 C:\\laragon\\www\\es_ldcu2\\vendor\\laravel\\framework\\src\\Illuminate\\Pipeline\\Pipeline.php(171): Fideloper\\Proxy\\TrustProxies->handle(Object(Illuminate\\Http\\Request), Object(Closure))
#44 C:\\laragon\\www\\es_ldcu2\\vendor\\laravel\\framework\\src\\Illuminate\\Pipeline\\Pipeline.php(105): Illuminate\\Pipeline\\Pipeline->Illuminate\\Pipeline\\{closure}(Object(Illuminate\\Http\\Request))
#45 C:\\laragon\\www\\es_ldcu2\\vendor\\laravel\\framework\\src\\Illuminate\\Foundation\\Http\\Kernel.php(145): Illuminate\\Pipeline\\Pipeline->then(Object(Closure))
#46 C:\\laragon\\www\\es_ldcu2\\vendor\\laravel\\framework\\src\\Illuminate\\Foundation\\Http\\Kernel.php(110): Illuminate\\Foundation\\Http\\Kernel->sendRequestThroughRouter(Object(Illuminate\\Http\\Request))
#47 C:\\laragon\\www\\es_ldcu2\\public\\index.php(55): Illuminate\\Foundation\\Http\\Kernel->handle(Object(Illuminate\\Http\\Request))
#48 C:\\laragon\\www\\es_ldcu2\\server.php(21): require_once('C:\\\\laragon\\\\www\\\\...')
#49 {main}
"} 
[2025-07-14 08:00:45] local.INFO: Section: HONESTY, acadprogid: 4  
[2025-07-14 08:00:45] local.INFO: Active template DB result: {"templatepath":"principalsportal.forms.sf9layout.ica.jhs"}  
[2025-07-14 08:00:45] local.INFO: Final template to use: principalsportal.forms.sf9layout.ica.jhs  
[2025-07-14 08:00:45] local.ERROR: Trying to get property 'student' of non-object (View: C:\laragon\www\es_ldcu2\resources\views\principalsportal\forms\sf9layout\ica\jhs.blade.php) {"userId":1,"exception":"[object] (Facade\\Ignition\\Exceptions\\ViewException(code: 0): Trying to get property 'student' of non-object (View: C:\\laragon\\www\\es_ldcu2\\resources\\views\\principalsportal\\forms\\sf9layout\\ica\\jhs.blade.php) at C:\\laragon\\www\\es_ldcu2\\resources\\views/principalsportal/forms/sf9layout/ica/jhs.blade.php:433)
[stacktrace]
#0 C:\\laragon\\www\\es_ldcu2\\resources\\views/principalsportal/forms/sf9layout/ica/jhs.blade.php(433): Illuminate\\Foundation\\Bootstrap\\HandleExceptions->handleError(8, 'Trying to get p...', 'C:\\\\laragon\\\\www\\\\...', 433, Array)
#1 C:\\laragon\\www\\es_ldcu2\\vendor\\laravel\\framework\\src\\Illuminate\\View\\Engines\\PhpEngine.php(43): include('C:\\\\laragon\\\\www\\\\...')
#2 C:\\laragon\\www\\es_ldcu2\\vendor\\laravel\\framework\\src\\Illuminate\\View\\Engines\\CompilerEngine.php(59): Illuminate\\View\\Engines\\PhpEngine->evaluatePath('C:\\\\laragon\\\\www\\\\...', Array)
#3 C:\\laragon\\www\\es_ldcu2\\vendor\\facade\\ignition\\src\\Views\\Engines\\CompilerEngine.php(36): Illuminate\\View\\Engines\\CompilerEngine->get('C:\\\\laragon\\\\www\\\\...', Array)
#4 C:\\laragon\\www\\es_ldcu2\\vendor\\laravel\\framework\\src\\Illuminate\\View\\View.php(143): Facade\\Ignition\\Views\\Engines\\CompilerEngine->get('C:\\\\laragon\\\\www\\\\...', Array)
#5 C:\\laragon\\www\\es_ldcu2\\vendor\\laravel\\framework\\src\\Illuminate\\View\\View.php(126): Illuminate\\View\\View->getContents()
#6 C:\\laragon\\www\\es_ldcu2\\vendor\\laravel\\framework\\src\\Illuminate\\View\\View.php(91): Illuminate\\View\\View->renderContents()
#7 C:\\laragon\\www\\es_ldcu2\\vendor\\barryvdh\\laravel-dompdf\\src\\PDF.php(132): Illuminate\\View\\View->render()
#8 C:\\laragon\\www\\es_ldcu2\\app\\Http\\Controllers\\Migration\\RegistrarMigration.php(690): Barryvdh\\DomPDF\\PDF->loadView('principalsporta...', Array)
#9 C:\\laragon\\www\\es_ldcu2\\vendor\\laravel\\framework\\src\\Illuminate\\Routing\\Controller.php(54): App\\Http\\Controllers\\Migration\\RegistrarMigration->downloadSf9MasterlistBatch(Object(Illuminate\\Http\\Request))
#10 C:\\laragon\\www\\es_ldcu2\\vendor\\laravel\\framework\\src\\Illuminate\\Routing\\ControllerDispatcher.php(45): Illuminate\\Routing\\Controller->callAction('downloadSf9Mast...', Array)
#11 C:\\laragon\\www\\es_ldcu2\\vendor\\laravel\\framework\\src\\Illuminate\\Routing\\Route.php(219): Illuminate\\Routing\\ControllerDispatcher->dispatch(Object(Illuminate\\Routing\\Route), Object(App\\Http\\Controllers\\Migration\\RegistrarMigration), 'downloadSf9Mast...')
#12 C:\\laragon\\www\\es_ldcu2\\vendor\\laravel\\framework\\src\\Illuminate\\Routing\\Route.php(176): Illuminate\\Routing\\Route->runController()
#13 C:\\laragon\\www\\es_ldcu2\\vendor\\laravel\\framework\\src\\Illuminate\\Routing\\Router.php(681): Illuminate\\Routing\\Route->run()
#14 C:\\laragon\\www\\es_ldcu2\\vendor\\laravel\\framework\\src\\Illuminate\\Pipeline\\Pipeline.php(130): Illuminate\\Routing\\Router->Illuminate\\Routing\\{closure}(Object(Illuminate\\Http\\Request))
#15 C:\\laragon\\www\\es_ldcu2\\vendor\\laravel\\framework\\src\\Illuminate\\Routing\\Middleware\\SubstituteBindings.php(41): Illuminate\\Pipeline\\Pipeline->Illuminate\\Pipeline\\{closure}(Object(Illuminate\\Http\\Request))
#16 C:\\laragon\\www\\es_ldcu2\\vendor\\laravel\\framework\\src\\Illuminate\\Pipeline\\Pipeline.php(171): Illuminate\\Routing\\Middleware\\SubstituteBindings->handle(Object(Illuminate\\Http\\Request), Object(Closure))
#17 C:\\laragon\\www\\es_ldcu2\\vendor\\laravel\\framework\\src\\Illuminate\\Foundation\\Http\\Middleware\\VerifyCsrfToken.php(78): Illuminate\\Pipeline\\Pipeline->Illuminate\\Pipeline\\{closure}(Object(Illuminate\\Http\\Request))
#18 C:\\laragon\\www\\es_ldcu2\\vendor\\laravel\\framework\\src\\Illuminate\\Pipeline\\Pipeline.php(171): Illuminate\\Foundation\\Http\\Middleware\\VerifyCsrfToken->handle(Object(Illuminate\\Http\\Request), Object(Closure))
#19 C:\\laragon\\www\\es_ldcu2\\vendor\\laravel\\framework\\src\\Illuminate\\View\\Middleware\\ShareErrorsFromSession.php(49): Illuminate\\Pipeline\\Pipeline->Illuminate\\Pipeline\\{closure}(Object(Illuminate\\Http\\Request))
#20 C:\\laragon\\www\\es_ldcu2\\vendor\\laravel\\framework\\src\\Illuminate\\Pipeline\\Pipeline.php(171): Illuminate\\View\\Middleware\\ShareErrorsFromSession->handle(Object(Illuminate\\Http\\Request), Object(Closure))
#21 C:\\laragon\\www\\es_ldcu2\\vendor\\laravel\\framework\\src\\Illuminate\\Session\\Middleware\\StartSession.php(56): Illuminate\\Pipeline\\Pipeline->Illuminate\\Pipeline\\{closure}(Object(Illuminate\\Http\\Request))
#22 C:\\laragon\\www\\es_ldcu2\\vendor\\laravel\\framework\\src\\Illuminate\\Pipeline\\Pipeline.php(171): Illuminate\\Session\\Middleware\\StartSession->handle(Object(Illuminate\\Http\\Request), Object(Closure))
#23 C:\\laragon\\www\\es_ldcu2\\vendor\\laravel\\framework\\src\\Illuminate\\Cookie\\Middleware\\AddQueuedCookiesToResponse.php(37): Illuminate\\Pipeline\\Pipeline->Illuminate\\Pipeline\\{closure}(Object(Illuminate\\Http\\Request))
#24 C:\\laragon\\www\\es_ldcu2\\vendor\\laravel\\framework\\src\\Illuminate\\Pipeline\\Pipeline.php(171): Illuminate\\Cookie\\Middleware\\AddQueuedCookiesToResponse->handle(Object(Illuminate\\Http\\Request), Object(Closure))
#25 C:\\laragon\\www\\es_ldcu2\\vendor\\laravel\\framework\\src\\Illuminate\\Cookie\\Middleware\\EncryptCookies.php(67): Illuminate\\Pipeline\\Pipeline->Illuminate\\Pipeline\\{closure}(Object(Illuminate\\Http\\Request))
#26 C:\\laragon\\www\\es_ldcu2\\vendor\\laravel\\framework\\src\\Illuminate\\Pipeline\\Pipeline.php(171): Illuminate\\Cookie\\Middleware\\EncryptCookies->handle(Object(Illuminate\\Http\\Request), Object(Closure))
#27 C:\\laragon\\www\\es_ldcu2\\vendor\\laravel\\framework\\src\\Illuminate\\Pipeline\\Pipeline.php(105): Illuminate\\Pipeline\\Pipeline->Illuminate\\Pipeline\\{closure}(Object(Illuminate\\Http\\Request))
#28 C:\\laragon\\www\\es_ldcu2\\vendor\\laravel\\framework\\src\\Illuminate\\Routing\\Router.php(683): Illuminate\\Pipeline\\Pipeline->then(Object(Closure))
#29 C:\\laragon\\www\\es_ldcu2\\vendor\\laravel\\framework\\src\\Illuminate\\Routing\\Router.php(658): Illuminate\\Routing\\Router->runRouteWithinStack(Object(Illuminate\\Routing\\Route), Object(Illuminate\\Http\\Request))
#30 C:\\laragon\\www\\es_ldcu2\\vendor\\laravel\\framework\\src\\Illuminate\\Routing\\Router.php(624): Illuminate\\Routing\\Router->runRoute(Object(Illuminate\\Http\\Request), Object(Illuminate\\Routing\\Route))
#31 C:\\laragon\\www\\es_ldcu2\\vendor\\laravel\\framework\\src\\Illuminate\\Routing\\Router.php(613): Illuminate\\Routing\\Router->dispatchToRoute(Object(Illuminate\\Http\\Request))
#32 C:\\laragon\\www\\es_ldcu2\\vendor\\laravel\\framework\\src\\Illuminate\\Foundation\\Http\\Kernel.php(170): Illuminate\\Routing\\Router->dispatch(Object(Illuminate\\Http\\Request))
#33 C:\\laragon\\www\\es_ldcu2\\vendor\\laravel\\framework\\src\\Illuminate\\Pipeline\\Pipeline.php(130): Illuminate\\Foundation\\Http\\Kernel->Illuminate\\Foundation\\Http\\{closure}(Object(Illuminate\\Http\\Request))
#34 C:\\laragon\\www\\es_ldcu2\\vendor\\laravel\\framework\\src\\Illuminate\\Foundation\\Http\\Middleware\\TransformsRequest.php(21): Illuminate\\Pipeline\\Pipeline->Illuminate\\Pipeline\\{closure}(Object(Illuminate\\Http\\Request))
#35 C:\\laragon\\www\\es_ldcu2\\vendor\\laravel\\framework\\src\\Illuminate\\Pipeline\\Pipeline.php(171): Illuminate\\Foundation\\Http\\Middleware\\TransformsRequest->handle(Object(Illuminate\\Http\\Request), Object(Closure))
#36 C:\\laragon\\www\\es_ldcu2\\vendor\\laravel\\framework\\src\\Illuminate\\Foundation\\Http\\Middleware\\TransformsRequest.php(21): Illuminate\\Pipeline\\Pipeline->Illuminate\\Pipeline\\{closure}(Object(Illuminate\\Http\\Request))
#37 C:\\laragon\\www\\es_ldcu2\\vendor\\laravel\\framework\\src\\Illuminate\\Pipeline\\Pipeline.php(171): Illuminate\\Foundation\\Http\\Middleware\\TransformsRequest->handle(Object(Illuminate\\Http\\Request), Object(Closure))
#38 C:\\laragon\\www\\es_ldcu2\\vendor\\laravel\\framework\\src\\Illuminate\\Foundation\\Http\\Middleware\\ValidatePostSize.php(27): Illuminate\\Pipeline\\Pipeline->Illuminate\\Pipeline\\{closure}(Object(Illuminate\\Http\\Request))
#39 C:\\laragon\\www\\es_ldcu2\\vendor\\laravel\\framework\\src\\Illuminate\\Pipeline\\Pipeline.php(171): Illuminate\\Foundation\\Http\\Middleware\\ValidatePostSize->handle(Object(Illuminate\\Http\\Request), Object(Closure))
#40 C:\\laragon\\www\\es_ldcu2\\vendor\\laravel\\framework\\src\\Illuminate\\Foundation\\Http\\Middleware\\CheckForMaintenanceMode.php(63): Illuminate\\Pipeline\\Pipeline->Illuminate\\Pipeline\\{closure}(Object(Illuminate\\Http\\Request))
#41 C:\\laragon\\www\\es_ldcu2\\vendor\\laravel\\framework\\src\\Illuminate\\Pipeline\\Pipeline.php(171): Illuminate\\Foundation\\Http\\Middleware\\CheckForMaintenanceMode->handle(Object(Illuminate\\Http\\Request), Object(Closure))
#42 C:\\laragon\\www\\es_ldcu2\\vendor\\fideloper\\proxy\\src\\TrustProxies.php(57): Illuminate\\Pipeline\\Pipeline->Illuminate\\Pipeline\\{closure}(Object(Illuminate\\Http\\Request))
#43 C:\\laragon\\www\\es_ldcu2\\vendor\\laravel\\framework\\src\\Illuminate\\Pipeline\\Pipeline.php(171): Fideloper\\Proxy\\TrustProxies->handle(Object(Illuminate\\Http\\Request), Object(Closure))
#44 C:\\laragon\\www\\es_ldcu2\\vendor\\laravel\\framework\\src\\Illuminate\\Pipeline\\Pipeline.php(105): Illuminate\\Pipeline\\Pipeline->Illuminate\\Pipeline\\{closure}(Object(Illuminate\\Http\\Request))
#45 C:\\laragon\\www\\es_ldcu2\\vendor\\laravel\\framework\\src\\Illuminate\\Foundation\\Http\\Kernel.php(145): Illuminate\\Pipeline\\Pipeline->then(Object(Closure))
#46 C:\\laragon\\www\\es_ldcu2\\vendor\\laravel\\framework\\src\\Illuminate\\Foundation\\Http\\Kernel.php(110): Illuminate\\Foundation\\Http\\Kernel->sendRequestThroughRouter(Object(Illuminate\\Http\\Request))
#47 C:\\laragon\\www\\es_ldcu2\\public\\index.php(55): Illuminate\\Foundation\\Http\\Kernel->handle(Object(Illuminate\\Http\\Request))
#48 C:\\laragon\\www\\es_ldcu2\\server.php(21): require_once('C:\\\\laragon\\\\www\\\\...')
#49 {main}

[previous exception] [object] (ErrorException(code: 0): Trying to get property 'student' of non-object at C:\\laragon\\www\\es_ldcu2\\storage\\framework\\views\\e9fb05b7e2da42a09e321f4862534db12a8eda51.php:433)
[stacktrace]
#0 C:\\laragon\\www\\es_ldcu2\\storage\\framework\\views\\e9fb05b7e2da42a09e321f4862534db12a8eda51.php(433): Illuminate\\Foundation\\Bootstrap\\HandleExceptions->handleError(8, 'Trying to get p...', 'C:\\\\laragon\\\\www\\\\...', 433, Array)
#1 C:\\laragon\\www\\es_ldcu2\\vendor\\laravel\\framework\\src\\Illuminate\\View\\Engines\\PhpEngine.php(43): include('C:\\\\laragon\\\\www\\\\...')
#2 C:\\laragon\\www\\es_ldcu2\\vendor\\laravel\\framework\\src\\Illuminate\\View\\Engines\\CompilerEngine.php(59): Illuminate\\View\\Engines\\PhpEngine->evaluatePath('C:\\\\laragon\\\\www\\\\...', Array)
#3 C:\\laragon\\www\\es_ldcu2\\vendor\\facade\\ignition\\src\\Views\\Engines\\CompilerEngine.php(36): Illuminate\\View\\Engines\\CompilerEngine->get('C:\\\\laragon\\\\www\\\\...', Array)
#4 C:\\laragon\\www\\es_ldcu2\\vendor\\laravel\\framework\\src\\Illuminate\\View\\View.php(143): Facade\\Ignition\\Views\\Engines\\CompilerEngine->get('C:\\\\laragon\\\\www\\\\...', Array)
#5 C:\\laragon\\www\\es_ldcu2\\vendor\\laravel\\framework\\src\\Illuminate\\View\\View.php(126): Illuminate\\View\\View->getContents()
#6 C:\\laragon\\www\\es_ldcu2\\vendor\\laravel\\framework\\src\\Illuminate\\View\\View.php(91): Illuminate\\View\\View->renderContents()
#7 C:\\laragon\\www\\es_ldcu2\\vendor\\barryvdh\\laravel-dompdf\\src\\PDF.php(132): Illuminate\\View\\View->render()
#8 C:\\laragon\\www\\es_ldcu2\\app\\Http\\Controllers\\Migration\\RegistrarMigration.php(690): Barryvdh\\DomPDF\\PDF->loadView('principalsporta...', Array)
#9 C:\\laragon\\www\\es_ldcu2\\vendor\\laravel\\framework\\src\\Illuminate\\Routing\\Controller.php(54): App\\Http\\Controllers\\Migration\\RegistrarMigration->downloadSf9MasterlistBatch(Object(Illuminate\\Http\\Request))
#10 C:\\laragon\\www\\es_ldcu2\\vendor\\laravel\\framework\\src\\Illuminate\\Routing\\ControllerDispatcher.php(45): Illuminate\\Routing\\Controller->callAction('downloadSf9Mast...', Array)
#11 C:\\laragon\\www\\es_ldcu2\\vendor\\laravel\\framework\\src\\Illuminate\\Routing\\Route.php(219): Illuminate\\Routing\\ControllerDispatcher->dispatch(Object(Illuminate\\Routing\\Route), Object(App\\Http\\Controllers\\Migration\\RegistrarMigration), 'downloadSf9Mast...')
#12 C:\\laragon\\www\\es_ldcu2\\vendor\\laravel\\framework\\src\\Illuminate\\Routing\\Route.php(176): Illuminate\\Routing\\Route->runController()
#13 C:\\laragon\\www\\es_ldcu2\\vendor\\laravel\\framework\\src\\Illuminate\\Routing\\Router.php(681): Illuminate\\Routing\\Route->run()
#14 C:\\laragon\\www\\es_ldcu2\\vendor\\laravel\\framework\\src\\Illuminate\\Pipeline\\Pipeline.php(130): Illuminate\\Routing\\Router->Illuminate\\Routing\\{closure}(Object(Illuminate\\Http\\Request))
#15 C:\\laragon\\www\\es_ldcu2\\vendor\\laravel\\framework\\src\\Illuminate\\Routing\\Middleware\\SubstituteBindings.php(41): Illuminate\\Pipeline\\Pipeline->Illuminate\\Pipeline\\{closure}(Object(Illuminate\\Http\\Request))
#16 C:\\laragon\\www\\es_ldcu2\\vendor\\laravel\\framework\\src\\Illuminate\\Pipeline\\Pipeline.php(171): Illuminate\\Routing\\Middleware\\SubstituteBindings->handle(Object(Illuminate\\Http\\Request), Object(Closure))
#17 C:\\laragon\\www\\es_ldcu2\\vendor\\laravel\\framework\\src\\Illuminate\\Foundation\\Http\\Middleware\\VerifyCsrfToken.php(78): Illuminate\\Pipeline\\Pipeline->Illuminate\\Pipeline\\{closure}(Object(Illuminate\\Http\\Request))
#18 C:\\laragon\\www\\es_ldcu2\\vendor\\laravel\\framework\\src\\Illuminate\\Pipeline\\Pipeline.php(171): Illuminate\\Foundation\\Http\\Middleware\\VerifyCsrfToken->handle(Object(Illuminate\\Http\\Request), Object(Closure))
#19 C:\\laragon\\www\\es_ldcu2\\vendor\\laravel\\framework\\src\\Illuminate\\View\\Middleware\\ShareErrorsFromSession.php(49): Illuminate\\Pipeline\\Pipeline->Illuminate\\Pipeline\\{closure}(Object(Illuminate\\Http\\Request))
#20 C:\\laragon\\www\\es_ldcu2\\vendor\\laravel\\framework\\src\\Illuminate\\Pipeline\\Pipeline.php(171): Illuminate\\View\\Middleware\\ShareErrorsFromSession->handle(Object(Illuminate\\Http\\Request), Object(Closure))
#21 C:\\laragon\\www\\es_ldcu2\\vendor\\laravel\\framework\\src\\Illuminate\\Session\\Middleware\\StartSession.php(56): Illuminate\\Pipeline\\Pipeline->Illuminate\\Pipeline\\{closure}(Object(Illuminate\\Http\\Request))
#22 C:\\laragon\\www\\es_ldcu2\\vendor\\laravel\\framework\\src\\Illuminate\\Pipeline\\Pipeline.php(171): Illuminate\\Session\\Middleware\\StartSession->handle(Object(Illuminate\\Http\\Request), Object(Closure))
#23 C:\\laragon\\www\\es_ldcu2\\vendor\\laravel\\framework\\src\\Illuminate\\Cookie\\Middleware\\AddQueuedCookiesToResponse.php(37): Illuminate\\Pipeline\\Pipeline->Illuminate\\Pipeline\\{closure}(Object(Illuminate\\Http\\Request))
#24 C:\\laragon\\www\\es_ldcu2\\vendor\\laravel\\framework\\src\\Illuminate\\Pipeline\\Pipeline.php(171): Illuminate\\Cookie\\Middleware\\AddQueuedCookiesToResponse->handle(Object(Illuminate\\Http\\Request), Object(Closure))
#25 C:\\laragon\\www\\es_ldcu2\\vendor\\laravel\\framework\\src\\Illuminate\\Cookie\\Middleware\\EncryptCookies.php(67): Illuminate\\Pipeline\\Pipeline->Illuminate\\Pipeline\\{closure}(Object(Illuminate\\Http\\Request))
#26 C:\\laragon\\www\\es_ldcu2\\vendor\\laravel\\framework\\src\\Illuminate\\Pipeline\\Pipeline.php(171): Illuminate\\Cookie\\Middleware\\EncryptCookies->handle(Object(Illuminate\\Http\\Request), Object(Closure))
#27 C:\\laragon\\www\\es_ldcu2\\vendor\\laravel\\framework\\src\\Illuminate\\Pipeline\\Pipeline.php(105): Illuminate\\Pipeline\\Pipeline->Illuminate\\Pipeline\\{closure}(Object(Illuminate\\Http\\Request))
#28 C:\\laragon\\www\\es_ldcu2\\vendor\\laravel\\framework\\src\\Illuminate\\Routing\\Router.php(683): Illuminate\\Pipeline\\Pipeline->then(Object(Closure))
#29 C:\\laragon\\www\\es_ldcu2\\vendor\\laravel\\framework\\src\\Illuminate\\Routing\\Router.php(658): Illuminate\\Routing\\Router->runRouteWithinStack(Object(Illuminate\\Routing\\Route), Object(Illuminate\\Http\\Request))
#30 C:\\laragon\\www\\es_ldcu2\\vendor\\laravel\\framework\\src\\Illuminate\\Routing\\Router.php(624): Illuminate\\Routing\\Router->runRoute(Object(Illuminate\\Http\\Request), Object(Illuminate\\Routing\\Route))
#31 C:\\laragon\\www\\es_ldcu2\\vendor\\laravel\\framework\\src\\Illuminate\\Routing\\Router.php(613): Illuminate\\Routing\\Router->dispatchToRoute(Object(Illuminate\\Http\\Request))
#32 C:\\laragon\\www\\es_ldcu2\\vendor\\laravel\\framework\\src\\Illuminate\\Foundation\\Http\\Kernel.php(170): Illuminate\\Routing\\Router->dispatch(Object(Illuminate\\Http\\Request))
#33 C:\\laragon\\www\\es_ldcu2\\vendor\\laravel\\framework\\src\\Illuminate\\Pipeline\\Pipeline.php(130): Illuminate\\Foundation\\Http\\Kernel->Illuminate\\Foundation\\Http\\{closure}(Object(Illuminate\\Http\\Request))
#34 C:\\laragon\\www\\es_ldcu2\\vendor\\laravel\\framework\\src\\Illuminate\\Foundation\\Http\\Middleware\\TransformsRequest.php(21): Illuminate\\Pipeline\\Pipeline->Illuminate\\Pipeline\\{closure}(Object(Illuminate\\Http\\Request))
#35 C:\\laragon\\www\\es_ldcu2\\vendor\\laravel\\framework\\src\\Illuminate\\Pipeline\\Pipeline.php(171): Illuminate\\Foundation\\Http\\Middleware\\TransformsRequest->handle(Object(Illuminate\\Http\\Request), Object(Closure))
#36 C:\\laragon\\www\\es_ldcu2\\vendor\\laravel\\framework\\src\\Illuminate\\Foundation\\Http\\Middleware\\TransformsRequest.php(21): Illuminate\\Pipeline\\Pipeline->Illuminate\\Pipeline\\{closure}(Object(Illuminate\\Http\\Request))
#37 C:\\laragon\\www\\es_ldcu2\\vendor\\laravel\\framework\\src\\Illuminate\\Pipeline\\Pipeline.php(171): Illuminate\\Foundation\\Http\\Middleware\\TransformsRequest->handle(Object(Illuminate\\Http\\Request), Object(Closure))
#38 C:\\laragon\\www\\es_ldcu2\\vendor\\laravel\\framework\\src\\Illuminate\\Foundation\\Http\\Middleware\\ValidatePostSize.php(27): Illuminate\\Pipeline\\Pipeline->Illuminate\\Pipeline\\{closure}(Object(Illuminate\\Http\\Request))
#39 C:\\laragon\\www\\es_ldcu2\\vendor\\laravel\\framework\\src\\Illuminate\\Pipeline\\Pipeline.php(171): Illuminate\\Foundation\\Http\\Middleware\\ValidatePostSize->handle(Object(Illuminate\\Http\\Request), Object(Closure))
#40 C:\\laragon\\www\\es_ldcu2\\vendor\\laravel\\framework\\src\\Illuminate\\Foundation\\Http\\Middleware\\CheckForMaintenanceMode.php(63): Illuminate\\Pipeline\\Pipeline->Illuminate\\Pipeline\\{closure}(Object(Illuminate\\Http\\Request))
#41 C:\\laragon\\www\\es_ldcu2\\vendor\\laravel\\framework\\src\\Illuminate\\Pipeline\\Pipeline.php(171): Illuminate\\Foundation\\Http\\Middleware\\CheckForMaintenanceMode->handle(Object(Illuminate\\Http\\Request), Object(Closure))
#42 C:\\laragon\\www\\es_ldcu2\\vendor\\fideloper\\proxy\\src\\TrustProxies.php(57): Illuminate\\Pipeline\\Pipeline->Illuminate\\Pipeline\\{closure}(Object(Illuminate\\Http\\Request))
#43 C:\\laragon\\www\\es_ldcu2\\vendor\\laravel\\framework\\src\\Illuminate\\Pipeline\\Pipeline.php(171): Fideloper\\Proxy\\TrustProxies->handle(Object(Illuminate\\Http\\Request), Object(Closure))
#44 C:\\laragon\\www\\es_ldcu2\\vendor\\laravel\\framework\\src\\Illuminate\\Pipeline\\Pipeline.php(105): Illuminate\\Pipeline\\Pipeline->Illuminate\\Pipeline\\{closure}(Object(Illuminate\\Http\\Request))
#45 C:\\laragon\\www\\es_ldcu2\\vendor\\laravel\\framework\\src\\Illuminate\\Foundation\\Http\\Kernel.php(145): Illuminate\\Pipeline\\Pipeline->then(Object(Closure))
#46 C:\\laragon\\www\\es_ldcu2\\vendor\\laravel\\framework\\src\\Illuminate\\Foundation\\Http\\Kernel.php(110): Illuminate\\Foundation\\Http\\Kernel->sendRequestThroughRouter(Object(Illuminate\\Http\\Request))
#47 C:\\laragon\\www\\es_ldcu2\\public\\index.php(55): Illuminate\\Foundation\\Http\\Kernel->handle(Object(Illuminate\\Http\\Request))
#48 C:\\laragon\\www\\es_ldcu2\\server.php(21): require_once('C:\\\\laragon\\\\www\\\\...')
#49 {main}
"} 
[2025-07-14 08:06:20] local.ERROR: Undefined property: stdClass::$studentid {"userId":1,"exception":"[object] (ErrorException(code: 0): Undefined property: stdClass::$studentid at C:\\laragon\\www\\es_ldcu2\\app\\Http\\Controllers\\Migration\\RegistrarMigration.php:627)
[stacktrace]
#0 C:\\laragon\\www\\es_ldcu2\\app\\Http\\Controllers\\Migration\\RegistrarMigration.php(627): Illuminate\\Foundation\\Bootstrap\\HandleExceptions->handleError(8, 'Undefined prope...', 'C:\\\\laragon\\\\www\\\\...', 627, Array)
#1 C:\\laragon\\www\\es_ldcu2\\vendor\\laravel\\framework\\src\\Illuminate\\Routing\\Controller.php(54): App\\Http\\Controllers\\Migration\\RegistrarMigration->downloadSf9MasterlistBatch(Object(Illuminate\\Http\\Request))
#2 C:\\laragon\\www\\es_ldcu2\\vendor\\laravel\\framework\\src\\Illuminate\\Routing\\ControllerDispatcher.php(45): Illuminate\\Routing\\Controller->callAction('downloadSf9Mast...', Array)
#3 C:\\laragon\\www\\es_ldcu2\\vendor\\laravel\\framework\\src\\Illuminate\\Routing\\Route.php(219): Illuminate\\Routing\\ControllerDispatcher->dispatch(Object(Illuminate\\Routing\\Route), Object(App\\Http\\Controllers\\Migration\\RegistrarMigration), 'downloadSf9Mast...')
#4 C:\\laragon\\www\\es_ldcu2\\vendor\\laravel\\framework\\src\\Illuminate\\Routing\\Route.php(176): Illuminate\\Routing\\Route->runController()
#5 C:\\laragon\\www\\es_ldcu2\\vendor\\laravel\\framework\\src\\Illuminate\\Routing\\Router.php(681): Illuminate\\Routing\\Route->run()
#6 C:\\laragon\\www\\es_ldcu2\\vendor\\laravel\\framework\\src\\Illuminate\\Pipeline\\Pipeline.php(130): Illuminate\\Routing\\Router->Illuminate\\Routing\\{closure}(Object(Illuminate\\Http\\Request))
#7 C:\\laragon\\www\\es_ldcu2\\vendor\\laravel\\framework\\src\\Illuminate\\Routing\\Middleware\\SubstituteBindings.php(41): Illuminate\\Pipeline\\Pipeline->Illuminate\\Pipeline\\{closure}(Object(Illuminate\\Http\\Request))
#8 C:\\laragon\\www\\es_ldcu2\\vendor\\laravel\\framework\\src\\Illuminate\\Pipeline\\Pipeline.php(171): Illuminate\\Routing\\Middleware\\SubstituteBindings->handle(Object(Illuminate\\Http\\Request), Object(Closure))
#9 C:\\laragon\\www\\es_ldcu2\\vendor\\laravel\\framework\\src\\Illuminate\\Foundation\\Http\\Middleware\\VerifyCsrfToken.php(78): Illuminate\\Pipeline\\Pipeline->Illuminate\\Pipeline\\{closure}(Object(Illuminate\\Http\\Request))
#10 C:\\laragon\\www\\es_ldcu2\\vendor\\laravel\\framework\\src\\Illuminate\\Pipeline\\Pipeline.php(171): Illuminate\\Foundation\\Http\\Middleware\\VerifyCsrfToken->handle(Object(Illuminate\\Http\\Request), Object(Closure))
#11 C:\\laragon\\www\\es_ldcu2\\vendor\\laravel\\framework\\src\\Illuminate\\View\\Middleware\\ShareErrorsFromSession.php(49): Illuminate\\Pipeline\\Pipeline->Illuminate\\Pipeline\\{closure}(Object(Illuminate\\Http\\Request))
#12 C:\\laragon\\www\\es_ldcu2\\vendor\\laravel\\framework\\src\\Illuminate\\Pipeline\\Pipeline.php(171): Illuminate\\View\\Middleware\\ShareErrorsFromSession->handle(Object(Illuminate\\Http\\Request), Object(Closure))
#13 C:\\laragon\\www\\es_ldcu2\\vendor\\laravel\\framework\\src\\Illuminate\\Session\\Middleware\\StartSession.php(56): Illuminate\\Pipeline\\Pipeline->Illuminate\\Pipeline\\{closure}(Object(Illuminate\\Http\\Request))
#14 C:\\laragon\\www\\es_ldcu2\\vendor\\laravel\\framework\\src\\Illuminate\\Pipeline\\Pipeline.php(171): Illuminate\\Session\\Middleware\\StartSession->handle(Object(Illuminate\\Http\\Request), Object(Closure))
#15 C:\\laragon\\www\\es_ldcu2\\vendor\\laravel\\framework\\src\\Illuminate\\Cookie\\Middleware\\AddQueuedCookiesToResponse.php(37): Illuminate\\Pipeline\\Pipeline->Illuminate\\Pipeline\\{closure}(Object(Illuminate\\Http\\Request))
#16 C:\\laragon\\www\\es_ldcu2\\vendor\\laravel\\framework\\src\\Illuminate\\Pipeline\\Pipeline.php(171): Illuminate\\Cookie\\Middleware\\AddQueuedCookiesToResponse->handle(Object(Illuminate\\Http\\Request), Object(Closure))
#17 C:\\laragon\\www\\es_ldcu2\\vendor\\laravel\\framework\\src\\Illuminate\\Cookie\\Middleware\\EncryptCookies.php(67): Illuminate\\Pipeline\\Pipeline->Illuminate\\Pipeline\\{closure}(Object(Illuminate\\Http\\Request))
#18 C:\\laragon\\www\\es_ldcu2\\vendor\\laravel\\framework\\src\\Illuminate\\Pipeline\\Pipeline.php(171): Illuminate\\Cookie\\Middleware\\EncryptCookies->handle(Object(Illuminate\\Http\\Request), Object(Closure))
#19 C:\\laragon\\www\\es_ldcu2\\vendor\\laravel\\framework\\src\\Illuminate\\Pipeline\\Pipeline.php(105): Illuminate\\Pipeline\\Pipeline->Illuminate\\Pipeline\\{closure}(Object(Illuminate\\Http\\Request))
#20 C:\\laragon\\www\\es_ldcu2\\vendor\\laravel\\framework\\src\\Illuminate\\Routing\\Router.php(683): Illuminate\\Pipeline\\Pipeline->then(Object(Closure))
#21 C:\\laragon\\www\\es_ldcu2\\vendor\\laravel\\framework\\src\\Illuminate\\Routing\\Router.php(658): Illuminate\\Routing\\Router->runRouteWithinStack(Object(Illuminate\\Routing\\Route), Object(Illuminate\\Http\\Request))
#22 C:\\laragon\\www\\es_ldcu2\\vendor\\laravel\\framework\\src\\Illuminate\\Routing\\Router.php(624): Illuminate\\Routing\\Router->runRoute(Object(Illuminate\\Http\\Request), Object(Illuminate\\Routing\\Route))
#23 C:\\laragon\\www\\es_ldcu2\\vendor\\laravel\\framework\\src\\Illuminate\\Routing\\Router.php(613): Illuminate\\Routing\\Router->dispatchToRoute(Object(Illuminate\\Http\\Request))
#24 C:\\laragon\\www\\es_ldcu2\\vendor\\laravel\\framework\\src\\Illuminate\\Foundation\\Http\\Kernel.php(170): Illuminate\\Routing\\Router->dispatch(Object(Illuminate\\Http\\Request))
#25 C:\\laragon\\www\\es_ldcu2\\vendor\\laravel\\framework\\src\\Illuminate\\Pipeline\\Pipeline.php(130): Illuminate\\Foundation\\Http\\Kernel->Illuminate\\Foundation\\Http\\{closure}(Object(Illuminate\\Http\\Request))
#26 C:\\laragon\\www\\es_ldcu2\\vendor\\laravel\\framework\\src\\Illuminate\\Foundation\\Http\\Middleware\\TransformsRequest.php(21): Illuminate\\Pipeline\\Pipeline->Illuminate\\Pipeline\\{closure}(Object(Illuminate\\Http\\Request))
#27 C:\\laragon\\www\\es_ldcu2\\vendor\\laravel\\framework\\src\\Illuminate\\Pipeline\\Pipeline.php(171): Illuminate\\Foundation\\Http\\Middleware\\TransformsRequest->handle(Object(Illuminate\\Http\\Request), Object(Closure))
#28 C:\\laragon\\www\\es_ldcu2\\vendor\\laravel\\framework\\src\\Illuminate\\Foundation\\Http\\Middleware\\TransformsRequest.php(21): Illuminate\\Pipeline\\Pipeline->Illuminate\\Pipeline\\{closure}(Object(Illuminate\\Http\\Request))
#29 C:\\laragon\\www\\es_ldcu2\\vendor\\laravel\\framework\\src\\Illuminate\\Pipeline\\Pipeline.php(171): Illuminate\\Foundation\\Http\\Middleware\\TransformsRequest->handle(Object(Illuminate\\Http\\Request), Object(Closure))
#30 C:\\laragon\\www\\es_ldcu2\\vendor\\laravel\\framework\\src\\Illuminate\\Foundation\\Http\\Middleware\\ValidatePostSize.php(27): Illuminate\\Pipeline\\Pipeline->Illuminate\\Pipeline\\{closure}(Object(Illuminate\\Http\\Request))
#31 C:\\laragon\\www\\es_ldcu2\\vendor\\laravel\\framework\\src\\Illuminate\\Pipeline\\Pipeline.php(171): Illuminate\\Foundation\\Http\\Middleware\\ValidatePostSize->handle(Object(Illuminate\\Http\\Request), Object(Closure))
#32 C:\\laragon\\www\\es_ldcu2\\vendor\\laravel\\framework\\src\\Illuminate\\Foundation\\Http\\Middleware\\CheckForMaintenanceMode.php(63): Illuminate\\Pipeline\\Pipeline->Illuminate\\Pipeline\\{closure}(Object(Illuminate\\Http\\Request))
#33 C:\\laragon\\www\\es_ldcu2\\vendor\\laravel\\framework\\src\\Illuminate\\Pipeline\\Pipeline.php(171): Illuminate\\Foundation\\Http\\Middleware\\CheckForMaintenanceMode->handle(Object(Illuminate\\Http\\Request), Object(Closure))
#34 C:\\laragon\\www\\es_ldcu2\\vendor\\fideloper\\proxy\\src\\TrustProxies.php(57): Illuminate\\Pipeline\\Pipeline->Illuminate\\Pipeline\\{closure}(Object(Illuminate\\Http\\Request))
#35 C:\\laragon\\www\\es_ldcu2\\vendor\\laravel\\framework\\src\\Illuminate\\Pipeline\\Pipeline.php(171): Fideloper\\Proxy\\TrustProxies->handle(Object(Illuminate\\Http\\Request), Object(Closure))
#36 C:\\laragon\\www\\es_ldcu2\\vendor\\laravel\\framework\\src\\Illuminate\\Pipeline\\Pipeline.php(105): Illuminate\\Pipeline\\Pipeline->Illuminate\\Pipeline\\{closure}(Object(Illuminate\\Http\\Request))
#37 C:\\laragon\\www\\es_ldcu2\\vendor\\laravel\\framework\\src\\Illuminate\\Foundation\\Http\\Kernel.php(145): Illuminate\\Pipeline\\Pipeline->then(Object(Closure))
#38 C:\\laragon\\www\\es_ldcu2\\vendor\\laravel\\framework\\src\\Illuminate\\Foundation\\Http\\Kernel.php(110): Illuminate\\Foundation\\Http\\Kernel->sendRequestThroughRouter(Object(Illuminate\\Http\\Request))
#39 C:\\laragon\\www\\es_ldcu2\\public\\index.php(55): Illuminate\\Foundation\\Http\\Kernel->handle(Object(Illuminate\\Http\\Request))
#40 C:\\laragon\\www\\es_ldcu2\\server.php(21): require_once('C:\\\\laragon\\\\www\\\\...')
#41 {main}
"} 
[2025-07-14 08:07:46] local.ERROR: Undefined property: stdClass::$studentid {"userId":1,"exception":"[object] (ErrorException(code: 0): Undefined property: stdClass::$studentid at C:\\laragon\\www\\es_ldcu2\\app\\Http\\Controllers\\Migration\\RegistrarMigration.php:626)
[stacktrace]
#0 C:\\laragon\\www\\es_ldcu2\\app\\Http\\Controllers\\Migration\\RegistrarMigration.php(626): Illuminate\\Foundation\\Bootstrap\\HandleExceptions->handleError(8, 'Undefined prope...', 'C:\\\\laragon\\\\www\\\\...', 626, Array)
#1 C:\\laragon\\www\\es_ldcu2\\vendor\\laravel\\framework\\src\\Illuminate\\Routing\\Controller.php(54): App\\Http\\Controllers\\Migration\\RegistrarMigration->downloadSf9MasterlistBatch(Object(Illuminate\\Http\\Request))
#2 C:\\laragon\\www\\es_ldcu2\\vendor\\laravel\\framework\\src\\Illuminate\\Routing\\ControllerDispatcher.php(45): Illuminate\\Routing\\Controller->callAction('downloadSf9Mast...', Array)
#3 C:\\laragon\\www\\es_ldcu2\\vendor\\laravel\\framework\\src\\Illuminate\\Routing\\Route.php(219): Illuminate\\Routing\\ControllerDispatcher->dispatch(Object(Illuminate\\Routing\\Route), Object(App\\Http\\Controllers\\Migration\\RegistrarMigration), 'downloadSf9Mast...')
#4 C:\\laragon\\www\\es_ldcu2\\vendor\\laravel\\framework\\src\\Illuminate\\Routing\\Route.php(176): Illuminate\\Routing\\Route->runController()
#5 C:\\laragon\\www\\es_ldcu2\\vendor\\laravel\\framework\\src\\Illuminate\\Routing\\Router.php(681): Illuminate\\Routing\\Route->run()
#6 C:\\laragon\\www\\es_ldcu2\\vendor\\laravel\\framework\\src\\Illuminate\\Pipeline\\Pipeline.php(130): Illuminate\\Routing\\Router->Illuminate\\Routing\\{closure}(Object(Illuminate\\Http\\Request))
#7 C:\\laragon\\www\\es_ldcu2\\vendor\\laravel\\framework\\src\\Illuminate\\Routing\\Middleware\\SubstituteBindings.php(41): Illuminate\\Pipeline\\Pipeline->Illuminate\\Pipeline\\{closure}(Object(Illuminate\\Http\\Request))
#8 C:\\laragon\\www\\es_ldcu2\\vendor\\laravel\\framework\\src\\Illuminate\\Pipeline\\Pipeline.php(171): Illuminate\\Routing\\Middleware\\SubstituteBindings->handle(Object(Illuminate\\Http\\Request), Object(Closure))
#9 C:\\laragon\\www\\es_ldcu2\\vendor\\laravel\\framework\\src\\Illuminate\\Foundation\\Http\\Middleware\\VerifyCsrfToken.php(78): Illuminate\\Pipeline\\Pipeline->Illuminate\\Pipeline\\{closure}(Object(Illuminate\\Http\\Request))
#10 C:\\laragon\\www\\es_ldcu2\\vendor\\laravel\\framework\\src\\Illuminate\\Pipeline\\Pipeline.php(171): Illuminate\\Foundation\\Http\\Middleware\\VerifyCsrfToken->handle(Object(Illuminate\\Http\\Request), Object(Closure))
#11 C:\\laragon\\www\\es_ldcu2\\vendor\\laravel\\framework\\src\\Illuminate\\View\\Middleware\\ShareErrorsFromSession.php(49): Illuminate\\Pipeline\\Pipeline->Illuminate\\Pipeline\\{closure}(Object(Illuminate\\Http\\Request))
#12 C:\\laragon\\www\\es_ldcu2\\vendor\\laravel\\framework\\src\\Illuminate\\Pipeline\\Pipeline.php(171): Illuminate\\View\\Middleware\\ShareErrorsFromSession->handle(Object(Illuminate\\Http\\Request), Object(Closure))
#13 C:\\laragon\\www\\es_ldcu2\\vendor\\laravel\\framework\\src\\Illuminate\\Session\\Middleware\\StartSession.php(56): Illuminate\\Pipeline\\Pipeline->Illuminate\\Pipeline\\{closure}(Object(Illuminate\\Http\\Request))
#14 C:\\laragon\\www\\es_ldcu2\\vendor\\laravel\\framework\\src\\Illuminate\\Pipeline\\Pipeline.php(171): Illuminate\\Session\\Middleware\\StartSession->handle(Object(Illuminate\\Http\\Request), Object(Closure))
#15 C:\\laragon\\www\\es_ldcu2\\vendor\\laravel\\framework\\src\\Illuminate\\Cookie\\Middleware\\AddQueuedCookiesToResponse.php(37): Illuminate\\Pipeline\\Pipeline->Illuminate\\Pipeline\\{closure}(Object(Illuminate\\Http\\Request))
#16 C:\\laragon\\www\\es_ldcu2\\vendor\\laravel\\framework\\src\\Illuminate\\Pipeline\\Pipeline.php(171): Illuminate\\Cookie\\Middleware\\AddQueuedCookiesToResponse->handle(Object(Illuminate\\Http\\Request), Object(Closure))
#17 C:\\laragon\\www\\es_ldcu2\\vendor\\laravel\\framework\\src\\Illuminate\\Cookie\\Middleware\\EncryptCookies.php(67): Illuminate\\Pipeline\\Pipeline->Illuminate\\Pipeline\\{closure}(Object(Illuminate\\Http\\Request))
#18 C:\\laragon\\www\\es_ldcu2\\vendor\\laravel\\framework\\src\\Illuminate\\Pipeline\\Pipeline.php(171): Illuminate\\Cookie\\Middleware\\EncryptCookies->handle(Object(Illuminate\\Http\\Request), Object(Closure))
#19 C:\\laragon\\www\\es_ldcu2\\vendor\\laravel\\framework\\src\\Illuminate\\Pipeline\\Pipeline.php(105): Illuminate\\Pipeline\\Pipeline->Illuminate\\Pipeline\\{closure}(Object(Illuminate\\Http\\Request))
#20 C:\\laragon\\www\\es_ldcu2\\vendor\\laravel\\framework\\src\\Illuminate\\Routing\\Router.php(683): Illuminate\\Pipeline\\Pipeline->then(Object(Closure))
#21 C:\\laragon\\www\\es_ldcu2\\vendor\\laravel\\framework\\src\\Illuminate\\Routing\\Router.php(658): Illuminate\\Routing\\Router->runRouteWithinStack(Object(Illuminate\\Routing\\Route), Object(Illuminate\\Http\\Request))
#22 C:\\laragon\\www\\es_ldcu2\\vendor\\laravel\\framework\\src\\Illuminate\\Routing\\Router.php(624): Illuminate\\Routing\\Router->runRoute(Object(Illuminate\\Http\\Request), Object(Illuminate\\Routing\\Route))
#23 C:\\laragon\\www\\es_ldcu2\\vendor\\laravel\\framework\\src\\Illuminate\\Routing\\Router.php(613): Illuminate\\Routing\\Router->dispatchToRoute(Object(Illuminate\\Http\\Request))
#24 C:\\laragon\\www\\es_ldcu2\\vendor\\laravel\\framework\\src\\Illuminate\\Foundation\\Http\\Kernel.php(170): Illuminate\\Routing\\Router->dispatch(Object(Illuminate\\Http\\Request))
#25 C:\\laragon\\www\\es_ldcu2\\vendor\\laravel\\framework\\src\\Illuminate\\Pipeline\\Pipeline.php(130): Illuminate\\Foundation\\Http\\Kernel->Illuminate\\Foundation\\Http\\{closure}(Object(Illuminate\\Http\\Request))
#26 C:\\laragon\\www\\es_ldcu2\\vendor\\laravel\\framework\\src\\Illuminate\\Foundation\\Http\\Middleware\\TransformsRequest.php(21): Illuminate\\Pipeline\\Pipeline->Illuminate\\Pipeline\\{closure}(Object(Illuminate\\Http\\Request))
#27 C:\\laragon\\www\\es_ldcu2\\vendor\\laravel\\framework\\src\\Illuminate\\Pipeline\\Pipeline.php(171): Illuminate\\Foundation\\Http\\Middleware\\TransformsRequest->handle(Object(Illuminate\\Http\\Request), Object(Closure))
#28 C:\\laragon\\www\\es_ldcu2\\vendor\\laravel\\framework\\src\\Illuminate\\Foundation\\Http\\Middleware\\TransformsRequest.php(21): Illuminate\\Pipeline\\Pipeline->Illuminate\\Pipeline\\{closure}(Object(Illuminate\\Http\\Request))
#29 C:\\laragon\\www\\es_ldcu2\\vendor\\laravel\\framework\\src\\Illuminate\\Pipeline\\Pipeline.php(171): Illuminate\\Foundation\\Http\\Middleware\\TransformsRequest->handle(Object(Illuminate\\Http\\Request), Object(Closure))
#30 C:\\laragon\\www\\es_ldcu2\\vendor\\laravel\\framework\\src\\Illuminate\\Foundation\\Http\\Middleware\\ValidatePostSize.php(27): Illuminate\\Pipeline\\Pipeline->Illuminate\\Pipeline\\{closure}(Object(Illuminate\\Http\\Request))
#31 C:\\laragon\\www\\es_ldcu2\\vendor\\laravel\\framework\\src\\Illuminate\\Pipeline\\Pipeline.php(171): Illuminate\\Foundation\\Http\\Middleware\\ValidatePostSize->handle(Object(Illuminate\\Http\\Request), Object(Closure))
#32 C:\\laragon\\www\\es_ldcu2\\vendor\\laravel\\framework\\src\\Illuminate\\Foundation\\Http\\Middleware\\CheckForMaintenanceMode.php(63): Illuminate\\Pipeline\\Pipeline->Illuminate\\Pipeline\\{closure}(Object(Illuminate\\Http\\Request))
#33 C:\\laragon\\www\\es_ldcu2\\vendor\\laravel\\framework\\src\\Illuminate\\Pipeline\\Pipeline.php(171): Illuminate\\Foundation\\Http\\Middleware\\CheckForMaintenanceMode->handle(Object(Illuminate\\Http\\Request), Object(Closure))
#34 C:\\laragon\\www\\es_ldcu2\\vendor\\fideloper\\proxy\\src\\TrustProxies.php(57): Illuminate\\Pipeline\\Pipeline->Illuminate\\Pipeline\\{closure}(Object(Illuminate\\Http\\Request))
#35 C:\\laragon\\www\\es_ldcu2\\vendor\\laravel\\framework\\src\\Illuminate\\Pipeline\\Pipeline.php(171): Fideloper\\Proxy\\TrustProxies->handle(Object(Illuminate\\Http\\Request), Object(Closure))
#36 C:\\laragon\\www\\es_ldcu2\\vendor\\laravel\\framework\\src\\Illuminate\\Pipeline\\Pipeline.php(105): Illuminate\\Pipeline\\Pipeline->Illuminate\\Pipeline\\{closure}(Object(Illuminate\\Http\\Request))
#37 C:\\laragon\\www\\es_ldcu2\\vendor\\laravel\\framework\\src\\Illuminate\\Foundation\\Http\\Kernel.php(145): Illuminate\\Pipeline\\Pipeline->then(Object(Closure))
#38 C:\\laragon\\www\\es_ldcu2\\vendor\\laravel\\framework\\src\\Illuminate\\Foundation\\Http\\Kernel.php(110): Illuminate\\Foundation\\Http\\Kernel->sendRequestThroughRouter(Object(Illuminate\\Http\\Request))
#39 C:\\laragon\\www\\es_ldcu2\\public\\index.php(55): Illuminate\\Foundation\\Http\\Kernel->handle(Object(Illuminate\\Http\\Request))
#40 C:\\laragon\\www\\es_ldcu2\\server.php(21): require_once('C:\\\\laragon\\\\www\\\\...')
#41 {main}
"} 
[2025-07-14 08:08:43] local.ERROR: SQLSTATE[42S22]: Column not found: 1054 Unknown column 'studid' in 'where clause' (SQL: select * from `grades` where `studid` = 9340 and `syid` = 2) {"userId":1,"exception":"[object] (Illuminate\\Database\\QueryException(code: 42S22): SQLSTATE[42S22]: Column not found: 1054 Unknown column 'studid' in 'where clause' (SQL: select * from `grades` where `studid` = 9340 and `syid` = 2) at C:\\laragon\\www\\es_ldcu2\\vendor\\laravel\\framework\\src\\Illuminate\\Database\\Connection.php:669)
[stacktrace]
#0 C:\\laragon\\www\\es_ldcu2\\vendor\\laravel\\framework\\src\\Illuminate\\Database\\Connection.php(629): Illuminate\\Database\\Connection->runQueryCallback('select * from `...', Array, Object(Closure))
#1 C:\\laragon\\www\\es_ldcu2\\vendor\\laravel\\framework\\src\\Illuminate\\Database\\Connection.php(338): Illuminate\\Database\\Connection->run('select * from `...', Array, Object(Closure))
#2 C:\\laragon\\www\\es_ldcu2\\vendor\\laravel\\framework\\src\\Illuminate\\Database\\Query\\Builder.php(2159): Illuminate\\Database\\Connection->select('select * from `...', Array, true)
#3 C:\\laragon\\www\\es_ldcu2\\vendor\\laravel\\framework\\src\\Illuminate\\Database\\Query\\Builder.php(2147): Illuminate\\Database\\Query\\Builder->runSelect()
#4 C:\\laragon\\www\\es_ldcu2\\vendor\\laravel\\framework\\src\\Illuminate\\Database\\Query\\Builder.php(2619): Illuminate\\Database\\Query\\Builder->Illuminate\\Database\\Query\\{closure}()
#5 C:\\laragon\\www\\es_ldcu2\\vendor\\laravel\\framework\\src\\Illuminate\\Database\\Query\\Builder.php(2148): Illuminate\\Database\\Query\\Builder->onceWithColumns(Array, Object(Closure))
#6 C:\\laragon\\www\\es_ldcu2\\app\\Http\\Controllers\\Migration\\RegistrarMigration.php(640): Illuminate\\Database\\Query\\Builder->get()
#7 C:\\laragon\\www\\es_ldcu2\\vendor\\laravel\\framework\\src\\Illuminate\\Routing\\Controller.php(54): App\\Http\\Controllers\\Migration\\RegistrarMigration->downloadSf9MasterlistBatch(Object(Illuminate\\Http\\Request))
#8 C:\\laragon\\www\\es_ldcu2\\vendor\\laravel\\framework\\src\\Illuminate\\Routing\\ControllerDispatcher.php(45): Illuminate\\Routing\\Controller->callAction('downloadSf9Mast...', Array)
#9 C:\\laragon\\www\\es_ldcu2\\vendor\\laravel\\framework\\src\\Illuminate\\Routing\\Route.php(219): Illuminate\\Routing\\ControllerDispatcher->dispatch(Object(Illuminate\\Routing\\Route), Object(App\\Http\\Controllers\\Migration\\RegistrarMigration), 'downloadSf9Mast...')
#10 C:\\laragon\\www\\es_ldcu2\\vendor\\laravel\\framework\\src\\Illuminate\\Routing\\Route.php(176): Illuminate\\Routing\\Route->runController()
#11 C:\\laragon\\www\\es_ldcu2\\vendor\\laravel\\framework\\src\\Illuminate\\Routing\\Router.php(681): Illuminate\\Routing\\Route->run()
#12 C:\\laragon\\www\\es_ldcu2\\vendor\\laravel\\framework\\src\\Illuminate\\Pipeline\\Pipeline.php(130): Illuminate\\Routing\\Router->Illuminate\\Routing\\{closure}(Object(Illuminate\\Http\\Request))
#13 C:\\laragon\\www\\es_ldcu2\\vendor\\laravel\\framework\\src\\Illuminate\\Routing\\Middleware\\SubstituteBindings.php(41): Illuminate\\Pipeline\\Pipeline->Illuminate\\Pipeline\\{closure}(Object(Illuminate\\Http\\Request))
#14 C:\\laragon\\www\\es_ldcu2\\vendor\\laravel\\framework\\src\\Illuminate\\Pipeline\\Pipeline.php(171): Illuminate\\Routing\\Middleware\\SubstituteBindings->handle(Object(Illuminate\\Http\\Request), Object(Closure))
#15 C:\\laragon\\www\\es_ldcu2\\vendor\\laravel\\framework\\src\\Illuminate\\Foundation\\Http\\Middleware\\VerifyCsrfToken.php(78): Illuminate\\Pipeline\\Pipeline->Illuminate\\Pipeline\\{closure}(Object(Illuminate\\Http\\Request))
#16 C:\\laragon\\www\\es_ldcu2\\vendor\\laravel\\framework\\src\\Illuminate\\Pipeline\\Pipeline.php(171): Illuminate\\Foundation\\Http\\Middleware\\VerifyCsrfToken->handle(Object(Illuminate\\Http\\Request), Object(Closure))
#17 C:\\laragon\\www\\es_ldcu2\\vendor\\laravel\\framework\\src\\Illuminate\\View\\Middleware\\ShareErrorsFromSession.php(49): Illuminate\\Pipeline\\Pipeline->Illuminate\\Pipeline\\{closure}(Object(Illuminate\\Http\\Request))
#18 C:\\laragon\\www\\es_ldcu2\\vendor\\laravel\\framework\\src\\Illuminate\\Pipeline\\Pipeline.php(171): Illuminate\\View\\Middleware\\ShareErrorsFromSession->handle(Object(Illuminate\\Http\\Request), Object(Closure))
#19 C:\\laragon\\www\\es_ldcu2\\vendor\\laravel\\framework\\src\\Illuminate\\Session\\Middleware\\StartSession.php(56): Illuminate\\Pipeline\\Pipeline->Illuminate\\Pipeline\\{closure}(Object(Illuminate\\Http\\Request))
#20 C:\\laragon\\www\\es_ldcu2\\vendor\\laravel\\framework\\src\\Illuminate\\Pipeline\\Pipeline.php(171): Illuminate\\Session\\Middleware\\StartSession->handle(Object(Illuminate\\Http\\Request), Object(Closure))
#21 C:\\laragon\\www\\es_ldcu2\\vendor\\laravel\\framework\\src\\Illuminate\\Cookie\\Middleware\\AddQueuedCookiesToResponse.php(37): Illuminate\\Pipeline\\Pipeline->Illuminate\\Pipeline\\{closure}(Object(Illuminate\\Http\\Request))
#22 C:\\laragon\\www\\es_ldcu2\\vendor\\laravel\\framework\\src\\Illuminate\\Pipeline\\Pipeline.php(171): Illuminate\\Cookie\\Middleware\\AddQueuedCookiesToResponse->handle(Object(Illuminate\\Http\\Request), Object(Closure))
#23 C:\\laragon\\www\\es_ldcu2\\vendor\\laravel\\framework\\src\\Illuminate\\Cookie\\Middleware\\EncryptCookies.php(67): Illuminate\\Pipeline\\Pipeline->Illuminate\\Pipeline\\{closure}(Object(Illuminate\\Http\\Request))
#24 C:\\laragon\\www\\es_ldcu2\\vendor\\laravel\\framework\\src\\Illuminate\\Pipeline\\Pipeline.php(171): Illuminate\\Cookie\\Middleware\\EncryptCookies->handle(Object(Illuminate\\Http\\Request), Object(Closure))
#25 C:\\laragon\\www\\es_ldcu2\\vendor\\laravel\\framework\\src\\Illuminate\\Pipeline\\Pipeline.php(105): Illuminate\\Pipeline\\Pipeline->Illuminate\\Pipeline\\{closure}(Object(Illuminate\\Http\\Request))
#26 C:\\laragon\\www\\es_ldcu2\\vendor\\laravel\\framework\\src\\Illuminate\\Routing\\Router.php(683): Illuminate\\Pipeline\\Pipeline->then(Object(Closure))
#27 C:\\laragon\\www\\es_ldcu2\\vendor\\laravel\\framework\\src\\Illuminate\\Routing\\Router.php(658): Illuminate\\Routing\\Router->runRouteWithinStack(Object(Illuminate\\Routing\\Route), Object(Illuminate\\Http\\Request))
#28 C:\\laragon\\www\\es_ldcu2\\vendor\\laravel\\framework\\src\\Illuminate\\Routing\\Router.php(624): Illuminate\\Routing\\Router->runRoute(Object(Illuminate\\Http\\Request), Object(Illuminate\\Routing\\Route))
#29 C:\\laragon\\www\\es_ldcu2\\vendor\\laravel\\framework\\src\\Illuminate\\Routing\\Router.php(613): Illuminate\\Routing\\Router->dispatchToRoute(Object(Illuminate\\Http\\Request))
#30 C:\\laragon\\www\\es_ldcu2\\vendor\\laravel\\framework\\src\\Illuminate\\Foundation\\Http\\Kernel.php(170): Illuminate\\Routing\\Router->dispatch(Object(Illuminate\\Http\\Request))
#31 C:\\laragon\\www\\es_ldcu2\\vendor\\laravel\\framework\\src\\Illuminate\\Pipeline\\Pipeline.php(130): Illuminate\\Foundation\\Http\\Kernel->Illuminate\\Foundation\\Http\\{closure}(Object(Illuminate\\Http\\Request))
#32 C:\\laragon\\www\\es_ldcu2\\vendor\\laravel\\framework\\src\\Illuminate\\Foundation\\Http\\Middleware\\TransformsRequest.php(21): Illuminate\\Pipeline\\Pipeline->Illuminate\\Pipeline\\{closure}(Object(Illuminate\\Http\\Request))
#33 C:\\laragon\\www\\es_ldcu2\\vendor\\laravel\\framework\\src\\Illuminate\\Pipeline\\Pipeline.php(171): Illuminate\\Foundation\\Http\\Middleware\\TransformsRequest->handle(Object(Illuminate\\Http\\Request), Object(Closure))
#34 C:\\laragon\\www\\es_ldcu2\\vendor\\laravel\\framework\\src\\Illuminate\\Foundation\\Http\\Middleware\\TransformsRequest.php(21): Illuminate\\Pipeline\\Pipeline->Illuminate\\Pipeline\\{closure}(Object(Illuminate\\Http\\Request))
#35 C:\\laragon\\www\\es_ldcu2\\vendor\\laravel\\framework\\src\\Illuminate\\Pipeline\\Pipeline.php(171): Illuminate\\Foundation\\Http\\Middleware\\TransformsRequest->handle(Object(Illuminate\\Http\\Request), Object(Closure))
#36 C:\\laragon\\www\\es_ldcu2\\vendor\\laravel\\framework\\src\\Illuminate\\Foundation\\Http\\Middleware\\ValidatePostSize.php(27): Illuminate\\Pipeline\\Pipeline->Illuminate\\Pipeline\\{closure}(Object(Illuminate\\Http\\Request))
#37 C:\\laragon\\www\\es_ldcu2\\vendor\\laravel\\framework\\src\\Illuminate\\Pipeline\\Pipeline.php(171): Illuminate\\Foundation\\Http\\Middleware\\ValidatePostSize->handle(Object(Illuminate\\Http\\Request), Object(Closure))
#38 C:\\laragon\\www\\es_ldcu2\\vendor\\laravel\\framework\\src\\Illuminate\\Foundation\\Http\\Middleware\\CheckForMaintenanceMode.php(63): Illuminate\\Pipeline\\Pipeline->Illuminate\\Pipeline\\{closure}(Object(Illuminate\\Http\\Request))
#39 C:\\laragon\\www\\es_ldcu2\\vendor\\laravel\\framework\\src\\Illuminate\\Pipeline\\Pipeline.php(171): Illuminate\\Foundation\\Http\\Middleware\\CheckForMaintenanceMode->handle(Object(Illuminate\\Http\\Request), Object(Closure))
#40 C:\\laragon\\www\\es_ldcu2\\vendor\\fideloper\\proxy\\src\\TrustProxies.php(57): Illuminate\\Pipeline\\Pipeline->Illuminate\\Pipeline\\{closure}(Object(Illuminate\\Http\\Request))
#41 C:\\laragon\\www\\es_ldcu2\\vendor\\laravel\\framework\\src\\Illuminate\\Pipeline\\Pipeline.php(171): Fideloper\\Proxy\\TrustProxies->handle(Object(Illuminate\\Http\\Request), Object(Closure))
#42 C:\\laragon\\www\\es_ldcu2\\vendor\\laravel\\framework\\src\\Illuminate\\Pipeline\\Pipeline.php(105): Illuminate\\Pipeline\\Pipeline->Illuminate\\Pipeline\\{closure}(Object(Illuminate\\Http\\Request))
#43 C:\\laragon\\www\\es_ldcu2\\vendor\\laravel\\framework\\src\\Illuminate\\Foundation\\Http\\Kernel.php(145): Illuminate\\Pipeline\\Pipeline->then(Object(Closure))
#44 C:\\laragon\\www\\es_ldcu2\\vendor\\laravel\\framework\\src\\Illuminate\\Foundation\\Http\\Kernel.php(110): Illuminate\\Foundation\\Http\\Kernel->sendRequestThroughRouter(Object(Illuminate\\Http\\Request))
#45 C:\\laragon\\www\\es_ldcu2\\public\\index.php(55): Illuminate\\Foundation\\Http\\Kernel->handle(Object(Illuminate\\Http\\Request))
#46 C:\\laragon\\www\\es_ldcu2\\server.php(21): require_once('C:\\\\laragon\\\\www\\\\...')
#47 {main}

[previous exception] [object] (PDOException(code: 42S22): SQLSTATE[42S22]: Column not found: 1054 Unknown column 'studid' in 'where clause' at C:\\laragon\\www\\es_ldcu2\\vendor\\laravel\\framework\\src\\Illuminate\\Database\\Connection.php:331)
[stacktrace]
#0 C:\\laragon\\www\\es_ldcu2\\vendor\\laravel\\framework\\src\\Illuminate\\Database\\Connection.php(331): PDO->prepare('select * from `...')
#1 C:\\laragon\\www\\es_ldcu2\\vendor\\laravel\\framework\\src\\Illuminate\\Database\\Connection.php(662): Illuminate\\Database\\Connection->Illuminate\\Database\\{closure}('select * from `...', Array)
#2 C:\\laragon\\www\\es_ldcu2\\vendor\\laravel\\framework\\src\\Illuminate\\Database\\Connection.php(629): Illuminate\\Database\\Connection->runQueryCallback('select * from `...', Array, Object(Closure))
#3 C:\\laragon\\www\\es_ldcu2\\vendor\\laravel\\framework\\src\\Illuminate\\Database\\Connection.php(338): Illuminate\\Database\\Connection->run('select * from `...', Array, Object(Closure))
#4 C:\\laragon\\www\\es_ldcu2\\vendor\\laravel\\framework\\src\\Illuminate\\Database\\Query\\Builder.php(2159): Illuminate\\Database\\Connection->select('select * from `...', Array, true)
#5 C:\\laragon\\www\\es_ldcu2\\vendor\\laravel\\framework\\src\\Illuminate\\Database\\Query\\Builder.php(2147): Illuminate\\Database\\Query\\Builder->runSelect()
#6 C:\\laragon\\www\\es_ldcu2\\vendor\\laravel\\framework\\src\\Illuminate\\Database\\Query\\Builder.php(2619): Illuminate\\Database\\Query\\Builder->Illuminate\\Database\\Query\\{closure}()
#7 C:\\laragon\\www\\es_ldcu2\\vendor\\laravel\\framework\\src\\Illuminate\\Database\\Query\\Builder.php(2148): Illuminate\\Database\\Query\\Builder->onceWithColumns(Array, Object(Closure))
#8 C:\\laragon\\www\\es_ldcu2\\app\\Http\\Controllers\\Migration\\RegistrarMigration.php(640): Illuminate\\Database\\Query\\Builder->get()
#9 C:\\laragon\\www\\es_ldcu2\\vendor\\laravel\\framework\\src\\Illuminate\\Routing\\Controller.php(54): App\\Http\\Controllers\\Migration\\RegistrarMigration->downloadSf9MasterlistBatch(Object(Illuminate\\Http\\Request))
#10 C:\\laragon\\www\\es_ldcu2\\vendor\\laravel\\framework\\src\\Illuminate\\Routing\\ControllerDispatcher.php(45): Illuminate\\Routing\\Controller->callAction('downloadSf9Mast...', Array)
#11 C:\\laragon\\www\\es_ldcu2\\vendor\\laravel\\framework\\src\\Illuminate\\Routing\\Route.php(219): Illuminate\\Routing\\ControllerDispatcher->dispatch(Object(Illuminate\\Routing\\Route), Object(App\\Http\\Controllers\\Migration\\RegistrarMigration), 'downloadSf9Mast...')
#12 C:\\laragon\\www\\es_ldcu2\\vendor\\laravel\\framework\\src\\Illuminate\\Routing\\Route.php(176): Illuminate\\Routing\\Route->runController()
#13 C:\\laragon\\www\\es_ldcu2\\vendor\\laravel\\framework\\src\\Illuminate\\Routing\\Router.php(681): Illuminate\\Routing\\Route->run()
#14 C:\\laragon\\www\\es_ldcu2\\vendor\\laravel\\framework\\src\\Illuminate\\Pipeline\\Pipeline.php(130): Illuminate\\Routing\\Router->Illuminate\\Routing\\{closure}(Object(Illuminate\\Http\\Request))
#15 C:\\laragon\\www\\es_ldcu2\\vendor\\laravel\\framework\\src\\Illuminate\\Routing\\Middleware\\SubstituteBindings.php(41): Illuminate\\Pipeline\\Pipeline->Illuminate\\Pipeline\\{closure}(Object(Illuminate\\Http\\Request))
#16 C:\\laragon\\www\\es_ldcu2\\vendor\\laravel\\framework\\src\\Illuminate\\Pipeline\\Pipeline.php(171): Illuminate\\Routing\\Middleware\\SubstituteBindings->handle(Object(Illuminate\\Http\\Request), Object(Closure))
#17 C:\\laragon\\www\\es_ldcu2\\vendor\\laravel\\framework\\src\\Illuminate\\Foundation\\Http\\Middleware\\VerifyCsrfToken.php(78): Illuminate\\Pipeline\\Pipeline->Illuminate\\Pipeline\\{closure}(Object(Illuminate\\Http\\Request))
#18 C:\\laragon\\www\\es_ldcu2\\vendor\\laravel\\framework\\src\\Illuminate\\Pipeline\\Pipeline.php(171): Illuminate\\Foundation\\Http\\Middleware\\VerifyCsrfToken->handle(Object(Illuminate\\Http\\Request), Object(Closure))
#19 C:\\laragon\\www\\es_ldcu2\\vendor\\laravel\\framework\\src\\Illuminate\\View\\Middleware\\ShareErrorsFromSession.php(49): Illuminate\\Pipeline\\Pipeline->Illuminate\\Pipeline\\{closure}(Object(Illuminate\\Http\\Request))
#20 C:\\laragon\\www\\es_ldcu2\\vendor\\laravel\\framework\\src\\Illuminate\\Pipeline\\Pipeline.php(171): Illuminate\\View\\Middleware\\ShareErrorsFromSession->handle(Object(Illuminate\\Http\\Request), Object(Closure))
#21 C:\\laragon\\www\\es_ldcu2\\vendor\\laravel\\framework\\src\\Illuminate\\Session\\Middleware\\StartSession.php(56): Illuminate\\Pipeline\\Pipeline->Illuminate\\Pipeline\\{closure}(Object(Illuminate\\Http\\Request))
#22 C:\\laragon\\www\\es_ldcu2\\vendor\\laravel\\framework\\src\\Illuminate\\Pipeline\\Pipeline.php(171): Illuminate\\Session\\Middleware\\StartSession->handle(Object(Illuminate\\Http\\Request), Object(Closure))
#23 C:\\laragon\\www\\es_ldcu2\\vendor\\laravel\\framework\\src\\Illuminate\\Cookie\\Middleware\\AddQueuedCookiesToResponse.php(37): Illuminate\\Pipeline\\Pipeline->Illuminate\\Pipeline\\{closure}(Object(Illuminate\\Http\\Request))
#24 C:\\laragon\\www\\es_ldcu2\\vendor\\laravel\\framework\\src\\Illuminate\\Pipeline\\Pipeline.php(171): Illuminate\\Cookie\\Middleware\\AddQueuedCookiesToResponse->handle(Object(Illuminate\\Http\\Request), Object(Closure))
#25 C:\\laragon\\www\\es_ldcu2\\vendor\\laravel\\framework\\src\\Illuminate\\Cookie\\Middleware\\EncryptCookies.php(67): Illuminate\\Pipeline\\Pipeline->Illuminate\\Pipeline\\{closure}(Object(Illuminate\\Http\\Request))
#26 C:\\laragon\\www\\es_ldcu2\\vendor\\laravel\\framework\\src\\Illuminate\\Pipeline\\Pipeline.php(171): Illuminate\\Cookie\\Middleware\\EncryptCookies->handle(Object(Illuminate\\Http\\Request), Object(Closure))
#27 C:\\laragon\\www\\es_ldcu2\\vendor\\laravel\\framework\\src\\Illuminate\\Pipeline\\Pipeline.php(105): Illuminate\\Pipeline\\Pipeline->Illuminate\\Pipeline\\{closure}(Object(Illuminate\\Http\\Request))
#28 C:\\laragon\\www\\es_ldcu2\\vendor\\laravel\\framework\\src\\Illuminate\\Routing\\Router.php(683): Illuminate\\Pipeline\\Pipeline->then(Object(Closure))
#29 C:\\laragon\\www\\es_ldcu2\\vendor\\laravel\\framework\\src\\Illuminate\\Routing\\Router.php(658): Illuminate\\Routing\\Router->runRouteWithinStack(Object(Illuminate\\Routing\\Route), Object(Illuminate\\Http\\Request))
#30 C:\\laragon\\www\\es_ldcu2\\vendor\\laravel\\framework\\src\\Illuminate\\Routing\\Router.php(624): Illuminate\\Routing\\Router->runRoute(Object(Illuminate\\Http\\Request), Object(Illuminate\\Routing\\Route))
#31 C:\\laragon\\www\\es_ldcu2\\vendor\\laravel\\framework\\src\\Illuminate\\Routing\\Router.php(613): Illuminate\\Routing\\Router->dispatchToRoute(Object(Illuminate\\Http\\Request))
#32 C:\\laragon\\www\\es_ldcu2\\vendor\\laravel\\framework\\src\\Illuminate\\Foundation\\Http\\Kernel.php(170): Illuminate\\Routing\\Router->dispatch(Object(Illuminate\\Http\\Request))
#33 C:\\laragon\\www\\es_ldcu2\\vendor\\laravel\\framework\\src\\Illuminate\\Pipeline\\Pipeline.php(130): Illuminate\\Foundation\\Http\\Kernel->Illuminate\\Foundation\\Http\\{closure}(Object(Illuminate\\Http\\Request))
#34 C:\\laragon\\www\\es_ldcu2\\vendor\\laravel\\framework\\src\\Illuminate\\Foundation\\Http\\Middleware\\TransformsRequest.php(21): Illuminate\\Pipeline\\Pipeline->Illuminate\\Pipeline\\{closure}(Object(Illuminate\\Http\\Request))
#35 C:\\laragon\\www\\es_ldcu2\\vendor\\laravel\\framework\\src\\Illuminate\\Pipeline\\Pipeline.php(171): Illuminate\\Foundation\\Http\\Middleware\\TransformsRequest->handle(Object(Illuminate\\Http\\Request), Object(Closure))
#36 C:\\laragon\\www\\es_ldcu2\\vendor\\laravel\\framework\\src\\Illuminate\\Foundation\\Http\\Middleware\\TransformsRequest.php(21): Illuminate\\Pipeline\\Pipeline->Illuminate\\Pipeline\\{closure}(Object(Illuminate\\Http\\Request))
#37 C:\\laragon\\www\\es_ldcu2\\vendor\\laravel\\framework\\src\\Illuminate\\Pipeline\\Pipeline.php(171): Illuminate\\Foundation\\Http\\Middleware\\TransformsRequest->handle(Object(Illuminate\\Http\\Request), Object(Closure))
#38 C:\\laragon\\www\\es_ldcu2\\vendor\\laravel\\framework\\src\\Illuminate\\Foundation\\Http\\Middleware\\ValidatePostSize.php(27): Illuminate\\Pipeline\\Pipeline->Illuminate\\Pipeline\\{closure}(Object(Illuminate\\Http\\Request))
#39 C:\\laragon\\www\\es_ldcu2\\vendor\\laravel\\framework\\src\\Illuminate\\Pipeline\\Pipeline.php(171): Illuminate\\Foundation\\Http\\Middleware\\ValidatePostSize->handle(Object(Illuminate\\Http\\Request), Object(Closure))
#40 C:\\laragon\\www\\es_ldcu2\\vendor\\laravel\\framework\\src\\Illuminate\\Foundation\\Http\\Middleware\\CheckForMaintenanceMode.php(63): Illuminate\\Pipeline\\Pipeline->Illuminate\\Pipeline\\{closure}(Object(Illuminate\\Http\\Request))
#41 C:\\laragon\\www\\es_ldcu2\\vendor\\laravel\\framework\\src\\Illuminate\\Pipeline\\Pipeline.php(171): Illuminate\\Foundation\\Http\\Middleware\\CheckForMaintenanceMode->handle(Object(Illuminate\\Http\\Request), Object(Closure))
#42 C:\\laragon\\www\\es_ldcu2\\vendor\\fideloper\\proxy\\src\\TrustProxies.php(57): Illuminate\\Pipeline\\Pipeline->Illuminate\\Pipeline\\{closure}(Object(Illuminate\\Http\\Request))
#43 C:\\laragon\\www\\es_ldcu2\\vendor\\laravel\\framework\\src\\Illuminate\\Pipeline\\Pipeline.php(171): Fideloper\\Proxy\\TrustProxies->handle(Object(Illuminate\\Http\\Request), Object(Closure))
#44 C:\\laragon\\www\\es_ldcu2\\vendor\\laravel\\framework\\src\\Illuminate\\Pipeline\\Pipeline.php(105): Illuminate\\Pipeline\\Pipeline->Illuminate\\Pipeline\\{closure}(Object(Illuminate\\Http\\Request))
#45 C:\\laragon\\www\\es_ldcu2\\vendor\\laravel\\framework\\src\\Illuminate\\Foundation\\Http\\Kernel.php(145): Illuminate\\Pipeline\\Pipeline->then(Object(Closure))
#46 C:\\laragon\\www\\es_ldcu2\\vendor\\laravel\\framework\\src\\Illuminate\\Foundation\\Http\\Kernel.php(110): Illuminate\\Foundation\\Http\\Kernel->sendRequestThroughRouter(Object(Illuminate\\Http\\Request))
#47 C:\\laragon\\www\\es_ldcu2\\public\\index.php(55): Illuminate\\Foundation\\Http\\Kernel->handle(Object(Illuminate\\Http\\Request))
#48 C:\\laragon\\www\\es_ldcu2\\server.php(21): require_once('C:\\\\laragon\\\\www\\\\...')
#49 {main}
"} 
[2025-07-14 08:27:29] local.ERROR: syntax error, unexpected ';', expecting ')' {"exception":"[object] (Symfony\\Component\\Debug\\Exception\\FatalThrowableError(code: 0): syntax error, unexpected ';', expecting ')' at C:\\laragon\\www\\es_ldcu2\\app\\Http\\Controllers\\Migration\\RegistrarMigration.php:610)
[stacktrace]
#0 C:\\laragon\\www\\es_ldcu2\\vendor\\composer\\ClassLoader.php(428): Composer\\Autoload\\includeFile('C:\\\\laragon\\\\www\\\\...')
#1 [internal function]: Composer\\Autoload\\ClassLoader->loadClass('App\\\\Http\\\\Contro...')
#2 [internal function]: spl_autoload_call('App\\\\Http\\\\Contro...')
#3 C:\\laragon\\www\\es_ldcu2\\vendor\\laravel\\framework\\src\\Illuminate\\Container\\Container.php(803): ReflectionClass->__construct('App\\\\Http\\\\Contro...')
#4 C:\\laragon\\www\\es_ldcu2\\vendor\\laravel\\framework\\src\\Illuminate\\Container\\Container.php(681): Illuminate\\Container\\Container->build('App\\\\Http\\\\Contro...')
#5 C:\\laragon\\www\\es_ldcu2\\vendor\\laravel\\framework\\src\\Illuminate\\Foundation\\Application.php(787): Illuminate\\Container\\Container->resolve('App\\\\Http\\\\Contro...', Array, true)
#6 C:\\laragon\\www\\es_ldcu2\\vendor\\laravel\\framework\\src\\Illuminate\\Container\\Container.php(629): Illuminate\\Foundation\\Application->resolve('App\\\\Http\\\\Contro...', Array)
#7 C:\\laragon\\www\\es_ldcu2\\vendor\\laravel\\framework\\src\\Illuminate\\Foundation\\Application.php(772): Illuminate\\Container\\Container->make('App\\\\Http\\\\Contro...', Array)
#8 C:\\laragon\\www\\es_ldcu2\\vendor\\laravel\\framework\\src\\Illuminate\\Routing\\Route.php(233): Illuminate\\Foundation\\Application->make('App\\\\Http\\\\Contro...')
#9 C:\\laragon\\www\\es_ldcu2\\vendor\\laravel\\framework\\src\\Illuminate\\Routing\\Route.php(833): Illuminate\\Routing\\Route->getController()
#10 C:\\laragon\\www\\es_ldcu2\\vendor\\laravel\\framework\\src\\Illuminate\\Routing\\Route.php(794): Illuminate\\Routing\\Route->controllerMiddleware()
#11 C:\\laragon\\www\\es_ldcu2\\vendor\\laravel\\framework\\src\\Illuminate\\Routing\\Router.php(694): Illuminate\\Routing\\Route->gatherMiddleware()
#12 C:\\laragon\\www\\es_ldcu2\\vendor\\laravel\\framework\\src\\Illuminate\\Routing\\Router.php(674): Illuminate\\Routing\\Router->gatherRouteMiddleware(Object(Illuminate\\Routing\\Route))
#13 C:\\laragon\\www\\es_ldcu2\\vendor\\laravel\\framework\\src\\Illuminate\\Routing\\Router.php(658): Illuminate\\Routing\\Router->runRouteWithinStack(Object(Illuminate\\Routing\\Route), Object(Illuminate\\Http\\Request))
#14 C:\\laragon\\www\\es_ldcu2\\vendor\\laravel\\framework\\src\\Illuminate\\Routing\\Router.php(624): Illuminate\\Routing\\Router->runRoute(Object(Illuminate\\Http\\Request), Object(Illuminate\\Routing\\Route))
#15 C:\\laragon\\www\\es_ldcu2\\vendor\\laravel\\framework\\src\\Illuminate\\Routing\\Router.php(613): Illuminate\\Routing\\Router->dispatchToRoute(Object(Illuminate\\Http\\Request))
#16 C:\\laragon\\www\\es_ldcu2\\vendor\\laravel\\framework\\src\\Illuminate\\Foundation\\Http\\Kernel.php(170): Illuminate\\Routing\\Router->dispatch(Object(Illuminate\\Http\\Request))
#17 C:\\laragon\\www\\es_ldcu2\\vendor\\laravel\\framework\\src\\Illuminate\\Pipeline\\Pipeline.php(130): Illuminate\\Foundation\\Http\\Kernel->Illuminate\\Foundation\\Http\\{closure}(Object(Illuminate\\Http\\Request))
#18 C:\\laragon\\www\\es_ldcu2\\vendor\\laravel\\framework\\src\\Illuminate\\Foundation\\Http\\Middleware\\TransformsRequest.php(21): Illuminate\\Pipeline\\Pipeline->Illuminate\\Pipeline\\{closure}(Object(Illuminate\\Http\\Request))
#19 C:\\laragon\\www\\es_ldcu2\\vendor\\laravel\\framework\\src\\Illuminate\\Pipeline\\Pipeline.php(171): Illuminate\\Foundation\\Http\\Middleware\\TransformsRequest->handle(Object(Illuminate\\Http\\Request), Object(Closure))
#20 C:\\laragon\\www\\es_ldcu2\\vendor\\laravel\\framework\\src\\Illuminate\\Foundation\\Http\\Middleware\\TransformsRequest.php(21): Illuminate\\Pipeline\\Pipeline->Illuminate\\Pipeline\\{closure}(Object(Illuminate\\Http\\Request))
#21 C:\\laragon\\www\\es_ldcu2\\vendor\\laravel\\framework\\src\\Illuminate\\Pipeline\\Pipeline.php(171): Illuminate\\Foundation\\Http\\Middleware\\TransformsRequest->handle(Object(Illuminate\\Http\\Request), Object(Closure))
#22 C:\\laragon\\www\\es_ldcu2\\vendor\\laravel\\framework\\src\\Illuminate\\Foundation\\Http\\Middleware\\ValidatePostSize.php(27): Illuminate\\Pipeline\\Pipeline->Illuminate\\Pipeline\\{closure}(Object(Illuminate\\Http\\Request))
#23 C:\\laragon\\www\\es_ldcu2\\vendor\\laravel\\framework\\src\\Illuminate\\Pipeline\\Pipeline.php(171): Illuminate\\Foundation\\Http\\Middleware\\ValidatePostSize->handle(Object(Illuminate\\Http\\Request), Object(Closure))
#24 C:\\laragon\\www\\es_ldcu2\\vendor\\laravel\\framework\\src\\Illuminate\\Foundation\\Http\\Middleware\\CheckForMaintenanceMode.php(63): Illuminate\\Pipeline\\Pipeline->Illuminate\\Pipeline\\{closure}(Object(Illuminate\\Http\\Request))
#25 C:\\laragon\\www\\es_ldcu2\\vendor\\laravel\\framework\\src\\Illuminate\\Pipeline\\Pipeline.php(171): Illuminate\\Foundation\\Http\\Middleware\\CheckForMaintenanceMode->handle(Object(Illuminate\\Http\\Request), Object(Closure))
#26 C:\\laragon\\www\\es_ldcu2\\vendor\\fideloper\\proxy\\src\\TrustProxies.php(57): Illuminate\\Pipeline\\Pipeline->Illuminate\\Pipeline\\{closure}(Object(Illuminate\\Http\\Request))
#27 C:\\laragon\\www\\es_ldcu2\\vendor\\laravel\\framework\\src\\Illuminate\\Pipeline\\Pipeline.php(171): Fideloper\\Proxy\\TrustProxies->handle(Object(Illuminate\\Http\\Request), Object(Closure))
#28 C:\\laragon\\www\\es_ldcu2\\vendor\\laravel\\framework\\src\\Illuminate\\Pipeline\\Pipeline.php(105): Illuminate\\Pipeline\\Pipeline->Illuminate\\Pipeline\\{closure}(Object(Illuminate\\Http\\Request))
#29 C:\\laragon\\www\\es_ldcu2\\vendor\\laravel\\framework\\src\\Illuminate\\Foundation\\Http\\Kernel.php(145): Illuminate\\Pipeline\\Pipeline->then(Object(Closure))
#30 C:\\laragon\\www\\es_ldcu2\\vendor\\laravel\\framework\\src\\Illuminate\\Foundation\\Http\\Kernel.php(110): Illuminate\\Foundation\\Http\\Kernel->sendRequestThroughRouter(Object(Illuminate\\Http\\Request))
#31 C:\\laragon\\www\\es_ldcu2\\public\\index.php(55): Illuminate\\Foundation\\Http\\Kernel->handle(Object(Illuminate\\Http\\Request))
#32 C:\\laragon\\www\\es_ldcu2\\server.php(21): require_once('C:\\\\laragon\\\\www\\\\...')
#33 {main}
"} 
[2025-07-14 08:29:24] local.ERROR: Failed to generate SF9 for student 7518: Method App\Http\Controllers\Migration\RegistrarMigration::sf9pdf does not exist.  
[2025-07-14 08:29:24] local.ERROR: Failed to generate SF9 for student 7534: Method App\Http\Controllers\Migration\RegistrarMigration::sf9pdf does not exist.  
[2025-07-14 08:29:24] local.ERROR: Failed to generate SF9 for student 7911: Method App\Http\Controllers\Migration\RegistrarMigration::sf9pdf does not exist.  
[2025-07-14 08:29:24] local.ERROR: Failed to generate SF9 for student 7552: Method App\Http\Controllers\Migration\RegistrarMigration::sf9pdf does not exist.  
[2025-07-14 08:29:24] local.ERROR: Failed to generate SF9 for student 7553: Method App\Http\Controllers\Migration\RegistrarMigration::sf9pdf does not exist.  
[2025-07-14 08:29:24] local.ERROR: Failed to generate SF9 for student 7915: Method App\Http\Controllers\Migration\RegistrarMigration::sf9pdf does not exist.  
[2025-07-14 08:29:24] local.ERROR: Failed to generate SF9 for student 7916: Method App\Http\Controllers\Migration\RegistrarMigration::sf9pdf does not exist.  
[2025-07-14 08:29:24] local.ERROR: Failed to generate SF9 for student 7922: Method App\Http\Controllers\Migration\RegistrarMigration::sf9pdf does not exist.  
[2025-07-14 08:29:24] local.ERROR: Failed to generate SF9 for student 8000: Method App\Http\Controllers\Migration\RegistrarMigration::sf9pdf does not exist.  
[2025-07-14 08:29:24] local.ERROR: Failed to generate SF9 for student 8001: Method App\Http\Controllers\Migration\RegistrarMigration::sf9pdf does not exist.  
[2025-07-14 08:29:24] local.ERROR: Failed to generate SF9 for student 8006: Method App\Http\Controllers\Migration\RegistrarMigration::sf9pdf does not exist.  
[2025-07-14 08:29:24] local.ERROR: Failed to generate SF9 for student 8058: Method App\Http\Controllers\Migration\RegistrarMigration::sf9pdf does not exist.  
[2025-07-14 08:29:24] local.ERROR: Failed to generate SF9 for student 8059: Method App\Http\Controllers\Migration\RegistrarMigration::sf9pdf does not exist.  
[2025-07-14 08:29:24] local.ERROR: Failed to generate SF9 for student 8060: Method App\Http\Controllers\Migration\RegistrarMigration::sf9pdf does not exist.  
[2025-07-14 08:29:24] local.ERROR: Failed to generate SF9 for student 8876: Method App\Http\Controllers\Migration\RegistrarMigration::sf9pdf does not exist.  
[2025-07-14 08:29:24] local.ERROR: Failed to generate SF9 for student 8884: Method App\Http\Controllers\Migration\RegistrarMigration::sf9pdf does not exist.  
[2025-07-14 08:29:24] local.ERROR: Failed to generate SF9 for student 8885: Method App\Http\Controllers\Migration\RegistrarMigration::sf9pdf does not exist.  
[2025-07-14 08:29:24] local.ERROR: Failed to generate SF9 for student 8886: Method App\Http\Controllers\Migration\RegistrarMigration::sf9pdf does not exist.  
[2025-07-14 08:29:24] local.ERROR: Failed to generate SF9 for student 8880: Method App\Http\Controllers\Migration\RegistrarMigration::sf9pdf does not exist.  
[2025-07-14 08:29:24] local.ERROR: Failed to generate SF9 for student 8931: Method App\Http\Controllers\Migration\RegistrarMigration::sf9pdf does not exist.  
[2025-07-14 08:29:24] local.ERROR: Failed to generate SF9 for student 8927: Method App\Http\Controllers\Migration\RegistrarMigration::sf9pdf does not exist.  
[2025-07-14 08:29:24] local.ERROR: Failed to generate SF9 for student 8940: Method App\Http\Controllers\Migration\RegistrarMigration::sf9pdf does not exist.  
[2025-07-14 08:29:24] local.ERROR: Failed to generate SF9 for student 8960: Method App\Http\Controllers\Migration\RegistrarMigration::sf9pdf does not exist.  
[2025-07-14 08:29:24] local.ERROR: Failed to generate SF9 for student 8973: Method App\Http\Controllers\Migration\RegistrarMigration::sf9pdf does not exist.  
[2025-07-14 08:29:24] local.ERROR: Failed to generate SF9 for student 8986: Method App\Http\Controllers\Migration\RegistrarMigration::sf9pdf does not exist.  
[2025-07-14 08:29:24] local.ERROR: Failed to generate SF9 for student 8999: Method App\Http\Controllers\Migration\RegistrarMigration::sf9pdf does not exist.  
[2025-07-14 08:29:24] local.ERROR: Failed to generate SF9 for student 9002: Method App\Http\Controllers\Migration\RegistrarMigration::sf9pdf does not exist.  
[2025-07-14 08:29:24] local.ERROR: Failed to generate SF9 for student 9016: Method App\Http\Controllers\Migration\RegistrarMigration::sf9pdf does not exist.  
[2025-07-14 08:29:24] local.ERROR: Failed to generate SF9 for student 8996: Method App\Http\Controllers\Migration\RegistrarMigration::sf9pdf does not exist.  
[2025-07-14 08:29:24] local.ERROR: Failed to generate SF9 for student 9046: Method App\Http\Controllers\Migration\RegistrarMigration::sf9pdf does not exist.  
[2025-07-14 08:29:24] local.ERROR: Failed to generate SF9 for student 9166: Method App\Http\Controllers\Migration\RegistrarMigration::sf9pdf does not exist.  
[2025-07-14 08:29:24] local.ERROR: Failed to generate SF9 for student 9312: Method App\Http\Controllers\Migration\RegistrarMigration::sf9pdf does not exist.  
[2025-07-14 08:29:24] local.ERROR: Failed to generate SF9 for student 9340: Method App\Http\Controllers\Migration\RegistrarMigration::sf9pdf does not exist.  
[2025-07-14 08:29:24] local.ERROR: Failed to generate SF9 for student 9341: Method App\Http\Controllers\Migration\RegistrarMigration::sf9pdf does not exist.  
[2025-07-14 08:29:24] local.ERROR: Failed to generate SF9 for student 9344: Method App\Http\Controllers\Migration\RegistrarMigration::sf9pdf does not exist.  
[2025-07-14 08:29:24] local.ERROR: Failed to generate SF9 for student 9400: Method App\Http\Controllers\Migration\RegistrarMigration::sf9pdf does not exist.  
[2025-07-14 08:29:24] local.ERROR: Failed to generate SF9 for student 9444: Method App\Http\Controllers\Migration\RegistrarMigration::sf9pdf does not exist.  
[2025-07-14 08:29:24] local.ERROR: Failed to generate SF9 for student 9655: Method App\Http\Controllers\Migration\RegistrarMigration::sf9pdf does not exist.  
[2025-07-14 08:29:24] local.ERROR: Failed to generate SF9 for student 9657: Method App\Http\Controllers\Migration\RegistrarMigration::sf9pdf does not exist.  
[2025-07-14 08:29:24] local.ERROR: Failed to generate SF9 for student 9693: Method App\Http\Controllers\Migration\RegistrarMigration::sf9pdf does not exist.  
[2025-07-14 08:29:24] local.ERROR: Failed to generate SF9 for student 9699: Method App\Http\Controllers\Migration\RegistrarMigration::sf9pdf does not exist.  
[2025-07-14 08:29:24] local.ERROR: Failed to generate SF9 for student 9712: Method App\Http\Controllers\Migration\RegistrarMigration::sf9pdf does not exist.  
[2025-07-14 08:29:24] local.ERROR: Failed to generate SF9 for student 9565: Method App\Http\Controllers\Migration\RegistrarMigration::sf9pdf does not exist.  
[2025-07-14 08:29:24] local.ERROR: Failed to generate SF9 for student 9901: Method App\Http\Controllers\Migration\RegistrarMigration::sf9pdf does not exist.  
[2025-07-14 08:29:24] local.ERROR: Failed to generate SF9 for student 9922: Method App\Http\Controllers\Migration\RegistrarMigration::sf9pdf does not exist.  
[2025-07-14 08:29:24] local.ERROR: Failed to generate SF9 for student 9942: Method App\Http\Controllers\Migration\RegistrarMigration::sf9pdf does not exist.  
[2025-07-14 08:29:24] local.ERROR: Failed to generate SF9 for student 10234: Method App\Http\Controllers\Migration\RegistrarMigration::sf9pdf does not exist.  
[2025-07-14 08:29:24] local.ERROR: Failed to generate SF9 for student 10402: Method App\Http\Controllers\Migration\RegistrarMigration::sf9pdf does not exist.  
[2025-07-14 08:29:24] local.ERROR: Failed to generate SF9 for student 10472: Method App\Http\Controllers\Migration\RegistrarMigration::sf9pdf does not exist.  
[2025-07-14 08:29:24] local.ERROR: Failed to generate SF9 for student 10712: Method App\Http\Controllers\Migration\RegistrarMigration::sf9pdf does not exist.  
[2025-07-14 08:29:24] local.ERROR: Failed to generate SF9 for student 10711: Method App\Http\Controllers\Migration\RegistrarMigration::sf9pdf does not exist.  
[2025-07-14 08:29:24] local.ERROR: Failed to generate SF9 for student 10710: Method App\Http\Controllers\Migration\RegistrarMigration::sf9pdf does not exist.  
[2025-07-14 08:29:24] local.ERROR: Failed to generate SF9 for student 10747: Method App\Http\Controllers\Migration\RegistrarMigration::sf9pdf does not exist.  
[2025-07-14 08:29:24] local.ERROR: Failed to generate SF9 for student 10748: Method App\Http\Controllers\Migration\RegistrarMigration::sf9pdf does not exist.  
[2025-07-14 08:29:24] local.ERROR: Failed to generate SF9 for student 10774: Method App\Http\Controllers\Migration\RegistrarMigration::sf9pdf does not exist.  
[2025-07-14 08:29:24] local.ERROR: Failed to generate SF9 for student 10976: Method App\Http\Controllers\Migration\RegistrarMigration::sf9pdf does not exist.  
[2025-07-14 08:29:24] local.ERROR: Failed to generate SF9 for student 10983: Method App\Http\Controllers\Migration\RegistrarMigration::sf9pdf does not exist.  
[2025-07-14 08:29:24] local.ERROR: Failed to generate SF9 for student 10956: Method App\Http\Controllers\Migration\RegistrarMigration::sf9pdf does not exist.  
[2025-07-14 08:29:24] local.ERROR: Failed to generate SF9 for student 11081: Method App\Http\Controllers\Migration\RegistrarMigration::sf9pdf does not exist.  
[2025-07-14 08:29:24] local.ERROR: Failed to generate SF9 for student 11217: Method App\Http\Controllers\Migration\RegistrarMigration::sf9pdf does not exist.  
[2025-07-14 08:29:24] local.ERROR: Failed to generate SF9 for student 11245: Method App\Http\Controllers\Migration\RegistrarMigration::sf9pdf does not exist.  
[2025-07-14 08:29:24] local.ERROR: Failed to generate SF9 for student 11243: Method App\Http\Controllers\Migration\RegistrarMigration::sf9pdf does not exist.  
[2025-07-14 08:29:24] local.ERROR: Failed to generate SF9 for student 11339: Method App\Http\Controllers\Migration\RegistrarMigration::sf9pdf does not exist.  
[2025-07-14 08:29:24] local.ERROR: Failed to generate SF9 for student 11449: Method App\Http\Controllers\Migration\RegistrarMigration::sf9pdf does not exist.  
[2025-07-14 08:29:24] local.ERROR: Failed to generate SF9 for student 7711: Method App\Http\Controllers\Migration\RegistrarMigration::sf9pdf does not exist.  
[2025-07-14 08:29:24] local.ERROR: Failed to generate SF9 for student 7732: Method App\Http\Controllers\Migration\RegistrarMigration::sf9pdf does not exist.  
[2025-07-14 08:29:24] local.ERROR: Failed to generate SF9 for student 7723: Method App\Http\Controllers\Migration\RegistrarMigration::sf9pdf does not exist.  
[2025-07-14 08:29:24] local.ERROR: Failed to generate SF9 for student 7720: Method App\Http\Controllers\Migration\RegistrarMigration::sf9pdf does not exist.  
[2025-07-14 08:29:24] local.ERROR: Failed to generate SF9 for student 7717: Method App\Http\Controllers\Migration\RegistrarMigration::sf9pdf does not exist.  
[2025-07-14 08:29:24] local.ERROR: Failed to generate SF9 for student 7708: Method App\Http\Controllers\Migration\RegistrarMigration::sf9pdf does not exist.  
[2025-07-14 08:29:24] local.ERROR: Failed to generate SF9 for student 7699: Method App\Http\Controllers\Migration\RegistrarMigration::sf9pdf does not exist.  
[2025-07-14 08:29:24] local.ERROR: Failed to generate SF9 for student 7698: Method App\Http\Controllers\Migration\RegistrarMigration::sf9pdf does not exist.  
[2025-07-14 08:29:24] local.ERROR: Failed to generate SF9 for student 7731: Method App\Http\Controllers\Migration\RegistrarMigration::sf9pdf does not exist.  
[2025-07-14 08:29:24] local.ERROR: Failed to generate SF9 for student 7724: Method App\Http\Controllers\Migration\RegistrarMigration::sf9pdf does not exist.  
[2025-07-14 08:29:24] local.ERROR: Failed to generate SF9 for student 7719: Method App\Http\Controllers\Migration\RegistrarMigration::sf9pdf does not exist.  
[2025-07-14 08:29:24] local.ERROR: Failed to generate SF9 for student 7693: Method App\Http\Controllers\Migration\RegistrarMigration::sf9pdf does not exist.  
[2025-07-14 08:29:24] local.ERROR: Failed to generate SF9 for student 7694: Method App\Http\Controllers\Migration\RegistrarMigration::sf9pdf does not exist.  
[2025-07-14 08:29:24] local.ERROR: Failed to generate SF9 for student 7697: Method App\Http\Controllers\Migration\RegistrarMigration::sf9pdf does not exist.  
[2025-07-14 08:29:24] local.ERROR: Failed to generate SF9 for student 7700: Method App\Http\Controllers\Migration\RegistrarMigration::sf9pdf does not exist.  
[2025-07-14 08:29:24] local.ERROR: Failed to generate SF9 for student 7709: Method App\Http\Controllers\Migration\RegistrarMigration::sf9pdf does not exist.  
[2025-07-14 08:29:24] local.ERROR: Failed to generate SF9 for student 7714: Method App\Http\Controllers\Migration\RegistrarMigration::sf9pdf does not exist.  
[2025-07-14 08:29:24] local.ERROR: Failed to generate SF9 for student 7654: Method App\Http\Controllers\Migration\RegistrarMigration::sf9pdf does not exist.  
[2025-07-14 08:29:24] local.ERROR: Failed to generate SF9 for student 7659: Method App\Http\Controllers\Migration\RegistrarMigration::sf9pdf does not exist.  
[2025-07-14 08:29:24] local.ERROR: Failed to generate SF9 for student 7660: Method App\Http\Controllers\Migration\RegistrarMigration::sf9pdf does not exist.  
[2025-07-14 08:29:24] local.ERROR: Failed to generate SF9 for student 7679: Method App\Http\Controllers\Migration\RegistrarMigration::sf9pdf does not exist.  
[2025-07-14 08:29:24] local.ERROR: Failed to generate SF9 for student 7680: Method App\Http\Controllers\Migration\RegistrarMigration::sf9pdf does not exist.  
[2025-07-14 08:29:24] local.ERROR: Failed to generate SF9 for student 7681: Method App\Http\Controllers\Migration\RegistrarMigration::sf9pdf does not exist.  
[2025-07-14 08:29:24] local.ERROR: Failed to generate SF9 for student 7692: Method App\Http\Controllers\Migration\RegistrarMigration::sf9pdf does not exist.  
[2025-07-14 08:29:24] local.ERROR: Failed to generate SF9 for student 7657: Method App\Http\Controllers\Migration\RegistrarMigration::sf9pdf does not exist.  
[2025-07-14 08:29:24] local.ERROR: Failed to generate SF9 for student 7684: Method App\Http\Controllers\Migration\RegistrarMigration::sf9pdf does not exist.  
[2025-07-14 08:29:24] local.ERROR: Failed to generate SF9 for student 9636: Method App\Http\Controllers\Migration\RegistrarMigration::sf9pdf does not exist.  
[2025-07-14 08:29:24] local.ERROR: Failed to generate SF9 for student 7783: Method App\Http\Controllers\Migration\RegistrarMigration::sf9pdf does not exist.  
[2025-07-14 08:29:24] local.ERROR: Failed to generate SF9 for student 7704: Method App\Http\Controllers\Migration\RegistrarMigration::sf9pdf does not exist.  
[2025-07-14 08:29:24] local.ERROR: Failed to generate SF9 for student 7675: Method App\Http\Controllers\Migration\RegistrarMigration::sf9pdf does not exist.  
[2025-07-14 08:29:24] local.ERROR: Failed to generate SF9 for student 7689: Method App\Http\Controllers\Migration\RegistrarMigration::sf9pdf does not exist.  
[2025-07-14 08:29:24] local.ERROR: Failed to generate SF9 for student 7658: Method App\Http\Controllers\Migration\RegistrarMigration::sf9pdf does not exist.  
[2025-07-14 08:29:24] local.ERROR: Failed to generate SF9 for student 7745: Method App\Http\Controllers\Migration\RegistrarMigration::sf9pdf does not exist.  
[2025-07-14 08:29:24] local.ERROR: Failed to generate SF9 for student 10920: Method App\Http\Controllers\Migration\RegistrarMigration::sf9pdf does not exist.  
[2025-07-14 08:29:24] local.ERROR: Failed to generate SF9 for student 7683: Method App\Http\Controllers\Migration\RegistrarMigration::sf9pdf does not exist.  
[2025-07-14 08:29:24] local.ERROR: Failed to generate SF9 for student 11029: Method App\Http\Controllers\Migration\RegistrarMigration::sf9pdf does not exist.  
[2025-07-14 08:29:24] local.ERROR: Failed to generate SF9 for student 11076: Method App\Http\Controllers\Migration\RegistrarMigration::sf9pdf does not exist.  
[2025-07-14 08:29:24] local.ERROR: Failed to generate SF9 for student 7690: Method App\Http\Controllers\Migration\RegistrarMigration::sf9pdf does not exist.  
[2025-07-14 08:29:24] local.ERROR: Failed to generate SF9 for student 11500: Method App\Http\Controllers\Migration\RegistrarMigration::sf9pdf does not exist.  
[2025-07-14 08:29:24] local.ERROR: Failed to generate SF9 for student 7755: Method App\Http\Controllers\Migration\RegistrarMigration::sf9pdf does not exist.  
[2025-07-14 08:29:24] local.ERROR: Failed to generate SF9 for student 7736: Method App\Http\Controllers\Migration\RegistrarMigration::sf9pdf does not exist.  
[2025-07-14 08:29:24] local.ERROR: Failed to generate SF9 for student 7765: Method App\Http\Controllers\Migration\RegistrarMigration::sf9pdf does not exist.  
[2025-07-14 08:29:24] local.ERROR: Failed to generate SF9 for student 7751: Method App\Http\Controllers\Migration\RegistrarMigration::sf9pdf does not exist.  
[2025-07-14 08:29:24] local.ERROR: Failed to generate SF9 for student 7750: Method App\Http\Controllers\Migration\RegistrarMigration::sf9pdf does not exist.  
[2025-07-14 08:29:24] local.ERROR: Failed to generate SF9 for student 7752: Method App\Http\Controllers\Migration\RegistrarMigration::sf9pdf does not exist.  
[2025-07-14 08:29:24] local.ERROR: Failed to generate SF9 for student 7753: Method App\Http\Controllers\Migration\RegistrarMigration::sf9pdf does not exist.  
[2025-07-14 08:29:24] local.ERROR: Failed to generate SF9 for student 7742: Method App\Http\Controllers\Migration\RegistrarMigration::sf9pdf does not exist.  
[2025-07-14 08:29:24] local.ERROR: Failed to generate SF9 for student 7735: Method App\Http\Controllers\Migration\RegistrarMigration::sf9pdf does not exist.  
[2025-07-14 08:29:24] local.ERROR: Failed to generate SF9 for student 7740: Method App\Http\Controllers\Migration\RegistrarMigration::sf9pdf does not exist.  
[2025-07-14 08:29:24] local.ERROR: Failed to generate SF9 for student 7738: Method App\Http\Controllers\Migration\RegistrarMigration::sf9pdf does not exist.  
[2025-07-14 08:29:24] local.ERROR: Failed to generate SF9 for student 7754: Method App\Http\Controllers\Migration\RegistrarMigration::sf9pdf does not exist.  
[2025-07-14 08:29:24] local.ERROR: Failed to generate SF9 for student 7763: Method App\Http\Controllers\Migration\RegistrarMigration::sf9pdf does not exist.  
[2025-07-14 08:29:24] local.ERROR: Failed to generate SF9 for student 7762: Method App\Http\Controllers\Migration\RegistrarMigration::sf9pdf does not exist.  
[2025-07-14 08:29:24] local.ERROR: Failed to generate SF9 for student 7772: Method App\Http\Controllers\Migration\RegistrarMigration::sf9pdf does not exist.  
[2025-07-14 08:29:24] local.ERROR: Failed to generate SF9 for student 7768: Method App\Http\Controllers\Migration\RegistrarMigration::sf9pdf does not exist.  
[2025-07-14 08:29:24] local.ERROR: Failed to generate SF9 for student 7770: Method App\Http\Controllers\Migration\RegistrarMigration::sf9pdf does not exist.  
[2025-07-14 08:29:24] local.ERROR: Failed to generate SF9 for student 7767: Method App\Http\Controllers\Migration\RegistrarMigration::sf9pdf does not exist.  
[2025-07-14 08:29:24] local.ERROR: Failed to generate SF9 for student 7739: Method App\Http\Controllers\Migration\RegistrarMigration::sf9pdf does not exist.  
[2025-07-14 08:29:24] local.ERROR: Failed to generate SF9 for student 7737: Method App\Http\Controllers\Migration\RegistrarMigration::sf9pdf does not exist.  
[2025-07-14 08:29:24] local.ERROR: Failed to generate SF9 for student 7733: Method App\Http\Controllers\Migration\RegistrarMigration::sf9pdf does not exist.  
[2025-07-14 08:29:24] local.ERROR: Failed to generate SF9 for student 7741: Method App\Http\Controllers\Migration\RegistrarMigration::sf9pdf does not exist.  
[2025-07-14 08:29:24] local.ERROR: Failed to generate SF9 for student 7671: Method App\Http\Controllers\Migration\RegistrarMigration::sf9pdf does not exist.  
[2025-07-14 08:29:24] local.ERROR: Failed to generate SF9 for student 7672: Method App\Http\Controllers\Migration\RegistrarMigration::sf9pdf does not exist.  
[2025-07-14 08:29:24] local.ERROR: Failed to generate SF9 for student 7673: Method App\Http\Controllers\Migration\RegistrarMigration::sf9pdf does not exist.  
[2025-07-14 08:29:24] local.ERROR: Failed to generate SF9 for student 7674: Method App\Http\Controllers\Migration\RegistrarMigration::sf9pdf does not exist.  
[2025-07-14 08:29:24] local.ERROR: Failed to generate SF9 for student 7676: Method App\Http\Controllers\Migration\RegistrarMigration::sf9pdf does not exist.  
[2025-07-14 08:29:24] local.ERROR: Failed to generate SF9 for student 7701: Method App\Http\Controllers\Migration\RegistrarMigration::sf9pdf does not exist.  
[2025-07-14 08:29:24] local.ERROR: Failed to generate SF9 for student 7734: Method App\Http\Controllers\Migration\RegistrarMigration::sf9pdf does not exist.  
[2025-07-14 08:29:24] local.ERROR: Failed to generate SF9 for student 7759: Method App\Http\Controllers\Migration\RegistrarMigration::sf9pdf does not exist.  
[2025-07-14 08:29:24] local.ERROR: Failed to generate SF9 for student 7685: Method App\Http\Controllers\Migration\RegistrarMigration::sf9pdf does not exist.  
[2025-07-14 08:29:24] local.ERROR: Failed to generate SF9 for student 7743: Method App\Http\Controllers\Migration\RegistrarMigration::sf9pdf does not exist.  
[2025-07-14 08:29:24] local.ERROR: Failed to generate SF9 for student 7718: Method App\Http\Controllers\Migration\RegistrarMigration::sf9pdf does not exist.  
[2025-07-14 08:29:24] local.ERROR: Failed to generate SF9 for student 10881: Method App\Http\Controllers\Migration\RegistrarMigration::sf9pdf does not exist.  
[2025-07-14 08:29:24] local.ERROR: Failed to generate SF9 for student 10944: Method App\Http\Controllers\Migration\RegistrarMigration::sf9pdf does not exist.  
[2025-07-14 08:29:24] local.ERROR: Failed to generate SF9 for student 7757: Method App\Http\Controllers\Migration\RegistrarMigration::sf9pdf does not exist.  
[2025-07-14 08:29:24] local.ERROR: Failed to generate SF9 for student 7766: Method App\Http\Controllers\Migration\RegistrarMigration::sf9pdf does not exist.  
[2025-07-14 08:29:24] local.ERROR: Failed to generate SF9 for student 7764: Method App\Http\Controllers\Migration\RegistrarMigration::sf9pdf does not exist.  
[2025-07-14 08:29:24] local.ERROR: Failed to generate SF9 for student 7678: Method App\Http\Controllers\Migration\RegistrarMigration::sf9pdf does not exist.  
[2025-07-14 08:29:24] local.ERROR: Failed to generate SF9 for student 7730: Method App\Http\Controllers\Migration\RegistrarMigration::sf9pdf does not exist.  
[2025-07-14 08:29:24] local.ERROR: Failed to generate SF9 for student 7784: Method App\Http\Controllers\Migration\RegistrarMigration::sf9pdf does not exist.  
[2025-07-14 08:29:24] local.ERROR: Failed to generate SF9 for student 7785: Method App\Http\Controllers\Migration\RegistrarMigration::sf9pdf does not exist.  
[2025-07-14 08:29:24] local.ERROR: Failed to generate SF9 for student 9850: Method App\Http\Controllers\Migration\RegistrarMigration::sf9pdf does not exist.  
[2025-07-14 08:29:24] local.ERROR: Failed to generate SF9 for student 10466: Method App\Http\Controllers\Migration\RegistrarMigration::sf9pdf does not exist.  
[2025-07-14 08:29:24] local.ERROR: Failed to generate SF9 for student 10538: Method App\Http\Controllers\Migration\RegistrarMigration::sf9pdf does not exist.  
[2025-07-14 08:29:24] local.ERROR: Failed to generate SF9 for student 7776: Method App\Http\Controllers\Migration\RegistrarMigration::sf9pdf does not exist.  
[2025-07-14 08:29:24] local.ERROR: Failed to generate SF9 for student 7780: Method App\Http\Controllers\Migration\RegistrarMigration::sf9pdf does not exist.  
[2025-07-14 08:29:24] local.ERROR: Failed to generate SF9 for student 7775: Method App\Http\Controllers\Migration\RegistrarMigration::sf9pdf does not exist.  
[2025-07-14 08:29:24] local.ERROR: Failed to generate SF9 for student 7790: Method App\Http\Controllers\Migration\RegistrarMigration::sf9pdf does not exist.  
[2025-07-14 08:29:24] local.ERROR: Failed to generate SF9 for student 11263: Method App\Http\Controllers\Migration\RegistrarMigration::sf9pdf does not exist.  
[2025-07-14 08:29:24] local.ERROR: Failed to generate SF9 for student 11309: Method App\Http\Controllers\Migration\RegistrarMigration::sf9pdf does not exist.  
[2025-07-14 08:29:24] local.ERROR: Failed to generate SF9 for student 11326: Method App\Http\Controllers\Migration\RegistrarMigration::sf9pdf does not exist.  
[2025-07-14 08:29:24] local.ERROR: Failed to generate SF9 for student 5700: Method App\Http\Controllers\Migration\RegistrarMigration::sf9pdf does not exist.  
[2025-07-14 08:29:24] local.ERROR: Failed to generate SF9 for student 5673: Method App\Http\Controllers\Migration\RegistrarMigration::sf9pdf does not exist.  
[2025-07-14 08:29:24] local.ERROR: Failed to generate SF9 for student 5674: Method App\Http\Controllers\Migration\RegistrarMigration::sf9pdf does not exist.  
[2025-07-14 08:29:24] local.ERROR: Failed to generate SF9 for student 5706: Method App\Http\Controllers\Migration\RegistrarMigration::sf9pdf does not exist.  
[2025-07-14 08:29:24] local.ERROR: Failed to generate SF9 for student 5705: Method App\Http\Controllers\Migration\RegistrarMigration::sf9pdf does not exist.  
[2025-07-14 08:29:24] local.ERROR: Failed to generate SF9 for student 5698: Method App\Http\Controllers\Migration\RegistrarMigration::sf9pdf does not exist.  
[2025-07-14 08:29:24] local.ERROR: Failed to generate SF9 for student 5701: Method App\Http\Controllers\Migration\RegistrarMigration::sf9pdf does not exist.  
[2025-07-14 08:29:24] local.ERROR: Failed to generate SF9 for student 5683: Method App\Http\Controllers\Migration\RegistrarMigration::sf9pdf does not exist.  
[2025-07-14 08:29:24] local.ERROR: Failed to generate SF9 for student 5687: Method App\Http\Controllers\Migration\RegistrarMigration::sf9pdf does not exist.  
[2025-07-14 08:29:24] local.ERROR: Failed to generate SF9 for student 5699: Method App\Http\Controllers\Migration\RegistrarMigration::sf9pdf does not exist.  
[2025-07-14 08:29:24] local.ERROR: Failed to generate SF9 for student 5690: Method App\Http\Controllers\Migration\RegistrarMigration::sf9pdf does not exist.  
[2025-07-14 08:29:24] local.ERROR: Failed to generate SF9 for student 5680: Method App\Http\Controllers\Migration\RegistrarMigration::sf9pdf does not exist.  
[2025-07-14 08:29:24] local.ERROR: Failed to generate SF9 for student 5688: Method App\Http\Controllers\Migration\RegistrarMigration::sf9pdf does not exist.  
[2025-07-14 08:29:24] local.ERROR: Failed to generate SF9 for student 5703: Method App\Http\Controllers\Migration\RegistrarMigration::sf9pdf does not exist.  
[2025-07-14 08:29:24] local.ERROR: Failed to generate SF9 for student 5681: Method App\Http\Controllers\Migration\RegistrarMigration::sf9pdf does not exist.  
[2025-07-14 08:29:24] local.ERROR: Failed to generate SF9 for student 5697: Method App\Http\Controllers\Migration\RegistrarMigration::sf9pdf does not exist.  
[2025-07-14 08:29:24] local.ERROR: Failed to generate SF9 for student 5686: Method App\Http\Controllers\Migration\RegistrarMigration::sf9pdf does not exist.  
[2025-07-14 08:29:24] local.ERROR: Failed to generate SF9 for student 5685: Method App\Http\Controllers\Migration\RegistrarMigration::sf9pdf does not exist.  
[2025-07-14 08:29:24] local.ERROR: Failed to generate SF9 for student 5669: Method App\Http\Controllers\Migration\RegistrarMigration::sf9pdf does not exist.  
[2025-07-14 08:29:24] local.ERROR: Failed to generate SF9 for student 5670: Method App\Http\Controllers\Migration\RegistrarMigration::sf9pdf does not exist.  
[2025-07-14 08:29:24] local.ERROR: Failed to generate SF9 for student 5702: Method App\Http\Controllers\Migration\RegistrarMigration::sf9pdf does not exist.  
[2025-07-14 08:29:24] local.ERROR: Failed to generate SF9 for student 5679: Method App\Http\Controllers\Migration\RegistrarMigration::sf9pdf does not exist.  
[2025-07-14 08:29:24] local.ERROR: Failed to generate SF9 for student 5708: Method App\Http\Controllers\Migration\RegistrarMigration::sf9pdf does not exist.  
[2025-07-14 08:29:24] local.ERROR: Failed to generate SF9 for student 5689: Method App\Http\Controllers\Migration\RegistrarMigration::sf9pdf does not exist.  
[2025-07-14 08:29:24] local.ERROR: Failed to generate SF9 for student 7649: Method App\Http\Controllers\Migration\RegistrarMigration::sf9pdf does not exist.  
[2025-07-14 08:29:24] local.ERROR: Failed to generate SF9 for student 5704: Method App\Http\Controllers\Migration\RegistrarMigration::sf9pdf does not exist.  
[2025-07-14 08:29:24] local.ERROR: Failed to generate SF9 for student 5709: Method App\Http\Controllers\Migration\RegistrarMigration::sf9pdf does not exist.  
[2025-07-14 08:29:24] local.ERROR: Failed to generate SF9 for student 7815: Method App\Http\Controllers\Migration\RegistrarMigration::sf9pdf does not exist.  
[2025-07-14 08:29:24] local.ERROR: Failed to generate SF9 for student 5635: Method App\Http\Controllers\Migration\RegistrarMigration::sf9pdf does not exist.  
[2025-07-14 08:29:24] local.ERROR: Failed to generate SF9 for student 10642: Method App\Http\Controllers\Migration\RegistrarMigration::sf9pdf does not exist.  
[2025-07-14 08:29:24] local.ERROR: Failed to generate SF9 for student 5692: Method App\Http\Controllers\Migration\RegistrarMigration::sf9pdf does not exist.  
[2025-07-14 08:29:24] local.ERROR: Failed to generate SF9 for student 5696: Method App\Http\Controllers\Migration\RegistrarMigration::sf9pdf does not exist.  
[2025-07-14 08:29:24] local.ERROR: Failed to generate SF9 for student 5682: Method App\Http\Controllers\Migration\RegistrarMigration::sf9pdf does not exist.  
[2025-07-14 08:29:24] local.ERROR: Failed to generate SF9 for student 5694: Method App\Http\Controllers\Migration\RegistrarMigration::sf9pdf does not exist.  
[2025-07-14 08:29:24] local.ERROR: Failed to generate SF9 for student 7852: Method App\Http\Controllers\Migration\RegistrarMigration::sf9pdf does not exist.  
[2025-07-14 08:29:24] local.ERROR: Failed to generate SF9 for student 5677: Method App\Http\Controllers\Migration\RegistrarMigration::sf9pdf does not exist.  
[2025-07-14 08:29:24] local.ERROR: Failed to generate SF9 for student 7791: Method App\Http\Controllers\Migration\RegistrarMigration::sf9pdf does not exist.  
[2025-07-14 08:29:24] local.ERROR: Failed to generate SF9 for student 7796: Method App\Http\Controllers\Migration\RegistrarMigration::sf9pdf does not exist.  
[2025-07-14 08:29:24] local.ERROR: Failed to generate SF9 for student 7793: Method App\Http\Controllers\Migration\RegistrarMigration::sf9pdf does not exist.  
[2025-07-14 08:29:24] local.ERROR: Failed to generate SF9 for student 7801: Method App\Http\Controllers\Migration\RegistrarMigration::sf9pdf does not exist.  
[2025-07-14 08:29:24] local.ERROR: Failed to generate SF9 for student 7802: Method App\Http\Controllers\Migration\RegistrarMigration::sf9pdf does not exist.  
[2025-07-14 08:29:24] local.ERROR: Failed to generate SF9 for student 7799: Method App\Http\Controllers\Migration\RegistrarMigration::sf9pdf does not exist.  
[2025-07-14 08:29:24] local.ERROR: Failed to generate SF9 for student 7797: Method App\Http\Controllers\Migration\RegistrarMigration::sf9pdf does not exist.  
[2025-07-14 08:29:24] local.ERROR: Failed to generate SF9 for student 7812: Method App\Http\Controllers\Migration\RegistrarMigration::sf9pdf does not exist.  
[2025-07-14 08:29:24] local.ERROR: Failed to generate SF9 for student 7807: Method App\Http\Controllers\Migration\RegistrarMigration::sf9pdf does not exist.  
[2025-07-14 08:29:24] local.ERROR: Failed to generate SF9 for student 7806: Method App\Http\Controllers\Migration\RegistrarMigration::sf9pdf does not exist.  
[2025-07-14 08:29:24] local.ERROR: Failed to generate SF9 for student 7808: Method App\Http\Controllers\Migration\RegistrarMigration::sf9pdf does not exist.  
[2025-07-14 08:29:24] local.ERROR: Failed to generate SF9 for student 7810: Method App\Http\Controllers\Migration\RegistrarMigration::sf9pdf does not exist.  
[2025-07-14 08:29:24] local.ERROR: Failed to generate SF9 for student 7813: Method App\Http\Controllers\Migration\RegistrarMigration::sf9pdf does not exist.  
[2025-07-14 08:29:24] local.ERROR: Failed to generate SF9 for student 7818: Method App\Http\Controllers\Migration\RegistrarMigration::sf9pdf does not exist.  
[2025-07-14 08:29:24] local.ERROR: Failed to generate SF9 for student 7817: Method App\Http\Controllers\Migration\RegistrarMigration::sf9pdf does not exist.  
[2025-07-14 08:29:24] local.ERROR: Failed to generate SF9 for student 7820: Method App\Http\Controllers\Migration\RegistrarMigration::sf9pdf does not exist.  
[2025-07-14 08:29:24] local.ERROR: Failed to generate SF9 for student 7816: Method App\Http\Controllers\Migration\RegistrarMigration::sf9pdf does not exist.  
[2025-07-14 08:29:24] local.ERROR: Failed to generate SF9 for student 7821: Method App\Http\Controllers\Migration\RegistrarMigration::sf9pdf does not exist.  
[2025-07-14 08:29:24] local.ERROR: Failed to generate SF9 for student 7829: Method App\Http\Controllers\Migration\RegistrarMigration::sf9pdf does not exist.  
[2025-07-14 08:29:24] local.ERROR: Failed to generate SF9 for student 7830: Method App\Http\Controllers\Migration\RegistrarMigration::sf9pdf does not exist.  
[2025-07-14 08:29:24] local.ERROR: Failed to generate SF9 for student 7831: Method App\Http\Controllers\Migration\RegistrarMigration::sf9pdf does not exist.  
[2025-07-14 08:29:24] local.ERROR: Failed to generate SF9 for student 7826: Method App\Http\Controllers\Migration\RegistrarMigration::sf9pdf does not exist.  
[2025-07-14 08:29:24] local.ERROR: Failed to generate SF9 for student 7823: Method App\Http\Controllers\Migration\RegistrarMigration::sf9pdf does not exist.  
[2025-07-14 08:29:24] local.ERROR: Failed to generate SF9 for student 7794: Method App\Http\Controllers\Migration\RegistrarMigration::sf9pdf does not exist.  
[2025-07-14 08:29:24] local.ERROR: Failed to generate SF9 for student 7792: Method App\Http\Controllers\Migration\RegistrarMigration::sf9pdf does not exist.  
[2025-07-14 08:29:24] local.ERROR: Failed to generate SF9 for student 7814: Method App\Http\Controllers\Migration\RegistrarMigration::sf9pdf does not exist.  
[2025-07-14 08:29:24] local.ERROR: Failed to generate SF9 for student 7804: Method App\Http\Controllers\Migration\RegistrarMigration::sf9pdf does not exist.  
[2025-07-14 08:29:24] local.ERROR: Failed to generate SF9 for student 5691: Method App\Http\Controllers\Migration\RegistrarMigration::sf9pdf does not exist.  
[2025-07-14 08:29:24] local.ERROR: Failed to generate SF9 for student 7861: Method App\Http\Controllers\Migration\RegistrarMigration::sf9pdf does not exist.  
[2025-07-14 08:29:24] local.ERROR: Failed to generate SF9 for student 7795: Method App\Http\Controllers\Migration\RegistrarMigration::sf9pdf does not exist.  
[2025-07-14 08:29:24] local.ERROR: Failed to generate SF9 for student 11131: Method App\Http\Controllers\Migration\RegistrarMigration::sf9pdf does not exist.  
[2025-07-14 08:29:24] local.ERROR: Failed to generate SF9 for student 7798: Method App\Http\Controllers\Migration\RegistrarMigration::sf9pdf does not exist.  
[2025-07-14 08:29:24] local.ERROR: Failed to generate SF9 for student 7809: Method App\Http\Controllers\Migration\RegistrarMigration::sf9pdf does not exist.  
[2025-07-14 08:29:24] local.ERROR: Failed to generate SF9 for student 7828: Method App\Http\Controllers\Migration\RegistrarMigration::sf9pdf does not exist.  
[2025-07-14 08:29:24] local.ERROR: Failed to generate SF9 for student 7822: Method App\Http\Controllers\Migration\RegistrarMigration::sf9pdf does not exist.  
[2025-07-14 08:29:24] local.ERROR: Failed to generate SF9 for student 11544: Method App\Http\Controllers\Migration\RegistrarMigration::sf9pdf does not exist.  
[2025-07-14 08:29:24] local.ERROR: Failed to generate SF9 for student 7899: Method App\Http\Controllers\Migration\RegistrarMigration::sf9pdf does not exist.  
[2025-07-14 08:29:24] local.ERROR: Failed to generate SF9 for student 7875: Method App\Http\Controllers\Migration\RegistrarMigration::sf9pdf does not exist.  
[2025-07-14 08:29:24] local.ERROR: Failed to generate SF9 for student 7874: Method App\Http\Controllers\Migration\RegistrarMigration::sf9pdf does not exist.  
[2025-07-14 08:29:24] local.ERROR: Failed to generate SF9 for student 7869: Method App\Http\Controllers\Migration\RegistrarMigration::sf9pdf does not exist.  
[2025-07-14 08:29:24] local.ERROR: Failed to generate SF9 for student 7883: Method App\Http\Controllers\Migration\RegistrarMigration::sf9pdf does not exist.  
[2025-07-14 08:29:24] local.ERROR: Failed to generate SF9 for student 7872: Method App\Http\Controllers\Migration\RegistrarMigration::sf9pdf does not exist.  
[2025-07-14 08:29:24] local.ERROR: Failed to generate SF9 for student 7873: Method App\Http\Controllers\Migration\RegistrarMigration::sf9pdf does not exist.  
[2025-07-14 08:29:24] local.ERROR: Failed to generate SF9 for student 7900: Method App\Http\Controllers\Migration\RegistrarMigration::sf9pdf does not exist.  
[2025-07-14 08:29:24] local.ERROR: Failed to generate SF9 for student 7892: Method App\Http\Controllers\Migration\RegistrarMigration::sf9pdf does not exist.  
[2025-07-14 08:29:24] local.ERROR: Failed to generate SF9 for student 7865: Method App\Http\Controllers\Migration\RegistrarMigration::sf9pdf does not exist.  
[2025-07-14 08:29:24] local.ERROR: Failed to generate SF9 for student 7896: Method App\Http\Controllers\Migration\RegistrarMigration::sf9pdf does not exist.  
[2025-07-14 08:29:24] local.ERROR: Failed to generate SF9 for student 7864: Method App\Http\Controllers\Migration\RegistrarMigration::sf9pdf does not exist.  
[2025-07-14 08:29:24] local.ERROR: Failed to generate SF9 for student 7871: Method App\Http\Controllers\Migration\RegistrarMigration::sf9pdf does not exist.  
[2025-07-14 08:29:24] local.ERROR: Failed to generate SF9 for student 7895: Method App\Http\Controllers\Migration\RegistrarMigration::sf9pdf does not exist.  
[2025-07-14 08:29:24] local.ERROR: Failed to generate SF9 for student 7866: Method App\Http\Controllers\Migration\RegistrarMigration::sf9pdf does not exist.  
[2025-07-14 08:29:24] local.ERROR: Failed to generate SF9 for student 7893: Method App\Http\Controllers\Migration\RegistrarMigration::sf9pdf does not exist.  
[2025-07-14 08:29:24] local.ERROR: Failed to generate SF9 for student 7879: Method App\Http\Controllers\Migration\RegistrarMigration::sf9pdf does not exist.  
[2025-07-14 08:29:24] local.ERROR: Failed to generate SF9 for student 7889: Method App\Http\Controllers\Migration\RegistrarMigration::sf9pdf does not exist.  
[2025-07-14 08:29:24] local.ERROR: Failed to generate SF9 for student 7881: Method App\Http\Controllers\Migration\RegistrarMigration::sf9pdf does not exist.  
[2025-07-14 08:29:24] local.ERROR: Failed to generate SF9 for student 7863: Method App\Http\Controllers\Migration\RegistrarMigration::sf9pdf does not exist.  
[2025-07-14 08:29:24] local.ERROR: Failed to generate SF9 for student 7897: Method App\Http\Controllers\Migration\RegistrarMigration::sf9pdf does not exist.  
[2025-07-14 08:29:24] local.ERROR: Failed to generate SF9 for student 7890: Method App\Http\Controllers\Migration\RegistrarMigration::sf9pdf does not exist.  
[2025-07-14 08:29:24] local.ERROR: Failed to generate SF9 for student 7898: Method App\Http\Controllers\Migration\RegistrarMigration::sf9pdf does not exist.  
[2025-07-14 08:29:24] local.ERROR: Failed to generate SF9 for student 7868: Method App\Http\Controllers\Migration\RegistrarMigration::sf9pdf does not exist.  
[2025-07-14 08:29:24] local.ERROR: Failed to generate SF9 for student 7884: Method App\Http\Controllers\Migration\RegistrarMigration::sf9pdf does not exist.  
[2025-07-14 08:29:24] local.ERROR: Failed to generate SF9 for student 7888: Method App\Http\Controllers\Migration\RegistrarMigration::sf9pdf does not exist.  
[2025-07-14 08:29:24] local.ERROR: Failed to generate SF9 for student 7885: Method App\Http\Controllers\Migration\RegistrarMigration::sf9pdf does not exist.  
[2025-07-14 08:29:24] local.ERROR: Failed to generate SF9 for student 7891: Method App\Http\Controllers\Migration\RegistrarMigration::sf9pdf does not exist.  
[2025-07-14 08:29:24] local.ERROR: Failed to generate SF9 for student 7880: Method App\Http\Controllers\Migration\RegistrarMigration::sf9pdf does not exist.  
[2025-07-14 08:29:24] local.ERROR: Failed to generate SF9 for student 7894: Method App\Http\Controllers\Migration\RegistrarMigration::sf9pdf does not exist.  
[2025-07-14 08:29:24] local.ERROR: Failed to generate SF9 for student 7870: Method App\Http\Controllers\Migration\RegistrarMigration::sf9pdf does not exist.  
[2025-07-14 08:29:24] local.ERROR: Failed to generate SF9 for student 7887: Method App\Http\Controllers\Migration\RegistrarMigration::sf9pdf does not exist.  
[2025-07-14 08:29:24] local.ERROR: Failed to generate SF9 for student 7882: Method App\Http\Controllers\Migration\RegistrarMigration::sf9pdf does not exist.  
[2025-07-14 08:29:24] local.ERROR: Failed to generate SF9 for student 7902: Method App\Http\Controllers\Migration\RegistrarMigration::sf9pdf does not exist.  
[2025-07-14 08:29:24] local.ERROR: Failed to generate SF9 for student 7901: Method App\Http\Controllers\Migration\RegistrarMigration::sf9pdf does not exist.  
[2025-07-14 08:29:24] local.ERROR: Failed to generate SF9 for student 7867: Method App\Http\Controllers\Migration\RegistrarMigration::sf9pdf does not exist.  
[2025-07-14 08:29:24] local.ERROR: Failed to generate SF9 for student 7886: Method App\Http\Controllers\Migration\RegistrarMigration::sf9pdf does not exist.  
[2025-07-14 08:29:24] local.ERROR: Failed to generate SF9 for student 7876: Method App\Http\Controllers\Migration\RegistrarMigration::sf9pdf does not exist.  
[2025-07-14 08:29:24] local.ERROR: Failed to generate SF9 for student 7878: Method App\Http\Controllers\Migration\RegistrarMigration::sf9pdf does not exist.  
[2025-07-14 08:29:24] local.ERROR: Failed to generate SF9 for student 5633: Method App\Http\Controllers\Migration\RegistrarMigration::sf9pdf does not exist.  
[2025-07-14 08:29:24] local.ERROR: Failed to generate SF9 for student 5638: Method App\Http\Controllers\Migration\RegistrarMigration::sf9pdf does not exist.  
[2025-07-14 08:29:24] local.ERROR: Failed to generate SF9 for student 5636: Method App\Http\Controllers\Migration\RegistrarMigration::sf9pdf does not exist.  
[2025-07-14 08:29:24] local.ERROR: Failed to generate SF9 for student 5640: Method App\Http\Controllers\Migration\RegistrarMigration::sf9pdf does not exist.  
[2025-07-14 08:29:24] local.ERROR: Failed to generate SF9 for student 5642: Method App\Http\Controllers\Migration\RegistrarMigration::sf9pdf does not exist.  
[2025-07-14 08:29:24] local.ERROR: Failed to generate SF9 for student 5658: Method App\Http\Controllers\Migration\RegistrarMigration::sf9pdf does not exist.  
[2025-07-14 08:29:24] local.ERROR: Failed to generate SF9 for student 5630: Method App\Http\Controllers\Migration\RegistrarMigration::sf9pdf does not exist.  
[2025-07-14 08:29:24] local.ERROR: Failed to generate SF9 for student 5637: Method App\Http\Controllers\Migration\RegistrarMigration::sf9pdf does not exist.  
[2025-07-14 08:29:24] local.ERROR: Failed to generate SF9 for student 5639: Method App\Http\Controllers\Migration\RegistrarMigration::sf9pdf does not exist.  
[2025-07-14 08:29:24] local.ERROR: Failed to generate SF9 for student 5641: Method App\Http\Controllers\Migration\RegistrarMigration::sf9pdf does not exist.  
[2025-07-14 08:29:24] local.ERROR: Failed to generate SF9 for student 5644: Method App\Http\Controllers\Migration\RegistrarMigration::sf9pdf does not exist.  
[2025-07-14 08:29:24] local.ERROR: Failed to generate SF9 for student 5647: Method App\Http\Controllers\Migration\RegistrarMigration::sf9pdf does not exist.  
[2025-07-14 08:29:24] local.ERROR: Failed to generate SF9 for student 5648: Method App\Http\Controllers\Migration\RegistrarMigration::sf9pdf does not exist.  
[2025-07-14 08:29:24] local.ERROR: Failed to generate SF9 for student 5653: Method App\Http\Controllers\Migration\RegistrarMigration::sf9pdf does not exist.  
[2025-07-14 08:29:24] local.ERROR: Failed to generate SF9 for student 5654: Method App\Http\Controllers\Migration\RegistrarMigration::sf9pdf does not exist.  
[2025-07-14 08:29:24] local.ERROR: Failed to generate SF9 for student 5655: Method App\Http\Controllers\Migration\RegistrarMigration::sf9pdf does not exist.  
[2025-07-14 08:29:24] local.ERROR: Failed to generate SF9 for student 5656: Method App\Http\Controllers\Migration\RegistrarMigration::sf9pdf does not exist.  
[2025-07-14 08:29:24] local.ERROR: Failed to generate SF9 for student 5657: Method App\Http\Controllers\Migration\RegistrarMigration::sf9pdf does not exist.  
[2025-07-14 08:29:24] local.ERROR: Failed to generate SF9 for student 5662: Method App\Http\Controllers\Migration\RegistrarMigration::sf9pdf does not exist.  
[2025-07-14 08:29:24] local.ERROR: Failed to generate SF9 for student 5666: Method App\Http\Controllers\Migration\RegistrarMigration::sf9pdf does not exist.  
[2025-07-14 08:29:24] local.ERROR: Failed to generate SF9 for student 5665: Method App\Http\Controllers\Migration\RegistrarMigration::sf9pdf does not exist.  
[2025-07-14 08:29:24] local.ERROR: Failed to generate SF9 for student 5659: Method App\Http\Controllers\Migration\RegistrarMigration::sf9pdf does not exist.  
[2025-07-14 08:29:24] local.ERROR: Failed to generate SF9 for student 5668: Method App\Http\Controllers\Migration\RegistrarMigration::sf9pdf does not exist.  
[2025-07-14 08:29:24] local.ERROR: Failed to generate SF9 for student 5661: Method App\Http\Controllers\Migration\RegistrarMigration::sf9pdf does not exist.  
[2025-07-14 08:29:24] local.ERROR: Failed to generate SF9 for student 5663: Method App\Http\Controllers\Migration\RegistrarMigration::sf9pdf does not exist.  
[2025-07-14 08:29:24] local.ERROR: Failed to generate SF9 for student 5634: Method App\Http\Controllers\Migration\RegistrarMigration::sf9pdf does not exist.  
[2025-07-14 08:29:24] local.ERROR: Failed to generate SF9 for student 5632: Method App\Http\Controllers\Migration\RegistrarMigration::sf9pdf does not exist.  
[2025-07-14 08:29:24] local.ERROR: Failed to generate SF9 for student 5631: Method App\Http\Controllers\Migration\RegistrarMigration::sf9pdf does not exist.  
[2025-07-14 08:29:24] local.ERROR: Failed to generate SF9 for student 5667: Method App\Http\Controllers\Migration\RegistrarMigration::sf9pdf does not exist.  
[2025-07-14 08:29:24] local.ERROR: Failed to generate SF9 for student 5664: Method App\Http\Controllers\Migration\RegistrarMigration::sf9pdf does not exist.  
[2025-07-14 08:29:24] local.ERROR: Failed to generate SF9 for student 5660: Method App\Http\Controllers\Migration\RegistrarMigration::sf9pdf does not exist.  
[2025-07-14 08:29:24] local.ERROR: Failed to generate SF9 for student 5652: Method App\Http\Controllers\Migration\RegistrarMigration::sf9pdf does not exist.  
[2025-07-14 08:29:24] local.ERROR: Failed to generate SF9 for student 5651: Method App\Http\Controllers\Migration\RegistrarMigration::sf9pdf does not exist.  
[2025-07-14 08:29:24] local.ERROR: Failed to generate SF9 for student 5650: Method App\Http\Controllers\Migration\RegistrarMigration::sf9pdf does not exist.  
[2025-07-14 08:29:24] local.ERROR: Failed to generate SF9 for student 5649: Method App\Http\Controllers\Migration\RegistrarMigration::sf9pdf does not exist.  
[2025-07-14 08:29:24] local.ERROR: Failed to generate SF9 for student 5646: Method App\Http\Controllers\Migration\RegistrarMigration::sf9pdf does not exist.  
[2025-07-14 08:29:24] local.ERROR: Failed to generate SF9 for student 5645: Method App\Http\Controllers\Migration\RegistrarMigration::sf9pdf does not exist.  
[2025-07-14 08:29:24] local.ERROR: Failed to generate SF9 for student 5643: Method App\Http\Controllers\Migration\RegistrarMigration::sf9pdf does not exist.  
[2025-07-14 08:29:24] local.ERROR: Failed to generate SF9 for student 7846: Method App\Http\Controllers\Migration\RegistrarMigration::sf9pdf does not exist.  
[2025-07-14 08:29:24] local.ERROR: Failed to generate SF9 for student 7840: Method App\Http\Controllers\Migration\RegistrarMigration::sf9pdf does not exist.  
[2025-07-14 08:29:24] local.ERROR: Failed to generate SF9 for student 7856: Method App\Http\Controllers\Migration\RegistrarMigration::sf9pdf does not exist.  
[2025-07-14 08:29:24] local.ERROR: Failed to generate SF9 for student 7844: Method App\Http\Controllers\Migration\RegistrarMigration::sf9pdf does not exist.  
[2025-07-14 08:29:24] local.ERROR: Failed to generate SF9 for student 7860: Method App\Http\Controllers\Migration\RegistrarMigration::sf9pdf does not exist.  
[2025-07-14 08:29:24] local.ERROR: Failed to generate SF9 for student 7836: Method App\Http\Controllers\Migration\RegistrarMigration::sf9pdf does not exist.  
[2025-07-14 08:29:24] local.ERROR: Failed to generate SF9 for student 7855: Method App\Http\Controllers\Migration\RegistrarMigration::sf9pdf does not exist.  
[2025-07-14 08:29:24] local.ERROR: Failed to generate SF9 for student 7837: Method App\Http\Controllers\Migration\RegistrarMigration::sf9pdf does not exist.  
[2025-07-14 08:29:24] local.ERROR: Failed to generate SF9 for student 7859: Method App\Http\Controllers\Migration\RegistrarMigration::sf9pdf does not exist.  
[2025-07-14 08:29:24] local.ERROR: Failed to generate SF9 for student 7854: Method App\Http\Controllers\Migration\RegistrarMigration::sf9pdf does not exist.  
[2025-07-14 08:29:24] local.ERROR: Failed to generate SF9 for student 7847: Method App\Http\Controllers\Migration\RegistrarMigration::sf9pdf does not exist.  
[2025-07-14 08:29:24] local.ERROR: Failed to generate SF9 for student 7858: Method App\Http\Controllers\Migration\RegistrarMigration::sf9pdf does not exist.  
[2025-07-14 08:29:24] local.ERROR: Failed to generate SF9 for student 7843: Method App\Http\Controllers\Migration\RegistrarMigration::sf9pdf does not exist.  
[2025-07-14 08:29:24] local.ERROR: Failed to generate SF9 for student 7835: Method App\Http\Controllers\Migration\RegistrarMigration::sf9pdf does not exist.  
[2025-07-14 08:29:24] local.ERROR: Failed to generate SF9 for student 7845: Method App\Http\Controllers\Migration\RegistrarMigration::sf9pdf does not exist.  
[2025-07-14 08:29:24] local.ERROR: Failed to generate SF9 for student 7833: Method App\Http\Controllers\Migration\RegistrarMigration::sf9pdf does not exist.  
[2025-07-14 08:29:24] local.ERROR: Failed to generate SF9 for student 7834: Method App\Http\Controllers\Migration\RegistrarMigration::sf9pdf does not exist.  
[2025-07-14 08:29:24] local.ERROR: Failed to generate SF9 for student 7549: Method App\Http\Controllers\Migration\RegistrarMigration::sf9pdf does not exist.  
[2025-07-14 08:29:24] local.ERROR: Failed to generate SF9 for student 7548: Method App\Http\Controllers\Migration\RegistrarMigration::sf9pdf does not exist.  
[2025-07-14 08:29:24] local.ERROR: Failed to generate SF9 for student 7547: Method App\Http\Controllers\Migration\RegistrarMigration::sf9pdf does not exist.  
[2025-07-14 08:29:24] local.ERROR: Failed to generate SF9 for student 7545: Method App\Http\Controllers\Migration\RegistrarMigration::sf9pdf does not exist.  
[2025-07-14 08:29:24] local.ERROR: Failed to generate SF9 for student 7546: Method App\Http\Controllers\Migration\RegistrarMigration::sf9pdf does not exist.  
[2025-07-14 08:29:24] local.ERROR: Failed to generate SF9 for student 7544: Method App\Http\Controllers\Migration\RegistrarMigration::sf9pdf does not exist.  
[2025-07-14 08:29:24] local.ERROR: Failed to generate SF9 for student 7543: Method App\Http\Controllers\Migration\RegistrarMigration::sf9pdf does not exist.  
[2025-07-14 08:29:24] local.ERROR: Failed to generate SF9 for student 7857: Method App\Http\Controllers\Migration\RegistrarMigration::sf9pdf does not exist.  
[2025-07-14 08:29:24] local.ERROR: Failed to generate SF9 for student 7541: Method App\Http\Controllers\Migration\RegistrarMigration::sf9pdf does not exist.  
[2025-07-14 08:29:24] local.ERROR: Failed to generate SF9 for student 7540: Method App\Http\Controllers\Migration\RegistrarMigration::sf9pdf does not exist.  
[2025-07-14 08:29:24] local.ERROR: Failed to generate SF9 for student 7539: Method App\Http\Controllers\Migration\RegistrarMigration::sf9pdf does not exist.  
[2025-07-14 08:29:24] local.ERROR: Failed to generate SF9 for student 7538: Method App\Http\Controllers\Migration\RegistrarMigration::sf9pdf does not exist.  
[2025-07-14 08:29:24] local.ERROR: Failed to generate SF9 for student 7537: Method App\Http\Controllers\Migration\RegistrarMigration::sf9pdf does not exist.  
[2025-07-14 08:29:24] local.ERROR: Failed to generate SF9 for student 7841: Method App\Http\Controllers\Migration\RegistrarMigration::sf9pdf does not exist.  
[2025-07-14 08:29:24] local.ERROR: Failed to generate SF9 for student 7839: Method App\Http\Controllers\Migration\RegistrarMigration::sf9pdf does not exist.  
[2025-07-14 08:29:24] local.ERROR: Failed to generate SF9 for student 7832: Method App\Http\Controllers\Migration\RegistrarMigration::sf9pdf does not exist.  
[2025-07-14 08:29:24] local.ERROR: Failed to generate SF9 for student 7848: Method App\Http\Controllers\Migration\RegistrarMigration::sf9pdf does not exist.  
[2025-07-14 08:29:24] local.ERROR: Failed to generate SF9 for student 7838: Method App\Http\Controllers\Migration\RegistrarMigration::sf9pdf does not exist.  
[2025-07-14 08:29:24] local.ERROR: Failed to generate SF9 for student 7851: Method App\Http\Controllers\Migration\RegistrarMigration::sf9pdf does not exist.  
[2025-07-14 08:29:24] local.ERROR: Failed to generate SF9 for student 11258: Method App\Http\Controllers\Migration\RegistrarMigration::sf9pdf does not exist.  
[2025-07-14 08:29:24] local.ERROR: Failed to generate SF9 for student 5710: Method App\Http\Controllers\Migration\RegistrarMigration::sf9pdf does not exist.  
[2025-07-14 08:29:24] local.ERROR: Failed to generate SF9 for student 5725: Method App\Http\Controllers\Migration\RegistrarMigration::sf9pdf does not exist.  
[2025-07-14 08:29:24] local.ERROR: Failed to generate SF9 for student 5723: Method App\Http\Controllers\Migration\RegistrarMigration::sf9pdf does not exist.  
[2025-07-14 08:29:24] local.ERROR: Failed to generate SF9 for student 5736: Method App\Http\Controllers\Migration\RegistrarMigration::sf9pdf does not exist.  
[2025-07-14 08:29:24] local.ERROR: Failed to generate SF9 for student 5719: Method App\Http\Controllers\Migration\RegistrarMigration::sf9pdf does not exist.  
[2025-07-14 08:29:24] local.ERROR: Failed to generate SF9 for student 5746: Method App\Http\Controllers\Migration\RegistrarMigration::sf9pdf does not exist.  
[2025-07-14 08:29:24] local.ERROR: Failed to generate SF9 for student 5745: Method App\Http\Controllers\Migration\RegistrarMigration::sf9pdf does not exist.  
[2025-07-14 08:29:24] local.ERROR: Failed to generate SF9 for student 5728: Method App\Http\Controllers\Migration\RegistrarMigration::sf9pdf does not exist.  
[2025-07-14 08:29:24] local.ERROR: Failed to generate SF9 for student 5748: Method App\Http\Controllers\Migration\RegistrarMigration::sf9pdf does not exist.  
[2025-07-14 08:29:24] local.ERROR: Failed to generate SF9 for student 5733: Method App\Http\Controllers\Migration\RegistrarMigration::sf9pdf does not exist.  
[2025-07-14 08:29:24] local.ERROR: Failed to generate SF9 for student 5828: Method App\Http\Controllers\Migration\RegistrarMigration::sf9pdf does not exist.  
[2025-07-14 08:29:24] local.ERROR: Failed to generate SF9 for student 5747: Method App\Http\Controllers\Migration\RegistrarMigration::sf9pdf does not exist.  
[2025-07-14 08:29:24] local.ERROR: Failed to generate SF9 for student 5744: Method App\Http\Controllers\Migration\RegistrarMigration::sf9pdf does not exist.  
[2025-07-14 08:29:24] local.ERROR: Failed to generate SF9 for student 7927: Method App\Http\Controllers\Migration\RegistrarMigration::sf9pdf does not exist.  
[2025-07-14 08:29:24] local.ERROR: Failed to generate SF9 for student 5851: Method App\Http\Controllers\Migration\RegistrarMigration::sf9pdf does not exist.  
[2025-07-14 08:29:24] local.ERROR: Failed to generate SF9 for student 5852: Method App\Http\Controllers\Migration\RegistrarMigration::sf9pdf does not exist.  
[2025-07-14 08:29:24] local.ERROR: Failed to generate SF9 for student 5872: Method App\Http\Controllers\Migration\RegistrarMigration::sf9pdf does not exist.  
[2025-07-14 08:29:24] local.ERROR: Failed to generate SF9 for student 5866: Method App\Http\Controllers\Migration\RegistrarMigration::sf9pdf does not exist.  
[2025-07-14 08:29:24] local.ERROR: Failed to generate SF9 for student 5846: Method App\Http\Controllers\Migration\RegistrarMigration::sf9pdf does not exist.  
[2025-07-14 08:29:24] local.ERROR: Failed to generate SF9 for student 5834: Method App\Http\Controllers\Migration\RegistrarMigration::sf9pdf does not exist.  
[2025-07-14 08:29:24] local.ERROR: Failed to generate SF9 for student 5815: Method App\Http\Controllers\Migration\RegistrarMigration::sf9pdf does not exist.  
[2025-07-14 08:29:24] local.ERROR: Failed to generate SF9 for student 5711: Method App\Http\Controllers\Migration\RegistrarMigration::sf9pdf does not exist.  
[2025-07-14 08:29:24] local.ERROR: Failed to generate SF9 for student 5841: Method App\Http\Controllers\Migration\RegistrarMigration::sf9pdf does not exist.  
[2025-07-14 08:29:24] local.ERROR: Failed to generate SF9 for student 5859: Method App\Http\Controllers\Migration\RegistrarMigration::sf9pdf does not exist.  
[2025-07-14 08:29:24] local.ERROR: Failed to generate SF9 for student 5727: Method App\Http\Controllers\Migration\RegistrarMigration::sf9pdf does not exist.  
[2025-07-14 08:29:24] local.ERROR: Failed to generate SF9 for student 8938: Method App\Http\Controllers\Migration\RegistrarMigration::sf9pdf does not exist.  
[2025-07-14 08:29:24] local.ERROR: Failed to generate SF9 for student 5749: Method App\Http\Controllers\Migration\RegistrarMigration::sf9pdf does not exist.  
[2025-07-14 08:29:24] local.ERROR: Failed to generate SF9 for student 9108: Method App\Http\Controllers\Migration\RegistrarMigration::sf9pdf does not exist.  
[2025-07-14 08:29:24] local.ERROR: Failed to generate SF9 for student 5806: Method App\Http\Controllers\Migration\RegistrarMigration::sf9pdf does not exist.  
[2025-07-14 08:29:24] local.ERROR: Failed to generate SF9 for student 9162: Method App\Http\Controllers\Migration\RegistrarMigration::sf9pdf does not exist.  
[2025-07-14 08:29:24] local.ERROR: Failed to generate SF9 for student 5759: Method App\Http\Controllers\Migration\RegistrarMigration::sf9pdf does not exist.  
[2025-07-14 08:29:24] local.ERROR: Failed to generate SF9 for student 9365: Method App\Http\Controllers\Migration\RegistrarMigration::sf9pdf does not exist.  
[2025-07-14 08:29:24] local.ERROR: Failed to generate SF9 for student 5791: Method App\Http\Controllers\Migration\RegistrarMigration::sf9pdf does not exist.  
[2025-07-14 08:29:24] local.ERROR: Failed to generate SF9 for student 5871: Method App\Http\Controllers\Migration\RegistrarMigration::sf9pdf does not exist.  
[2025-07-14 08:29:24] local.ERROR: Failed to generate SF9 for student 5790: Method App\Http\Controllers\Migration\RegistrarMigration::sf9pdf does not exist.  
[2025-07-14 08:29:24] local.ERROR: Failed to generate SF9 for student 9524: Method App\Http\Controllers\Migration\RegistrarMigration::sf9pdf does not exist.  
[2025-07-14 08:29:24] local.ERROR: Failed to generate SF9 for student 9824: Method App\Http\Controllers\Migration\RegistrarMigration::sf9pdf does not exist.  
[2025-07-14 08:29:24] local.ERROR: Failed to generate SF9 for student 9830: Method App\Http\Controllers\Migration\RegistrarMigration::sf9pdf does not exist.  
[2025-07-14 08:29:24] local.ERROR: Failed to generate SF9 for student 9863: Method App\Http\Controllers\Migration\RegistrarMigration::sf9pdf does not exist.  
[2025-07-14 08:29:24] local.ERROR: Failed to generate SF9 for student 1: Method App\Http\Controllers\Migration\RegistrarMigration::sf9pdf does not exist.  
[2025-07-14 08:29:24] local.ERROR: Failed to generate SF9 for student 10529: Method App\Http\Controllers\Migration\RegistrarMigration::sf9pdf does not exist.  
[2025-07-14 08:29:24] local.ERROR: Failed to generate SF9 for student 11204: Method App\Http\Controllers\Migration\RegistrarMigration::sf9pdf does not exist.  
[2025-07-14 08:29:24] local.ERROR: Failed to generate SF9 for student 5757: Method App\Http\Controllers\Migration\RegistrarMigration::sf9pdf does not exist.  
[2025-07-14 08:29:24] local.ERROR: Failed to generate SF9 for student 5862: Method App\Http\Controllers\Migration\RegistrarMigration::sf9pdf does not exist.  
[2025-07-14 08:29:24] local.ERROR: Failed to generate SF9 for student 5750: Method App\Http\Controllers\Migration\RegistrarMigration::sf9pdf does not exist.  
[2025-07-14 08:29:24] local.ERROR: Failed to generate SF9 for student 5779: Method App\Http\Controllers\Migration\RegistrarMigration::sf9pdf does not exist.  
[2025-07-14 08:29:24] local.ERROR: Failed to generate SF9 for student 5778: Method App\Http\Controllers\Migration\RegistrarMigration::sf9pdf does not exist.  
[2025-07-14 08:29:24] local.ERROR: Failed to generate SF9 for student 7511: Method App\Http\Controllers\Migration\RegistrarMigration::sf9pdf does not exist.  
[2025-07-14 08:29:24] local.ERROR: Failed to generate SF9 for student 7554: Method App\Http\Controllers\Migration\RegistrarMigration::sf9pdf does not exist.  
[2025-07-14 08:29:24] local.ERROR: Failed to generate SF9 for student 7555: Method App\Http\Controllers\Migration\RegistrarMigration::sf9pdf does not exist.  
[2025-07-14 08:29:24] local.ERROR: Failed to generate SF9 for student 5857: Method App\Http\Controllers\Migration\RegistrarMigration::sf9pdf does not exist.  
[2025-07-14 08:29:24] local.ERROR: Failed to generate SF9 for student 5771: Method App\Http\Controllers\Migration\RegistrarMigration::sf9pdf does not exist.  
[2025-07-14 08:29:24] local.ERROR: Failed to generate SF9 for student 8915: Method App\Http\Controllers\Migration\RegistrarMigration::sf9pdf does not exist.  
[2025-07-14 08:29:24] local.ERROR: Failed to generate SF9 for student 7910: Method App\Http\Controllers\Migration\RegistrarMigration::sf9pdf does not exist.  
[2025-07-14 08:29:24] local.ERROR: Failed to generate SF9 for student 8962: Method App\Http\Controllers\Migration\RegistrarMigration::sf9pdf does not exist.  
[2025-07-14 08:29:24] local.ERROR: Failed to generate SF9 for student 8984: Method App\Http\Controllers\Migration\RegistrarMigration::sf9pdf does not exist.  
[2025-07-14 08:29:24] local.ERROR: Failed to generate SF9 for student 9014: Method App\Http\Controllers\Migration\RegistrarMigration::sf9pdf does not exist.  
[2025-07-14 08:29:24] local.ERROR: Failed to generate SF9 for student 9112: Method App\Http\Controllers\Migration\RegistrarMigration::sf9pdf does not exist.  
[2025-07-14 08:29:24] local.ERROR: Failed to generate SF9 for student 9198: Method App\Http\Controllers\Migration\RegistrarMigration::sf9pdf does not exist.  
[2025-07-14 08:29:24] local.ERROR: Failed to generate SF9 for student 9479: Method App\Http\Controllers\Migration\RegistrarMigration::sf9pdf does not exist.  
[2025-07-14 08:29:24] local.ERROR: Failed to generate SF9 for student 9477: Method App\Http\Controllers\Migration\RegistrarMigration::sf9pdf does not exist.  
[2025-07-14 08:29:24] local.ERROR: Failed to generate SF9 for student 9829: Method App\Http\Controllers\Migration\RegistrarMigration::sf9pdf does not exist.  
[2025-07-14 08:29:24] local.ERROR: Failed to generate SF9 for student 10410: Method App\Http\Controllers\Migration\RegistrarMigration::sf9pdf does not exist.  
[2025-07-14 08:29:24] local.ERROR: Failed to generate SF9 for student 10480: Method App\Http\Controllers\Migration\RegistrarMigration::sf9pdf does not exist.  
[2025-07-14 08:29:24] local.ERROR: Failed to generate SF9 for student 10585: Method App\Http\Controllers\Migration\RegistrarMigration::sf9pdf does not exist.  
[2025-07-14 08:29:24] local.ERROR: Failed to generate SF9 for student 10783: Method App\Http\Controllers\Migration\RegistrarMigration::sf9pdf does not exist.  
[2025-07-14 08:29:24] local.ERROR: Failed to generate SF9 for student 10755: Method App\Http\Controllers\Migration\RegistrarMigration::sf9pdf does not exist.  
[2025-07-14 08:29:24] local.ERROR: Failed to generate SF9 for student 11205: Method App\Http\Controllers\Migration\RegistrarMigration::sf9pdf does not exist.  
[2025-07-14 08:29:24] local.ERROR: Failed to generate SF9 for student 8944: Method App\Http\Controllers\Migration\RegistrarMigration::sf9pdf does not exist.  
[2025-07-14 08:29:24] local.ERROR: Failed to generate SF9 for student 8948: Method App\Http\Controllers\Migration\RegistrarMigration::sf9pdf does not exist.  
[2025-07-14 08:29:24] local.ERROR: Failed to generate SF9 for student 8911: Method App\Http\Controllers\Migration\RegistrarMigration::sf9pdf does not exist.  
[2025-07-14 08:29:24] local.ERROR: Failed to generate SF9 for student 5796: Method App\Http\Controllers\Migration\RegistrarMigration::sf9pdf does not exist.  
[2025-07-14 08:29:24] local.ERROR: Failed to generate SF9 for student 7913: Method App\Http\Controllers\Migration\RegistrarMigration::sf9pdf does not exist.  
[2025-07-14 08:29:24] local.ERROR: Failed to generate SF9 for student 5831: Method App\Http\Controllers\Migration\RegistrarMigration::sf9pdf does not exist.  
[2025-07-14 08:29:24] local.ERROR: Failed to generate SF9 for student 5813: Method App\Http\Controllers\Migration\RegistrarMigration::sf9pdf does not exist.  
[2025-07-14 08:29:24] local.ERROR: Failed to generate SF9 for student 8905: Method App\Http\Controllers\Migration\RegistrarMigration::sf9pdf does not exist.  
[2025-07-14 08:29:24] local.ERROR: Failed to generate SF9 for student 8904: Method App\Http\Controllers\Migration\RegistrarMigration::sf9pdf does not exist.  
[2025-07-14 08:29:24] local.ERROR: Failed to generate SF9 for student 8877: Method App\Http\Controllers\Migration\RegistrarMigration::sf9pdf does not exist.  
[2025-07-14 08:29:24] local.ERROR: Failed to generate SF9 for student 5842: Method App\Http\Controllers\Migration\RegistrarMigration::sf9pdf does not exist.  
[2025-07-14 08:29:24] local.ERROR: Failed to generate SF9 for student 8879: Method App\Http\Controllers\Migration\RegistrarMigration::sf9pdf does not exist.  
[2025-07-14 08:29:24] local.ERROR: Failed to generate SF9 for student 9278: Method App\Http\Controllers\Migration\RegistrarMigration::sf9pdf does not exist.  
[2025-07-14 08:29:24] local.ERROR: Failed to generate SF9 for student 9626: Method App\Http\Controllers\Migration\RegistrarMigration::sf9pdf does not exist.  
[2025-07-14 08:29:24] local.ERROR: Failed to generate SF9 for student 9627: Method App\Http\Controllers\Migration\RegistrarMigration::sf9pdf does not exist.  
[2025-07-14 08:29:24] local.ERROR: Failed to generate SF9 for student 9862: Method App\Http\Controllers\Migration\RegistrarMigration::sf9pdf does not exist.  
[2025-07-14 08:29:24] local.ERROR: Failed to generate SF9 for student 9861: Method App\Http\Controllers\Migration\RegistrarMigration::sf9pdf does not exist.  
[2025-07-14 08:29:24] local.ERROR: Failed to generate SF9 for student 10054: Method App\Http\Controllers\Migration\RegistrarMigration::sf9pdf does not exist.  
[2025-07-14 08:29:24] local.ERROR: Failed to generate SF9 for student 10056: Method App\Http\Controllers\Migration\RegistrarMigration::sf9pdf does not exist.  
[2025-07-14 08:29:24] local.ERROR: Failed to generate SF9 for student 10213: Method App\Http\Controllers\Migration\RegistrarMigration::sf9pdf does not exist.  
[2025-07-14 08:29:24] local.ERROR: Failed to generate SF9 for student 10394: Method App\Http\Controllers\Migration\RegistrarMigration::sf9pdf does not exist.  
[2025-07-14 08:29:24] local.ERROR: Failed to generate SF9 for student 6701: Method App\Http\Controllers\Migration\RegistrarMigration::sf9pdf does not exist.  
[2025-07-14 08:29:24] local.ERROR: Failed to generate SF9 for student 10714: Method App\Http\Controllers\Migration\RegistrarMigration::sf9pdf does not exist.  
[2025-07-14 08:29:24] local.ERROR: Failed to generate SF9 for student 10859: Method App\Http\Controllers\Migration\RegistrarMigration::sf9pdf does not exist.  
[2025-07-14 08:29:24] local.ERROR: Failed to generate SF9 for student 10798: Method App\Http\Controllers\Migration\RegistrarMigration::sf9pdf does not exist.  
[2025-07-14 08:29:24] local.ERROR: Failed to generate SF9 for student 10797: Method App\Http\Controllers\Migration\RegistrarMigration::sf9pdf does not exist.  
[2025-07-14 08:29:24] local.ERROR: Failed to generate SF9 for student 11078: Method App\Http\Controllers\Migration\RegistrarMigration::sf9pdf does not exist.  
[2025-07-14 08:29:24] local.ERROR: Failed to generate SF9 for student 11130: Method App\Http\Controllers\Migration\RegistrarMigration::sf9pdf does not exist.  
[2025-07-14 08:29:24] local.ERROR: Failed to generate SF9 for student 11163: Method App\Http\Controllers\Migration\RegistrarMigration::sf9pdf does not exist.  
[2025-07-14 08:29:24] local.ERROR: Failed to generate SF9 for student 11195: Method App\Http\Controllers\Migration\RegistrarMigration::sf9pdf does not exist.  
[2025-07-14 08:29:24] local.ERROR: Failed to generate SF9 for student 11289: Method App\Http\Controllers\Migration\RegistrarMigration::sf9pdf does not exist.  
[2025-07-14 08:29:24] local.ERROR: Failed to generate SF9 for student 11290: Method App\Http\Controllers\Migration\RegistrarMigration::sf9pdf does not exist.  
[2025-07-14 08:29:24] local.ERROR: Failed to generate SF9 for student 8908: Method App\Http\Controllers\Migration\RegistrarMigration::sf9pdf does not exist.  
[2025-07-14 08:29:24] local.ERROR: Failed to generate SF9 for student 8909: Method App\Http\Controllers\Migration\RegistrarMigration::sf9pdf does not exist.  
[2025-07-14 08:29:24] local.ERROR: Failed to generate SF9 for student 5855: Method App\Http\Controllers\Migration\RegistrarMigration::sf9pdf does not exist.  
[2025-07-14 08:29:24] local.ERROR: Failed to generate SF9 for student 8901: Method App\Http\Controllers\Migration\RegistrarMigration::sf9pdf does not exist.  
[2025-07-14 08:29:24] local.ERROR: Failed to generate SF9 for student 7936: Method App\Http\Controllers\Migration\RegistrarMigration::sf9pdf does not exist.  
[2025-07-14 08:29:24] local.ERROR: Failed to generate SF9 for student 7935: Method App\Http\Controllers\Migration\RegistrarMigration::sf9pdf does not exist.  
[2025-07-14 08:29:24] local.ERROR: Failed to generate SF9 for student 5715: Method App\Http\Controllers\Migration\RegistrarMigration::sf9pdf does not exist.  
[2025-07-14 08:29:24] local.ERROR: Failed to generate SF9 for student 7904: Method App\Http\Controllers\Migration\RegistrarMigration::sf9pdf does not exist.  
[2025-07-14 08:29:24] local.ERROR: Failed to generate SF9 for student 7550: Method App\Http\Controllers\Migration\RegistrarMigration::sf9pdf does not exist.  
[2025-07-14 08:29:24] local.ERROR: Failed to generate SF9 for student 7556: Method App\Http\Controllers\Migration\RegistrarMigration::sf9pdf does not exist.  
[2025-07-14 08:29:24] local.ERROR: Failed to generate SF9 for student 7931: Method App\Http\Controllers\Migration\RegistrarMigration::sf9pdf does not exist.  
[2025-07-14 08:29:24] local.ERROR: Failed to generate SF9 for student 7930: Method App\Http\Controllers\Migration\RegistrarMigration::sf9pdf does not exist.  
[2025-07-14 08:29:24] local.ERROR: Failed to generate SF9 for student 5758: Method App\Http\Controllers\Migration\RegistrarMigration::sf9pdf does not exist.  
[2025-07-14 08:29:24] local.ERROR: Failed to generate SF9 for student 7652: Method App\Http\Controllers\Migration\RegistrarMigration::sf9pdf does not exist.  
[2025-07-14 08:29:24] local.ERROR: Failed to generate SF9 for student 7527: Method App\Http\Controllers\Migration\RegistrarMigration::sf9pdf does not exist.  
[2025-07-14 08:29:24] local.ERROR: Failed to generate SF9 for student 7515: Method App\Http\Controllers\Migration\RegistrarMigration::sf9pdf does not exist.  
[2025-07-14 08:29:24] local.ERROR: Failed to generate SF9 for student 7526: Method App\Http\Controllers\Migration\RegistrarMigration::sf9pdf does not exist.  
[2025-07-14 08:29:24] local.ERROR: Failed to generate SF9 for student 8949: Method App\Http\Controllers\Migration\RegistrarMigration::sf9pdf does not exist.  
[2025-07-14 08:29:24] local.ERROR: Failed to generate SF9 for student 8950: Method App\Http\Controllers\Migration\RegistrarMigration::sf9pdf does not exist.  
[2025-07-14 08:29:24] local.ERROR: Failed to generate SF9 for student 9027: Method App\Http\Controllers\Migration\RegistrarMigration::sf9pdf does not exist.  
[2025-07-14 08:29:24] local.ERROR: Failed to generate SF9 for student 9023: Method App\Http\Controllers\Migration\RegistrarMigration::sf9pdf does not exist.  
[2025-07-14 08:29:24] local.ERROR: Failed to generate SF9 for student 5840: Method App\Http\Controllers\Migration\RegistrarMigration::sf9pdf does not exist.  
[2025-07-14 08:29:24] local.ERROR: Failed to generate SF9 for student 9047: Method App\Http\Controllers\Migration\RegistrarMigration::sf9pdf does not exist.  
[2025-07-14 08:29:24] local.ERROR: Failed to generate SF9 for student 9048: Method App\Http\Controllers\Migration\RegistrarMigration::sf9pdf does not exist.  
[2025-07-14 08:29:24] local.ERROR: Failed to generate SF9 for student 7522: Method App\Http\Controllers\Migration\RegistrarMigration::sf9pdf does not exist.  
[2025-07-14 08:29:24] local.ERROR: Failed to generate SF9 for student 9100: Method App\Http\Controllers\Migration\RegistrarMigration::sf9pdf does not exist.  
[2025-07-14 08:29:24] local.ERROR: Failed to generate SF9 for student 9432: Method App\Http\Controllers\Migration\RegistrarMigration::sf9pdf does not exist.  
[2025-07-14 08:29:24] local.ERROR: Failed to generate SF9 for student 9634: Method App\Http\Controllers\Migration\RegistrarMigration::sf9pdf does not exist.  
[2025-07-14 08:29:24] local.ERROR: Failed to generate SF9 for student 9867: Method App\Http\Controllers\Migration\RegistrarMigration::sf9pdf does not exist.  
[2025-07-14 08:29:24] local.ERROR: Failed to generate SF9 for student 9865: Method App\Http\Controllers\Migration\RegistrarMigration::sf9pdf does not exist.  
[2025-07-14 08:29:24] local.ERROR: Failed to generate SF9 for student 8881: Method App\Http\Controllers\Migration\RegistrarMigration::sf9pdf does not exist.  
[2025-07-14 08:29:24] local.ERROR: Failed to generate SF9 for student 9965: Method App\Http\Controllers\Migration\RegistrarMigration::sf9pdf does not exist.  
[2025-07-14 08:29:24] local.ERROR: Failed to generate SF9 for student 10052: Method App\Http\Controllers\Migration\RegistrarMigration::sf9pdf does not exist.  
[2025-07-14 08:29:24] local.ERROR: Failed to generate SF9 for student 10169: Method App\Http\Controllers\Migration\RegistrarMigration::sf9pdf does not exist.  
[2025-07-14 08:29:24] local.ERROR: Failed to generate SF9 for student 10175: Method App\Http\Controllers\Migration\RegistrarMigration::sf9pdf does not exist.  
[2025-07-14 08:29:24] local.ERROR: Failed to generate SF9 for student 7622: Method App\Http\Controllers\Migration\RegistrarMigration::sf9pdf does not exist.  
[2025-07-14 08:29:24] local.ERROR: Failed to generate SF9 for student 7628: Method App\Http\Controllers\Migration\RegistrarMigration::sf9pdf does not exist.  
[2025-07-14 08:29:24] local.ERROR: Failed to generate SF9 for student 7633: Method App\Http\Controllers\Migration\RegistrarMigration::sf9pdf does not exist.  
[2025-07-14 08:29:24] local.ERROR: Failed to generate SF9 for student 7643: Method App\Http\Controllers\Migration\RegistrarMigration::sf9pdf does not exist.  
[2025-07-14 08:29:24] local.ERROR: Failed to generate SF9 for student 7639: Method App\Http\Controllers\Migration\RegistrarMigration::sf9pdf does not exist.  
[2025-07-14 08:29:24] local.ERROR: Failed to generate SF9 for student 7626: Method App\Http\Controllers\Migration\RegistrarMigration::sf9pdf does not exist.  
[2025-07-14 08:29:24] local.ERROR: Failed to generate SF9 for student 7635: Method App\Http\Controllers\Migration\RegistrarMigration::sf9pdf does not exist.  
[2025-07-14 08:29:24] local.ERROR: Failed to generate SF9 for student 7638: Method App\Http\Controllers\Migration\RegistrarMigration::sf9pdf does not exist.  
[2025-07-14 08:29:24] local.ERROR: Failed to generate SF9 for student 7624: Method App\Http\Controllers\Migration\RegistrarMigration::sf9pdf does not exist.  
[2025-07-14 08:29:24] local.ERROR: Failed to generate SF9 for student 7645: Method App\Http\Controllers\Migration\RegistrarMigration::sf9pdf does not exist.  
[2025-07-14 08:29:24] local.ERROR: Failed to generate SF9 for student 7632: Method App\Http\Controllers\Migration\RegistrarMigration::sf9pdf does not exist.  
[2025-07-14 08:29:24] local.ERROR: Failed to generate SF9 for student 7647: Method App\Http\Controllers\Migration\RegistrarMigration::sf9pdf does not exist.  
[2025-07-14 08:29:24] local.ERROR: Failed to generate SF9 for student 7625: Method App\Http\Controllers\Migration\RegistrarMigration::sf9pdf does not exist.  
[2025-07-14 08:29:24] local.ERROR: Failed to generate SF9 for student 7618: Method App\Http\Controllers\Migration\RegistrarMigration::sf9pdf does not exist.  
[2025-07-14 08:29:24] local.ERROR: Failed to generate SF9 for student 7617: Method App\Http\Controllers\Migration\RegistrarMigration::sf9pdf does not exist.  
[2025-07-14 08:29:24] local.ERROR: Failed to generate SF9 for student 7634: Method App\Http\Controllers\Migration\RegistrarMigration::sf9pdf does not exist.  
[2025-07-14 08:29:24] local.ERROR: Failed to generate SF9 for student 7627: Method App\Http\Controllers\Migration\RegistrarMigration::sf9pdf does not exist.  
[2025-07-14 08:29:24] local.ERROR: Failed to generate SF9 for student 7619: Method App\Http\Controllers\Migration\RegistrarMigration::sf9pdf does not exist.  
[2025-07-14 08:29:24] local.ERROR: Failed to generate SF9 for student 7636: Method App\Http\Controllers\Migration\RegistrarMigration::sf9pdf does not exist.  
[2025-07-14 08:29:24] local.ERROR: Failed to generate SF9 for student 7631: Method App\Http\Controllers\Migration\RegistrarMigration::sf9pdf does not exist.  
[2025-07-14 08:29:24] local.ERROR: Failed to generate SF9 for student 7629: Method App\Http\Controllers\Migration\RegistrarMigration::sf9pdf does not exist.  
[2025-07-14 08:29:24] local.ERROR: Failed to generate SF9 for student 7623: Method App\Http\Controllers\Migration\RegistrarMigration::sf9pdf does not exist.  
[2025-07-14 08:29:24] local.ERROR: Failed to generate SF9 for student 7646: Method App\Http\Controllers\Migration\RegistrarMigration::sf9pdf does not exist.  
[2025-07-14 08:29:24] local.ERROR: Failed to generate SF9 for student 7640: Method App\Http\Controllers\Migration\RegistrarMigration::sf9pdf does not exist.  
[2025-07-14 08:29:24] local.ERROR: Failed to generate SF9 for student 7637: Method App\Http\Controllers\Migration\RegistrarMigration::sf9pdf does not exist.  
[2025-07-14 08:29:24] local.ERROR: Failed to generate SF9 for student 7644: Method App\Http\Controllers\Migration\RegistrarMigration::sf9pdf does not exist.  
[2025-07-14 08:29:24] local.ERROR: Failed to generate SF9 for student 7561: Method App\Http\Controllers\Migration\RegistrarMigration::sf9pdf does not exist.  
[2025-07-14 08:29:24] local.ERROR: Failed to generate SF9 for student 7562: Method App\Http\Controllers\Migration\RegistrarMigration::sf9pdf does not exist.  
[2025-07-14 08:29:24] local.ERROR: Failed to generate SF9 for student 7564: Method App\Http\Controllers\Migration\RegistrarMigration::sf9pdf does not exist.  
[2025-07-14 08:29:24] local.ERROR: Failed to generate SF9 for student 7567: Method App\Http\Controllers\Migration\RegistrarMigration::sf9pdf does not exist.  
[2025-07-14 08:29:24] local.ERROR: Failed to generate SF9 for student 7968: Method App\Http\Controllers\Migration\RegistrarMigration::sf9pdf does not exist.  
[2025-07-14 08:29:24] local.ERROR: Failed to generate SF9 for student 7955: Method App\Http\Controllers\Migration\RegistrarMigration::sf9pdf does not exist.  
[2025-07-14 08:29:24] local.ERROR: Failed to generate SF9 for student 7953: Method App\Http\Controllers\Migration\RegistrarMigration::sf9pdf does not exist.  
[2025-07-14 08:29:24] local.ERROR: Failed to generate SF9 for student 7941: Method App\Http\Controllers\Migration\RegistrarMigration::sf9pdf does not exist.  
[2025-07-14 08:29:24] local.ERROR: Failed to generate SF9 for student 7959: Method App\Http\Controllers\Migration\RegistrarMigration::sf9pdf does not exist.  
[2025-07-14 08:29:24] local.ERROR: Failed to generate SF9 for student 7944: Method App\Http\Controllers\Migration\RegistrarMigration::sf9pdf does not exist.  
[2025-07-14 08:29:24] local.ERROR: Failed to generate SF9 for student 7938: Method App\Http\Controllers\Migration\RegistrarMigration::sf9pdf does not exist.  
[2025-07-14 08:29:24] local.ERROR: Failed to generate SF9 for student 7943: Method App\Http\Controllers\Migration\RegistrarMigration::sf9pdf does not exist.  
[2025-07-14 08:29:24] local.ERROR: Failed to generate SF9 for student 7950: Method App\Http\Controllers\Migration\RegistrarMigration::sf9pdf does not exist.  
[2025-07-14 08:29:24] local.ERROR: Failed to generate SF9 for student 7954: Method App\Http\Controllers\Migration\RegistrarMigration::sf9pdf does not exist.  
[2025-07-14 08:29:24] local.ERROR: Failed to generate SF9 for student 7963: Method App\Http\Controllers\Migration\RegistrarMigration::sf9pdf does not exist.  
[2025-07-14 08:29:24] local.ERROR: Failed to generate SF9 for student 6440: Method App\Http\Controllers\Migration\RegistrarMigration::sf9pdf does not exist.  
[2025-07-14 08:29:24] local.ERROR: Failed to generate SF9 for student 7642: Method App\Http\Controllers\Migration\RegistrarMigration::sf9pdf does not exist.  
[2025-07-14 08:29:24] local.ERROR: Failed to generate SF9 for student 7220: Method App\Http\Controllers\Migration\RegistrarMigration::sf9pdf does not exist.  
[2025-07-14 08:29:24] local.ERROR: Failed to generate SF9 for student 7398: Method App\Http\Controllers\Migration\RegistrarMigration::sf9pdf does not exist.  
[2025-07-14 08:29:24] local.ERROR: Failed to generate SF9 for student 6379: Method App\Http\Controllers\Migration\RegistrarMigration::sf9pdf does not exist.  
[2025-07-14 08:29:24] local.ERROR: Failed to generate SF9 for student 7248: Method App\Http\Controllers\Migration\RegistrarMigration::sf9pdf does not exist.  
[2025-07-14 08:29:24] local.ERROR: Failed to generate SF9 for student 7226: Method App\Http\Controllers\Migration\RegistrarMigration::sf9pdf does not exist.  
[2025-07-14 08:29:24] local.ERROR: Failed to generate SF9 for student 7227: Method App\Http\Controllers\Migration\RegistrarMigration::sf9pdf does not exist.  
[2025-07-14 08:29:24] local.ERROR: Failed to generate SF9 for student 7205: Method App\Http\Controllers\Migration\RegistrarMigration::sf9pdf does not exist.  
[2025-07-14 08:29:24] local.ERROR: Failed to generate SF9 for student 7208: Method App\Http\Controllers\Migration\RegistrarMigration::sf9pdf does not exist.  
[2025-07-14 08:29:24] local.ERROR: Failed to generate SF9 for student 7229: Method App\Http\Controllers\Migration\RegistrarMigration::sf9pdf does not exist.  
[2025-07-14 08:29:24] local.ERROR: Failed to generate SF9 for student 7246: Method App\Http\Controllers\Migration\RegistrarMigration::sf9pdf does not exist.  
[2025-07-14 08:29:24] local.ERROR: Failed to generate SF9 for student 7224: Method App\Http\Controllers\Migration\RegistrarMigration::sf9pdf does not exist.  
[2025-07-14 08:29:24] local.ERROR: Failed to generate SF9 for student 7249: Method App\Http\Controllers\Migration\RegistrarMigration::sf9pdf does not exist.  
[2025-07-14 08:29:24] local.ERROR: Failed to generate SF9 for student 7250: Method App\Http\Controllers\Migration\RegistrarMigration::sf9pdf does not exist.  
[2025-07-14 08:29:24] local.ERROR: Failed to generate SF9 for student 7206: Method App\Http\Controllers\Migration\RegistrarMigration::sf9pdf does not exist.  
[2025-07-14 08:29:24] local.ERROR: Failed to generate SF9 for student 7253: Method App\Http\Controllers\Migration\RegistrarMigration::sf9pdf does not exist.  
[2025-07-14 08:29:24] local.ERROR: Failed to generate SF9 for student 7212: Method App\Http\Controllers\Migration\RegistrarMigration::sf9pdf does not exist.  
[2025-07-14 08:29:24] local.ERROR: Failed to generate SF9 for student 7252: Method App\Http\Controllers\Migration\RegistrarMigration::sf9pdf does not exist.  
[2025-07-14 08:29:24] local.ERROR: Failed to generate SF9 for student 7216: Method App\Http\Controllers\Migration\RegistrarMigration::sf9pdf does not exist.  
[2025-07-14 08:29:24] local.ERROR: Failed to generate SF9 for student 7223: Method App\Http\Controllers\Migration\RegistrarMigration::sf9pdf does not exist.  
[2025-07-14 08:29:24] local.ERROR: Failed to generate SF9 for student 7238: Method App\Http\Controllers\Migration\RegistrarMigration::sf9pdf does not exist.  
[2025-07-14 08:29:24] local.ERROR: Failed to generate SF9 for student 7251: Method App\Http\Controllers\Migration\RegistrarMigration::sf9pdf does not exist.  
[2025-07-14 08:29:24] local.ERROR: Failed to generate SF9 for student 7230: Method App\Http\Controllers\Migration\RegistrarMigration::sf9pdf does not exist.  
[2025-07-14 08:29:24] local.ERROR: Failed to generate SF9 for student 7225: Method App\Http\Controllers\Migration\RegistrarMigration::sf9pdf does not exist.  
[2025-07-14 08:29:24] local.ERROR: Failed to generate SF9 for student 7222: Method App\Http\Controllers\Migration\RegistrarMigration::sf9pdf does not exist.  
[2025-07-14 08:29:24] local.ERROR: Failed to generate SF9 for student 7247: Method App\Http\Controllers\Migration\RegistrarMigration::sf9pdf does not exist.  
[2025-07-14 08:29:24] local.ERROR: Failed to generate SF9 for student 7239: Method App\Http\Controllers\Migration\RegistrarMigration::sf9pdf does not exist.  
[2025-07-14 08:29:24] local.ERROR: Failed to generate SF9 for student 7240: Method App\Http\Controllers\Migration\RegistrarMigration::sf9pdf does not exist.  
[2025-07-14 08:29:24] local.ERROR: Failed to generate SF9 for student 7244: Method App\Http\Controllers\Migration\RegistrarMigration::sf9pdf does not exist.  
[2025-07-14 08:29:24] local.ERROR: Failed to generate SF9 for student 7217: Method App\Http\Controllers\Migration\RegistrarMigration::sf9pdf does not exist.  
[2025-07-14 08:29:24] local.ERROR: Failed to generate SF9 for student 7214: Method App\Http\Controllers\Migration\RegistrarMigration::sf9pdf does not exist.  
[2025-07-14 08:29:24] local.ERROR: Failed to generate SF9 for student 7218: Method App\Http\Controllers\Migration\RegistrarMigration::sf9pdf does not exist.  
[2025-07-14 08:29:24] local.ERROR: Failed to generate SF9 for student 7209: Method App\Http\Controllers\Migration\RegistrarMigration::sf9pdf does not exist.  
[2025-07-14 08:29:24] local.ERROR: Failed to generate SF9 for student 7233: Method App\Http\Controllers\Migration\RegistrarMigration::sf9pdf does not exist.  
[2025-07-14 08:29:24] local.ERROR: Failed to generate SF9 for student 7241: Method App\Http\Controllers\Migration\RegistrarMigration::sf9pdf does not exist.  
[2025-07-14 08:29:24] local.ERROR: Failed to generate SF9 for student 7207: Method App\Http\Controllers\Migration\RegistrarMigration::sf9pdf does not exist.  
[2025-07-14 08:29:24] local.ERROR: Failed to generate SF9 for student 7228: Method App\Http\Controllers\Migration\RegistrarMigration::sf9pdf does not exist.  
[2025-07-14 08:29:24] local.ERROR: Failed to generate SF9 for student 7219: Method App\Http\Controllers\Migration\RegistrarMigration::sf9pdf does not exist.  
[2025-07-14 08:29:24] local.ERROR: Failed to generate SF9 for student 7237: Method App\Http\Controllers\Migration\RegistrarMigration::sf9pdf does not exist.  
[2025-07-14 08:29:24] local.ERROR: Failed to generate SF9 for student 7231: Method App\Http\Controllers\Migration\RegistrarMigration::sf9pdf does not exist.  
[2025-07-14 08:29:24] local.ERROR: Failed to generate SF9 for student 7254: Method App\Http\Controllers\Migration\RegistrarMigration::sf9pdf does not exist.  
[2025-07-14 08:29:24] local.ERROR: Failed to generate SF9 for student 7245: Method App\Http\Controllers\Migration\RegistrarMigration::sf9pdf does not exist.  
[2025-07-14 08:29:24] local.ERROR: Failed to generate SF9 for student 7215: Method App\Http\Controllers\Migration\RegistrarMigration::sf9pdf does not exist.  
[2025-07-14 08:29:24] local.ERROR: Failed to generate SF9 for student 7242: Method App\Http\Controllers\Migration\RegistrarMigration::sf9pdf does not exist.  
[2025-07-14 08:29:24] local.ERROR: Failed to generate SF9 for student 7116: Method App\Http\Controllers\Migration\RegistrarMigration::sf9pdf does not exist.  
[2025-07-14 08:29:24] local.ERROR: Failed to generate SF9 for student 7113: Method App\Http\Controllers\Migration\RegistrarMigration::sf9pdf does not exist.  
[2025-07-14 08:29:24] local.ERROR: Failed to generate SF9 for student 7112: Method App\Http\Controllers\Migration\RegistrarMigration::sf9pdf does not exist.  
[2025-07-14 08:29:24] local.ERROR: Failed to generate SF9 for student 7114: Method App\Http\Controllers\Migration\RegistrarMigration::sf9pdf does not exist.  
[2025-07-14 08:29:24] local.ERROR: Failed to generate SF9 for student 7107: Method App\Http\Controllers\Migration\RegistrarMigration::sf9pdf does not exist.  
[2025-07-14 08:29:24] local.ERROR: Failed to generate SF9 for student 7108: Method App\Http\Controllers\Migration\RegistrarMigration::sf9pdf does not exist.  
[2025-07-14 08:29:24] local.ERROR: Failed to generate SF9 for student 7119: Method App\Http\Controllers\Migration\RegistrarMigration::sf9pdf does not exist.  
[2025-07-14 08:29:24] local.ERROR: Failed to generate SF9 for student 7120: Method App\Http\Controllers\Migration\RegistrarMigration::sf9pdf does not exist.  
[2025-07-14 08:29:24] local.ERROR: Failed to generate SF9 for student 7111: Method App\Http\Controllers\Migration\RegistrarMigration::sf9pdf does not exist.  
[2025-07-14 08:29:24] local.ERROR: Failed to generate SF9 for student 7118: Method App\Http\Controllers\Migration\RegistrarMigration::sf9pdf does not exist.  
[2025-07-14 08:29:24] local.ERROR: Failed to generate SF9 for student 6982: Method App\Http\Controllers\Migration\RegistrarMigration::sf9pdf does not exist.  
[2025-07-14 08:29:24] local.ERROR: Failed to generate SF9 for student 6988: Method App\Http\Controllers\Migration\RegistrarMigration::sf9pdf does not exist.  
[2025-07-14 08:29:24] local.ERROR: Failed to generate SF9 for student 7109: Method App\Http\Controllers\Migration\RegistrarMigration::sf9pdf does not exist.  
[2025-07-14 08:29:24] local.ERROR: Failed to generate SF9 for student 7110: Method App\Http\Controllers\Migration\RegistrarMigration::sf9pdf does not exist.  
[2025-07-14 08:29:24] local.ERROR: Failed to generate SF9 for student 6671: Method App\Http\Controllers\Migration\RegistrarMigration::sf9pdf does not exist.  
[2025-07-14 08:29:24] local.ERROR: Failed to generate SF9 for student 6668: Method App\Http\Controllers\Migration\RegistrarMigration::sf9pdf does not exist.  
[2025-07-14 08:29:24] local.ERROR: Failed to generate SF9 for student 6665: Method App\Http\Controllers\Migration\RegistrarMigration::sf9pdf does not exist.  
[2025-07-14 08:29:24] local.ERROR: Failed to generate SF9 for student 6660: Method App\Http\Controllers\Migration\RegistrarMigration::sf9pdf does not exist.  
[2025-07-14 08:29:24] local.ERROR: Failed to generate SF9 for student 6658: Method App\Http\Controllers\Migration\RegistrarMigration::sf9pdf does not exist.  
[2025-07-14 08:29:24] local.ERROR: Failed to generate SF9 for student 6656: Method App\Http\Controllers\Migration\RegistrarMigration::sf9pdf does not exist.  
[2025-07-14 08:29:24] local.ERROR: Failed to generate SF9 for student 8995: Method App\Http\Controllers\Migration\RegistrarMigration::sf9pdf does not exist.  
[2025-07-14 08:29:24] local.ERROR: Failed to generate SF9 for student 6662: Method App\Http\Controllers\Migration\RegistrarMigration::sf9pdf does not exist.  
[2025-07-14 08:29:24] local.ERROR: Failed to generate SF9 for student 11255: Method App\Http\Controllers\Migration\RegistrarMigration::sf9pdf does not exist.  
[2025-07-14 08:29:24] local.ERROR: Failed to generate SF9 for student 7154: Method App\Http\Controllers\Migration\RegistrarMigration::sf9pdf does not exist.  
[2025-07-14 08:29:24] local.ERROR: Failed to generate SF9 for student 7178: Method App\Http\Controllers\Migration\RegistrarMigration::sf9pdf does not exist.  
[2025-07-14 08:29:24] local.ERROR: Failed to generate SF9 for student 7167: Method App\Http\Controllers\Migration\RegistrarMigration::sf9pdf does not exist.  
[2025-07-14 08:29:24] local.ERROR: Failed to generate SF9 for student 7155: Method App\Http\Controllers\Migration\RegistrarMigration::sf9pdf does not exist.  
[2025-07-14 08:29:24] local.ERROR: Failed to generate SF9 for student 7181: Method App\Http\Controllers\Migration\RegistrarMigration::sf9pdf does not exist.  
[2025-07-14 08:29:24] local.ERROR: Failed to generate SF9 for student 7191: Method App\Http\Controllers\Migration\RegistrarMigration::sf9pdf does not exist.  
[2025-07-14 08:29:24] local.ERROR: Failed to generate SF9 for student 7171: Method App\Http\Controllers\Migration\RegistrarMigration::sf9pdf does not exist.  
[2025-07-14 08:29:24] local.ERROR: Failed to generate SF9 for student 7189: Method App\Http\Controllers\Migration\RegistrarMigration::sf9pdf does not exist.  
[2025-07-14 08:29:24] local.ERROR: Failed to generate SF9 for student 7169: Method App\Http\Controllers\Migration\RegistrarMigration::sf9pdf does not exist.  
[2025-07-14 08:29:24] local.ERROR: Failed to generate SF9 for student 7201: Method App\Http\Controllers\Migration\RegistrarMigration::sf9pdf does not exist.  
[2025-07-14 08:29:24] local.ERROR: Failed to generate SF9 for student 7203: Method App\Http\Controllers\Migration\RegistrarMigration::sf9pdf does not exist.  
[2025-07-14 08:29:24] local.ERROR: Failed to generate SF9 for student 7160: Method App\Http\Controllers\Migration\RegistrarMigration::sf9pdf does not exist.  
[2025-07-14 08:29:24] local.ERROR: Failed to generate SF9 for student 7166: Method App\Http\Controllers\Migration\RegistrarMigration::sf9pdf does not exist.  
[2025-07-14 08:29:24] local.ERROR: Failed to generate SF9 for student 7164: Method App\Http\Controllers\Migration\RegistrarMigration::sf9pdf does not exist.  
[2025-07-14 08:29:24] local.ERROR: Failed to generate SF9 for student 7157: Method App\Http\Controllers\Migration\RegistrarMigration::sf9pdf does not exist.  
[2025-07-14 08:29:24] local.ERROR: Failed to generate SF9 for student 7188: Method App\Http\Controllers\Migration\RegistrarMigration::sf9pdf does not exist.  
[2025-07-14 08:29:24] local.ERROR: Failed to generate SF9 for student 7168: Method App\Http\Controllers\Migration\RegistrarMigration::sf9pdf does not exist.  
[2025-07-14 08:29:24] local.ERROR: Failed to generate SF9 for student 7177: Method App\Http\Controllers\Migration\RegistrarMigration::sf9pdf does not exist.  
[2025-07-14 08:29:24] local.ERROR: Failed to generate SF9 for student 7202: Method App\Http\Controllers\Migration\RegistrarMigration::sf9pdf does not exist.  
[2025-07-14 08:29:24] local.ERROR: Failed to generate SF9 for student 7194: Method App\Http\Controllers\Migration\RegistrarMigration::sf9pdf does not exist.  
[2025-07-14 08:29:24] local.ERROR: Failed to generate SF9 for student 7156: Method App\Http\Controllers\Migration\RegistrarMigration::sf9pdf does not exist.  
[2025-07-14 08:29:24] local.ERROR: Failed to generate SF9 for student 7185: Method App\Http\Controllers\Migration\RegistrarMigration::sf9pdf does not exist.  
[2025-07-14 08:29:24] local.ERROR: Failed to generate SF9 for student 7190: Method App\Http\Controllers\Migration\RegistrarMigration::sf9pdf does not exist.  
[2025-07-14 08:29:24] local.ERROR: Failed to generate SF9 for student 7179: Method App\Http\Controllers\Migration\RegistrarMigration::sf9pdf does not exist.  
[2025-07-14 08:29:24] local.ERROR: Failed to generate SF9 for student 7176: Method App\Http\Controllers\Migration\RegistrarMigration::sf9pdf does not exist.  
[2025-07-14 08:29:24] local.ERROR: Failed to generate SF9 for student 7174: Method App\Http\Controllers\Migration\RegistrarMigration::sf9pdf does not exist.  
[2025-07-14 08:29:24] local.ERROR: Failed to generate SF9 for student 7198: Method App\Http\Controllers\Migration\RegistrarMigration::sf9pdf does not exist.  
[2025-07-14 08:29:24] local.ERROR: Failed to generate SF9 for student 7197: Method App\Http\Controllers\Migration\RegistrarMigration::sf9pdf does not exist.  
[2025-07-14 08:29:24] local.ERROR: Failed to generate SF9 for student 7172: Method App\Http\Controllers\Migration\RegistrarMigration::sf9pdf does not exist.  
[2025-07-14 08:29:24] local.ERROR: Failed to generate SF9 for student 7199: Method App\Http\Controllers\Migration\RegistrarMigration::sf9pdf does not exist.  
[2025-07-14 08:29:24] local.ERROR: Failed to generate SF9 for student 7159: Method App\Http\Controllers\Migration\RegistrarMigration::sf9pdf does not exist.  
[2025-07-14 08:29:24] local.ERROR: Failed to generate SF9 for student 7200: Method App\Http\Controllers\Migration\RegistrarMigration::sf9pdf does not exist.  
[2025-07-14 08:29:24] local.ERROR: Failed to generate SF9 for student 7042: Method App\Http\Controllers\Migration\RegistrarMigration::sf9pdf does not exist.  
[2025-07-14 08:29:24] local.ERROR: Failed to generate SF9 for student 7039: Method App\Http\Controllers\Migration\RegistrarMigration::sf9pdf does not exist.  
[2025-07-14 08:29:24] local.ERROR: Failed to generate SF9 for student 7000: Method App\Http\Controllers\Migration\RegistrarMigration::sf9pdf does not exist.  
[2025-07-14 08:29:24] local.ERROR: Failed to generate SF9 for student 7001: Method App\Http\Controllers\Migration\RegistrarMigration::sf9pdf does not exist.  
[2025-07-14 08:29:24] local.ERROR: Failed to generate SF9 for student 7006: Method App\Http\Controllers\Migration\RegistrarMigration::sf9pdf does not exist.  
[2025-07-14 08:29:24] local.ERROR: Failed to generate SF9 for student 7011: Method App\Http\Controllers\Migration\RegistrarMigration::sf9pdf does not exist.  
[2025-07-14 08:29:24] local.ERROR: Failed to generate SF9 for student 7016: Method App\Http\Controllers\Migration\RegistrarMigration::sf9pdf does not exist.  
[2025-07-14 08:29:24] local.ERROR: Failed to generate SF9 for student 7020: Method App\Http\Controllers\Migration\RegistrarMigration::sf9pdf does not exist.  
[2025-07-14 08:29:24] local.ERROR: Failed to generate SF9 for student 7021: Method App\Http\Controllers\Migration\RegistrarMigration::sf9pdf does not exist.  
[2025-07-14 08:29:24] local.ERROR: Failed to generate SF9 for student 7023: Method App\Http\Controllers\Migration\RegistrarMigration::sf9pdf does not exist.  
[2025-07-14 08:29:24] local.ERROR: Failed to generate SF9 for student 7027: Method App\Http\Controllers\Migration\RegistrarMigration::sf9pdf does not exist.  
[2025-07-14 08:29:24] local.ERROR: Failed to generate SF9 for student 7034: Method App\Http\Controllers\Migration\RegistrarMigration::sf9pdf does not exist.  
[2025-07-14 08:29:24] local.ERROR: Failed to generate SF9 for student 7032: Method App\Http\Controllers\Migration\RegistrarMigration::sf9pdf does not exist.  
[2025-07-14 08:29:24] local.ERROR: Failed to generate SF9 for student 6951: Method App\Http\Controllers\Migration\RegistrarMigration::sf9pdf does not exist.  
[2025-07-14 08:29:24] local.ERROR: Failed to generate SF9 for student 6230: Method App\Http\Controllers\Migration\RegistrarMigration::sf9pdf does not exist.  
[2025-07-14 08:29:24] local.ERROR: Failed to generate SF9 for student 6252: Method App\Http\Controllers\Migration\RegistrarMigration::sf9pdf does not exist.  
[2025-07-14 08:29:24] local.ERROR: Failed to generate SF9 for student 6247: Method App\Http\Controllers\Migration\RegistrarMigration::sf9pdf does not exist.  
[2025-07-14 08:29:24] local.ERROR: Failed to generate SF9 for student 6691: Method App\Http\Controllers\Migration\RegistrarMigration::sf9pdf does not exist.  
[2025-07-14 08:29:24] local.ERROR: Failed to generate SF9 for student 6993: Method App\Http\Controllers\Migration\RegistrarMigration::sf9pdf does not exist.  
[2025-07-14 08:29:24] local.ERROR: Failed to generate SF9 for student 6218: Method App\Http\Controllers\Migration\RegistrarMigration::sf9pdf does not exist.  
[2025-07-14 08:29:24] local.ERROR: Failed to generate SF9 for student 6741: Method App\Http\Controllers\Migration\RegistrarMigration::sf9pdf does not exist.  
[2025-07-14 08:29:24] local.ERROR: Failed to generate SF9 for student 6752: Method App\Http\Controllers\Migration\RegistrarMigration::sf9pdf does not exist.  
[2025-07-14 08:29:24] local.ERROR: Failed to generate SF9 for student 6737: Method App\Http\Controllers\Migration\RegistrarMigration::sf9pdf does not exist.  
[2025-07-14 08:29:24] local.ERROR: Failed to generate SF9 for student 6733: Method App\Http\Controllers\Migration\RegistrarMigration::sf9pdf does not exist.  
[2025-07-14 08:29:24] local.ERROR: Failed to generate SF9 for student 6742: Method App\Http\Controllers\Migration\RegistrarMigration::sf9pdf does not exist.  
[2025-07-14 08:29:24] local.ERROR: Failed to generate SF9 for student 7263: Method App\Http\Controllers\Migration\RegistrarMigration::sf9pdf does not exist.  
[2025-07-14 08:29:24] local.ERROR: Failed to generate SF9 for student 7269: Method App\Http\Controllers\Migration\RegistrarMigration::sf9pdf does not exist.  
[2025-07-14 08:29:24] local.ERROR: Failed to generate SF9 for student 7271: Method App\Http\Controllers\Migration\RegistrarMigration::sf9pdf does not exist.  
[2025-07-14 08:29:24] local.ERROR: Failed to generate SF9 for student 7296: Method App\Http\Controllers\Migration\RegistrarMigration::sf9pdf does not exist.  
[2025-07-14 08:29:24] local.ERROR: Failed to generate SF9 for student 7292: Method App\Http\Controllers\Migration\RegistrarMigration::sf9pdf does not exist.  
[2025-07-14 08:29:24] local.ERROR: Failed to generate SF9 for student 7259: Method App\Http\Controllers\Migration\RegistrarMigration::sf9pdf does not exist.  
[2025-07-14 08:29:24] local.ERROR: Failed to generate SF9 for student 7294: Method App\Http\Controllers\Migration\RegistrarMigration::sf9pdf does not exist.  
[2025-07-14 08:29:24] local.ERROR: Failed to generate SF9 for student 7300: Method App\Http\Controllers\Migration\RegistrarMigration::sf9pdf does not exist.  
[2025-07-14 08:29:24] local.ERROR: Failed to generate SF9 for student 7257: Method App\Http\Controllers\Migration\RegistrarMigration::sf9pdf does not exist.  
[2025-07-14 08:29:24] local.ERROR: Failed to generate SF9 for student 7278: Method App\Http\Controllers\Migration\RegistrarMigration::sf9pdf does not exist.  
[2025-07-14 08:29:24] local.ERROR: Failed to generate SF9 for student 7256: Method App\Http\Controllers\Migration\RegistrarMigration::sf9pdf does not exist.  
[2025-07-14 08:29:24] local.ERROR: Failed to generate SF9 for student 7295: Method App\Http\Controllers\Migration\RegistrarMigration::sf9pdf does not exist.  
[2025-07-14 08:29:24] local.ERROR: Failed to generate SF9 for student 7287: Method App\Http\Controllers\Migration\RegistrarMigration::sf9pdf does not exist.  
[2025-07-14 08:29:24] local.ERROR: Failed to generate SF9 for student 7298: Method App\Http\Controllers\Migration\RegistrarMigration::sf9pdf does not exist.  
[2025-07-14 08:29:24] local.ERROR: Failed to generate SF9 for student 6842: Method App\Http\Controllers\Migration\RegistrarMigration::sf9pdf does not exist.  
[2025-07-14 08:29:24] local.ERROR: Failed to generate SF9 for student 6839: Method App\Http\Controllers\Migration\RegistrarMigration::sf9pdf does not exist.  
[2025-07-14 08:29:24] local.ERROR: Failed to generate SF9 for student 6838: Method App\Http\Controllers\Migration\RegistrarMigration::sf9pdf does not exist.  
[2025-07-14 08:29:24] local.ERROR: Failed to generate SF9 for student 6847: Method App\Http\Controllers\Migration\RegistrarMigration::sf9pdf does not exist.  
[2025-07-14 08:29:24] local.ERROR: Failed to generate SF9 for student 6850: Method App\Http\Controllers\Migration\RegistrarMigration::sf9pdf does not exist.  
[2025-07-14 08:29:24] local.ERROR: Failed to generate SF9 for student 6835: Method App\Http\Controllers\Migration\RegistrarMigration::sf9pdf does not exist.  
[2025-07-14 08:29:24] local.ERROR: Failed to generate SF9 for student 6849: Method App\Http\Controllers\Migration\RegistrarMigration::sf9pdf does not exist.  
[2025-07-14 08:29:24] local.ERROR: Failed to generate SF9 for student 6846: Method App\Http\Controllers\Migration\RegistrarMigration::sf9pdf does not exist.  
[2025-07-14 08:29:24] local.ERROR: Failed to generate SF9 for student 6862: Method App\Http\Controllers\Migration\RegistrarMigration::sf9pdf does not exist.  
[2025-07-14 08:29:24] local.ERROR: Failed to generate SF9 for student 6853: Method App\Http\Controllers\Migration\RegistrarMigration::sf9pdf does not exist.  
[2025-07-14 08:29:24] local.ERROR: Failed to generate SF9 for student 6830: Method App\Http\Controllers\Migration\RegistrarMigration::sf9pdf does not exist.  
[2025-07-14 08:29:24] local.ERROR: Failed to generate SF9 for student 6831: Method App\Http\Controllers\Migration\RegistrarMigration::sf9pdf does not exist.  
[2025-07-14 08:29:24] local.ERROR: Failed to generate SF9 for student 6845: Method App\Http\Controllers\Migration\RegistrarMigration::sf9pdf does not exist.  
[2025-07-14 08:29:24] local.ERROR: Failed to generate SF9 for student 6856: Method App\Http\Controllers\Migration\RegistrarMigration::sf9pdf does not exist.  
[2025-07-14 08:29:24] local.ERROR: Failed to generate SF9 for student 6857: Method App\Http\Controllers\Migration\RegistrarMigration::sf9pdf does not exist.  
[2025-07-14 08:29:24] local.ERROR: Failed to generate SF9 for student 7279: Method App\Http\Controllers\Migration\RegistrarMigration::sf9pdf does not exist.  
[2025-07-14 08:29:24] local.ERROR: Failed to generate SF9 for student 7288: Method App\Http\Controllers\Migration\RegistrarMigration::sf9pdf does not exist.  
[2025-07-14 08:29:24] local.ERROR: Failed to generate SF9 for student 6710: Method App\Http\Controllers\Migration\RegistrarMigration::sf9pdf does not exist.  
[2025-07-14 08:29:24] local.ERROR: Failed to generate SF9 for student 6708: Method App\Http\Controllers\Migration\RegistrarMigration::sf9pdf does not exist.  
[2025-07-14 08:29:24] local.ERROR: Failed to generate SF9 for student 6705: Method App\Http\Controllers\Migration\RegistrarMigration::sf9pdf does not exist.  
[2025-07-14 08:29:24] local.ERROR: Failed to generate SF9 for student 6706: Method App\Http\Controllers\Migration\RegistrarMigration::sf9pdf does not exist.  
[2025-07-14 08:29:24] local.ERROR: Failed to generate SF9 for student 6703: Method App\Http\Controllers\Migration\RegistrarMigration::sf9pdf does not exist.  
[2025-07-14 08:29:24] local.ERROR: Failed to generate SF9 for student 6702: Method App\Http\Controllers\Migration\RegistrarMigration::sf9pdf does not exist.  
[2025-07-14 08:29:24] local.ERROR: Failed to generate SF9 for student 6699: Method App\Http\Controllers\Migration\RegistrarMigration::sf9pdf does not exist.  
[2025-07-14 08:29:24] local.ERROR: Failed to generate SF9 for student 6697: Method App\Http\Controllers\Migration\RegistrarMigration::sf9pdf does not exist.  
[2025-07-14 08:29:24] local.ERROR: Failed to generate SF9 for student 6696: Method App\Http\Controllers\Migration\RegistrarMigration::sf9pdf does not exist.  
[2025-07-14 08:29:24] local.ERROR: Failed to generate SF9 for student 6711: Method App\Http\Controllers\Migration\RegistrarMigration::sf9pdf does not exist.  
[2025-07-14 08:29:24] local.ERROR: Failed to generate SF9 for student 6692: Method App\Http\Controllers\Migration\RegistrarMigration::sf9pdf does not exist.  
[2025-07-14 08:29:24] local.ERROR: Failed to generate SF9 for student 5867: Method App\Http\Controllers\Migration\RegistrarMigration::sf9pdf does not exist.  
[2025-07-14 08:29:24] local.ERROR: Failed to generate SF9 for student 7925: Method App\Http\Controllers\Migration\RegistrarMigration::sf9pdf does not exist.  
[2025-07-14 08:29:24] local.ERROR: Failed to generate SF9 for student 5724: Method App\Http\Controllers\Migration\RegistrarMigration::sf9pdf does not exist.  
[2025-07-14 08:29:24] local.ERROR: Failed to generate SF9 for student 5716: Method App\Http\Controllers\Migration\RegistrarMigration::sf9pdf does not exist.  
[2025-07-14 08:29:24] local.ERROR: Failed to generate SF9 for student 7528: Method App\Http\Controllers\Migration\RegistrarMigration::sf9pdf does not exist.  
[2025-07-14 08:29:24] local.ERROR: Failed to generate SF9 for student 7512: Method App\Http\Controllers\Migration\RegistrarMigration::sf9pdf does not exist.  
[2025-07-14 08:29:24] local.ERROR: Failed to generate SF9 for student 7507: Method App\Http\Controllers\Migration\RegistrarMigration::sf9pdf does not exist.  
[2025-07-14 08:29:24] local.ERROR: Failed to generate SF9 for student 7531: Method App\Http\Controllers\Migration\RegistrarMigration::sf9pdf does not exist.  
[2025-07-14 08:29:24] local.ERROR: Failed to generate SF9 for student 7533: Method App\Http\Controllers\Migration\RegistrarMigration::sf9pdf does not exist.  
[2025-07-14 08:29:24] local.ERROR: Failed to generate SF9 for student 7532: Method App\Http\Controllers\Migration\RegistrarMigration::sf9pdf does not exist.  
[2025-07-14 08:29:24] local.ERROR: Failed to generate SF9 for student 7906: Method App\Http\Controllers\Migration\RegistrarMigration::sf9pdf does not exist.  
[2025-07-14 08:29:24] local.ERROR: Failed to generate SF9 for student 5731: Method App\Http\Controllers\Migration\RegistrarMigration::sf9pdf does not exist.  
[2025-07-14 08:29:24] local.ERROR: Failed to generate SF9 for student 5722: Method App\Http\Controllers\Migration\RegistrarMigration::sf9pdf does not exist.  
[2025-07-14 08:29:24] local.ERROR: Failed to generate SF9 for student 8054: Method App\Http\Controllers\Migration\RegistrarMigration::sf9pdf does not exist.  
[2025-07-14 08:29:24] local.ERROR: Failed to generate SF9 for student 5799: Method App\Http\Controllers\Migration\RegistrarMigration::sf9pdf does not exist.  
[2025-07-14 08:29:24] local.ERROR: Failed to generate SF9 for student 8055: Method App\Http\Controllers\Migration\RegistrarMigration::sf9pdf does not exist.  
[2025-07-14 08:29:24] local.ERROR: Failed to generate SF9 for student 8056: Method App\Http\Controllers\Migration\RegistrarMigration::sf9pdf does not exist.  
[2025-07-14 08:29:24] local.ERROR: Failed to generate SF9 for student 5776: Method App\Http\Controllers\Migration\RegistrarMigration::sf9pdf does not exist.  
[2025-07-14 08:29:24] local.ERROR: Failed to generate SF9 for student 5780: Method App\Http\Controllers\Migration\RegistrarMigration::sf9pdf does not exist.  
[2025-07-14 08:29:24] local.ERROR: Failed to generate SF9 for student 5802: Method App\Http\Controllers\Migration\RegistrarMigration::sf9pdf does not exist.  
[2025-07-14 08:29:24] local.ERROR: Failed to generate SF9 for student 5797: Method App\Http\Controllers\Migration\RegistrarMigration::sf9pdf does not exist.  
[2025-07-14 08:29:24] local.ERROR: Failed to generate SF9 for student 5714: Method App\Http\Controllers\Migration\RegistrarMigration::sf9pdf does not exist.  
[2025-07-14 08:29:24] local.ERROR: Failed to generate SF9 for student 5823: Method App\Http\Controllers\Migration\RegistrarMigration::sf9pdf does not exist.  
[2025-07-14 08:29:24] local.ERROR: Failed to generate SF9 for student 5824: Method App\Http\Controllers\Migration\RegistrarMigration::sf9pdf does not exist.  
[2025-07-14 08:29:24] local.ERROR: Failed to generate SF9 for student 7912: Method App\Http\Controllers\Migration\RegistrarMigration::sf9pdf does not exist.  
[2025-07-14 08:29:24] local.ERROR: Failed to generate SF9 for student 8048: Method App\Http\Controllers\Migration\RegistrarMigration::sf9pdf does not exist.  
[2025-07-14 08:29:24] local.ERROR: Failed to generate SF9 for student 5820: Method App\Http\Controllers\Migration\RegistrarMigration::sf9pdf does not exist.  
[2025-07-14 08:29:24] local.ERROR: Failed to generate SF9 for student 5720: Method App\Http\Controllers\Migration\RegistrarMigration::sf9pdf does not exist.  
[2025-07-14 08:29:24] local.ERROR: Failed to generate SF9 for student 5713: Method App\Http\Controllers\Migration\RegistrarMigration::sf9pdf does not exist.  
[2025-07-14 08:29:24] local.ERROR: Failed to generate SF9 for student 5743: Method App\Http\Controllers\Migration\RegistrarMigration::sf9pdf does not exist.  
[2025-07-14 08:29:24] local.ERROR: Failed to generate SF9 for student 5772: Method App\Http\Controllers\Migration\RegistrarMigration::sf9pdf does not exist.  
[2025-07-14 08:29:24] local.ERROR: Failed to generate SF9 for student 7907: Method App\Http\Controllers\Migration\RegistrarMigration::sf9pdf does not exist.  
[2025-07-14 08:29:24] local.ERROR: Failed to generate SF9 for student 7997: Method App\Http\Controllers\Migration\RegistrarMigration::sf9pdf does not exist.  
[2025-07-14 08:29:24] local.ERROR: Failed to generate SF9 for student 8890: Method App\Http\Controllers\Migration\RegistrarMigration::sf9pdf does not exist.  
[2025-07-14 08:29:24] local.ERROR: Failed to generate SF9 for student 8894: Method App\Http\Controllers\Migration\RegistrarMigration::sf9pdf does not exist.  
[2025-07-14 08:29:24] local.ERROR: Failed to generate SF9 for student 8892: Method App\Http\Controllers\Migration\RegistrarMigration::sf9pdf does not exist.  
[2025-07-14 08:29:24] local.ERROR: Failed to generate SF9 for student 9748: Method App\Http\Controllers\Migration\RegistrarMigration::sf9pdf does not exist.  
[2025-07-14 08:29:24] local.ERROR: Failed to generate SF9 for student 9759: Method App\Http\Controllers\Migration\RegistrarMigration::sf9pdf does not exist.  
[2025-07-14 08:29:24] local.ERROR: Failed to generate SF9 for student 5764: Method App\Http\Controllers\Migration\RegistrarMigration::sf9pdf does not exist.  
[2025-07-14 08:29:24] local.ERROR: Failed to generate SF9 for student 10566: Method App\Http\Controllers\Migration\RegistrarMigration::sf9pdf does not exist.  
[2025-07-14 08:29:24] local.ERROR: Failed to generate SF9 for student 10564: Method App\Http\Controllers\Migration\RegistrarMigration::sf9pdf does not exist.  
[2025-07-14 08:29:24] local.ERROR: Failed to generate SF9 for student 10563: Method App\Http\Controllers\Migration\RegistrarMigration::sf9pdf does not exist.  
[2025-07-14 08:29:24] local.ERROR: Failed to generate SF9 for student 10756: Method App\Http\Controllers\Migration\RegistrarMigration::sf9pdf does not exist.  
[2025-07-14 08:29:24] local.ERROR: Failed to generate SF9 for student 10896: Method App\Http\Controllers\Migration\RegistrarMigration::sf9pdf does not exist.  
[2025-07-14 08:29:24] local.ERROR: Failed to generate SF9 for student 10971: Method App\Http\Controllers\Migration\RegistrarMigration::sf9pdf does not exist.  
[2025-07-14 08:29:24] local.ERROR: Failed to generate SF9 for student 10857: Method App\Http\Controllers\Migration\RegistrarMigration::sf9pdf does not exist.  
[2025-07-14 08:29:24] local.ERROR: Failed to generate SF9 for student 11146: Method App\Http\Controllers\Migration\RegistrarMigration::sf9pdf does not exist.  
[2025-07-14 08:29:24] local.ERROR: Failed to generate SF9 for student 11144: Method App\Http\Controllers\Migration\RegistrarMigration::sf9pdf does not exist.  
[2025-07-14 08:29:24] local.ERROR: Failed to generate SF9 for student 7579: Method App\Http\Controllers\Migration\RegistrarMigration::sf9pdf does not exist.  
[2025-07-14 08:29:24] local.ERROR: Failed to generate SF9 for student 7596: Method App\Http\Controllers\Migration\RegistrarMigration::sf9pdf does not exist.  
[2025-07-14 08:29:24] local.ERROR: Failed to generate SF9 for student 7583: Method App\Http\Controllers\Migration\RegistrarMigration::sf9pdf does not exist.  
[2025-07-14 08:29:24] local.ERROR: Failed to generate SF9 for student 7613: Method App\Http\Controllers\Migration\RegistrarMigration::sf9pdf does not exist.  
[2025-07-14 08:29:24] local.ERROR: Failed to generate SF9 for student 6208: Method App\Http\Controllers\Migration\RegistrarMigration::sf9pdf does not exist.  
[2025-07-14 08:29:24] local.ERROR: Failed to generate SF9 for student 7597: Method App\Http\Controllers\Migration\RegistrarMigration::sf9pdf does not exist.  
[2025-07-14 08:29:24] local.ERROR: Failed to generate SF9 for student 7588: Method App\Http\Controllers\Migration\RegistrarMigration::sf9pdf does not exist.  
[2025-07-14 08:29:24] local.ERROR: Failed to generate SF9 for student 7608: Method App\Http\Controllers\Migration\RegistrarMigration::sf9pdf does not exist.  
[2025-07-14 08:29:24] local.ERROR: Failed to generate SF9 for student 7581: Method App\Http\Controllers\Migration\RegistrarMigration::sf9pdf does not exist.  
[2025-07-14 08:29:24] local.ERROR: Failed to generate SF9 for student 7580: Method App\Http\Controllers\Migration\RegistrarMigration::sf9pdf does not exist.  
[2025-07-14 08:29:24] local.ERROR: Failed to generate SF9 for student 7585: Method App\Http\Controllers\Migration\RegistrarMigration::sf9pdf does not exist.  
[2025-07-14 08:29:24] local.ERROR: Failed to generate SF9 for student 7600: Method App\Http\Controllers\Migration\RegistrarMigration::sf9pdf does not exist.  
[2025-07-14 08:29:24] local.ERROR: Failed to generate SF9 for student 7616: Method App\Http\Controllers\Migration\RegistrarMigration::sf9pdf does not exist.  
[2025-07-14 08:29:24] local.ERROR: Failed to generate SF9 for student 7599: Method App\Http\Controllers\Migration\RegistrarMigration::sf9pdf does not exist.  
[2025-07-14 08:29:24] local.ERROR: Failed to generate SF9 for student 7570: Method App\Http\Controllers\Migration\RegistrarMigration::sf9pdf does not exist.  
[2025-07-14 08:29:24] local.ERROR: Failed to generate SF9 for student 7591: Method App\Http\Controllers\Migration\RegistrarMigration::sf9pdf does not exist.  
[2025-07-14 08:29:24] local.ERROR: Failed to generate SF9 for student 7610: Method App\Http\Controllers\Migration\RegistrarMigration::sf9pdf does not exist.  
[2025-07-14 08:29:24] local.ERROR: Failed to generate SF9 for student 7602: Method App\Http\Controllers\Migration\RegistrarMigration::sf9pdf does not exist.  
[2025-07-14 08:29:24] local.ERROR: Failed to generate SF9 for student 7615: Method App\Http\Controllers\Migration\RegistrarMigration::sf9pdf does not exist.  
[2025-07-14 08:29:24] local.ERROR: Failed to generate SF9 for student 7607: Method App\Http\Controllers\Migration\RegistrarMigration::sf9pdf does not exist.  
[2025-07-14 08:29:24] local.ERROR: Failed to generate SF9 for student 7594: Method App\Http\Controllers\Migration\RegistrarMigration::sf9pdf does not exist.  
[2025-07-14 08:29:24] local.ERROR: Failed to generate SF9 for student 7578: Method App\Http\Controllers\Migration\RegistrarMigration::sf9pdf does not exist.  
[2025-07-14 08:29:24] local.ERROR: Failed to generate SF9 for student 7584: Method App\Http\Controllers\Migration\RegistrarMigration::sf9pdf does not exist.  
[2025-07-14 08:29:24] local.ERROR: Failed to generate SF9 for student 7589: Method App\Http\Controllers\Migration\RegistrarMigration::sf9pdf does not exist.  
[2025-07-14 08:29:24] local.ERROR: Failed to generate SF9 for student 7586: Method App\Http\Controllers\Migration\RegistrarMigration::sf9pdf does not exist.  
[2025-07-14 08:29:24] local.ERROR: Failed to generate SF9 for student 7595: Method App\Http\Controllers\Migration\RegistrarMigration::sf9pdf does not exist.  
[2025-07-14 08:29:24] local.ERROR: Failed to generate SF9 for student 5999: Method App\Http\Controllers\Migration\RegistrarMigration::sf9pdf does not exist.  
[2025-07-14 08:29:24] local.ERROR: Failed to generate SF9 for student 7563: Method App\Http\Controllers\Migration\RegistrarMigration::sf9pdf does not exist.  
[2025-07-14 08:29:24] local.ERROR: Failed to generate SF9 for student 7565: Method App\Http\Controllers\Migration\RegistrarMigration::sf9pdf does not exist.  
[2025-07-14 08:29:24] local.ERROR: Failed to generate SF9 for student 7576: Method App\Http\Controllers\Migration\RegistrarMigration::sf9pdf does not exist.  
[2025-07-14 08:29:24] local.ERROR: Failed to generate SF9 for student 7903: Method App\Http\Controllers\Migration\RegistrarMigration::sf9pdf does not exist.  
[2025-07-14 08:29:24] local.ERROR: Failed to generate SF9 for student 7587: Method App\Http\Controllers\Migration\RegistrarMigration::sf9pdf does not exist.  
[2025-07-14 08:29:24] local.ERROR: Failed to generate SF9 for student 7571: Method App\Http\Controllers\Migration\RegistrarMigration::sf9pdf does not exist.  
[2025-07-14 08:29:24] local.ERROR: Failed to generate SF9 for student 7593: Method App\Http\Controllers\Migration\RegistrarMigration::sf9pdf does not exist.  
[2025-07-14 08:29:24] local.ERROR: Failed to generate SF9 for student 7572: Method App\Http\Controllers\Migration\RegistrarMigration::sf9pdf does not exist.  
[2025-07-14 08:29:24] local.ERROR: Failed to generate SF9 for student 7573: Method App\Http\Controllers\Migration\RegistrarMigration::sf9pdf does not exist.  
[2025-07-14 08:29:24] local.ERROR: Failed to generate SF9 for student 7603: Method App\Http\Controllers\Migration\RegistrarMigration::sf9pdf does not exist.  
[2025-07-14 08:29:24] local.ERROR: Failed to generate SF9 for student 7582: Method App\Http\Controllers\Migration\RegistrarMigration::sf9pdf does not exist.  
[2025-07-14 08:29:24] local.ERROR: Failed to generate SF9 for student 7614: Method App\Http\Controllers\Migration\RegistrarMigration::sf9pdf does not exist.  
[2025-07-14 08:29:24] local.ERROR: Failed to generate SF9 for student 7592: Method App\Http\Controllers\Migration\RegistrarMigration::sf9pdf does not exist.  
[2025-07-14 08:29:24] local.ERROR: Failed to generate SF9 for student 7575: Method App\Http\Controllers\Migration\RegistrarMigration::sf9pdf does not exist.  
[2025-07-14 08:29:24] local.ERROR: Failed to generate SF9 for student 7605: Method App\Http\Controllers\Migration\RegistrarMigration::sf9pdf does not exist.  
[2025-07-14 08:29:24] local.ERROR: Failed to generate SF9 for student 7604: Method App\Http\Controllers\Migration\RegistrarMigration::sf9pdf does not exist.  
[2025-07-14 08:29:24] local.ERROR: Failed to generate SF9 for student 6200: Method App\Http\Controllers\Migration\RegistrarMigration::sf9pdf does not exist.  
[2025-07-14 08:29:24] local.ERROR: Failed to generate SF9 for student 6191: Method App\Http\Controllers\Migration\RegistrarMigration::sf9pdf does not exist.  
[2025-07-14 08:29:24] local.ERROR: Failed to generate SF9 for student 6209: Method App\Http\Controllers\Migration\RegistrarMigration::sf9pdf does not exist.  
[2025-07-14 08:29:24] local.ERROR: Failed to generate SF9 for student 7612: Method App\Http\Controllers\Migration\RegistrarMigration::sf9pdf does not exist.  
[2025-07-14 08:29:24] local.ERROR: Failed to generate SF9 for student 6366: Method App\Http\Controllers\Migration\RegistrarMigration::sf9pdf does not exist.  
[2025-07-14 08:29:24] local.ERROR: Failed to generate SF9 for student 6365: Method App\Http\Controllers\Migration\RegistrarMigration::sf9pdf does not exist.  
[2025-07-14 08:29:24] local.ERROR: Failed to generate SF9 for student 6352: Method App\Http\Controllers\Migration\RegistrarMigration::sf9pdf does not exist.  
[2025-07-14 08:29:24] local.ERROR: Failed to generate SF9 for student 6367: Method App\Http\Controllers\Migration\RegistrarMigration::sf9pdf does not exist.  
[2025-07-14 08:29:24] local.ERROR: Failed to generate SF9 for student 6368: Method App\Http\Controllers\Migration\RegistrarMigration::sf9pdf does not exist.  
[2025-07-14 08:29:24] local.ERROR: Failed to generate SF9 for student 5986: Method App\Http\Controllers\Migration\RegistrarMigration::sf9pdf does not exist.  
[2025-07-14 08:29:24] local.ERROR: Failed to generate SF9 for student 5970: Method App\Http\Controllers\Migration\RegistrarMigration::sf9pdf does not exist.  
[2025-07-14 08:29:24] local.ERROR: Failed to generate SF9 for student 6003: Method App\Http\Controllers\Migration\RegistrarMigration::sf9pdf does not exist.  
[2025-07-14 08:29:24] local.ERROR: Failed to generate SF9 for student 6005: Method App\Http\Controllers\Migration\RegistrarMigration::sf9pdf does not exist.  
[2025-07-14 08:29:24] local.ERROR: Failed to generate SF9 for student 6007: Method App\Http\Controllers\Migration\RegistrarMigration::sf9pdf does not exist.  
[2025-07-14 08:29:24] local.ERROR: Failed to generate SF9 for student 6006: Method App\Http\Controllers\Migration\RegistrarMigration::sf9pdf does not exist.  
[2025-07-14 08:29:24] local.ERROR: Failed to generate SF9 for student 5978: Method App\Http\Controllers\Migration\RegistrarMigration::sf9pdf does not exist.  
[2025-07-14 08:29:24] local.ERROR: Failed to generate SF9 for student 5985: Method App\Http\Controllers\Migration\RegistrarMigration::sf9pdf does not exist.  
[2025-07-14 08:29:24] local.ERROR: Failed to generate SF9 for student 6011: Method App\Http\Controllers\Migration\RegistrarMigration::sf9pdf does not exist.  
[2025-07-14 08:29:24] local.ERROR: Failed to generate SF9 for student 6010: Method App\Http\Controllers\Migration\RegistrarMigration::sf9pdf does not exist.  
[2025-07-14 08:29:24] local.ERROR: Failed to generate SF9 for student 6013: Method App\Http\Controllers\Migration\RegistrarMigration::sf9pdf does not exist.  
[2025-07-14 08:29:24] local.ERROR: Failed to generate SF9 for student 5974: Method App\Http\Controllers\Migration\RegistrarMigration::sf9pdf does not exist.  
[2025-07-14 08:29:24] local.ERROR: Failed to generate SF9 for student 5976: Method App\Http\Controllers\Migration\RegistrarMigration::sf9pdf does not exist.  
[2025-07-14 08:29:24] local.ERROR: Failed to generate SF9 for student 5980: Method App\Http\Controllers\Migration\RegistrarMigration::sf9pdf does not exist.  
[2025-07-14 08:29:24] local.ERROR: Failed to generate SF9 for student 5984: Method App\Http\Controllers\Migration\RegistrarMigration::sf9pdf does not exist.  
[2025-07-14 08:29:24] local.ERROR: Failed to generate SF9 for student 5983: Method App\Http\Controllers\Migration\RegistrarMigration::sf9pdf does not exist.  
[2025-07-14 08:29:24] local.ERROR: Failed to generate SF9 for student 5992: Method App\Http\Controllers\Migration\RegistrarMigration::sf9pdf does not exist.  
[2025-07-14 08:29:24] local.ERROR: Failed to generate SF9 for student 5988: Method App\Http\Controllers\Migration\RegistrarMigration::sf9pdf does not exist.  
[2025-07-14 08:29:24] local.ERROR: Failed to generate SF9 for student 5968: Method App\Http\Controllers\Migration\RegistrarMigration::sf9pdf does not exist.  
[2025-07-14 08:29:24] local.ERROR: Failed to generate SF9 for student 9823: Method App\Http\Controllers\Migration\RegistrarMigration::sf9pdf does not exist.  
[2025-07-14 08:29:24] local.ERROR: Failed to generate SF9 for student 5987: Method App\Http\Controllers\Migration\RegistrarMigration::sf9pdf does not exist.  
[2025-07-14 08:29:24] local.ERROR: Failed to generate SF9 for student 6372: Method App\Http\Controllers\Migration\RegistrarMigration::sf9pdf does not exist.  
[2025-07-14 08:29:24] local.ERROR: Failed to generate SF9 for student 7611: Method App\Http\Controllers\Migration\RegistrarMigration::sf9pdf does not exist.  
[2025-07-14 08:29:24] local.ERROR: Failed to generate SF9 for student 6146: Method App\Http\Controllers\Migration\RegistrarMigration::sf9pdf does not exist.  
[2025-07-14 08:29:24] local.ERROR: Failed to generate SF9 for student 6148: Method App\Http\Controllers\Migration\RegistrarMigration::sf9pdf does not exist.  
[2025-07-14 08:29:24] local.ERROR: Failed to generate SF9 for student 6137: Method App\Http\Controllers\Migration\RegistrarMigration::sf9pdf does not exist.  
[2025-07-14 08:29:24] local.ERROR: Failed to generate SF9 for student 6150: Method App\Http\Controllers\Migration\RegistrarMigration::sf9pdf does not exist.  
[2025-07-14 08:29:24] local.ERROR: Failed to generate SF9 for student 6152: Method App\Http\Controllers\Migration\RegistrarMigration::sf9pdf does not exist.  
[2025-07-14 08:29:24] local.ERROR: Failed to generate SF9 for student 6159: Method App\Http\Controllers\Migration\RegistrarMigration::sf9pdf does not exist.  
[2025-07-14 08:29:24] local.ERROR: Failed to generate SF9 for student 6160: Method App\Http\Controllers\Migration\RegistrarMigration::sf9pdf does not exist.  
[2025-07-14 08:29:24] local.ERROR: Failed to generate SF9 for student 6162: Method App\Http\Controllers\Migration\RegistrarMigration::sf9pdf does not exist.  
[2025-07-14 08:29:24] local.ERROR: Failed to generate SF9 for student 6164: Method App\Http\Controllers\Migration\RegistrarMigration::sf9pdf does not exist.  
[2025-07-14 08:29:24] local.ERROR: Failed to generate SF9 for student 6168: Method App\Http\Controllers\Migration\RegistrarMigration::sf9pdf does not exist.  
[2025-07-14 08:29:24] local.ERROR: Failed to generate SF9 for student 6136: Method App\Http\Controllers\Migration\RegistrarMigration::sf9pdf does not exist.  
[2025-07-14 08:29:24] local.ERROR: Failed to generate SF9 for student 6138: Method App\Http\Controllers\Migration\RegistrarMigration::sf9pdf does not exist.  
[2025-07-14 08:29:24] local.ERROR: Failed to generate SF9 for student 6142: Method App\Http\Controllers\Migration\RegistrarMigration::sf9pdf does not exist.  
[2025-07-14 08:29:24] local.ERROR: Failed to generate SF9 for student 6143: Method App\Http\Controllers\Migration\RegistrarMigration::sf9pdf does not exist.  
[2025-07-14 08:29:24] local.ERROR: Failed to generate SF9 for student 6144: Method App\Http\Controllers\Migration\RegistrarMigration::sf9pdf does not exist.  
[2025-07-14 08:29:24] local.ERROR: Failed to generate SF9 for student 6145: Method App\Http\Controllers\Migration\RegistrarMigration::sf9pdf does not exist.  
[2025-07-14 08:29:24] local.ERROR: Failed to generate SF9 for student 6149: Method App\Http\Controllers\Migration\RegistrarMigration::sf9pdf does not exist.  
[2025-07-14 08:29:24] local.ERROR: Failed to generate SF9 for student 6151: Method App\Http\Controllers\Migration\RegistrarMigration::sf9pdf does not exist.  
[2025-07-14 08:29:24] local.ERROR: Failed to generate SF9 for student 6153: Method App\Http\Controllers\Migration\RegistrarMigration::sf9pdf does not exist.  
[2025-07-14 08:29:24] local.ERROR: Failed to generate SF9 for student 6154: Method App\Http\Controllers\Migration\RegistrarMigration::sf9pdf does not exist.  
[2025-07-14 08:29:24] local.ERROR: Failed to generate SF9 for student 6155: Method App\Http\Controllers\Migration\RegistrarMigration::sf9pdf does not exist.  
[2025-07-14 08:29:24] local.ERROR: Failed to generate SF9 for student 6156: Method App\Http\Controllers\Migration\RegistrarMigration::sf9pdf does not exist.  
[2025-07-14 08:29:24] local.ERROR: Failed to generate SF9 for student 6157: Method App\Http\Controllers\Migration\RegistrarMigration::sf9pdf does not exist.  
[2025-07-14 08:29:24] local.ERROR: Failed to generate SF9 for student 6158: Method App\Http\Controllers\Migration\RegistrarMigration::sf9pdf does not exist.  
[2025-07-14 08:29:24] local.ERROR: Failed to generate SF9 for student 6161: Method App\Http\Controllers\Migration\RegistrarMigration::sf9pdf does not exist.  
[2025-07-14 08:29:24] local.ERROR: Failed to generate SF9 for student 6163: Method App\Http\Controllers\Migration\RegistrarMigration::sf9pdf does not exist.  
[2025-07-14 08:29:24] local.ERROR: Failed to generate SF9 for student 6165: Method App\Http\Controllers\Migration\RegistrarMigration::sf9pdf does not exist.  
[2025-07-14 08:29:24] local.ERROR: Failed to generate SF9 for student 6166: Method App\Http\Controllers\Migration\RegistrarMigration::sf9pdf does not exist.  
[2025-07-14 08:29:24] local.ERROR: Failed to generate SF9 for student 6169: Method App\Http\Controllers\Migration\RegistrarMigration::sf9pdf does not exist.  
[2025-07-14 08:29:24] local.ERROR: Failed to generate SF9 for student 6170: Method App\Http\Controllers\Migration\RegistrarMigration::sf9pdf does not exist.  
[2025-07-14 08:29:24] local.ERROR: Failed to generate SF9 for student 6171: Method App\Http\Controllers\Migration\RegistrarMigration::sf9pdf does not exist.  
[2025-07-14 08:29:24] local.ERROR: Failed to generate SF9 for student 6172: Method App\Http\Controllers\Migration\RegistrarMigration::sf9pdf does not exist.  
[2025-07-14 08:29:24] local.ERROR: Failed to generate SF9 for student 7442: Method App\Http\Controllers\Migration\RegistrarMigration::sf9pdf does not exist.  
[2025-07-14 08:29:24] local.ERROR: Failed to generate SF9 for student 7414: Method App\Http\Controllers\Migration\RegistrarMigration::sf9pdf does not exist.  
[2025-07-14 08:29:24] local.ERROR: Failed to generate SF9 for student 7417: Method App\Http\Controllers\Migration\RegistrarMigration::sf9pdf does not exist.  
[2025-07-14 08:29:24] local.ERROR: Failed to generate SF9 for student 7415: Method App\Http\Controllers\Migration\RegistrarMigration::sf9pdf does not exist.  
[2025-07-14 08:29:24] local.ERROR: Failed to generate SF9 for student 7422: Method App\Http\Controllers\Migration\RegistrarMigration::sf9pdf does not exist.  
[2025-07-14 08:29:24] local.ERROR: Failed to generate SF9 for student 6371: Method App\Http\Controllers\Migration\RegistrarMigration::sf9pdf does not exist.  
[2025-07-14 08:29:24] local.ERROR: Failed to generate SF9 for student 6351: Method App\Http\Controllers\Migration\RegistrarMigration::sf9pdf does not exist.  
[2025-07-14 08:29:24] local.ERROR: Failed to generate SF9 for student 6363: Method App\Http\Controllers\Migration\RegistrarMigration::sf9pdf does not exist.  
[2025-07-14 08:29:24] local.ERROR: Failed to generate SF9 for student 6360: Method App\Http\Controllers\Migration\RegistrarMigration::sf9pdf does not exist.  
[2025-07-14 08:29:24] local.ERROR: Failed to generate SF9 for student 6355: Method App\Http\Controllers\Migration\RegistrarMigration::sf9pdf does not exist.  
[2025-07-14 08:29:24] local.ERROR: Failed to generate SF9 for student 5965: Method App\Http\Controllers\Migration\RegistrarMigration::sf9pdf does not exist.  
[2025-07-14 08:29:24] local.ERROR: Failed to generate SF9 for student 7243: Method App\Http\Controllers\Migration\RegistrarMigration::sf9pdf does not exist.  
[2025-07-14 08:29:24] local.ERROR: Failed to generate SF9 for student 7236: Method App\Http\Controllers\Migration\RegistrarMigration::sf9pdf does not exist.  
[2025-07-14 08:29:24] local.ERROR: Failed to generate SF9 for student 7210: Method App\Http\Controllers\Migration\RegistrarMigration::sf9pdf does not exist.  
[2025-07-14 08:29:24] local.ERROR: Failed to generate SF9 for student 7213: Method App\Http\Controllers\Migration\RegistrarMigration::sf9pdf does not exist.  
[2025-07-14 08:29:24] local.ERROR: Failed to generate SF9 for student 7364: Method App\Http\Controllers\Migration\RegistrarMigration::sf9pdf does not exist.  
[2025-07-14 08:29:24] local.ERROR: Failed to generate SF9 for student 7369: Method App\Http\Controllers\Migration\RegistrarMigration::sf9pdf does not exist.  
[2025-07-14 08:29:24] local.ERROR: Failed to generate SF9 for student 7372: Method App\Http\Controllers\Migration\RegistrarMigration::sf9pdf does not exist.  
[2025-07-14 08:29:24] local.ERROR: Failed to generate SF9 for student 7374: Method App\Http\Controllers\Migration\RegistrarMigration::sf9pdf does not exist.  
[2025-07-14 08:29:24] local.ERROR: Failed to generate SF9 for student 7378: Method App\Http\Controllers\Migration\RegistrarMigration::sf9pdf does not exist.  
[2025-07-14 08:29:24] local.ERROR: Failed to generate SF9 for student 7380: Method App\Http\Controllers\Migration\RegistrarMigration::sf9pdf does not exist.  
[2025-07-14 08:29:24] local.ERROR: Failed to generate SF9 for student 7381: Method App\Http\Controllers\Migration\RegistrarMigration::sf9pdf does not exist.  
[2025-07-14 08:29:24] local.ERROR: Failed to generate SF9 for student 7384: Method App\Http\Controllers\Migration\RegistrarMigration::sf9pdf does not exist.  
[2025-07-14 08:29:24] local.ERROR: Failed to generate SF9 for student 7385: Method App\Http\Controllers\Migration\RegistrarMigration::sf9pdf does not exist.  
[2025-07-14 08:29:24] local.ERROR: Failed to generate SF9 for student 7386: Method App\Http\Controllers\Migration\RegistrarMigration::sf9pdf does not exist.  
[2025-07-14 08:29:24] local.ERROR: Failed to generate SF9 for student 7387: Method App\Http\Controllers\Migration\RegistrarMigration::sf9pdf does not exist.  
[2025-07-14 08:29:24] local.ERROR: Failed to generate SF9 for student 7390: Method App\Http\Controllers\Migration\RegistrarMigration::sf9pdf does not exist.  
[2025-07-14 08:29:24] local.ERROR: Failed to generate SF9 for student 7393: Method App\Http\Controllers\Migration\RegistrarMigration::sf9pdf does not exist.  
[2025-07-14 08:29:24] local.ERROR: Failed to generate SF9 for student 7360: Method App\Http\Controllers\Migration\RegistrarMigration::sf9pdf does not exist.  
[2025-07-14 08:29:24] local.ERROR: Failed to generate SF9 for student 7361: Method App\Http\Controllers\Migration\RegistrarMigration::sf9pdf does not exist.  
[2025-07-14 08:29:24] local.ERROR: Failed to generate SF9 for student 7362: Method App\Http\Controllers\Migration\RegistrarMigration::sf9pdf does not exist.  
[2025-07-14 08:29:24] local.ERROR: Failed to generate SF9 for student 7365: Method App\Http\Controllers\Migration\RegistrarMigration::sf9pdf does not exist.  
[2025-07-14 08:29:24] local.ERROR: Failed to generate SF9 for student 7367: Method App\Http\Controllers\Migration\RegistrarMigration::sf9pdf does not exist.  
[2025-07-14 08:29:24] local.ERROR: Failed to generate SF9 for student 7371: Method App\Http\Controllers\Migration\RegistrarMigration::sf9pdf does not exist.  
[2025-07-14 08:29:24] local.ERROR: Failed to generate SF9 for student 7376: Method App\Http\Controllers\Migration\RegistrarMigration::sf9pdf does not exist.  
[2025-07-14 08:29:24] local.ERROR: Failed to generate SF9 for student 7383: Method App\Http\Controllers\Migration\RegistrarMigration::sf9pdf does not exist.  
[2025-07-14 08:29:24] local.ERROR: Failed to generate SF9 for student 7388: Method App\Http\Controllers\Migration\RegistrarMigration::sf9pdf does not exist.  
[2025-07-14 08:29:24] local.ERROR: Failed to generate SF9 for student 7389: Method App\Http\Controllers\Migration\RegistrarMigration::sf9pdf does not exist.  
[2025-07-14 08:29:24] local.ERROR: Failed to generate SF9 for student 7394: Method App\Http\Controllers\Migration\RegistrarMigration::sf9pdf does not exist.  
[2025-07-14 08:29:24] local.ERROR: Failed to generate SF9 for student 7395: Method App\Http\Controllers\Migration\RegistrarMigration::sf9pdf does not exist.  
[2025-07-14 08:29:24] local.ERROR: Failed to generate SF9 for student 7399: Method App\Http\Controllers\Migration\RegistrarMigration::sf9pdf does not exist.  
[2025-07-14 08:29:24] local.ERROR: Failed to generate SF9 for student 6377: Method App\Http\Controllers\Migration\RegistrarMigration::sf9pdf does not exist.  
[2025-07-14 08:29:24] local.ERROR: Failed to generate SF9 for student 6378: Method App\Http\Controllers\Migration\RegistrarMigration::sf9pdf does not exist.  
[2025-07-14 08:29:24] local.ERROR: Failed to generate SF9 for student 7406: Method App\Http\Controllers\Migration\RegistrarMigration::sf9pdf does not exist.  
[2025-07-14 08:29:24] local.ERROR: Failed to generate SF9 for student 7410: Method App\Http\Controllers\Migration\RegistrarMigration::sf9pdf does not exist.  
[2025-07-14 08:29:24] local.ERROR: Failed to generate SF9 for student 6382: Method App\Http\Controllers\Migration\RegistrarMigration::sf9pdf does not exist.  
[2025-07-14 08:29:24] local.ERROR: Failed to generate SF9 for student 6383: Method App\Http\Controllers\Migration\RegistrarMigration::sf9pdf does not exist.  
[2025-07-14 08:29:24] local.ERROR: Failed to generate SF9 for student 6389: Method App\Http\Controllers\Migration\RegistrarMigration::sf9pdf does not exist.  
[2025-07-14 08:29:24] local.ERROR: Failed to generate SF9 for student 6375: Method App\Http\Controllers\Migration\RegistrarMigration::sf9pdf does not exist.  
[2025-07-14 08:29:24] local.ERROR: Failed to generate SF9 for student 6376: Method App\Http\Controllers\Migration\RegistrarMigration::sf9pdf does not exist.  
[2025-07-14 08:29:24] local.ERROR: Failed to generate SF9 for student 6380: Method App\Http\Controllers\Migration\RegistrarMigration::sf9pdf does not exist.  
[2025-07-14 08:29:24] local.ERROR: Failed to generate SF9 for student 6384: Method App\Http\Controllers\Migration\RegistrarMigration::sf9pdf does not exist.  
[2025-07-14 08:29:24] local.ERROR: Failed to generate SF9 for student 6385: Method App\Http\Controllers\Migration\RegistrarMigration::sf9pdf does not exist.  
[2025-07-14 08:29:24] local.ERROR: Failed to generate SF9 for student 6386: Method App\Http\Controllers\Migration\RegistrarMigration::sf9pdf does not exist.  
[2025-07-14 08:29:24] local.ERROR: Failed to generate SF9 for student 6388: Method App\Http\Controllers\Migration\RegistrarMigration::sf9pdf does not exist.  
[2025-07-14 08:29:24] local.ERROR: Failed to generate SF9 for student 7440: Method App\Http\Controllers\Migration\RegistrarMigration::sf9pdf does not exist.  
[2025-07-14 08:29:24] local.ERROR: Failed to generate SF9 for student 7401: Method App\Http\Controllers\Migration\RegistrarMigration::sf9pdf does not exist.  
[2025-07-14 08:29:24] local.ERROR: Failed to generate SF9 for student 7418: Method App\Http\Controllers\Migration\RegistrarMigration::sf9pdf does not exist.  
[2025-07-14 08:29:24] local.ERROR: Failed to generate SF9 for student 7404: Method App\Http\Controllers\Migration\RegistrarMigration::sf9pdf does not exist.  
[2025-07-14 08:29:24] local.ERROR: Failed to generate SF9 for student 7423: Method App\Http\Controllers\Migration\RegistrarMigration::sf9pdf does not exist.  
[2025-07-14 08:29:24] local.ERROR: Failed to generate SF9 for student 7437: Method App\Http\Controllers\Migration\RegistrarMigration::sf9pdf does not exist.  
[2025-07-14 08:29:24] local.ERROR: Failed to generate SF9 for student 7431: Method App\Http\Controllers\Migration\RegistrarMigration::sf9pdf does not exist.  
[2025-07-14 08:29:24] local.ERROR: Failed to generate SF9 for student 7416: Method App\Http\Controllers\Migration\RegistrarMigration::sf9pdf does not exist.  
[2025-07-14 08:29:24] local.ERROR: Failed to generate SF9 for student 7439: Method App\Http\Controllers\Migration\RegistrarMigration::sf9pdf does not exist.  
[2025-07-14 08:29:24] local.ERROR: Failed to generate SF9 for student 7435: Method App\Http\Controllers\Migration\RegistrarMigration::sf9pdf does not exist.  
[2025-07-14 08:29:24] local.ERROR: Failed to generate SF9 for student 7433: Method App\Http\Controllers\Migration\RegistrarMigration::sf9pdf does not exist.  
[2025-07-14 08:29:24] local.ERROR: Failed to generate SF9 for student 7427: Method App\Http\Controllers\Migration\RegistrarMigration::sf9pdf does not exist.  
[2025-07-14 08:29:24] local.ERROR: Failed to generate SF9 for student 7430: Method App\Http\Controllers\Migration\RegistrarMigration::sf9pdf does not exist.  
[2025-07-14 08:29:24] local.ERROR: Failed to generate SF9 for student 7421: Method App\Http\Controllers\Migration\RegistrarMigration::sf9pdf does not exist.  
[2025-07-14 08:29:24] local.ERROR: Failed to generate SF9 for student 7379: Method App\Http\Controllers\Migration\RegistrarMigration::sf9pdf does not exist.  
[2025-07-14 08:29:24] local.ERROR: Failed to generate SF9 for student 7370: Method App\Http\Controllers\Migration\RegistrarMigration::sf9pdf does not exist.  
[2025-07-14 08:29:24] local.ERROR: Failed to generate SF9 for student 7373: Method App\Http\Controllers\Migration\RegistrarMigration::sf9pdf does not exist.  
[2025-07-14 08:29:24] local.ERROR: Failed to generate SF9 for student 7377: Method App\Http\Controllers\Migration\RegistrarMigration::sf9pdf does not exist.  
[2025-07-14 08:29:24] local.ERROR: Failed to generate SF9 for student 7382: Method App\Http\Controllers\Migration\RegistrarMigration::sf9pdf does not exist.  
[2025-07-14 08:29:24] local.ERROR: Failed to generate SF9 for student 7366: Method App\Http\Controllers\Migration\RegistrarMigration::sf9pdf does not exist.  
[2025-07-14 08:29:24] local.ERROR: Failed to generate SF9 for student 7368: Method App\Http\Controllers\Migration\RegistrarMigration::sf9pdf does not exist.  
[2025-07-14 08:29:24] local.ERROR: Failed to generate SF9 for student 7375: Method App\Http\Controllers\Migration\RegistrarMigration::sf9pdf does not exist.  
[2025-07-14 08:29:24] local.ERROR: Failed to generate SF9 for student 7392: Method App\Http\Controllers\Migration\RegistrarMigration::sf9pdf does not exist.  
[2025-07-14 08:29:24] local.ERROR: Failed to generate SF9 for student 6174: Method App\Http\Controllers\Migration\RegistrarMigration::sf9pdf does not exist.  
[2025-07-14 08:29:24] local.ERROR: Failed to generate SF9 for student 7396: Method App\Http\Controllers\Migration\RegistrarMigration::sf9pdf does not exist.  
[2025-07-14 08:29:24] local.ERROR: Failed to generate SF9 for student 7434: Method App\Http\Controllers\Migration\RegistrarMigration::sf9pdf does not exist.  
[2025-07-14 08:29:24] local.ERROR: Failed to generate SF9 for student 6183: Method App\Http\Controllers\Migration\RegistrarMigration::sf9pdf does not exist.  
[2025-07-14 08:29:24] local.ERROR: Failed to generate SF9 for student 6387: Method App\Http\Controllers\Migration\RegistrarMigration::sf9pdf does not exist.  
[2025-07-14 08:29:24] local.ERROR: Failed to generate SF9 for student 7413: Method App\Http\Controllers\Migration\RegistrarMigration::sf9pdf does not exist.  
[2025-07-14 08:29:24] local.ERROR: Failed to generate SF9 for student 7426: Method App\Http\Controllers\Migration\RegistrarMigration::sf9pdf does not exist.  
[2025-07-14 08:29:24] local.ERROR: Failed to generate SF9 for student 7405: Method App\Http\Controllers\Migration\RegistrarMigration::sf9pdf does not exist.  
[2025-07-14 08:29:24] local.ERROR: Failed to generate SF9 for student 7429: Method App\Http\Controllers\Migration\RegistrarMigration::sf9pdf does not exist.  
[2025-07-14 08:29:24] local.ERROR: Failed to generate SF9 for student 7400: Method App\Http\Controllers\Migration\RegistrarMigration::sf9pdf does not exist.  
[2025-07-14 08:29:24] local.ERROR: Failed to generate SF9 for student 7428: Method App\Http\Controllers\Migration\RegistrarMigration::sf9pdf does not exist.  
[2025-07-14 08:29:24] local.ERROR: Failed to generate SF9 for student 7425: Method App\Http\Controllers\Migration\RegistrarMigration::sf9pdf does not exist.  
[2025-07-14 08:29:24] local.ERROR: Failed to generate SF9 for student 7436: Method App\Http\Controllers\Migration\RegistrarMigration::sf9pdf does not exist.  
[2025-07-14 08:29:24] local.ERROR: Failed to generate SF9 for student 7411: Method App\Http\Controllers\Migration\RegistrarMigration::sf9pdf does not exist.  
[2025-07-14 08:29:24] local.ERROR: Failed to generate SF9 for student 7438: Method App\Http\Controllers\Migration\RegistrarMigration::sf9pdf does not exist.  
[2025-07-14 08:29:24] local.ERROR: Failed to generate SF9 for student 7432: Method App\Http\Controllers\Migration\RegistrarMigration::sf9pdf does not exist.  
[2025-07-14 08:29:24] local.ERROR: Failed to generate SF9 for student 7409: Method App\Http\Controllers\Migration\RegistrarMigration::sf9pdf does not exist.  
[2025-07-14 08:29:24] local.ERROR: Failed to generate SF9 for student 7419: Method App\Http\Controllers\Migration\RegistrarMigration::sf9pdf does not exist.  
[2025-07-14 08:29:24] local.ERROR: Failed to generate SF9 for student 7407: Method App\Http\Controllers\Migration\RegistrarMigration::sf9pdf does not exist.  
[2025-07-14 08:29:24] local.ERROR: Failed to generate SF9 for student 7403: Method App\Http\Controllers\Migration\RegistrarMigration::sf9pdf does not exist.  
[2025-07-14 08:29:24] local.ERROR: Failed to generate SF9 for student 7412: Method App\Http\Controllers\Migration\RegistrarMigration::sf9pdf does not exist.  
[2025-07-14 08:29:24] local.ERROR: Failed to generate SF9 for student 7408: Method App\Http\Controllers\Migration\RegistrarMigration::sf9pdf does not exist.  
[2025-07-14 08:29:24] local.ERROR: Failed to generate SF9 for student 7402: Method App\Http\Controllers\Migration\RegistrarMigration::sf9pdf does not exist.  
[2025-07-14 08:29:24] local.ERROR: Failed to generate SF9 for student 7424: Method App\Http\Controllers\Migration\RegistrarMigration::sf9pdf does not exist.  
[2025-07-14 08:29:24] local.ERROR: Failed to generate SF9 for student 7420: Method App\Http\Controllers\Migration\RegistrarMigration::sf9pdf does not exist.  
[2025-07-14 08:29:24] local.ERROR: Failed to generate SF9 for student 5886: Method App\Http\Controllers\Migration\RegistrarMigration::sf9pdf does not exist.  
[2025-07-14 08:29:24] local.ERROR: Failed to generate SF9 for student 6187: Method App\Http\Controllers\Migration\RegistrarMigration::sf9pdf does not exist.  
[2025-07-14 08:29:24] local.ERROR: Failed to generate SF9 for student 6197: Method App\Http\Controllers\Migration\RegistrarMigration::sf9pdf does not exist.  
[2025-07-14 08:29:24] local.ERROR: Failed to generate SF9 for student 6206: Method App\Http\Controllers\Migration\RegistrarMigration::sf9pdf does not exist.  
[2025-07-14 08:29:24] local.ERROR: Failed to generate SF9 for student 6207: Method App\Http\Controllers\Migration\RegistrarMigration::sf9pdf does not exist.  
[2025-07-14 08:29:24] local.ERROR: Failed to generate SF9 for student 6176: Method App\Http\Controllers\Migration\RegistrarMigration::sf9pdf does not exist.  
[2025-07-14 08:29:24] local.ERROR: Failed to generate SF9 for student 6177: Method App\Http\Controllers\Migration\RegistrarMigration::sf9pdf does not exist.  
[2025-07-14 08:29:24] local.ERROR: Failed to generate SF9 for student 6178: Method App\Http\Controllers\Migration\RegistrarMigration::sf9pdf does not exist.  
[2025-07-14 08:29:24] local.ERROR: Failed to generate SF9 for student 6179: Method App\Http\Controllers\Migration\RegistrarMigration::sf9pdf does not exist.  
[2025-07-14 08:29:24] local.ERROR: Failed to generate SF9 for student 6180: Method App\Http\Controllers\Migration\RegistrarMigration::sf9pdf does not exist.  
[2025-07-14 08:29:24] local.ERROR: Failed to generate SF9 for student 6181: Method App\Http\Controllers\Migration\RegistrarMigration::sf9pdf does not exist.  
[2025-07-14 08:29:24] local.ERROR: Failed to generate SF9 for student 6182: Method App\Http\Controllers\Migration\RegistrarMigration::sf9pdf does not exist.  
[2025-07-14 08:29:24] local.ERROR: Failed to generate SF9 for student 6184: Method App\Http\Controllers\Migration\RegistrarMigration::sf9pdf does not exist.  
[2025-07-14 08:29:24] local.ERROR: Failed to generate SF9 for student 6185: Method App\Http\Controllers\Migration\RegistrarMigration::sf9pdf does not exist.  
[2025-07-14 08:29:24] local.ERROR: Failed to generate SF9 for student 6186: Method App\Http\Controllers\Migration\RegistrarMigration::sf9pdf does not exist.  
[2025-07-14 08:29:24] local.ERROR: Failed to generate SF9 for student 6188: Method App\Http\Controllers\Migration\RegistrarMigration::sf9pdf does not exist.  
[2025-07-14 08:29:24] local.ERROR: Failed to generate SF9 for student 6190: Method App\Http\Controllers\Migration\RegistrarMigration::sf9pdf does not exist.  
[2025-07-14 08:29:24] local.ERROR: Failed to generate SF9 for student 6196: Method App\Http\Controllers\Migration\RegistrarMigration::sf9pdf does not exist.  
[2025-07-14 08:29:24] local.ERROR: Failed to generate SF9 for student 7441: Method App\Http\Controllers\Migration\RegistrarMigration::sf9pdf does not exist.  
[2025-07-14 08:29:24] local.ERROR: Failed to generate SF9 for student 7606: Method App\Http\Controllers\Migration\RegistrarMigration::sf9pdf does not exist.  
[2025-07-14 08:29:24] local.ERROR: Failed to generate SF9 for student 5901: Method App\Http\Controllers\Migration\RegistrarMigration::sf9pdf does not exist.  
[2025-07-14 08:29:24] local.ERROR: Failed to generate SF9 for student 5902: Method App\Http\Controllers\Migration\RegistrarMigration::sf9pdf does not exist.  
[2025-07-14 08:29:24] local.ERROR: Failed to generate SF9 for student 5903: Method App\Http\Controllers\Migration\RegistrarMigration::sf9pdf does not exist.  
[2025-07-14 08:29:24] local.ERROR: Failed to generate SF9 for student 5905: Method App\Http\Controllers\Migration\RegistrarMigration::sf9pdf does not exist.  
[2025-07-14 08:29:24] local.ERROR: Failed to generate SF9 for student 5906: Method App\Http\Controllers\Migration\RegistrarMigration::sf9pdf does not exist.  
[2025-07-14 08:29:24] local.ERROR: Failed to generate SF9 for student 5908: Method App\Http\Controllers\Migration\RegistrarMigration::sf9pdf does not exist.  
[2025-07-14 08:29:24] local.ERROR: Failed to generate SF9 for student 5909: Method App\Http\Controllers\Migration\RegistrarMigration::sf9pdf does not exist.  
[2025-07-14 08:29:24] local.ERROR: Failed to generate SF9 for student 5910: Method App\Http\Controllers\Migration\RegistrarMigration::sf9pdf does not exist.  
[2025-07-14 08:29:24] local.ERROR: Failed to generate SF9 for student 5911: Method App\Http\Controllers\Migration\RegistrarMigration::sf9pdf does not exist.  
[2025-07-14 08:29:24] local.ERROR: Failed to generate SF9 for student 5913: Method App\Http\Controllers\Migration\RegistrarMigration::sf9pdf does not exist.  
[2025-07-14 08:29:24] local.ERROR: Failed to generate SF9 for student 5888: Method App\Http\Controllers\Migration\RegistrarMigration::sf9pdf does not exist.  
[2025-07-14 08:29:24] local.ERROR: Failed to generate SF9 for student 5891: Method App\Http\Controllers\Migration\RegistrarMigration::sf9pdf does not exist.  
[2025-07-14 08:29:24] local.ERROR: Failed to generate SF9 for student 5892: Method App\Http\Controllers\Migration\RegistrarMigration::sf9pdf does not exist.  
[2025-07-14 08:29:24] local.ERROR: Failed to generate SF9 for student 5893: Method App\Http\Controllers\Migration\RegistrarMigration::sf9pdf does not exist.  
[2025-07-14 08:29:24] local.ERROR: Failed to generate SF9 for student 5894: Method App\Http\Controllers\Migration\RegistrarMigration::sf9pdf does not exist.  
[2025-07-14 08:29:24] local.ERROR: Failed to generate SF9 for student 5895: Method App\Http\Controllers\Migration\RegistrarMigration::sf9pdf does not exist.  
[2025-07-14 08:29:24] local.ERROR: Failed to generate SF9 for student 5897: Method App\Http\Controllers\Migration\RegistrarMigration::sf9pdf does not exist.  
[2025-07-14 08:29:24] local.ERROR: Failed to generate SF9 for student 5877: Method App\Http\Controllers\Migration\RegistrarMigration::sf9pdf does not exist.  
[2025-07-14 08:29:24] local.ERROR: Failed to generate SF9 for student 5878: Method App\Http\Controllers\Migration\RegistrarMigration::sf9pdf does not exist.  
[2025-07-14 08:29:24] local.ERROR: Failed to generate SF9 for student 5880: Method App\Http\Controllers\Migration\RegistrarMigration::sf9pdf does not exist.  
[2025-07-14 08:29:24] local.ERROR: Failed to generate SF9 for student 5881: Method App\Http\Controllers\Migration\RegistrarMigration::sf9pdf does not exist.  
[2025-07-14 08:29:24] local.ERROR: Failed to generate SF9 for student 5883: Method App\Http\Controllers\Migration\RegistrarMigration::sf9pdf does not exist.  
[2025-07-14 08:29:24] local.ERROR: Failed to generate SF9 for student 5884: Method App\Http\Controllers\Migration\RegistrarMigration::sf9pdf does not exist.  
[2025-07-14 08:29:24] local.ERROR: Failed to generate SF9 for student 5887: Method App\Http\Controllers\Migration\RegistrarMigration::sf9pdf does not exist.  
[2025-07-14 08:29:24] local.ERROR: Failed to generate SF9 for student 5890: Method App\Http\Controllers\Migration\RegistrarMigration::sf9pdf does not exist.  
[2025-07-14 08:29:24] local.ERROR: Failed to generate SF9 for student 5876: Method App\Http\Controllers\Migration\RegistrarMigration::sf9pdf does not exist.  
[2025-07-14 08:29:24] local.ERROR: Failed to generate SF9 for student 5879: Method App\Http\Controllers\Migration\RegistrarMigration::sf9pdf does not exist.  
[2025-07-14 08:29:24] local.ERROR: Failed to generate SF9 for student 5882: Method App\Http\Controllers\Migration\RegistrarMigration::sf9pdf does not exist.  
[2025-07-14 08:29:24] local.ERROR: Failed to generate SF9 for student 5885: Method App\Http\Controllers\Migration\RegistrarMigration::sf9pdf does not exist.  
[2025-07-14 08:29:24] local.ERROR: Failed to generate SF9 for student 5889: Method App\Http\Controllers\Migration\RegistrarMigration::sf9pdf does not exist.  
[2025-07-14 08:29:24] local.ERROR: Failed to generate SF9 for student 5896: Method App\Http\Controllers\Migration\RegistrarMigration::sf9pdf does not exist.  
[2025-07-14 08:29:24] local.ERROR: Failed to generate SF9 for student 5898: Method App\Http\Controllers\Migration\RegistrarMigration::sf9pdf does not exist.  
[2025-07-14 08:29:24] local.ERROR: Failed to generate SF9 for student 5900: Method App\Http\Controllers\Migration\RegistrarMigration::sf9pdf does not exist.  
[2025-07-14 08:29:24] local.ERROR: Failed to generate SF9 for student 5904: Method App\Http\Controllers\Migration\RegistrarMigration::sf9pdf does not exist.  
[2025-07-14 08:29:24] local.ERROR: Failed to generate SF9 for student 5907: Method App\Http\Controllers\Migration\RegistrarMigration::sf9pdf does not exist.  
[2025-07-14 08:29:24] local.ERROR: Failed to generate SF9 for student 6147: Method App\Http\Controllers\Migration\RegistrarMigration::sf9pdf does not exist.  
[2025-07-14 08:29:24] local.ERROR: Failed to generate SF9 for student 6173: Method App\Http\Controllers\Migration\RegistrarMigration::sf9pdf does not exist.  
[2025-07-14 08:29:24] local.ERROR: Failed to generate SF9 for student 7007: Method App\Http\Controllers\Migration\RegistrarMigration::sf9pdf does not exist.  
[2025-07-14 08:29:24] local.ERROR: Failed to generate SF9 for student 6358: Method App\Http\Controllers\Migration\RegistrarMigration::sf9pdf does not exist.  
[2025-07-14 08:29:24] local.ERROR: Failed to generate SF9 for student 6364: Method App\Http\Controllers\Migration\RegistrarMigration::sf9pdf does not exist.  
[2025-07-14 08:29:24] local.ERROR: Failed to generate SF9 for student 6357: Method App\Http\Controllers\Migration\RegistrarMigration::sf9pdf does not exist.  
[2025-07-14 08:29:24] local.ERROR: Failed to generate SF9 for student 5912: Method App\Http\Controllers\Migration\RegistrarMigration::sf9pdf does not exist.  
[2025-07-14 08:29:24] local.ERROR: Failed to generate SF9 for student 9129: Method App\Http\Controllers\Migration\RegistrarMigration::sf9pdf does not exist.  
[2025-07-14 08:29:24] local.ERROR: Failed to generate SF9 for student 6359: Method App\Http\Controllers\Migration\RegistrarMigration::sf9pdf does not exist.  
[2025-07-14 08:29:24] local.ERROR: Failed to generate SF9 for student 6370: Method App\Http\Controllers\Migration\RegistrarMigration::sf9pdf does not exist.  
[2025-07-14 08:29:24] local.ERROR: Failed to generate SF9 for student 6000: Method App\Http\Controllers\Migration\RegistrarMigration::sf9pdf does not exist.  
[2025-07-14 08:29:24] local.ERROR: Failed to generate SF9 for student 5994: Method App\Http\Controllers\Migration\RegistrarMigration::sf9pdf does not exist.  
[2025-07-14 08:29:24] local.ERROR: Failed to generate SF9 for student 5989: Method App\Http\Controllers\Migration\RegistrarMigration::sf9pdf does not exist.  
[2025-07-14 08:29:24] local.ERROR: Failed to generate SF9 for student 5997: Method App\Http\Controllers\Migration\RegistrarMigration::sf9pdf does not exist.  
[2025-07-14 08:29:24] local.ERROR: Failed to generate SF9 for student 6009: Method App\Http\Controllers\Migration\RegistrarMigration::sf9pdf does not exist.  
[2025-07-14 08:29:24] local.ERROR: Failed to generate SF9 for student 5991: Method App\Http\Controllers\Migration\RegistrarMigration::sf9pdf does not exist.  
[2025-07-14 08:29:24] local.ERROR: Failed to generate SF9 for student 5993: Method App\Http\Controllers\Migration\RegistrarMigration::sf9pdf does not exist.  
[2025-07-14 08:29:24] local.ERROR: Failed to generate SF9 for student 5990: Method App\Http\Controllers\Migration\RegistrarMigration::sf9pdf does not exist.  
[2025-07-14 08:29:24] local.ERROR: Failed to generate SF9 for student 6012: Method App\Http\Controllers\Migration\RegistrarMigration::sf9pdf does not exist.  
[2025-07-14 08:29:24] local.ERROR: Failed to generate SF9 for student 5996: Method App\Http\Controllers\Migration\RegistrarMigration::sf9pdf does not exist.  
[2025-07-14 08:29:24] local.ERROR: Failed to generate SF9 for student 5998: Method App\Http\Controllers\Migration\RegistrarMigration::sf9pdf does not exist.  
[2025-07-14 08:29:24] local.ERROR: Failed to generate SF9 for student 6002: Method App\Http\Controllers\Migration\RegistrarMigration::sf9pdf does not exist.  
[2025-07-14 08:29:24] local.ERROR: Failed to generate SF9 for student 6004: Method App\Http\Controllers\Migration\RegistrarMigration::sf9pdf does not exist.  
[2025-07-14 08:29:24] local.ERROR: Failed to generate SF9 for student 6356: Method App\Http\Controllers\Migration\RegistrarMigration::sf9pdf does not exist.  
[2025-07-14 08:29:24] local.ERROR: Failed to generate SF9 for student 7232: Method App\Http\Controllers\Migration\RegistrarMigration::sf9pdf does not exist.  
[2025-07-14 08:29:24] local.ERROR: Failed to generate SF9 for student 6362: Method App\Http\Controllers\Migration\RegistrarMigration::sf9pdf does not exist.  
[2025-07-14 08:29:24] local.ERROR: Failed to generate SF9 for student 6353: Method App\Http\Controllers\Migration\RegistrarMigration::sf9pdf does not exist.  
[2025-07-14 08:29:24] local.ERROR: Failed to generate SF9 for student 6008: Method App\Http\Controllers\Migration\RegistrarMigration::sf9pdf does not exist.  
[2025-07-14 08:29:24] local.ERROR: Failed to generate SF9 for student 6916: Method App\Http\Controllers\Migration\RegistrarMigration::sf9pdf does not exist.  
[2025-07-14 08:29:24] local.ERROR: Failed to generate SF9 for student 6929: Method App\Http\Controllers\Migration\RegistrarMigration::sf9pdf does not exist.  
[2025-07-14 08:29:24] local.ERROR: Failed to generate SF9 for student 6927: Method App\Http\Controllers\Migration\RegistrarMigration::sf9pdf does not exist.  
[2025-07-14 08:29:24] local.ERROR: Failed to generate SF9 for student 6920: Method App\Http\Controllers\Migration\RegistrarMigration::sf9pdf does not exist.  
[2025-07-14 08:29:24] local.ERROR: Failed to generate SF9 for student 6941: Method App\Http\Controllers\Migration\RegistrarMigration::sf9pdf does not exist.  
[2025-07-14 08:29:24] local.ERROR: Failed to generate SF9 for student 6937: Method App\Http\Controllers\Migration\RegistrarMigration::sf9pdf does not exist.  
[2025-07-14 08:29:24] local.ERROR: Failed to generate SF9 for student 6939: Method App\Http\Controllers\Migration\RegistrarMigration::sf9pdf does not exist.  
[2025-07-14 08:29:24] local.ERROR: Failed to generate SF9 for student 6935: Method App\Http\Controllers\Migration\RegistrarMigration::sf9pdf does not exist.  
[2025-07-14 08:29:24] local.ERROR: Failed to generate SF9 for student 6933: Method App\Http\Controllers\Migration\RegistrarMigration::sf9pdf does not exist.  
[2025-07-14 08:29:24] local.ERROR: Failed to generate SF9 for student 6925: Method App\Http\Controllers\Migration\RegistrarMigration::sf9pdf does not exist.  
[2025-07-14 08:29:24] local.ERROR: Failed to generate SF9 for student 6921: Method App\Http\Controllers\Migration\RegistrarMigration::sf9pdf does not exist.  
[2025-07-14 08:29:24] local.ERROR: Failed to generate SF9 for student 6913: Method App\Http\Controllers\Migration\RegistrarMigration::sf9pdf does not exist.  
[2025-07-14 08:29:24] local.ERROR: Failed to generate SF9 for student 6909: Method App\Http\Controllers\Migration\RegistrarMigration::sf9pdf does not exist.  
[2025-07-14 08:29:24] local.ERROR: Failed to generate SF9 for student 6907: Method App\Http\Controllers\Migration\RegistrarMigration::sf9pdf does not exist.  
[2025-07-14 08:29:24] local.ERROR: Failed to generate SF9 for student 6906: Method App\Http\Controllers\Migration\RegistrarMigration::sf9pdf does not exist.  
[2025-07-14 08:29:24] local.ERROR: Failed to generate SF9 for student 6914: Method App\Http\Controllers\Migration\RegistrarMigration::sf9pdf does not exist.  
[2025-07-14 08:29:24] local.ERROR: Failed to generate SF9 for student 6910: Method App\Http\Controllers\Migration\RegistrarMigration::sf9pdf does not exist.  
[2025-07-14 08:29:24] local.ERROR: Failed to generate SF9 for student 6931: Method App\Http\Controllers\Migration\RegistrarMigration::sf9pdf does not exist.  
[2025-07-14 08:29:24] local.ERROR: Failed to generate SF9 for student 6915: Method App\Http\Controllers\Migration\RegistrarMigration::sf9pdf does not exist.  
[2025-07-14 08:29:24] local.ERROR: Failed to generate SF9 for student 6911: Method App\Http\Controllers\Migration\RegistrarMigration::sf9pdf does not exist.  
[2025-07-14 08:29:24] local.ERROR: Failed to generate SF9 for student 6908: Method App\Http\Controllers\Migration\RegistrarMigration::sf9pdf does not exist.  
[2025-07-14 08:29:24] local.ERROR: Failed to generate SF9 for student 6905: Method App\Http\Controllers\Migration\RegistrarMigration::sf9pdf does not exist.  
[2025-07-14 08:29:24] local.ERROR: Failed to generate SF9 for student 6912: Method App\Http\Controllers\Migration\RegistrarMigration::sf9pdf does not exist.  
[2025-07-14 08:29:24] local.ERROR: Failed to generate SF9 for student 6945: Method App\Http\Controllers\Migration\RegistrarMigration::sf9pdf does not exist.  
[2025-07-14 08:29:24] local.ERROR: Failed to generate SF9 for student 6923: Method App\Http\Controllers\Migration\RegistrarMigration::sf9pdf does not exist.  
[2025-07-14 08:29:24] local.ERROR: Failed to generate SF9 for student 7641: Method App\Http\Controllers\Migration\RegistrarMigration::sf9pdf does not exist.  
[2025-07-14 08:29:24] local.ERROR: Failed to generate SF9 for student 7560: Method App\Http\Controllers\Migration\RegistrarMigration::sf9pdf does not exist.  
[2025-07-14 08:29:24] local.ERROR: Failed to generate SF9 for student 7962: Method App\Http\Controllers\Migration\RegistrarMigration::sf9pdf does not exist.  
[2025-07-14 08:29:24] local.ERROR: Failed to generate SF9 for student 7967: Method App\Http\Controllers\Migration\RegistrarMigration::sf9pdf does not exist.  
[2025-07-14 08:29:24] local.ERROR: Failed to generate SF9 for student 7977: Method App\Http\Controllers\Migration\RegistrarMigration::sf9pdf does not exist.  
[2025-07-14 08:29:24] local.ERROR: Failed to generate SF9 for student 7976: Method App\Http\Controllers\Migration\RegistrarMigration::sf9pdf does not exist.  
[2025-07-14 08:29:24] local.ERROR: Failed to generate SF9 for student 7992: Method App\Http\Controllers\Migration\RegistrarMigration::sf9pdf does not exist.  
[2025-07-14 08:29:24] local.ERROR: Failed to generate SF9 for student 7989: Method App\Http\Controllers\Migration\RegistrarMigration::sf9pdf does not exist.  
[2025-07-14 08:29:24] local.ERROR: Failed to generate SF9 for student 7991: Method App\Http\Controllers\Migration\RegistrarMigration::sf9pdf does not exist.  
[2025-07-14 08:29:24] local.ERROR: Failed to generate SF9 for student 7965: Method App\Http\Controllers\Migration\RegistrarMigration::sf9pdf does not exist.  
[2025-07-14 08:29:24] local.ERROR: Failed to generate SF9 for student 7972: Method App\Http\Controllers\Migration\RegistrarMigration::sf9pdf does not exist.  
[2025-07-14 08:29:24] local.ERROR: Failed to generate SF9 for student 7984: Method App\Http\Controllers\Migration\RegistrarMigration::sf9pdf does not exist.  
[2025-07-14 08:29:24] local.ERROR: Failed to generate SF9 for student 7982: Method App\Http\Controllers\Migration\RegistrarMigration::sf9pdf does not exist.  
[2025-07-14 08:29:24] local.ERROR: Failed to generate SF9 for student 7974: Method App\Http\Controllers\Migration\RegistrarMigration::sf9pdf does not exist.  
[2025-07-14 08:29:24] local.ERROR: Failed to generate SF9 for student 7979: Method App\Http\Controllers\Migration\RegistrarMigration::sf9pdf does not exist.  
[2025-07-14 08:29:24] local.ERROR: Failed to generate SF9 for student 7973: Method App\Http\Controllers\Migration\RegistrarMigration::sf9pdf does not exist.  
[2025-07-14 08:29:24] local.ERROR: Failed to generate SF9 for student 7990: Method App\Http\Controllers\Migration\RegistrarMigration::sf9pdf does not exist.  
[2025-07-14 08:29:24] local.ERROR: Failed to generate SF9 for student 7966: Method App\Http\Controllers\Migration\RegistrarMigration::sf9pdf does not exist.  
[2025-07-14 08:29:24] local.ERROR: Failed to generate SF9 for student 7964: Method App\Http\Controllers\Migration\RegistrarMigration::sf9pdf does not exist.  
[2025-07-14 08:29:24] local.ERROR: Failed to generate SF9 for student 7969: Method App\Http\Controllers\Migration\RegistrarMigration::sf9pdf does not exist.  
[2025-07-14 08:29:24] local.ERROR: Failed to generate SF9 for student 7978: Method App\Http\Controllers\Migration\RegistrarMigration::sf9pdf does not exist.  
[2025-07-14 08:29:24] local.ERROR: Failed to generate SF9 for student 7975: Method App\Http\Controllers\Migration\RegistrarMigration::sf9pdf does not exist.  
[2025-07-14 08:29:24] local.ERROR: Failed to generate SF9 for student 7981: Method App\Http\Controllers\Migration\RegistrarMigration::sf9pdf does not exist.  
[2025-07-14 08:29:24] local.ERROR: Failed to generate SF9 for student 7971: Method App\Http\Controllers\Migration\RegistrarMigration::sf9pdf does not exist.  
[2025-07-14 08:29:24] local.ERROR: Failed to generate SF9 for student 7994: Method App\Http\Controllers\Migration\RegistrarMigration::sf9pdf does not exist.  
[2025-07-14 08:29:24] local.ERROR: Failed to generate SF9 for student 7993: Method App\Http\Controllers\Migration\RegistrarMigration::sf9pdf does not exist.  
[2025-07-14 08:29:24] local.ERROR: Failed to generate SF9 for student 7985: Method App\Http\Controllers\Migration\RegistrarMigration::sf9pdf does not exist.  
[2025-07-14 08:29:24] local.ERROR: Failed to generate SF9 for student 7970: Method App\Http\Controllers\Migration\RegistrarMigration::sf9pdf does not exist.  
[2025-07-14 08:29:24] local.ERROR: Failed to generate SF9 for student 7983: Method App\Http\Controllers\Migration\RegistrarMigration::sf9pdf does not exist.  
[2025-07-14 08:29:24] local.ERROR: Failed to generate SF9 for student 7988: Method App\Http\Controllers\Migration\RegistrarMigration::sf9pdf does not exist.  
[2025-07-14 08:29:24] local.ERROR: Failed to generate SF9 for student 7942: Method App\Http\Controllers\Migration\RegistrarMigration::sf9pdf does not exist.  
[2025-07-14 08:29:24] local.ERROR: Failed to generate SF9 for student 7987: Method App\Http\Controllers\Migration\RegistrarMigration::sf9pdf does not exist.  
[2025-07-14 08:29:24] local.ERROR: Failed to generate SF9 for student 7957: Method App\Http\Controllers\Migration\RegistrarMigration::sf9pdf does not exist.  
[2025-07-14 08:29:24] local.ERROR: Failed to generate SF9 for student 7162: Method App\Http\Controllers\Migration\RegistrarMigration::sf9pdf does not exist.  
[2025-07-14 08:29:24] local.ERROR: Failed to generate SF9 for student 7163: Method App\Http\Controllers\Migration\RegistrarMigration::sf9pdf does not exist.  
[2025-07-14 08:29:24] local.ERROR: Failed to generate SF9 for student 7196: Method App\Http\Controllers\Migration\RegistrarMigration::sf9pdf does not exist.  
[2025-07-14 08:29:24] local.ERROR: Failed to generate SF9 for student 7170: Method App\Http\Controllers\Migration\RegistrarMigration::sf9pdf does not exist.  
[2025-07-14 08:29:24] local.ERROR: Failed to generate SF9 for student 7183: Method App\Http\Controllers\Migration\RegistrarMigration::sf9pdf does not exist.  
[2025-07-14 08:29:24] local.ERROR: Failed to generate SF9 for student 7184: Method App\Http\Controllers\Migration\RegistrarMigration::sf9pdf does not exist.  
[2025-07-14 08:29:24] local.ERROR: Failed to generate SF9 for student 6743: Method App\Http\Controllers\Migration\RegistrarMigration::sf9pdf does not exist.  
[2025-07-14 08:29:24] local.ERROR: Failed to generate SF9 for student 6994: Method App\Http\Controllers\Migration\RegistrarMigration::sf9pdf does not exist.  
[2025-07-14 08:29:24] local.ERROR: Failed to generate SF9 for student 6998: Method App\Http\Controllers\Migration\RegistrarMigration::sf9pdf does not exist.  
[2025-07-14 08:29:24] local.ERROR: Failed to generate SF9 for student 7004: Method App\Http\Controllers\Migration\RegistrarMigration::sf9pdf does not exist.  
[2025-07-14 08:29:24] local.ERROR: Failed to generate SF9 for student 7008: Method App\Http\Controllers\Migration\RegistrarMigration::sf9pdf does not exist.  
[2025-07-14 08:29:24] local.ERROR: Failed to generate SF9 for student 7024: Method App\Http\Controllers\Migration\RegistrarMigration::sf9pdf does not exist.  
[2025-07-14 08:29:24] local.ERROR: Failed to generate SF9 for student 6259: Method App\Http\Controllers\Migration\RegistrarMigration::sf9pdf does not exist.  
[2025-07-14 08:29:24] local.ERROR: Failed to generate SF9 for student 6241: Method App\Http\Controllers\Migration\RegistrarMigration::sf9pdf does not exist.  
[2025-07-14 08:29:24] local.ERROR: Failed to generate SF9 for student 6271: Method App\Http\Controllers\Migration\RegistrarMigration::sf9pdf does not exist.  
[2025-07-14 08:29:24] local.ERROR: Failed to generate SF9 for student 6270: Method App\Http\Controllers\Migration\RegistrarMigration::sf9pdf does not exist.  
[2025-07-14 08:29:24] local.ERROR: Failed to generate SF9 for student 6269: Method App\Http\Controllers\Migration\RegistrarMigration::sf9pdf does not exist.  
[2025-07-14 08:29:24] local.ERROR: Failed to generate SF9 for student 6268: Method App\Http\Controllers\Migration\RegistrarMigration::sf9pdf does not exist.  
[2025-07-14 08:29:24] local.ERROR: Failed to generate SF9 for student 6264: Method App\Http\Controllers\Migration\RegistrarMigration::sf9pdf does not exist.  
[2025-07-14 08:29:24] local.ERROR: Failed to generate SF9 for student 6261: Method App\Http\Controllers\Migration\RegistrarMigration::sf9pdf does not exist.  
[2025-07-14 08:29:24] local.ERROR: Failed to generate SF9 for student 6260: Method App\Http\Controllers\Migration\RegistrarMigration::sf9pdf does not exist.  
[2025-07-14 08:29:24] local.ERROR: Failed to generate SF9 for student 6258: Method App\Http\Controllers\Migration\RegistrarMigration::sf9pdf does not exist.  
[2025-07-14 08:29:24] local.ERROR: Failed to generate SF9 for student 6256: Method App\Http\Controllers\Migration\RegistrarMigration::sf9pdf does not exist.  
[2025-07-14 08:29:24] local.ERROR: Failed to generate SF9 for student 6254: Method App\Http\Controllers\Migration\RegistrarMigration::sf9pdf does not exist.  
[2025-07-14 08:29:24] local.ERROR: Failed to generate SF9 for student 6249: Method App\Http\Controllers\Migration\RegistrarMigration::sf9pdf does not exist.  
[2025-07-14 08:29:24] local.ERROR: Failed to generate SF9 for student 6248: Method App\Http\Controllers\Migration\RegistrarMigration::sf9pdf does not exist.  
[2025-07-14 08:29:24] local.ERROR: Failed to generate SF9 for student 6245: Method App\Http\Controllers\Migration\RegistrarMigration::sf9pdf does not exist.  
[2025-07-14 08:29:24] local.ERROR: Failed to generate SF9 for student 6244: Method App\Http\Controllers\Migration\RegistrarMigration::sf9pdf does not exist.  
[2025-07-14 08:29:24] local.ERROR: Failed to generate SF9 for student 6243: Method App\Http\Controllers\Migration\RegistrarMigration::sf9pdf does not exist.  
[2025-07-14 08:29:24] local.ERROR: Failed to generate SF9 for student 6242: Method App\Http\Controllers\Migration\RegistrarMigration::sf9pdf does not exist.  
[2025-07-14 08:29:24] local.ERROR: Failed to generate SF9 for student 6240: Method App\Http\Controllers\Migration\RegistrarMigration::sf9pdf does not exist.  
[2025-07-14 08:29:24] local.ERROR: Failed to generate SF9 for student 6239: Method App\Http\Controllers\Migration\RegistrarMigration::sf9pdf does not exist.  
[2025-07-14 08:29:24] local.ERROR: Failed to generate SF9 for student 6236: Method App\Http\Controllers\Migration\RegistrarMigration::sf9pdf does not exist.  
[2025-07-14 08:29:24] local.ERROR: Failed to generate SF9 for student 6235: Method App\Http\Controllers\Migration\RegistrarMigration::sf9pdf does not exist.  
[2025-07-14 08:29:24] local.ERROR: Failed to generate SF9 for student 6234: Method App\Http\Controllers\Migration\RegistrarMigration::sf9pdf does not exist.  
[2025-07-14 08:29:24] local.ERROR: Failed to generate SF9 for student 6233: Method App\Http\Controllers\Migration\RegistrarMigration::sf9pdf does not exist.  
[2025-07-14 08:29:24] local.ERROR: Failed to generate SF9 for student 6232: Method App\Http\Controllers\Migration\RegistrarMigration::sf9pdf does not exist.  
[2025-07-14 08:29:24] local.ERROR: Failed to generate SF9 for student 6231: Method App\Http\Controllers\Migration\RegistrarMigration::sf9pdf does not exist.  
[2025-07-14 08:29:24] local.ERROR: Failed to generate SF9 for student 6228: Method App\Http\Controllers\Migration\RegistrarMigration::sf9pdf does not exist.  
[2025-07-14 08:29:24] local.ERROR: Failed to generate SF9 for student 6227: Method App\Http\Controllers\Migration\RegistrarMigration::sf9pdf does not exist.  
[2025-07-14 08:29:24] local.ERROR: Failed to generate SF9 for student 6226: Method App\Http\Controllers\Migration\RegistrarMigration::sf9pdf does not exist.  
[2025-07-14 08:29:24] local.ERROR: Failed to generate SF9 for student 6224: Method App\Http\Controllers\Migration\RegistrarMigration::sf9pdf does not exist.  
[2025-07-14 08:29:24] local.ERROR: Failed to generate SF9 for student 6223: Method App\Http\Controllers\Migration\RegistrarMigration::sf9pdf does not exist.  
[2025-07-14 08:29:24] local.ERROR: Failed to generate SF9 for student 6222: Method App\Http\Controllers\Migration\RegistrarMigration::sf9pdf does not exist.  
[2025-07-14 08:29:24] local.ERROR: Failed to generate SF9 for student 6221: Method App\Http\Controllers\Migration\RegistrarMigration::sf9pdf does not exist.  
[2025-07-14 08:29:24] local.ERROR: Failed to generate SF9 for student 6220: Method App\Http\Controllers\Migration\RegistrarMigration::sf9pdf does not exist.  
[2025-07-14 08:29:24] local.ERROR: Failed to generate SF9 for student 6215: Method App\Http\Controllers\Migration\RegistrarMigration::sf9pdf does not exist.  
[2025-07-14 08:29:24] local.ERROR: Failed to generate SF9 for student 6214: Method App\Http\Controllers\Migration\RegistrarMigration::sf9pdf does not exist.  
[2025-07-14 08:29:24] local.ERROR: Failed to generate SF9 for student 6212: Method App\Http\Controllers\Migration\RegistrarMigration::sf9pdf does not exist.  
[2025-07-14 08:29:24] local.ERROR: Failed to generate SF9 for student 6257: Method App\Http\Controllers\Migration\RegistrarMigration::sf9pdf does not exist.  
[2025-07-14 08:29:24] local.ERROR: Failed to generate SF9 for student 6968: Method App\Http\Controllers\Migration\RegistrarMigration::sf9pdf does not exist.  
[2025-07-14 08:29:24] local.ERROR: Failed to generate SF9 for student 6265: Method App\Http\Controllers\Migration\RegistrarMigration::sf9pdf does not exist.  
[2025-07-14 08:29:24] local.ERROR: Failed to generate SF9 for student 6966: Method App\Http\Controllers\Migration\RegistrarMigration::sf9pdf does not exist.  
[2025-07-14 08:29:24] local.ERROR: Failed to generate SF9 for student 7161: Method App\Http\Controllers\Migration\RegistrarMigration::sf9pdf does not exist.  
[2025-07-14 08:29:24] local.ERROR: Failed to generate SF9 for student 6251: Method App\Http\Controllers\Migration\RegistrarMigration::sf9pdf does not exist.  
[2025-07-14 08:29:24] local.ERROR: Failed to generate SF9 for student 6246: Method App\Http\Controllers\Migration\RegistrarMigration::sf9pdf does not exist.  
[2025-07-14 08:29:24] local.ERROR: Failed to generate SF9 for student 6238: Method App\Http\Controllers\Migration\RegistrarMigration::sf9pdf does not exist.  
[2025-07-14 08:29:24] local.ERROR: Failed to generate SF9 for student 6225: Method App\Http\Controllers\Migration\RegistrarMigration::sf9pdf does not exist.  
[2025-07-14 08:29:24] local.ERROR: Failed to generate SF9 for student 6947: Method App\Http\Controllers\Migration\RegistrarMigration::sf9pdf does not exist.  
[2025-07-14 08:29:24] local.ERROR: Failed to generate SF9 for student 6917: Method App\Http\Controllers\Migration\RegistrarMigration::sf9pdf does not exist.  
[2025-07-14 08:29:24] local.ERROR: Failed to generate SF9 for student 6922: Method App\Http\Controllers\Migration\RegistrarMigration::sf9pdf does not exist.  
[2025-07-14 08:29:24] local.ERROR: Failed to generate SF9 for student 6924: Method App\Http\Controllers\Migration\RegistrarMigration::sf9pdf does not exist.  
[2025-07-14 08:29:24] local.ERROR: Failed to generate SF9 for student 6926: Method App\Http\Controllers\Migration\RegistrarMigration::sf9pdf does not exist.  
[2025-07-14 08:29:24] local.ERROR: Failed to generate SF9 for student 6930: Method App\Http\Controllers\Migration\RegistrarMigration::sf9pdf does not exist.  
[2025-07-14 08:29:24] local.ERROR: Failed to generate SF9 for student 6928: Method App\Http\Controllers\Migration\RegistrarMigration::sf9pdf does not exist.  
[2025-07-14 08:29:24] local.ERROR: Failed to generate SF9 for student 6934: Method App\Http\Controllers\Migration\RegistrarMigration::sf9pdf does not exist.  
[2025-07-14 08:29:24] local.ERROR: Failed to generate SF9 for student 6932: Method App\Http\Controllers\Migration\RegistrarMigration::sf9pdf does not exist.  
[2025-07-14 08:29:24] local.ERROR: Failed to generate SF9 for student 6936: Method App\Http\Controllers\Migration\RegistrarMigration::sf9pdf does not exist.  
[2025-07-14 08:29:24] local.ERROR: Failed to generate SF9 for student 6938: Method App\Http\Controllers\Migration\RegistrarMigration::sf9pdf does not exist.  
[2025-07-14 08:29:24] local.ERROR: Failed to generate SF9 for student 6940: Method App\Http\Controllers\Migration\RegistrarMigration::sf9pdf does not exist.  
[2025-07-14 08:29:24] local.ERROR: Failed to generate SF9 for student 6942: Method App\Http\Controllers\Migration\RegistrarMigration::sf9pdf does not exist.  
[2025-07-14 08:29:24] local.ERROR: Failed to generate SF9 for student 6944: Method App\Http\Controllers\Migration\RegistrarMigration::sf9pdf does not exist.  
[2025-07-14 08:29:24] local.ERROR: Failed to generate SF9 for student 6946: Method App\Http\Controllers\Migration\RegistrarMigration::sf9pdf does not exist.  
[2025-07-14 08:29:24] local.ERROR: Failed to generate SF9 for student 6948: Method App\Http\Controllers\Migration\RegistrarMigration::sf9pdf does not exist.  
[2025-07-14 08:29:24] local.ERROR: Failed to generate SF9 for student 6949: Method App\Http\Controllers\Migration\RegistrarMigration::sf9pdf does not exist.  
[2025-07-14 08:29:24] local.ERROR: Failed to generate SF9 for student 6952: Method App\Http\Controllers\Migration\RegistrarMigration::sf9pdf does not exist.  
[2025-07-14 08:29:24] local.ERROR: Failed to generate SF9 for student 6953: Method App\Http\Controllers\Migration\RegistrarMigration::sf9pdf does not exist.  
[2025-07-14 08:29:24] local.ERROR: Failed to generate SF9 for student 6954: Method App\Http\Controllers\Migration\RegistrarMigration::sf9pdf does not exist.  
[2025-07-14 08:29:24] local.ERROR: Failed to generate SF9 for student 6955: Method App\Http\Controllers\Migration\RegistrarMigration::sf9pdf does not exist.  
[2025-07-14 08:29:24] local.ERROR: Failed to generate SF9 for student 6956: Method App\Http\Controllers\Migration\RegistrarMigration::sf9pdf does not exist.  
[2025-07-14 08:29:24] local.ERROR: Failed to generate SF9 for student 6957: Method App\Http\Controllers\Migration\RegistrarMigration::sf9pdf does not exist.  
[2025-07-14 08:29:24] local.ERROR: Failed to generate SF9 for student 6958: Method App\Http\Controllers\Migration\RegistrarMigration::sf9pdf does not exist.  
[2025-07-14 08:29:24] local.ERROR: Failed to generate SF9 for student 6959: Method App\Http\Controllers\Migration\RegistrarMigration::sf9pdf does not exist.  
[2025-07-14 08:29:24] local.ERROR: Failed to generate SF9 for student 6960: Method App\Http\Controllers\Migration\RegistrarMigration::sf9pdf does not exist.  
[2025-07-14 08:29:24] local.ERROR: Failed to generate SF9 for student 6961: Method App\Http\Controllers\Migration\RegistrarMigration::sf9pdf does not exist.  
[2025-07-14 08:29:24] local.ERROR: Failed to generate SF9 for student 6962: Method App\Http\Controllers\Migration\RegistrarMigration::sf9pdf does not exist.  
[2025-07-14 08:29:24] local.ERROR: Failed to generate SF9 for student 6963: Method App\Http\Controllers\Migration\RegistrarMigration::sf9pdf does not exist.  
[2025-07-14 08:29:24] local.ERROR: Failed to generate SF9 for student 6964: Method App\Http\Controllers\Migration\RegistrarMigration::sf9pdf does not exist.  
[2025-07-14 08:29:24] local.ERROR: Failed to generate SF9 for student 6965: Method App\Http\Controllers\Migration\RegistrarMigration::sf9pdf does not exist.  
[2025-07-14 08:29:24] local.ERROR: Failed to generate SF9 for student 6967: Method App\Http\Controllers\Migration\RegistrarMigration::sf9pdf does not exist.  
[2025-07-14 08:29:24] local.ERROR: Failed to generate SF9 for student 6970: Method App\Http\Controllers\Migration\RegistrarMigration::sf9pdf does not exist.  
[2025-07-14 08:29:24] local.ERROR: Failed to generate SF9 for student 6971: Method App\Http\Controllers\Migration\RegistrarMigration::sf9pdf does not exist.  
[2025-07-14 08:29:24] local.ERROR: Failed to generate SF9 for student 6972: Method App\Http\Controllers\Migration\RegistrarMigration::sf9pdf does not exist.  
[2025-07-14 08:29:24] local.ERROR: Failed to generate SF9 for student 6973: Method App\Http\Controllers\Migration\RegistrarMigration::sf9pdf does not exist.  
[2025-07-14 08:29:24] local.ERROR: Failed to generate SF9 for student 6974: Method App\Http\Controllers\Migration\RegistrarMigration::sf9pdf does not exist.  
[2025-07-14 08:29:24] local.ERROR: Failed to generate SF9 for student 6975: Method App\Http\Controllers\Migration\RegistrarMigration::sf9pdf does not exist.  
[2025-07-14 08:29:24] local.ERROR: Failed to generate SF9 for student 6976: Method App\Http\Controllers\Migration\RegistrarMigration::sf9pdf does not exist.  
[2025-07-14 08:29:24] local.ERROR: Failed to generate SF9 for student 6977: Method App\Http\Controllers\Migration\RegistrarMigration::sf9pdf does not exist.  
[2025-07-14 08:29:24] local.ERROR: Failed to generate SF9 for student 6979: Method App\Http\Controllers\Migration\RegistrarMigration::sf9pdf does not exist.  
[2025-07-14 08:29:24] local.ERROR: Failed to generate SF9 for student 6980: Method App\Http\Controllers\Migration\RegistrarMigration::sf9pdf does not exist.  
[2025-07-14 08:29:24] local.ERROR: Failed to generate SF9 for student 6919: Method App\Http\Controllers\Migration\RegistrarMigration::sf9pdf does not exist.  
[2025-07-14 08:29:24] local.ERROR: Failed to generate SF9 for student 6687: Method App\Http\Controllers\Migration\RegistrarMigration::sf9pdf does not exist.  
[2025-07-14 08:29:24] local.ERROR: Failed to generate SF9 for student 7015: Method App\Http\Controllers\Migration\RegistrarMigration::sf9pdf does not exist.  
[2025-07-14 08:29:24] local.ERROR: Failed to generate SF9 for student 7038: Method App\Http\Controllers\Migration\RegistrarMigration::sf9pdf does not exist.  
[2025-07-14 08:29:24] local.ERROR: Failed to generate SF9 for student 7041: Method App\Http\Controllers\Migration\RegistrarMigration::sf9pdf does not exist.  
[2025-07-14 08:29:24] local.ERROR: Failed to generate SF9 for student 6995: Method App\Http\Controllers\Migration\RegistrarMigration::sf9pdf does not exist.  
[2025-07-14 08:29:24] local.ERROR: Failed to generate SF9 for student 6996: Method App\Http\Controllers\Migration\RegistrarMigration::sf9pdf does not exist.  
[2025-07-14 08:29:24] local.ERROR: Failed to generate SF9 for student 6997: Method App\Http\Controllers\Migration\RegistrarMigration::sf9pdf does not exist.  
[2025-07-14 08:29:24] local.ERROR: Failed to generate SF9 for student 6999: Method App\Http\Controllers\Migration\RegistrarMigration::sf9pdf does not exist.  
[2025-07-14 08:29:24] local.ERROR: Failed to generate SF9 for student 7005: Method App\Http\Controllers\Migration\RegistrarMigration::sf9pdf does not exist.  
[2025-07-14 08:29:24] local.ERROR: Failed to generate SF9 for student 7010: Method App\Http\Controllers\Migration\RegistrarMigration::sf9pdf does not exist.  
[2025-07-14 08:29:24] local.ERROR: Failed to generate SF9 for student 7013: Method App\Http\Controllers\Migration\RegistrarMigration::sf9pdf does not exist.  
[2025-07-14 08:29:24] local.ERROR: Failed to generate SF9 for student 7014: Method App\Http\Controllers\Migration\RegistrarMigration::sf9pdf does not exist.  
[2025-07-14 08:29:24] local.ERROR: Failed to generate SF9 for student 7017: Method App\Http\Controllers\Migration\RegistrarMigration::sf9pdf does not exist.  
[2025-07-14 08:29:24] local.ERROR: Failed to generate SF9 for student 7018: Method App\Http\Controllers\Migration\RegistrarMigration::sf9pdf does not exist.  
[2025-07-14 08:29:24] local.ERROR: Failed to generate SF9 for student 7019: Method App\Http\Controllers\Migration\RegistrarMigration::sf9pdf does not exist.  
[2025-07-14 08:29:24] local.ERROR: Failed to generate SF9 for student 7022: Method App\Http\Controllers\Migration\RegistrarMigration::sf9pdf does not exist.  
[2025-07-14 08:29:24] local.ERROR: Failed to generate SF9 for student 7025: Method App\Http\Controllers\Migration\RegistrarMigration::sf9pdf does not exist.  
[2025-07-14 08:29:24] local.ERROR: Failed to generate SF9 for student 7026: Method App\Http\Controllers\Migration\RegistrarMigration::sf9pdf does not exist.  
[2025-07-14 08:29:24] local.ERROR: Failed to generate SF9 for student 7028: Method App\Http\Controllers\Migration\RegistrarMigration::sf9pdf does not exist.  
[2025-07-14 08:29:24] local.ERROR: Failed to generate SF9 for student 7029: Method App\Http\Controllers\Migration\RegistrarMigration::sf9pdf does not exist.  
[2025-07-14 08:29:24] local.ERROR: Failed to generate SF9 for student 7030: Method App\Http\Controllers\Migration\RegistrarMigration::sf9pdf does not exist.  
[2025-07-14 08:29:24] local.ERROR: Failed to generate SF9 for student 7031: Method App\Http\Controllers\Migration\RegistrarMigration::sf9pdf does not exist.  
[2025-07-14 08:29:24] local.ERROR: Failed to generate SF9 for student 7033: Method App\Http\Controllers\Migration\RegistrarMigration::sf9pdf does not exist.  
[2025-07-14 08:29:24] local.ERROR: Failed to generate SF9 for student 7035: Method App\Http\Controllers\Migration\RegistrarMigration::sf9pdf does not exist.  
[2025-07-14 08:29:24] local.ERROR: Failed to generate SF9 for student 7036: Method App\Http\Controllers\Migration\RegistrarMigration::sf9pdf does not exist.  
[2025-07-14 08:29:24] local.ERROR: Failed to generate SF9 for student 7037: Method App\Http\Controllers\Migration\RegistrarMigration::sf9pdf does not exist.  
[2025-07-14 08:29:24] local.ERROR: Failed to generate SF9 for student 7003: Method App\Http\Controllers\Migration\RegistrarMigration::sf9pdf does not exist.  
[2025-07-14 08:29:24] local.ERROR: Failed to generate SF9 for student 6267: Method App\Http\Controllers\Migration\RegistrarMigration::sf9pdf does not exist.  
[2025-07-14 08:29:24] local.ERROR: Failed to generate SF9 for student 6266: Method App\Http\Controllers\Migration\RegistrarMigration::sf9pdf does not exist.  
[2025-07-14 08:29:24] local.ERROR: Failed to generate SF9 for student 6263: Method App\Http\Controllers\Migration\RegistrarMigration::sf9pdf does not exist.  
[2025-07-14 08:29:24] local.ERROR: Failed to generate SF9 for student 6262: Method App\Http\Controllers\Migration\RegistrarMigration::sf9pdf does not exist.  
[2025-07-14 08:29:24] local.ERROR: Failed to generate SF9 for student 6237: Method App\Http\Controllers\Migration\RegistrarMigration::sf9pdf does not exist.  
[2025-07-14 08:29:24] local.ERROR: Failed to generate SF9 for student 6229: Method App\Http\Controllers\Migration\RegistrarMigration::sf9pdf does not exist.  
[2025-07-14 08:29:24] local.ERROR: Failed to generate SF9 for student 6219: Method App\Http\Controllers\Migration\RegistrarMigration::sf9pdf does not exist.  
[2025-07-14 08:29:24] local.ERROR: Failed to generate SF9 for student 6216: Method App\Http\Controllers\Migration\RegistrarMigration::sf9pdf does not exist.  
[2025-07-14 08:29:24] local.ERROR: Failed to generate SF9 for student 6255: Method App\Http\Controllers\Migration\RegistrarMigration::sf9pdf does not exist.  
[2025-07-14 08:29:24] local.ERROR: Failed to generate SF9 for student 6213: Method App\Http\Controllers\Migration\RegistrarMigration::sf9pdf does not exist.  
[2025-07-14 08:29:24] local.ERROR: Failed to generate SF9 for student 7180: Method App\Http\Controllers\Migration\RegistrarMigration::sf9pdf does not exist.  
[2025-07-14 08:29:24] local.ERROR: Failed to generate SF9 for student 7009: Method App\Http\Controllers\Migration\RegistrarMigration::sf9pdf does not exist.  
[2025-07-14 08:29:24] local.ERROR: Failed to generate SF9 for student 11524: Method App\Http\Controllers\Migration\RegistrarMigration::sf9pdf does not exist.  
[2025-07-14 08:29:24] local.ERROR: Failed to generate SF9 for student 6678: Method App\Http\Controllers\Migration\RegistrarMigration::sf9pdf does not exist.  
[2025-07-14 08:29:24] local.ERROR: Failed to generate SF9 for student 6688: Method App\Http\Controllers\Migration\RegistrarMigration::sf9pdf does not exist.  
[2025-07-14 08:29:24] local.ERROR: Failed to generate SF9 for student 6694: Method App\Http\Controllers\Migration\RegistrarMigration::sf9pdf does not exist.  
[2025-07-14 08:29:24] local.ERROR: Failed to generate SF9 for student 6679: Method App\Http\Controllers\Migration\RegistrarMigration::sf9pdf does not exist.  
[2025-07-14 08:29:24] local.ERROR: Failed to generate SF9 for student 6686: Method App\Http\Controllers\Migration\RegistrarMigration::sf9pdf does not exist.  
[2025-07-14 08:29:24] local.ERROR: Failed to generate SF9 for student 6715: Method App\Http\Controllers\Migration\RegistrarMigration::sf9pdf does not exist.  
[2025-07-14 08:29:24] local.ERROR: Failed to generate SF9 for student 6684: Method App\Http\Controllers\Migration\RegistrarMigration::sf9pdf does not exist.  
[2025-07-14 08:29:24] local.ERROR: Failed to generate SF9 for student 6720: Method App\Http\Controllers\Migration\RegistrarMigration::sf9pdf does not exist.  
[2025-07-14 08:29:24] local.ERROR: Failed to generate SF9 for student 6712: Method App\Http\Controllers\Migration\RegistrarMigration::sf9pdf does not exist.  
[2025-07-14 08:29:24] local.ERROR: Failed to generate SF9 for student 6709: Method App\Http\Controllers\Migration\RegistrarMigration::sf9pdf does not exist.  
[2025-07-14 08:29:24] local.ERROR: Failed to generate SF9 for student 6698: Method App\Http\Controllers\Migration\RegistrarMigration::sf9pdf does not exist.  
[2025-07-14 08:29:24] local.ERROR: Failed to generate SF9 for student 6713: Method App\Http\Controllers\Migration\RegistrarMigration::sf9pdf does not exist.  
[2025-07-14 08:29:24] local.ERROR: Failed to generate SF9 for student 6700: Method App\Http\Controllers\Migration\RegistrarMigration::sf9pdf does not exist.  
[2025-07-14 08:29:24] local.ERROR: Failed to generate SF9 for student 6690: Method App\Http\Controllers\Migration\RegistrarMigration::sf9pdf does not exist.  
[2025-07-14 08:29:24] local.ERROR: Failed to generate SF9 for student 6855: Method App\Http\Controllers\Migration\RegistrarMigration::sf9pdf does not exist.  
[2025-07-14 08:29:24] local.ERROR: Failed to generate SF9 for student 6848: Method App\Http\Controllers\Migration\RegistrarMigration::sf9pdf does not exist.  
[2025-07-14 08:29:24] local.ERROR: Failed to generate SF9 for student 6843: Method App\Http\Controllers\Migration\RegistrarMigration::sf9pdf does not exist.  
[2025-07-14 08:29:24] local.ERROR: Failed to generate SF9 for student 6840: Method App\Http\Controllers\Migration\RegistrarMigration::sf9pdf does not exist.  
[2025-07-14 08:29:24] local.ERROR: Failed to generate SF9 for student 6854: Method App\Http\Controllers\Migration\RegistrarMigration::sf9pdf does not exist.  
[2025-07-14 08:29:24] local.ERROR: Failed to generate SF9 for student 6834: Method App\Http\Controllers\Migration\RegistrarMigration::sf9pdf does not exist.  
[2025-07-14 08:29:24] local.ERROR: Failed to generate SF9 for student 6828: Method App\Http\Controllers\Migration\RegistrarMigration::sf9pdf does not exist.  
[2025-07-14 08:29:24] local.ERROR: Failed to generate SF9 for student 6841: Method App\Http\Controllers\Migration\RegistrarMigration::sf9pdf does not exist.  
[2025-07-14 08:29:24] local.ERROR: Failed to generate SF9 for student 6860: Method App\Http\Controllers\Migration\RegistrarMigration::sf9pdf does not exist.  
[2025-07-14 08:29:24] local.ERROR: Failed to generate SF9 for student 6836: Method App\Http\Controllers\Migration\RegistrarMigration::sf9pdf does not exist.  
[2025-07-14 08:29:24] local.ERROR: Failed to generate SF9 for student 6837: Method App\Http\Controllers\Migration\RegistrarMigration::sf9pdf does not exist.  
[2025-07-14 08:29:24] local.ERROR: Failed to generate SF9 for student 6852: Method App\Http\Controllers\Migration\RegistrarMigration::sf9pdf does not exist.  
[2025-07-14 08:29:24] local.ERROR: Failed to generate SF9 for student 6851: Method App\Http\Controllers\Migration\RegistrarMigration::sf9pdf does not exist.  
[2025-07-14 08:29:24] local.ERROR: Failed to generate SF9 for student 6829: Method App\Http\Controllers\Migration\RegistrarMigration::sf9pdf does not exist.  
[2025-07-14 08:29:24] local.ERROR: Failed to generate SF9 for student 6681: Method App\Http\Controllers\Migration\RegistrarMigration::sf9pdf does not exist.  
[2025-07-14 08:29:24] local.ERROR: Failed to generate SF9 for student 10760: Method App\Http\Controllers\Migration\RegistrarMigration::sf9pdf does not exist.  
[2025-07-14 08:29:24] local.ERROR: Failed to generate SF9 for student 6727: Method App\Http\Controllers\Migration\RegistrarMigration::sf9pdf does not exist.  
[2025-07-14 08:29:24] local.ERROR: Failed to generate SF9 for student 6726: Method App\Http\Controllers\Migration\RegistrarMigration::sf9pdf does not exist.  
[2025-07-14 08:29:24] local.ERROR: Failed to generate SF9 for student 6724: Method App\Http\Controllers\Migration\RegistrarMigration::sf9pdf does not exist.  
[2025-07-14 08:29:24] local.ERROR: Failed to generate SF9 for student 6723: Method App\Http\Controllers\Migration\RegistrarMigration::sf9pdf does not exist.  
[2025-07-14 08:29:24] local.ERROR: Failed to generate SF9 for student 6722: Method App\Http\Controllers\Migration\RegistrarMigration::sf9pdf does not exist.  
[2025-07-14 08:29:24] local.ERROR: Failed to generate SF9 for student 6721: Method App\Http\Controllers\Migration\RegistrarMigration::sf9pdf does not exist.  
[2025-07-14 08:29:24] local.ERROR: Failed to generate SF9 for student 6718: Method App\Http\Controllers\Migration\RegistrarMigration::sf9pdf does not exist.  
[2025-07-14 08:29:24] local.ERROR: Failed to generate SF9 for student 6717: Method App\Http\Controllers\Migration\RegistrarMigration::sf9pdf does not exist.  
[2025-07-14 08:29:24] local.ERROR: Failed to generate SF9 for student 6716: Method App\Http\Controllers\Migration\RegistrarMigration::sf9pdf does not exist.  
[2025-07-14 08:29:24] local.ERROR: Failed to generate SF9 for student 6714: Method App\Http\Controllers\Migration\RegistrarMigration::sf9pdf does not exist.  
[2025-07-14 08:29:24] local.ERROR: Failed to generate SF9 for student 6827: Method App\Http\Controllers\Migration\RegistrarMigration::sf9pdf does not exist.  
[2025-07-14 08:29:24] local.ERROR: Failed to generate SF9 for student 6680: Method App\Http\Controllers\Migration\RegistrarMigration::sf9pdf does not exist.  
[2025-07-14 08:29:24] local.ERROR: Failed to generate SF9 for student 6682: Method App\Http\Controllers\Migration\RegistrarMigration::sf9pdf does not exist.  
[2025-07-14 08:29:24] local.ERROR: Failed to generate SF9 for student 6683: Method App\Http\Controllers\Migration\RegistrarMigration::sf9pdf does not exist.  
[2025-07-14 08:29:24] local.ERROR: Failed to generate SF9 for student 6685: Method App\Http\Controllers\Migration\RegistrarMigration::sf9pdf does not exist.  
[2025-07-14 08:29:24] local.ERROR: Failed to generate SF9 for student 6707: Method App\Http\Controllers\Migration\RegistrarMigration::sf9pdf does not exist.  
[2025-07-14 08:29:24] local.ERROR: Failed to generate SF9 for student 6704: Method App\Http\Controllers\Migration\RegistrarMigration::sf9pdf does not exist.  
[2025-07-14 08:29:24] local.ERROR: Failed to generate SF9 for student 6695: Method App\Http\Controllers\Migration\RegistrarMigration::sf9pdf does not exist.  
[2025-07-14 08:29:24] local.ERROR: Failed to generate SF9 for student 6693: Method App\Http\Controllers\Migration\RegistrarMigration::sf9pdf does not exist.  
[2025-07-14 08:29:24] local.ERROR: Failed to generate SF9 for student 6866: Method App\Http\Controllers\Migration\RegistrarMigration::sf9pdf does not exist.  
[2025-07-14 08:29:24] local.ERROR: Failed to generate SF9 for student 7276: Method App\Http\Controllers\Migration\RegistrarMigration::sf9pdf does not exist.  
[2025-07-14 08:29:24] local.ERROR: Failed to generate SF9 for student 7290: Method App\Http\Controllers\Migration\RegistrarMigration::sf9pdf does not exist.  
[2025-07-14 08:29:24] local.ERROR: Failed to generate SF9 for student 7284: Method App\Http\Controllers\Migration\RegistrarMigration::sf9pdf does not exist.  
[2025-07-14 08:29:24] local.ERROR: Failed to generate SF9 for student 7272: Method App\Http\Controllers\Migration\RegistrarMigration::sf9pdf does not exist.  
[2025-07-14 08:29:24] local.ERROR: Failed to generate SF9 for student 7283: Method App\Http\Controllers\Migration\RegistrarMigration::sf9pdf does not exist.  
[2025-07-14 08:29:24] local.ERROR: Failed to generate SF9 for student 7275: Method App\Http\Controllers\Migration\RegistrarMigration::sf9pdf does not exist.  
[2025-07-14 08:29:24] local.ERROR: Failed to generate SF9 for student 7274: Method App\Http\Controllers\Migration\RegistrarMigration::sf9pdf does not exist.  
[2025-07-14 08:29:24] local.ERROR: Failed to generate SF9 for student 7289: Method App\Http\Controllers\Migration\RegistrarMigration::sf9pdf does not exist.  
[2025-07-14 08:29:24] local.ERROR: Failed to generate SF9 for student 7299: Method App\Http\Controllers\Migration\RegistrarMigration::sf9pdf does not exist.  
[2025-07-14 08:29:24] local.ERROR: Failed to generate SF9 for student 7291: Method App\Http\Controllers\Migration\RegistrarMigration::sf9pdf does not exist.  
[2025-07-14 08:29:24] local.ERROR: Failed to generate SF9 for student 7280: Method App\Http\Controllers\Migration\RegistrarMigration::sf9pdf does not exist.  
[2025-07-14 08:29:24] local.ERROR: Failed to generate SF9 for student 7297: Method App\Http\Controllers\Migration\RegistrarMigration::sf9pdf does not exist.  
[2025-07-14 08:29:24] local.ERROR: Failed to generate SF9 for student 7293: Method App\Http\Controllers\Migration\RegistrarMigration::sf9pdf does not exist.  
[2025-07-14 08:29:24] local.ERROR: Failed to generate SF9 for student 7268: Method App\Http\Controllers\Migration\RegistrarMigration::sf9pdf does not exist.  
[2025-07-14 08:29:24] local.ERROR: Failed to generate SF9 for student 7282: Method App\Http\Controllers\Migration\RegistrarMigration::sf9pdf does not exist.  
[2025-07-14 08:29:24] local.ERROR: Failed to generate SF9 for student 7264: Method App\Http\Controllers\Migration\RegistrarMigration::sf9pdf does not exist.  
[2025-07-14 08:29:24] local.ERROR: Failed to generate SF9 for student 7267: Method App\Http\Controllers\Migration\RegistrarMigration::sf9pdf does not exist.  
[2025-07-14 08:29:24] local.ERROR: Failed to generate SF9 for student 7281: Method App\Http\Controllers\Migration\RegistrarMigration::sf9pdf does not exist.  
[2025-07-14 08:29:24] local.ERROR: Failed to generate SF9 for student 7285: Method App\Http\Controllers\Migration\RegistrarMigration::sf9pdf does not exist.  
[2025-07-14 08:29:24] local.ERROR: Failed to generate SF9 for student 7277: Method App\Http\Controllers\Migration\RegistrarMigration::sf9pdf does not exist.  
[2025-07-14 08:29:24] local.ERROR: Failed to generate SF9 for student 7261: Method App\Http\Controllers\Migration\RegistrarMigration::sf9pdf does not exist.  
[2025-07-14 08:29:24] local.ERROR: Failed to generate SF9 for student 7266: Method App\Http\Controllers\Migration\RegistrarMigration::sf9pdf does not exist.  
[2025-07-14 08:29:24] local.ERROR: Failed to generate SF9 for student 7258: Method App\Http\Controllers\Migration\RegistrarMigration::sf9pdf does not exist.  
[2025-07-14 08:29:24] local.ERROR: Failed to generate SF9 for student 6859: Method App\Http\Controllers\Migration\RegistrarMigration::sf9pdf does not exist.  
[2025-07-14 08:29:24] local.ERROR: Failed to generate SF9 for student 6858: Method App\Http\Controllers\Migration\RegistrarMigration::sf9pdf does not exist.  
[2025-07-14 08:29:24] local.ERROR: Failed to generate SF9 for student 6844: Method App\Http\Controllers\Migration\RegistrarMigration::sf9pdf does not exist.  
[2025-07-14 08:29:24] local.ERROR: Failed to generate SF9 for student 6833: Method App\Http\Controllers\Migration\RegistrarMigration::sf9pdf does not exist.  
[2025-07-14 08:29:24] local.ERROR: Failed to generate SF9 for student 6861: Method App\Http\Controllers\Migration\RegistrarMigration::sf9pdf does not exist.  
[2025-07-14 08:29:24] local.ERROR: Failed to generate SF9 for student 6832: Method App\Http\Controllers\Migration\RegistrarMigration::sf9pdf does not exist.  
[2025-07-14 08:29:24] local.ERROR: Failed to generate SF9 for student 6725: Method App\Http\Controllers\Migration\RegistrarMigration::sf9pdf does not exist.  
[2025-07-14 08:29:24] local.ERROR: Failed to generate SF9 for student 7265: Method App\Http\Controllers\Migration\RegistrarMigration::sf9pdf does not exist.  
[2025-07-14 08:29:24] local.ERROR: Failed to generate SF9 for student 7262: Method App\Http\Controllers\Migration\RegistrarMigration::sf9pdf does not exist.  
[2025-07-14 08:29:24] local.ERROR: Failed to generate SF9 for student 7255: Method App\Http\Controllers\Migration\RegistrarMigration::sf9pdf does not exist.  
[2025-07-14 08:29:24] local.ERROR: Failed to generate SF9 for student 7273: Method App\Http\Controllers\Migration\RegistrarMigration::sf9pdf does not exist.  
[2025-07-14 08:29:24] local.ERROR: Failed to generate SF9 for student 7270: Method App\Http\Controllers\Migration\RegistrarMigration::sf9pdf does not exist.  
[2025-07-14 08:29:24] local.ERROR: Failed to generate SF9 for student 7260: Method App\Http\Controllers\Migration\RegistrarMigration::sf9pdf does not exist.  
[2025-07-14 08:29:24] local.ERROR: Failed to generate SF9 for student 7621: Method App\Http\Controllers\Migration\RegistrarMigration::sf9pdf does not exist.  
[2025-07-14 08:29:24] local.ERROR: Failed to generate SF9 for student 7620: Method App\Http\Controllers\Migration\RegistrarMigration::sf9pdf does not exist.  
[2025-07-14 08:29:24] local.ERROR: Failed to generate SF9 for student 7958: Method App\Http\Controllers\Migration\RegistrarMigration::sf9pdf does not exist.  
[2025-07-14 08:29:24] local.ERROR: Failed to generate SF9 for student 7946: Method App\Http\Controllers\Migration\RegistrarMigration::sf9pdf does not exist.  
[2025-07-14 08:29:24] local.ERROR: Failed to generate SF9 for student 7949: Method App\Http\Controllers\Migration\RegistrarMigration::sf9pdf does not exist.  
[2025-07-14 08:29:24] local.ERROR: Failed to generate SF9 for student 7947: Method App\Http\Controllers\Migration\RegistrarMigration::sf9pdf does not exist.  
[2025-07-14 08:29:24] local.ERROR: Failed to generate SF9 for student 7945: Method App\Http\Controllers\Migration\RegistrarMigration::sf9pdf does not exist.  
[2025-07-14 08:29:24] local.ERROR: Failed to generate SF9 for student 7630: Method App\Http\Controllers\Migration\RegistrarMigration::sf9pdf does not exist.  
[2025-07-14 08:29:24] local.ERROR: Failed to generate SF9 for student 7951: Method App\Http\Controllers\Migration\RegistrarMigration::sf9pdf does not exist.  
[2025-07-14 08:29:24] local.ERROR: Failed to generate SF9 for student 7937: Method App\Http\Controllers\Migration\RegistrarMigration::sf9pdf does not exist.  
[2025-07-14 08:29:24] local.ERROR: Failed to generate SF9 for student 7948: Method App\Http\Controllers\Migration\RegistrarMigration::sf9pdf does not exist.  
[2025-07-14 08:29:24] local.ERROR: Failed to generate SF9 for student 7939: Method App\Http\Controllers\Migration\RegistrarMigration::sf9pdf does not exist.  
[2025-07-14 08:29:24] local.ERROR: Failed to generate SF9 for student 7980: Method App\Http\Controllers\Migration\RegistrarMigration::sf9pdf does not exist.  
[2025-07-14 08:29:24] local.ERROR: Failed to generate SF9 for student 7952: Method App\Http\Controllers\Migration\RegistrarMigration::sf9pdf does not exist.  
[2025-07-14 08:29:24] local.ERROR: Failed to generate SF9 for student 8002: Method App\Http\Controllers\Migration\RegistrarMigration::sf9pdf does not exist.  
[2025-07-14 08:29:24] local.ERROR: Failed to generate SF9 for student 5734: Method App\Http\Controllers\Migration\RegistrarMigration::sf9pdf does not exist.  
[2025-07-14 08:29:24] local.ERROR: Failed to generate SF9 for student 5825: Method App\Http\Controllers\Migration\RegistrarMigration::sf9pdf does not exist.  
[2025-07-14 08:29:24] local.ERROR: Failed to generate SF9 for student 7557: Method App\Http\Controllers\Migration\RegistrarMigration::sf9pdf does not exist.  
[2025-07-14 08:29:24] local.ERROR: Failed to generate SF9 for student 8907: Method App\Http\Controllers\Migration\RegistrarMigration::sf9pdf does not exist.  
[2025-07-14 08:29:24] local.ERROR: Failed to generate SF9 for student 8920: Method App\Http\Controllers\Migration\RegistrarMigration::sf9pdf does not exist.  
[2025-07-14 08:29:24] local.ERROR: Failed to generate SF9 for student 8941: Method App\Http\Controllers\Migration\RegistrarMigration::sf9pdf does not exist.  
[2025-07-14 08:29:24] local.ERROR: Failed to generate SF9 for student 8981: Method App\Http\Controllers\Migration\RegistrarMigration::sf9pdf does not exist.  
[2025-07-14 08:29:24] local.ERROR: Failed to generate SF9 for student 9084: Method App\Http\Controllers\Migration\RegistrarMigration::sf9pdf does not exist.  
[2025-07-14 08:29:24] local.ERROR: Failed to generate SF9 for student 9275: Method App\Http\Controllers\Migration\RegistrarMigration::sf9pdf does not exist.  
[2025-07-14 08:29:24] local.ERROR: Failed to generate SF9 for student 10144: Method App\Http\Controllers\Migration\RegistrarMigration::sf9pdf does not exist.  
[2025-07-14 08:29:24] local.ERROR: Failed to generate SF9 for student 10207: Method App\Http\Controllers\Migration\RegistrarMigration::sf9pdf does not exist.  
[2025-07-14 08:29:24] local.ERROR: Failed to generate SF9 for student 10384: Method App\Http\Controllers\Migration\RegistrarMigration::sf9pdf does not exist.  
[2025-07-14 08:29:24] local.ERROR: Failed to generate SF9 for student 10559: Method App\Http\Controllers\Migration\RegistrarMigration::sf9pdf does not exist.  
[2025-07-14 08:29:24] local.ERROR: Failed to generate SF9 for student 10724: Method App\Http\Controllers\Migration\RegistrarMigration::sf9pdf does not exist.  
[2025-07-14 08:29:24] local.ERROR: Failed to generate SF9 for student 10775: Method App\Http\Controllers\Migration\RegistrarMigration::sf9pdf does not exist.  
[2025-07-14 08:29:24] local.ERROR: Failed to generate SF9 for student 11281: Method App\Http\Controllers\Migration\RegistrarMigration::sf9pdf does not exist.  
[2025-07-14 08:29:24] local.ERROR: Failed to generate SF9 for student 6735: Method App\Http\Controllers\Migration\RegistrarMigration::sf9pdf does not exist.  
[2025-07-14 08:29:24] local.ERROR: Failed to generate SF9 for student 6736: Method App\Http\Controllers\Migration\RegistrarMigration::sf9pdf does not exist.  
[2025-07-14 08:29:24] local.ERROR: Failed to generate SF9 for student 6738: Method App\Http\Controllers\Migration\RegistrarMigration::sf9pdf does not exist.  
[2025-07-14 08:29:24] local.ERROR: Failed to generate SF9 for student 6746: Method App\Http\Controllers\Migration\RegistrarMigration::sf9pdf does not exist.  
[2025-07-14 08:29:24] local.ERROR: Failed to generate SF9 for student 6747: Method App\Http\Controllers\Migration\RegistrarMigration::sf9pdf does not exist.  
[2025-07-14 08:29:24] local.ERROR: Failed to generate SF9 for student 6751: Method App\Http\Controllers\Migration\RegistrarMigration::sf9pdf does not exist.  
[2025-07-14 08:29:24] local.ERROR: Failed to generate SF9 for student 6729: Method App\Http\Controllers\Migration\RegistrarMigration::sf9pdf does not exist.  
[2025-07-14 08:29:24] local.ERROR: Failed to generate SF9 for student 6748: Method App\Http\Controllers\Migration\RegistrarMigration::sf9pdf does not exist.  
[2025-07-14 08:29:24] local.ERROR: Failed to generate SF9 for student 6749: Method App\Http\Controllers\Migration\RegistrarMigration::sf9pdf does not exist.  
[2025-07-14 08:29:24] local.ERROR: Failed to generate SF9 for student 6745: Method App\Http\Controllers\Migration\RegistrarMigration::sf9pdf does not exist.  
[2025-07-14 08:29:24] local.ERROR: Failed to generate SF9 for student 6753: Method App\Http\Controllers\Migration\RegistrarMigration::sf9pdf does not exist.  
[2025-07-14 08:29:24] local.ERROR: Failed to generate SF9 for student 6728: Method App\Http\Controllers\Migration\RegistrarMigration::sf9pdf does not exist.  
[2025-07-14 08:29:24] local.ERROR: Failed to generate SF9 for student 6730: Method App\Http\Controllers\Migration\RegistrarMigration::sf9pdf does not exist.  
[2025-07-14 08:29:24] local.ERROR: Failed to generate SF9 for student 6731: Method App\Http\Controllers\Migration\RegistrarMigration::sf9pdf does not exist.  
[2025-07-14 08:29:24] local.ERROR: Failed to generate SF9 for student 6689: Method App\Http\Controllers\Migration\RegistrarMigration::sf9pdf does not exist.  
[2025-07-14 08:29:24] local.ERROR: Failed to generate SF9 for student 6734: Method App\Http\Controllers\Migration\RegistrarMigration::sf9pdf does not exist.  
[2025-07-14 08:29:25] local.ERROR: Failed to generate SF9 for student 5798: Method App\Http\Controllers\Migration\RegistrarMigration::sf9pdf does not exist.  
[2025-07-14 08:29:25] local.ERROR: Failed to generate SF9 for student 9431: Method App\Http\Controllers\Migration\RegistrarMigration::sf9pdf does not exist.  
[2025-07-14 08:29:25] local.ERROR: Failed to generate SF9 for student 9493: Method App\Http\Controllers\Migration\RegistrarMigration::sf9pdf does not exist.  
[2025-07-14 08:29:25] local.ERROR: Failed to generate SF9 for student 9488: Method App\Http\Controllers\Migration\RegistrarMigration::sf9pdf does not exist.  
[2025-07-14 08:29:25] local.ERROR: Failed to generate SF9 for student 9489: Method App\Http\Controllers\Migration\RegistrarMigration::sf9pdf does not exist.  
[2025-07-14 08:29:25] local.ERROR: Failed to generate SF9 for student 9490: Method App\Http\Controllers\Migration\RegistrarMigration::sf9pdf does not exist.  
[2025-07-14 08:29:25] local.ERROR: Failed to generate SF9 for student 9491: Method App\Http\Controllers\Migration\RegistrarMigration::sf9pdf does not exist.  
[2025-07-14 08:29:25] local.ERROR: Failed to generate SF9 for student 9494: Method App\Http\Controllers\Migration\RegistrarMigration::sf9pdf does not exist.  
[2025-07-14 08:29:25] local.ERROR: Failed to generate SF9 for student 9783: Method App\Http\Controllers\Migration\RegistrarMigration::sf9pdf does not exist.  
[2025-07-14 08:29:25] local.ERROR: Failed to generate SF9 for student 9786: Method App\Http\Controllers\Migration\RegistrarMigration::sf9pdf does not exist.  
[2025-07-14 08:29:25] local.ERROR: Failed to generate SF9 for student 10208: Method App\Http\Controllers\Migration\RegistrarMigration::sf9pdf does not exist.  
[2025-07-14 08:29:25] local.ERROR: Failed to generate SF9 for student 5726: Method App\Http\Controllers\Migration\RegistrarMigration::sf9pdf does not exist.  
[2025-07-14 08:29:25] local.ERROR: Failed to generate SF9 for student 5800: Method App\Http\Controllers\Migration\RegistrarMigration::sf9pdf does not exist.  
[2025-07-14 08:29:25] local.ERROR: Failed to generate SF9 for student 10436: Method App\Http\Controllers\Migration\RegistrarMigration::sf9pdf does not exist.  
[2025-07-14 08:29:25] local.ERROR: Failed to generate SF9 for student 10450: Method App\Http\Controllers\Migration\RegistrarMigration::sf9pdf does not exist.  
[2025-07-14 08:29:25] local.ERROR: Failed to generate SF9 for student 11256: Method App\Http\Controllers\Migration\RegistrarMigration::sf9pdf does not exist.  
[2025-07-14 08:29:25] local.ERROR: Failed to generate SF9 for student 6677: Method App\Http\Controllers\Migration\RegistrarMigration::sf9pdf does not exist.  
[2025-07-14 08:29:25] local.ERROR: Failed to generate SF9 for student 6674: Method App\Http\Controllers\Migration\RegistrarMigration::sf9pdf does not exist.  
[2025-07-14 08:29:25] local.ERROR: Failed to generate SF9 for student 6673: Method App\Http\Controllers\Migration\RegistrarMigration::sf9pdf does not exist.  
[2025-07-14 08:29:25] local.ERROR: Failed to generate SF9 for student 6672: Method App\Http\Controllers\Migration\RegistrarMigration::sf9pdf does not exist.  
[2025-07-14 08:29:25] local.ERROR: Failed to generate SF9 for student 6666: Method App\Http\Controllers\Migration\RegistrarMigration::sf9pdf does not exist.  
[2025-07-14 08:29:25] local.ERROR: Failed to generate SF9 for student 6663: Method App\Http\Controllers\Migration\RegistrarMigration::sf9pdf does not exist.  
[2025-07-14 08:29:25] local.ERROR: Failed to generate SF9 for student 6661: Method App\Http\Controllers\Migration\RegistrarMigration::sf9pdf does not exist.  
[2025-07-14 08:29:25] local.ERROR: Failed to generate SF9 for student 6659: Method App\Http\Controllers\Migration\RegistrarMigration::sf9pdf does not exist.  
[2025-07-14 08:29:25] local.ERROR: Failed to generate SF9 for student 6655: Method App\Http\Controllers\Migration\RegistrarMigration::sf9pdf does not exist.  
[2025-07-14 08:29:25] local.ERROR: Failed to generate SF9 for student 6653: Method App\Http\Controllers\Migration\RegistrarMigration::sf9pdf does not exist.  
[2025-07-14 08:29:25] local.ERROR: Failed to generate SF9 for student 6652: Method App\Http\Controllers\Migration\RegistrarMigration::sf9pdf does not exist.  
[2025-07-14 08:29:25] local.ERROR: Failed to generate SF9 for student 6651: Method App\Http\Controllers\Migration\RegistrarMigration::sf9pdf does not exist.  
[2025-07-14 08:29:25] local.ERROR: Failed to generate SF9 for student 6649: Method App\Http\Controllers\Migration\RegistrarMigration::sf9pdf does not exist.  
[2025-07-14 08:29:25] local.ERROR: Failed to generate SF9 for student 6675: Method App\Http\Controllers\Migration\RegistrarMigration::sf9pdf does not exist.  
[2025-07-14 08:29:25] local.ERROR: Failed to generate SF9 for student 6648: Method App\Http\Controllers\Migration\RegistrarMigration::sf9pdf does not exist.  
[2025-07-14 08:29:25] local.ERROR: Failed to generate SF9 for student 6650: Method App\Http\Controllers\Migration\RegistrarMigration::sf9pdf does not exist.  
[2025-07-14 08:29:25] local.ERROR: Failed to generate SF9 for student 6654: Method App\Http\Controllers\Migration\RegistrarMigration::sf9pdf does not exist.  
[2025-07-14 08:29:25] local.ERROR: Failed to generate SF9 for student 6657: Method App\Http\Controllers\Migration\RegistrarMigration::sf9pdf does not exist.  
[2025-07-14 08:29:25] local.ERROR: Failed to generate SF9 for student 6664: Method App\Http\Controllers\Migration\RegistrarMigration::sf9pdf does not exist.  
[2025-07-14 08:29:25] local.ERROR: Failed to generate SF9 for student 6667: Method App\Http\Controllers\Migration\RegistrarMigration::sf9pdf does not exist.  
[2025-07-14 08:29:25] local.ERROR: Failed to generate SF9 for student 6669: Method App\Http\Controllers\Migration\RegistrarMigration::sf9pdf does not exist.  
[2025-07-14 08:29:25] local.ERROR: Failed to generate SF9 for student 6676: Method App\Http\Controllers\Migration\RegistrarMigration::sf9pdf does not exist.  
[2025-07-14 08:29:25] local.ERROR: Failed to generate SF9 for student 7002: Method App\Http\Controllers\Migration\RegistrarMigration::sf9pdf does not exist.  
[2025-07-14 08:29:25] local.ERROR: Failed to generate SF9 for student 8883: Method App\Http\Controllers\Migration\RegistrarMigration::sf9pdf does not exist.  
[2025-07-14 08:29:25] local.ERROR: Failed to generate SF9 for student 8897: Method App\Http\Controllers\Migration\RegistrarMigration::sf9pdf does not exist.  
[2025-07-14 08:29:25] local.ERROR: Failed to generate SF9 for student 5784: Method App\Http\Controllers\Migration\RegistrarMigration::sf9pdf does not exist.  
[2025-07-14 08:29:25] local.ERROR: Failed to generate SF9 for student 5767: Method App\Http\Controllers\Migration\RegistrarMigration::sf9pdf does not exist.  
[2025-07-14 08:29:25] local.ERROR: Failed to generate SF9 for student 8900: Method App\Http\Controllers\Migration\RegistrarMigration::sf9pdf does not exist.  
[2025-07-14 08:29:25] local.ERROR: Failed to generate SF9 for student 8898: Method App\Http\Controllers\Migration\RegistrarMigration::sf9pdf does not exist.  
[2025-07-14 08:29:25] local.ERROR: Failed to generate SF9 for student 8939: Method App\Http\Controllers\Migration\RegistrarMigration::sf9pdf does not exist.  
[2025-07-14 08:29:25] local.ERROR: Failed to generate SF9 for student 7914: Method App\Http\Controllers\Migration\RegistrarMigration::sf9pdf does not exist.  
[2025-07-14 08:29:25] local.ERROR: Failed to generate SF9 for student 8926: Method App\Http\Controllers\Migration\RegistrarMigration::sf9pdf does not exist.  
[2025-07-14 08:29:25] local.ERROR: Failed to generate SF9 for student 8924: Method App\Http\Controllers\Migration\RegistrarMigration::sf9pdf does not exist.  
[2025-07-14 08:29:25] local.ERROR: Failed to generate SF9 for student 8923: Method App\Http\Controllers\Migration\RegistrarMigration::sf9pdf does not exist.  
[2025-07-14 08:29:25] local.ERROR: Failed to generate SF9 for student 8918: Method App\Http\Controllers\Migration\RegistrarMigration::sf9pdf does not exist.  
[2025-07-14 08:29:25] local.ERROR: Failed to generate SF9 for student 8917: Method App\Http\Controllers\Migration\RegistrarMigration::sf9pdf does not exist.  
[2025-07-14 08:29:25] local.ERROR: Failed to generate SF9 for student 8943: Method App\Http\Controllers\Migration\RegistrarMigration::sf9pdf does not exist.  
[2025-07-14 08:29:25] local.ERROR: Failed to generate SF9 for student 8980: Method App\Http\Controllers\Migration\RegistrarMigration::sf9pdf does not exist.  
[2025-07-14 08:29:25] local.ERROR: Failed to generate SF9 for student 8979: Method App\Http\Controllers\Migration\RegistrarMigration::sf9pdf does not exist.  
[2025-07-14 08:29:25] local.ERROR: Failed to generate SF9 for student 8972: Method App\Http\Controllers\Migration\RegistrarMigration::sf9pdf does not exist.  
[2025-07-14 08:29:25] local.ERROR: Failed to generate SF9 for student 8970: Method App\Http\Controllers\Migration\RegistrarMigration::sf9pdf does not exist.  
[2025-07-14 08:29:25] local.ERROR: Failed to generate SF9 for student 9007: Method App\Http\Controllers\Migration\RegistrarMigration::sf9pdf does not exist.  
[2025-07-14 08:29:25] local.ERROR: Failed to generate SF9 for student 9005: Method App\Http\Controllers\Migration\RegistrarMigration::sf9pdf does not exist.  
[2025-07-14 08:29:25] local.ERROR: Failed to generate SF9 for student 9006: Method App\Http\Controllers\Migration\RegistrarMigration::sf9pdf does not exist.  
[2025-07-14 08:29:25] local.ERROR: Failed to generate SF9 for student 9010: Method App\Http\Controllers\Migration\RegistrarMigration::sf9pdf does not exist.  
[2025-07-14 08:29:25] local.ERROR: Failed to generate SF9 for student 9011: Method App\Http\Controllers\Migration\RegistrarMigration::sf9pdf does not exist.  
[2025-07-14 08:29:25] local.ERROR: Failed to generate SF9 for student 8966: Method App\Http\Controllers\Migration\RegistrarMigration::sf9pdf does not exist.  
[2025-07-14 08:29:25] local.ERROR: Failed to generate SF9 for student 9244: Method App\Http\Controllers\Migration\RegistrarMigration::sf9pdf does not exist.  
[2025-07-14 08:29:25] local.ERROR: Failed to generate SF9 for student 9243: Method App\Http\Controllers\Migration\RegistrarMigration::sf9pdf does not exist.  
[2025-07-14 08:29:25] local.ERROR: Failed to generate SF9 for student 9482: Method App\Http\Controllers\Migration\RegistrarMigration::sf9pdf does not exist.  
[2025-07-14 08:29:25] local.ERROR: Failed to generate SF9 for student 9629: Method App\Http\Controllers\Migration\RegistrarMigration::sf9pdf does not exist.  
[2025-07-14 08:29:25] local.ERROR: Failed to generate SF9 for student 9785: Method App\Http\Controllers\Migration\RegistrarMigration::sf9pdf does not exist.  
[2025-07-14 08:29:25] local.ERROR: Failed to generate SF9 for student 5849: Method App\Http\Controllers\Migration\RegistrarMigration::sf9pdf does not exist.  
[2025-07-14 08:29:25] local.ERROR: Failed to generate SF9 for student 10010: Method App\Http\Controllers\Migration\RegistrarMigration::sf9pdf does not exist.  
[2025-07-14 08:29:25] local.ERROR: Failed to generate SF9 for student 10383: Method App\Http\Controllers\Migration\RegistrarMigration::sf9pdf does not exist.  
[2025-07-14 08:29:25] local.ERROR: Failed to generate SF9 for student 10730: Method App\Http\Controllers\Migration\RegistrarMigration::sf9pdf does not exist.  
[2025-07-14 08:29:25] local.ERROR: Failed to generate SF9 for student 8913: Method App\Http\Controllers\Migration\RegistrarMigration::sf9pdf does not exist.  
[2025-07-14 08:29:25] local.ERROR: Failed to generate SF9 for student 8925: Method App\Http\Controllers\Migration\RegistrarMigration::sf9pdf does not exist.  
[2025-07-14 08:29:25] local.ERROR: Failed to generate SF9 for student 9009: Method App\Http\Controllers\Migration\RegistrarMigration::sf9pdf does not exist.  
[2025-07-14 08:29:25] local.ERROR: Failed to generate SF9 for student 9237: Method App\Http\Controllers\Migration\RegistrarMigration::sf9pdf does not exist.  
[2025-07-14 08:29:25] local.ERROR: Failed to generate SF9 for student 10645: Method App\Http\Controllers\Migration\RegistrarMigration::sf9pdf does not exist.  
[2025-07-14 08:29:25] local.ERROR: Failed to generate SF9 for student 10902: Method App\Http\Controllers\Migration\RegistrarMigration::sf9pdf does not exist.  
[2025-07-14 08:29:25] local.ERROR: Failed to generate SF9 for student 8899: Method App\Http\Controllers\Migration\RegistrarMigration::sf9pdf does not exist.  
[2025-07-14 08:29:25] local.ERROR: Failed to generate SF9 for student 8945: Method App\Http\Controllers\Migration\RegistrarMigration::sf9pdf does not exist.  
[2025-07-14 08:29:25] local.ERROR: Failed to generate SF9 for student 9018: Method App\Http\Controllers\Migration\RegistrarMigration::sf9pdf does not exist.  
[2025-07-14 08:29:25] local.ERROR: Failed to generate SF9 for student 9157: Method App\Http\Controllers\Migration\RegistrarMigration::sf9pdf does not exist.  
[2025-07-14 08:29:25] local.ERROR: Failed to generate SF9 for student 9633: Method App\Http\Controllers\Migration\RegistrarMigration::sf9pdf does not exist.  
[2025-07-14 08:29:25] local.ERROR: Failed to generate SF9 for student 9782: Method App\Http\Controllers\Migration\RegistrarMigration::sf9pdf does not exist.  
[2025-07-14 08:29:25] local.ERROR: Failed to generate SF9 for student 10926: Method App\Http\Controllers\Migration\RegistrarMigration::sf9pdf does not exist.  
[2025-07-14 08:29:25] local.ERROR: Failed to generate SF9 for student 10879: Method App\Http\Controllers\Migration\RegistrarMigration::sf9pdf does not exist.  
[2025-07-14 08:29:25] local.ERROR: Failed to generate SF9 for student 5792: Method App\Http\Controllers\Migration\RegistrarMigration::sf9pdf does not exist.  
[2025-07-14 08:29:25] local.ERROR: Failed to generate SF9 for student 7525: Method App\Http\Controllers\Migration\RegistrarMigration::sf9pdf does not exist.  
[2025-07-14 08:29:25] local.ERROR: Failed to generate SF9 for student 8887: Method App\Http\Controllers\Migration\RegistrarMigration::sf9pdf does not exist.  
[2025-07-14 08:29:25] local.ERROR: Failed to generate SF9 for student 8946: Method App\Http\Controllers\Migration\RegistrarMigration::sf9pdf does not exist.  
[2025-07-14 08:29:25] local.ERROR: Failed to generate SF9 for student 9049: Method App\Http\Controllers\Migration\RegistrarMigration::sf9pdf does not exist.  
[2025-07-14 08:29:25] local.ERROR: Failed to generate SF9 for student 5768: Method App\Http\Controllers\Migration\RegistrarMigration::sf9pdf does not exist.  
[2025-07-14 08:29:25] local.ERROR: Failed to generate SF9 for student 5765: Method App\Http\Controllers\Migration\RegistrarMigration::sf9pdf does not exist.  
[2025-07-14 08:29:25] local.ERROR: Failed to generate SF9 for student 9017: Method App\Http\Controllers\Migration\RegistrarMigration::sf9pdf does not exist.  
[2025-07-14 08:29:25] local.ERROR: Failed to generate SF9 for student 9086: Method App\Http\Controllers\Migration\RegistrarMigration::sf9pdf does not exist.  
[2025-07-14 08:29:25] local.ERROR: Failed to generate SF9 for student 8003: Method App\Http\Controllers\Migration\RegistrarMigration::sf9pdf does not exist.  
[2025-07-14 08:29:25] local.ERROR: Failed to generate SF9 for student 5783: Method App\Http\Controllers\Migration\RegistrarMigration::sf9pdf does not exist.  
[2025-07-14 08:29:25] local.ERROR: Failed to generate SF9 for student 9125: Method App\Http\Controllers\Migration\RegistrarMigration::sf9pdf does not exist.  
[2025-07-14 08:29:25] local.ERROR: Failed to generate SF9 for student 9160: Method App\Http\Controllers\Migration\RegistrarMigration::sf9pdf does not exist.  
[2025-07-14 08:29:25] local.ERROR: Failed to generate SF9 for student 9427: Method App\Http\Controllers\Migration\RegistrarMigration::sf9pdf does not exist.  
[2025-07-14 08:29:25] local.ERROR: Failed to generate SF9 for student 9486: Method App\Http\Controllers\Migration\RegistrarMigration::sf9pdf does not exist.  
[2025-07-14 08:29:25] local.ERROR: Failed to generate SF9 for student 9495: Method App\Http\Controllers\Migration\RegistrarMigration::sf9pdf does not exist.  
[2025-07-14 08:29:25] local.ERROR: Failed to generate SF9 for student 9484: Method App\Http\Controllers\Migration\RegistrarMigration::sf9pdf does not exist.  
[2025-07-14 08:29:25] local.ERROR: Failed to generate SF9 for student 9483: Method App\Http\Controllers\Migration\RegistrarMigration::sf9pdf does not exist.  
[2025-07-14 08:29:25] local.ERROR: Failed to generate SF9 for student 8989: Method App\Http\Controllers\Migration\RegistrarMigration::sf9pdf does not exist.  
[2025-07-14 08:29:25] local.ERROR: Failed to generate SF9 for student 9631: Method App\Http\Controllers\Migration\RegistrarMigration::sf9pdf does not exist.  
[2025-07-14 08:29:25] local.ERROR: Failed to generate SF9 for student 9621: Method App\Http\Controllers\Migration\RegistrarMigration::sf9pdf does not exist.  
[2025-07-14 08:29:25] local.ERROR: Failed to generate SF9 for student 9632: Method App\Http\Controllers\Migration\RegistrarMigration::sf9pdf does not exist.  
[2025-07-14 08:29:25] local.ERROR: Failed to generate SF9 for student 9635: Method App\Http\Controllers\Migration\RegistrarMigration::sf9pdf does not exist.  
[2025-07-14 08:29:25] local.ERROR: Failed to generate SF9 for student 9761: Method App\Http\Controllers\Migration\RegistrarMigration::sf9pdf does not exist.  
[2025-07-14 08:29:25] local.ERROR: Failed to generate SF9 for student 9795: Method App\Http\Controllers\Migration\RegistrarMigration::sf9pdf does not exist.  
[2025-07-14 08:29:25] local.ERROR: Failed to generate SF9 for student 9792: Method App\Http\Controllers\Migration\RegistrarMigration::sf9pdf does not exist.  
[2025-07-14 08:29:25] local.ERROR: Failed to generate SF9 for student 9790: Method App\Http\Controllers\Migration\RegistrarMigration::sf9pdf does not exist.  
[2025-07-14 08:29:25] local.ERROR: Failed to generate SF9 for student 9793: Method App\Http\Controllers\Migration\RegistrarMigration::sf9pdf does not exist.  
[2025-07-14 08:29:25] local.ERROR: Failed to generate SF9 for student 9794: Method App\Http\Controllers\Migration\RegistrarMigration::sf9pdf does not exist.  
[2025-07-14 08:29:25] local.ERROR: Failed to generate SF9 for student 9779: Method App\Http\Controllers\Migration\RegistrarMigration::sf9pdf does not exist.  
[2025-07-14 08:29:25] local.ERROR: Failed to generate SF9 for student 9879: Method App\Http\Controllers\Migration\RegistrarMigration::sf9pdf does not exist.  
[2025-07-14 08:29:25] local.ERROR: Failed to generate SF9 for student 9869: Method App\Http\Controllers\Migration\RegistrarMigration::sf9pdf does not exist.  
[2025-07-14 08:29:25] local.ERROR: Failed to generate SF9 for student 9878: Method App\Http\Controllers\Migration\RegistrarMigration::sf9pdf does not exist.  
[2025-07-14 08:29:25] local.ERROR: Failed to generate SF9 for student 9873: Method App\Http\Controllers\Migration\RegistrarMigration::sf9pdf does not exist.  
[2025-07-14 08:29:25] local.ERROR: Failed to generate SF9 for student 10048: Method App\Http\Controllers\Migration\RegistrarMigration::sf9pdf does not exist.  
[2025-07-14 08:29:25] local.ERROR: Failed to generate SF9 for student 10046: Method App\Http\Controllers\Migration\RegistrarMigration::sf9pdf does not exist.  
[2025-07-14 08:29:25] local.ERROR: Failed to generate SF9 for student 10044: Method App\Http\Controllers\Migration\RegistrarMigration::sf9pdf does not exist.  
[2025-07-14 08:29:25] local.ERROR: Failed to generate SF9 for student 10011: Method App\Http\Controllers\Migration\RegistrarMigration::sf9pdf does not exist.  
[2025-07-14 08:29:25] local.ERROR: Failed to generate SF9 for student 10157: Method App\Http\Controllers\Migration\RegistrarMigration::sf9pdf does not exist.  
[2025-07-14 08:29:25] local.ERROR: Failed to generate SF9 for student 6744: Method App\Http\Controllers\Migration\RegistrarMigration::sf9pdf does not exist.  
[2025-07-14 08:29:25] local.ERROR: Failed to generate SF9 for student 6740: Method App\Http\Controllers\Migration\RegistrarMigration::sf9pdf does not exist.  
[2025-07-14 08:29:25] local.ERROR: Failed to generate SF9 for student 6750: Method App\Http\Controllers\Migration\RegistrarMigration::sf9pdf does not exist.  
[2025-07-14 08:29:25] local.ERROR: Failed to generate SF9 for student 6739: Method App\Http\Controllers\Migration\RegistrarMigration::sf9pdf does not exist.  
[2025-07-14 08:29:25] local.ERROR: Failed to generate SF9 for student 6437: Method App\Http\Controllers\Migration\RegistrarMigration::sf9pdf does not exist.  
[2025-07-14 08:29:25] local.ERROR: Failed to generate SF9 for student 6453: Method App\Http\Controllers\Migration\RegistrarMigration::sf9pdf does not exist.  
[2025-07-14 08:29:25] local.ERROR: Failed to generate SF9 for student 6442: Method App\Http\Controllers\Migration\RegistrarMigration::sf9pdf does not exist.  
[2025-07-14 08:29:25] local.ERROR: Failed to generate SF9 for student 6438: Method App\Http\Controllers\Migration\RegistrarMigration::sf9pdf does not exist.  
[2025-07-14 08:29:25] local.ERROR: Failed to generate SF9 for student 6446: Method App\Http\Controllers\Migration\RegistrarMigration::sf9pdf does not exist.  
[2025-07-14 08:29:25] local.ERROR: Failed to generate SF9 for student 6449: Method App\Http\Controllers\Migration\RegistrarMigration::sf9pdf does not exist.  
[2025-07-14 08:29:25] local.ERROR: Failed to generate SF9 for student 6445: Method App\Http\Controllers\Migration\RegistrarMigration::sf9pdf does not exist.  
[2025-07-14 08:29:25] local.ERROR: Failed to generate SF9 for student 6450: Method App\Http\Controllers\Migration\RegistrarMigration::sf9pdf does not exist.  
[2025-07-14 08:29:25] local.ERROR: Failed to generate SF9 for student 6439: Method App\Http\Controllers\Migration\RegistrarMigration::sf9pdf does not exist.  
[2025-07-14 08:29:25] local.ERROR: Failed to generate SF9 for student 7961: Method App\Http\Controllers\Migration\RegistrarMigration::sf9pdf does not exist.  
[2025-07-14 08:29:25] local.ERROR: Failed to generate SF9 for student 6448: Method App\Http\Controllers\Migration\RegistrarMigration::sf9pdf does not exist.  
[2025-07-14 08:29:25] local.ERROR: Failed to generate SF9 for student 6443: Method App\Http\Controllers\Migration\RegistrarMigration::sf9pdf does not exist.  
[2025-07-14 08:29:25] local.ERROR: Failed to generate SF9 for student 6452: Method App\Http\Controllers\Migration\RegistrarMigration::sf9pdf does not exist.  
[2025-07-14 08:29:25] local.ERROR: Failed to generate SF9 for student 6441: Method App\Http\Controllers\Migration\RegistrarMigration::sf9pdf does not exist.  
[2025-07-14 08:29:25] local.ERROR: Failed to generate SF9 for student 6447: Method App\Http\Controllers\Migration\RegistrarMigration::sf9pdf does not exist.  
[2025-07-14 08:29:25] local.ERROR: Failed to generate SF9 for student 6451: Method App\Http\Controllers\Migration\RegistrarMigration::sf9pdf does not exist.  
[2025-07-14 08:29:25] local.ERROR: Failed to generate SF9 for student 6444: Method App\Http\Controllers\Migration\RegistrarMigration::sf9pdf does not exist.  
[2025-07-14 08:29:25] local.ERROR: Failed to generate SF9 for student 6508: Method App\Http\Controllers\Migration\RegistrarMigration::sf9pdf does not exist.  
[2025-07-14 08:29:25] local.ERROR: Failed to generate SF9 for student 8910: Method App\Http\Controllers\Migration\RegistrarMigration::sf9pdf does not exist.  
[2025-07-14 08:29:25] local.ERROR: Failed to generate SF9 for student 8916: Method App\Http\Controllers\Migration\RegistrarMigration::sf9pdf does not exist.  
[2025-07-14 08:29:25] local.ERROR: Failed to generate SF9 for student 8957: Method App\Http\Controllers\Migration\RegistrarMigration::sf9pdf does not exist.  
[2025-07-14 08:29:25] local.ERROR: Failed to generate SF9 for student 5812: Method App\Http\Controllers\Migration\RegistrarMigration::sf9pdf does not exist.  
[2025-07-14 08:29:25] local.ERROR: Failed to generate SF9 for student 8888: Method App\Http\Controllers\Migration\RegistrarMigration::sf9pdf does not exist.  
[2025-07-14 08:29:25] local.ERROR: Failed to generate SF9 for student 8889: Method App\Http\Controllers\Migration\RegistrarMigration::sf9pdf does not exist.  
[2025-07-14 08:29:25] local.ERROR: Failed to generate SF9 for student 7926: Method App\Http\Controllers\Migration\RegistrarMigration::sf9pdf does not exist.  
[2025-07-14 08:29:25] local.ERROR: Failed to generate SF9 for student 5864: Method App\Http\Controllers\Migration\RegistrarMigration::sf9pdf does not exist.  
[2025-07-14 08:29:25] local.ERROR: Failed to generate SF9 for student 5762: Method App\Http\Controllers\Migration\RegistrarMigration::sf9pdf does not exist.  
[2025-07-14 08:29:25] local.ERROR: Failed to generate SF9 for student 9158: Method App\Http\Controllers\Migration\RegistrarMigration::sf9pdf does not exist.  
[2025-07-14 08:29:25] local.ERROR: Failed to generate SF9 for student 5804: Method App\Http\Controllers\Migration\RegistrarMigration::sf9pdf does not exist.  
[2025-07-14 08:29:25] local.ERROR: Failed to generate SF9 for student 9280: Method App\Http\Controllers\Migration\RegistrarMigration::sf9pdf does not exist.  
[2025-07-14 08:29:25] local.ERROR: Failed to generate SF9 for student 9299: Method App\Http\Controllers\Migration\RegistrarMigration::sf9pdf does not exist.  
[2025-07-14 08:29:25] local.ERROR: Failed to generate SF9 for student 9342: Method App\Http\Controllers\Migration\RegistrarMigration::sf9pdf does not exist.  
[2025-07-14 08:29:25] local.ERROR: Failed to generate SF9 for student 9348: Method App\Http\Controllers\Migration\RegistrarMigration::sf9pdf does not exist.  
[2025-07-14 08:29:25] local.ERROR: Failed to generate SF9 for student 9435: Method App\Http\Controllers\Migration\RegistrarMigration::sf9pdf does not exist.  
[2025-07-14 08:29:25] local.ERROR: Failed to generate SF9 for student 9424: Method App\Http\Controllers\Migration\RegistrarMigration::sf9pdf does not exist.  
[2025-07-14 08:29:25] local.ERROR: Failed to generate SF9 for student 9428: Method App\Http\Controllers\Migration\RegistrarMigration::sf9pdf does not exist.  
[2025-07-14 08:29:25] local.ERROR: Failed to generate SF9 for student 9440: Method App\Http\Controllers\Migration\RegistrarMigration::sf9pdf does not exist.  
[2025-07-14 08:29:25] local.ERROR: Failed to generate SF9 for student 9445: Method App\Http\Controllers\Migration\RegistrarMigration::sf9pdf does not exist.  
[2025-07-14 08:29:25] local.ERROR: Failed to generate SF9 for student 9473: Method App\Http\Controllers\Migration\RegistrarMigration::sf9pdf does not exist.  
[2025-07-14 08:29:25] local.ERROR: Failed to generate SF9 for student 9481: Method App\Http\Controllers\Migration\RegistrarMigration::sf9pdf does not exist.  
[2025-07-14 08:29:25] local.ERROR: Failed to generate SF9 for student 9485: Method App\Http\Controllers\Migration\RegistrarMigration::sf9pdf does not exist.  
[2025-07-14 08:29:25] local.ERROR: Failed to generate SF9 for student 9651: Method App\Http\Controllers\Migration\RegistrarMigration::sf9pdf does not exist.  
[2025-07-14 08:29:25] local.ERROR: Failed to generate SF9 for student 5870: Method App\Http\Controllers\Migration\RegistrarMigration::sf9pdf does not exist.  
[2025-07-14 08:29:25] local.ERROR: Failed to generate SF9 for student 9718: Method App\Http\Controllers\Migration\RegistrarMigration::sf9pdf does not exist.  
[2025-07-14 08:29:25] local.ERROR: Failed to generate SF9 for student 9533: Method App\Http\Controllers\Migration\RegistrarMigration::sf9pdf does not exist.  
[2025-07-14 08:29:25] local.ERROR: Failed to generate SF9 for student 9532: Method App\Http\Controllers\Migration\RegistrarMigration::sf9pdf does not exist.  
[2025-07-14 08:29:25] local.ERROR: Failed to generate SF9 for student 9599: Method App\Http\Controllers\Migration\RegistrarMigration::sf9pdf does not exist.  
[2025-07-14 08:29:25] local.ERROR: Failed to generate SF9 for student 9866: Method App\Http\Controllers\Migration\RegistrarMigration::sf9pdf does not exist.  
[2025-07-14 08:29:25] local.ERROR: Failed to generate SF9 for student 9996: Method App\Http\Controllers\Migration\RegistrarMigration::sf9pdf does not exist.  
[2025-07-14 08:29:25] local.ERROR: Failed to generate SF9 for student 10017: Method App\Http\Controllers\Migration\RegistrarMigration::sf9pdf does not exist.  
[2025-07-14 08:29:25] local.ERROR: Failed to generate SF9 for student 10071: Method App\Http\Controllers\Migration\RegistrarMigration::sf9pdf does not exist.  
[2025-07-14 08:29:25] local.ERROR: Failed to generate SF9 for student 10082: Method App\Http\Controllers\Migration\RegistrarMigration::sf9pdf does not exist.  
[2025-07-14 08:29:25] local.ERROR: Failed to generate SF9 for student 10237: Method App\Http\Controllers\Migration\RegistrarMigration::sf9pdf does not exist.  
[2025-07-14 08:29:25] local.ERROR: Failed to generate SF9 for student 9877: Method App\Http\Controllers\Migration\RegistrarMigration::sf9pdf does not exist.  
[2025-07-14 08:29:25] local.ERROR: Failed to generate SF9 for student 10481: Method App\Http\Controllers\Migration\RegistrarMigration::sf9pdf does not exist.  
[2025-07-14 08:29:25] local.ERROR: Failed to generate SF9 for student 10557: Method App\Http\Controllers\Migration\RegistrarMigration::sf9pdf does not exist.  
[2025-07-14 08:29:25] local.ERROR: Failed to generate SF9 for student 10615: Method App\Http\Controllers\Migration\RegistrarMigration::sf9pdf does not exist.  
[2025-07-14 08:29:25] local.ERROR: Failed to generate SF9 for student 10694: Method App\Http\Controllers\Migration\RegistrarMigration::sf9pdf does not exist.  
[2025-07-14 08:29:25] local.ERROR: Failed to generate SF9 for student 10741: Method App\Http\Controllers\Migration\RegistrarMigration::sf9pdf does not exist.  
[2025-07-14 08:29:25] local.ERROR: Failed to generate SF9 for student 10779: Method App\Http\Controllers\Migration\RegistrarMigration::sf9pdf does not exist.  
[2025-07-14 08:29:25] local.ERROR: Failed to generate SF9 for student 10749: Method App\Http\Controllers\Migration\RegistrarMigration::sf9pdf does not exist.  
[2025-07-14 08:29:25] local.ERROR: Failed to generate SF9 for student 10753: Method App\Http\Controllers\Migration\RegistrarMigration::sf9pdf does not exist.  
[2025-07-14 08:29:25] local.ERROR: Failed to generate SF9 for student 10751: Method App\Http\Controllers\Migration\RegistrarMigration::sf9pdf does not exist.  
[2025-07-14 08:29:25] local.ERROR: Failed to generate SF9 for student 10800: Method App\Http\Controllers\Migration\RegistrarMigration::sf9pdf does not exist.  
[2025-07-14 08:29:25] local.ERROR: Failed to generate SF9 for student 11529: Method App\Http\Controllers\Migration\RegistrarMigration::sf9pdf does not exist.  
[2025-07-14 08:29:25] local.ERROR: Failed to generate SF9 for student 9012: Method App\Http\Controllers\Migration\RegistrarMigration::sf9pdf does not exist.  
[2025-07-14 08:29:25] local.ERROR: Failed to generate SF9 for student 9126: Method App\Http\Controllers\Migration\RegistrarMigration::sf9pdf does not exist.  
[2025-07-14 08:29:25] local.ERROR: Failed to generate SF9 for student 10555: Method App\Http\Controllers\Migration\RegistrarMigration::sf9pdf does not exist.  
[2025-07-14 08:29:25] local.ERROR: Failed to generate SF9 for student 10556: Method App\Http\Controllers\Migration\RegistrarMigration::sf9pdf does not exist.  
[2025-07-14 08:29:25] local.ERROR: Failed to generate SF9 for student 10647: Method App\Http\Controllers\Migration\RegistrarMigration::sf9pdf does not exist.  
[2025-07-14 08:29:25] local.ERROR: Failed to generate SF9 for student 10847: Method App\Http\Controllers\Migration\RegistrarMigration::sf9pdf does not exist.  
[2025-07-14 08:29:25] local.ERROR: Failed to generate SF9 for student 10903: Method App\Http\Controllers\Migration\RegistrarMigration::sf9pdf does not exist.  
[2025-07-14 08:29:25] local.ERROR: Failed to generate SF9 for student 7909: Method App\Http\Controllers\Migration\RegistrarMigration::sf9pdf does not exist.  
[2025-07-14 08:29:25] local.ERROR: Failed to generate SF9 for student 8964: Method App\Http\Controllers\Migration\RegistrarMigration::sf9pdf does not exist.  
[2025-07-14 08:29:25] local.ERROR: Failed to generate SF9 for student 5770: Method App\Http\Controllers\Migration\RegistrarMigration::sf9pdf does not exist.  
[2025-07-14 08:29:25] local.ERROR: Failed to generate SF9 for student 5739: Method App\Http\Controllers\Migration\RegistrarMigration::sf9pdf does not exist.  
[2025-07-14 08:29:25] local.ERROR: Failed to generate SF9 for student 5737: Method App\Http\Controllers\Migration\RegistrarMigration::sf9pdf does not exist.  
[2025-07-14 08:29:25] local.ERROR: Failed to generate SF9 for student 5809: Method App\Http\Controllers\Migration\RegistrarMigration::sf9pdf does not exist.  
[2025-07-14 08:29:25] local.ERROR: Failed to generate SF9 for student 5801: Method App\Http\Controllers\Migration\RegistrarMigration::sf9pdf does not exist.  
[2025-07-14 08:29:25] local.ERROR: Failed to generate SF9 for student 5805: Method App\Http\Controllers\Migration\RegistrarMigration::sf9pdf does not exist.  
[2025-07-14 08:29:25] local.ERROR: Failed to generate SF9 for student 5766: Method App\Http\Controllers\Migration\RegistrarMigration::sf9pdf does not exist.  
[2025-07-14 08:29:25] local.ERROR: Failed to generate SF9 for student 5861: Method App\Http\Controllers\Migration\RegistrarMigration::sf9pdf does not exist.  
[2025-07-14 08:29:25] local.ERROR: Failed to generate SF9 for student 9236: Method App\Http\Controllers\Migration\RegistrarMigration::sf9pdf does not exist.  
[2025-07-14 08:29:25] local.ERROR: Failed to generate SF9 for student 9352: Method App\Http\Controllers\Migration\RegistrarMigration::sf9pdf does not exist.  
[2025-07-14 08:29:25] local.ERROR: Failed to generate SF9 for student 9350: Method App\Http\Controllers\Migration\RegistrarMigration::sf9pdf does not exist.  
[2025-07-14 08:29:25] local.ERROR: Failed to generate SF9 for student 9716: Method App\Http\Controllers\Migration\RegistrarMigration::sf9pdf does not exist.  
[2025-07-14 08:29:25] local.ERROR: Failed to generate SF9 for student 9787: Method App\Http\Controllers\Migration\RegistrarMigration::sf9pdf does not exist.  
[2025-07-14 08:29:25] local.ERROR: Failed to generate SF9 for student 5793: Method App\Http\Controllers\Migration\RegistrarMigration::sf9pdf does not exist.  
[2025-07-14 08:29:25] local.ERROR: Failed to generate SF9 for student 9952: Method App\Http\Controllers\Migration\RegistrarMigration::sf9pdf does not exist.  
[2025-07-14 08:29:25] local.ERROR: Failed to generate SF9 for student 10388: Method App\Http\Controllers\Migration\RegistrarMigration::sf9pdf does not exist.  
[2025-07-14 08:29:25] local.ERROR: Failed to generate SF9 for student 10850: Method App\Http\Controllers\Migration\RegistrarMigration::sf9pdf does not exist.  
[2025-07-14 08:29:25] local.ERROR: Failed to generate SF9 for student 10802: Method App\Http\Controllers\Migration\RegistrarMigration::sf9pdf does not exist.  
[2025-07-14 08:29:25] local.ERROR: Failed to generate SF9 for student 11045: Method App\Http\Controllers\Migration\RegistrarMigration::sf9pdf does not exist.  
[2025-07-14 08:29:25] local.ERROR: Failed to generate SF9 for student 7929: Method App\Http\Controllers\Migration\RegistrarMigration::sf9pdf does not exist.  
[2025-07-14 08:29:25] local.ERROR: Failed to generate SF9 for student 7905: Method App\Http\Controllers\Migration\RegistrarMigration::sf9pdf does not exist.  
[2025-07-14 08:29:25] local.ERROR: Failed to generate SF9 for student 9110: Method App\Http\Controllers\Migration\RegistrarMigration::sf9pdf does not exist.  
[2025-07-14 08:29:25] local.ERROR: Failed to generate SF9 for student 9111: Method App\Http\Controllers\Migration\RegistrarMigration::sf9pdf does not exist.  
[2025-07-14 08:29:25] local.ERROR: Failed to generate SF9 for student 9114: Method App\Http\Controllers\Migration\RegistrarMigration::sf9pdf does not exist.  
[2025-07-14 08:29:25] local.ERROR: Failed to generate SF9 for student 10050: Method App\Http\Controllers\Migration\RegistrarMigration::sf9pdf does not exist.  
[2025-07-14 08:29:25] local.ERROR: Failed to generate SF9 for student 8878: Method App\Http\Controllers\Migration\RegistrarMigration::sf9pdf does not exist.  
[2025-07-14 08:29:25] local.ERROR: Failed to generate SF9 for student 10374: Method App\Http\Controllers\Migration\RegistrarMigration::sf9pdf does not exist.  
[2025-07-14 08:29:25] local.ERROR: Failed to generate SF9 for student 8914: Method App\Http\Controllers\Migration\RegistrarMigration::sf9pdf does not exist.  
[2025-07-14 08:29:25] local.ERROR: Failed to generate SF9 for student 8947: Method App\Http\Controllers\Migration\RegistrarMigration::sf9pdf does not exist.  
[2025-07-14 08:29:25] local.ERROR: Failed to generate SF9 for student 8896: Method App\Http\Controllers\Migration\RegistrarMigration::sf9pdf does not exist.  
[2025-07-14 08:29:25] local.ERROR: Failed to generate SF9 for student 8041: Method App\Http\Controllers\Migration\RegistrarMigration::sf9pdf does not exist.  
[2025-07-14 08:29:25] local.ERROR: Failed to generate SF9 for student 8047: Method App\Http\Controllers\Migration\RegistrarMigration::sf9pdf does not exist.  
[2025-07-14 08:29:25] local.ERROR: Failed to generate SF9 for student 8921: Method App\Http\Controllers\Migration\RegistrarMigration::sf9pdf does not exist.  
[2025-07-14 08:29:25] local.ERROR: Failed to generate SF9 for student 8033: Method App\Http\Controllers\Migration\RegistrarMigration::sf9pdf does not exist.  
[2025-07-14 08:29:25] local.ERROR: Failed to generate SF9 for student 8895: Method App\Http\Controllers\Migration\RegistrarMigration::sf9pdf does not exist.  
[2025-07-14 08:29:25] local.ERROR: Failed to generate SF9 for student 8942: Method App\Http\Controllers\Migration\RegistrarMigration::sf9pdf does not exist.  
[2025-07-14 08:29:25] local.ERROR: Failed to generate SF9 for student 9041: Method App\Http\Controllers\Migration\RegistrarMigration::sf9pdf does not exist.  
[2025-07-14 08:29:25] local.ERROR: Failed to generate SF9 for student 9004: Method App\Http\Controllers\Migration\RegistrarMigration::sf9pdf does not exist.  
[2025-07-14 08:29:25] local.ERROR: Failed to generate SF9 for student 9003: Method App\Http\Controllers\Migration\RegistrarMigration::sf9pdf does not exist.  
[2025-07-14 08:29:25] local.ERROR: Failed to generate SF9 for student 9013: Method App\Http\Controllers\Migration\RegistrarMigration::sf9pdf does not exist.  
[2025-07-14 08:29:25] local.ERROR: Failed to generate SF9 for student 9121: Method App\Http\Controllers\Migration\RegistrarMigration::sf9pdf does not exist.  
[2025-07-14 08:29:25] local.ERROR: Failed to generate SF9 for student 9190: Method App\Http\Controllers\Migration\RegistrarMigration::sf9pdf does not exist.  
[2025-07-14 08:29:25] local.ERROR: Failed to generate SF9 for student 9189: Method App\Http\Controllers\Migration\RegistrarMigration::sf9pdf does not exist.  
[2025-07-14 08:29:25] local.ERROR: Failed to generate SF9 for student 9294: Method App\Http\Controllers\Migration\RegistrarMigration::sf9pdf does not exist.  
[2025-07-14 08:29:25] local.ERROR: Failed to generate SF9 for student 9628: Method App\Http\Controllers\Migration\RegistrarMigration::sf9pdf does not exist.  
[2025-07-14 08:29:25] local.ERROR: Failed to generate SF9 for student 9789: Method App\Http\Controllers\Migration\RegistrarMigration::sf9pdf does not exist.  
[2025-07-14 08:29:25] local.ERROR: Failed to generate SF9 for student 10147: Method App\Http\Controllers\Migration\RegistrarMigration::sf9pdf does not exist.  
[2025-07-14 08:29:25] local.ERROR: Failed to generate SF9 for student 10390: Method App\Http\Controllers\Migration\RegistrarMigration::sf9pdf does not exist.  
[2025-07-14 08:29:25] local.ERROR: Failed to generate SF9 for student 10769: Method App\Http\Controllers\Migration\RegistrarMigration::sf9pdf does not exist.  
[2025-07-14 08:29:25] local.ERROR: Failed to generate SF9 for student 10852: Method App\Http\Controllers\Migration\RegistrarMigration::sf9pdf does not exist.  
[2025-07-14 08:29:25] local.ERROR: Failed to generate SF9 for student 10849: Method App\Http\Controllers\Migration\RegistrarMigration::sf9pdf does not exist.  
[2025-07-14 08:29:25] local.ERROR: Failed to generate SF9 for student 11036: Method App\Http\Controllers\Migration\RegistrarMigration::sf9pdf does not exist.  
[2025-07-14 08:29:25] local.ERROR: Failed to generate SF9 for student 11069: Method App\Http\Controllers\Migration\RegistrarMigration::sf9pdf does not exist.  
[2025-07-14 08:29:25] local.ERROR: Failed to generate SF9 for student 11084: Method App\Http\Controllers\Migration\RegistrarMigration::sf9pdf does not exist.  
[2025-07-14 08:29:25] local.ERROR: Failed to generate SF9 for student 11089: Method App\Http\Controllers\Migration\RegistrarMigration::sf9pdf does not exist.  
[2025-07-14 08:29:25] local.ERROR: Failed to generate SF9 for student 11097: Method App\Http\Controllers\Migration\RegistrarMigration::sf9pdf does not exist.  
[2025-07-14 08:29:25] local.ERROR: Failed to generate SF9 for student 11087: Method App\Http\Controllers\Migration\RegistrarMigration::sf9pdf does not exist.  
[2025-07-14 08:29:25] local.ERROR: Failed to generate SF9 for student 11066: Method App\Http\Controllers\Migration\RegistrarMigration::sf9pdf does not exist.  
[2025-07-14 08:29:25] local.ERROR: Failed to generate SF9 for student 11071: Method App\Http\Controllers\Migration\RegistrarMigration::sf9pdf does not exist.  
[2025-07-14 08:29:25] local.ERROR: Failed to generate SF9 for student 11238: Method App\Http\Controllers\Migration\RegistrarMigration::sf9pdf does not exist.  
[2025-07-14 08:29:25] local.ERROR: Failed to generate SF9 for student 11240: Method App\Http\Controllers\Migration\RegistrarMigration::sf9pdf does not exist.  
[2025-07-14 08:29:25] local.ERROR: Failed to generate SF9 for student 11241: Method App\Http\Controllers\Migration\RegistrarMigration::sf9pdf does not exist.  
[2025-07-14 08:29:25] local.ERROR: Failed to generate SF9 for student 11576: Method App\Http\Controllers\Migration\RegistrarMigration::sf9pdf does not exist.  
[2025-07-14 08:29:25] local.ERROR: Failed to generate SF9 for student 6175: Method App\Http\Controllers\Migration\RegistrarMigration::sf9pdf does not exist.  
[2025-07-14 08:29:25] local.ERROR: Failed to generate SF9 for student 5899: Method App\Http\Controllers\Migration\RegistrarMigration::sf9pdf does not exist.  
[2025-07-14 08:29:25] local.ERROR: Failed to generate SF9 for student 5874: Method App\Http\Controllers\Migration\RegistrarMigration::sf9pdf does not exist.  
[2025-07-14 08:29:25] local.ERROR: Failed to generate SF9 for student 5875: Method App\Http\Controllers\Migration\RegistrarMigration::sf9pdf does not exist.  
[2025-07-14 08:29:25] local.ERROR: Failed to generate SF9 for student 6192: Method App\Http\Controllers\Migration\RegistrarMigration::sf9pdf does not exist.  
[2025-07-14 08:29:25] local.ERROR: Failed to generate SF9 for student 6205: Method App\Http\Controllers\Migration\RegistrarMigration::sf9pdf does not exist.  
[2025-07-14 08:29:25] local.ERROR: Failed to generate SF9 for student 6204: Method App\Http\Controllers\Migration\RegistrarMigration::sf9pdf does not exist.  
[2025-07-14 08:29:25] local.ERROR: Failed to generate SF9 for student 6203: Method App\Http\Controllers\Migration\RegistrarMigration::sf9pdf does not exist.  
[2025-07-14 08:29:25] local.ERROR: Failed to generate SF9 for student 6202: Method App\Http\Controllers\Migration\RegistrarMigration::sf9pdf does not exist.  
[2025-07-14 08:29:25] local.ERROR: Failed to generate SF9 for student 6201: Method App\Http\Controllers\Migration\RegistrarMigration::sf9pdf does not exist.  
[2025-07-14 08:29:25] local.ERROR: Failed to generate SF9 for student 6199: Method App\Http\Controllers\Migration\RegistrarMigration::sf9pdf does not exist.  
[2025-07-14 08:29:25] local.ERROR: Failed to generate SF9 for student 6198: Method App\Http\Controllers\Migration\RegistrarMigration::sf9pdf does not exist.  
[2025-07-14 08:29:25] local.ERROR: Failed to generate SF9 for student 6193: Method App\Http\Controllers\Migration\RegistrarMigration::sf9pdf does not exist.  
[2025-07-14 08:29:25] local.ERROR: Failed to generate SF9 for student 6194: Method App\Http\Controllers\Migration\RegistrarMigration::sf9pdf does not exist.  
[2025-07-14 08:29:25] local.ERROR: Failed to generate SF9 for student 6195: Method App\Http\Controllers\Migration\RegistrarMigration::sf9pdf does not exist.  
[2025-07-14 08:29:25] local.ERROR: Failed to generate SF9 for student 6211: Method App\Http\Controllers\Migration\RegistrarMigration::sf9pdf does not exist.  
[2025-07-14 08:29:25] local.ERROR: Failed to generate SF9 for student 6210: Method App\Http\Controllers\Migration\RegistrarMigration::sf9pdf does not exist.  
[2025-07-14 08:29:25] local.ERROR: Failed to generate SF9 for student 7363: Method App\Http\Controllers\Migration\RegistrarMigration::sf9pdf does not exist.  
[2025-07-14 08:29:25] local.ERROR: Failed to generate SF9 for student 5982: Method App\Http\Controllers\Migration\RegistrarMigration::sf9pdf does not exist.  
[2025-07-14 08:29:25] local.ERROR: Failed to generate SF9 for student 11242: Method App\Http\Controllers\Migration\RegistrarMigration::sf9pdf does not exist.  
[2025-07-14 08:29:25] local.ERROR: Failed to generate SF9 for student 6140: Method App\Http\Controllers\Migration\RegistrarMigration::sf9pdf does not exist.  
[2025-07-14 08:29:25] local.ERROR: Failed to generate SF9 for student 8937: Method App\Http\Controllers\Migration\RegistrarMigration::sf9pdf does not exist.  
[2025-07-14 08:29:25] local.ERROR: Failed to generate SF9 for student 9122: Method App\Http\Controllers\Migration\RegistrarMigration::sf9pdf does not exist.  
[2025-07-14 08:29:25] local.ERROR: Failed to generate SF9 for student 9598: Method App\Http\Controllers\Migration\RegistrarMigration::sf9pdf does not exist.  
[2025-07-14 08:29:25] local.ERROR: Failed to generate SF9 for student 9781: Method App\Http\Controllers\Migration\RegistrarMigration::sf9pdf does not exist.  
[2025-07-14 08:29:25] local.ERROR: Failed to generate SF9 for student 9784: Method App\Http\Controllers\Migration\RegistrarMigration::sf9pdf does not exist.  
[2025-07-14 08:29:25] local.ERROR: Failed to generate SF9 for student 9946: Method App\Http\Controllers\Migration\RegistrarMigration::sf9pdf does not exist.  
[2025-07-14 08:29:25] local.ERROR: Failed to generate SF9 for student 10561: Method App\Http\Controllers\Migration\RegistrarMigration::sf9pdf does not exist.  
[2025-07-14 08:29:25] local.ERROR: Failed to generate SF9 for student 10619: Method App\Http\Controllers\Migration\RegistrarMigration::sf9pdf does not exist.  
[2025-07-14 08:29:25] local.ERROR: Failed to generate SF9 for student 10691: Method App\Http\Controllers\Migration\RegistrarMigration::sf9pdf does not exist.  
[2025-07-14 08:29:25] local.ERROR: Failed to generate SF9 for student 10770: Method App\Http\Controllers\Migration\RegistrarMigration::sf9pdf does not exist.  
[2025-07-14 08:29:25] local.ERROR: Failed to generate SF9 for student 10766: Method App\Http\Controllers\Migration\RegistrarMigration::sf9pdf does not exist.  
[2025-07-14 08:29:25] local.ERROR: Failed to generate SF9 for student 10854: Method App\Http\Controllers\Migration\RegistrarMigration::sf9pdf does not exist.  
[2025-07-14 08:29:25] local.ERROR: Failed to generate SF9 for student 11005: Method App\Http\Controllers\Migration\RegistrarMigration::sf9pdf does not exist.  
[2025-07-14 08:29:25] local.ERROR: Failed to generate SF9 for student 11098: Method App\Http\Controllers\Migration\RegistrarMigration::sf9pdf does not exist.  
[2025-07-14 08:29:25] local.ERROR: Failed to generate SF9 for student 10865: Method App\Http\Controllers\Migration\RegistrarMigration::sf9pdf does not exist.  
[2025-07-14 08:29:25] local.ERROR: Failed to generate SF9 for student 11486: Method App\Http\Controllers\Migration\RegistrarMigration::sf9pdf does not exist.  
[2025-07-14 08:29:25] local.ERROR: Failed to generate SF9 for student 7521: Method App\Http\Controllers\Migration\RegistrarMigration::sf9pdf does not exist.  
[2025-07-14 08:29:25] local.ERROR: Failed to generate SF9 for student 7519: Method App\Http\Controllers\Migration\RegistrarMigration::sf9pdf does not exist.  
[2025-07-14 08:29:25] local.ERROR: Failed to generate SF9 for student 7520: Method App\Http\Controllers\Migration\RegistrarMigration::sf9pdf does not exist.  
[2025-07-14 08:29:25] local.ERROR: Failed to generate SF9 for student 7523: Method App\Http\Controllers\Migration\RegistrarMigration::sf9pdf does not exist.  
[2025-07-14 08:29:25] local.ERROR: Failed to generate SF9 for student 7524: Method App\Http\Controllers\Migration\RegistrarMigration::sf9pdf does not exist.  
[2025-07-14 08:29:25] local.ERROR: Failed to generate SF9 for student 7923: Method App\Http\Controllers\Migration\RegistrarMigration::sf9pdf does not exist.  
[2025-07-14 08:29:25] local.ERROR: Failed to generate SF9 for student 7924: Method App\Http\Controllers\Migration\RegistrarMigration::sf9pdf does not exist.  
[2025-07-14 08:29:25] local.ERROR: Failed to generate SF9 for student 7559: Method App\Http\Controllers\Migration\RegistrarMigration::sf9pdf does not exist.  
[2025-07-14 08:29:25] local.ERROR: Failed to generate SF9 for student 7558: Method App\Http\Controllers\Migration\RegistrarMigration::sf9pdf does not exist.  
[2025-07-14 08:29:25] local.ERROR: Failed to generate SF9 for student 5769: Method App\Http\Controllers\Migration\RegistrarMigration::sf9pdf does not exist.  
[2025-07-14 08:29:25] local.ERROR: Failed to generate SF9 for student 9630: Method App\Http\Controllers\Migration\RegistrarMigration::sf9pdf does not exist.  
[2025-07-14 08:29:25] local.ERROR: Failed to generate SF9 for student 10047: Method App\Http\Controllers\Migration\RegistrarMigration::sf9pdf does not exist.  
[2025-07-14 08:29:25] local.ERROR: Failed to generate SF9 for student 10099: Method App\Http\Controllers\Migration\RegistrarMigration::sf9pdf does not exist.  
[2025-07-14 08:29:25] local.ERROR: Failed to generate SF9 for student 10156: Method App\Http\Controllers\Migration\RegistrarMigration::sf9pdf does not exist.  
[2025-07-14 08:29:25] local.ERROR: Failed to generate SF9 for student 10200: Method App\Http\Controllers\Migration\RegistrarMigration::sf9pdf does not exist.  
[2025-07-14 08:29:25] local.ERROR: Failed to generate SF9 for student 10198: Method App\Http\Controllers\Migration\RegistrarMigration::sf9pdf does not exist.  
[2025-07-14 08:29:25] local.ERROR: Failed to generate SF9 for student 10386: Method App\Http\Controllers\Migration\RegistrarMigration::sf9pdf does not exist.  
[2025-07-14 08:29:25] local.ERROR: Failed to generate SF9 for student 10378: Method App\Http\Controllers\Migration\RegistrarMigration::sf9pdf does not exist.  
[2025-07-14 08:29:25] local.ERROR: Failed to generate SF9 for student 10391: Method App\Http\Controllers\Migration\RegistrarMigration::sf9pdf does not exist.  
[2025-07-14 08:29:25] local.ERROR: Failed to generate SF9 for student 10376: Method App\Http\Controllers\Migration\RegistrarMigration::sf9pdf does not exist.  
[2025-07-14 08:29:25] local.ERROR: Failed to generate SF9 for student 10478: Method App\Http\Controllers\Migration\RegistrarMigration::sf9pdf does not exist.  
[2025-07-14 08:29:25] local.ERROR: Failed to generate SF9 for student 10515: Method App\Http\Controllers\Migration\RegistrarMigration::sf9pdf does not exist.  
[2025-07-14 08:29:25] local.ERROR: Failed to generate SF9 for student 10519: Method App\Http\Controllers\Migration\RegistrarMigration::sf9pdf does not exist.  
[2025-07-14 08:29:25] local.ERROR: Failed to generate SF9 for student 10518: Method App\Http\Controllers\Migration\RegistrarMigration::sf9pdf does not exist.  
[2025-07-14 08:29:25] local.ERROR: Failed to generate SF9 for student 10517: Method App\Http\Controllers\Migration\RegistrarMigration::sf9pdf does not exist.  
[2025-07-14 08:29:25] local.ERROR: Failed to generate SF9 for student 10560: Method App\Http\Controllers\Migration\RegistrarMigration::sf9pdf does not exist.  
[2025-07-14 08:29:25] local.ERROR: Failed to generate SF9 for student 10685: Method App\Http\Controllers\Migration\RegistrarMigration::sf9pdf does not exist.  
[2025-07-14 08:29:25] local.ERROR: Failed to generate SF9 for student 10690: Method App\Http\Controllers\Migration\RegistrarMigration::sf9pdf does not exist.  
[2025-07-14 08:29:25] local.ERROR: Failed to generate SF9 for student 10768: Method App\Http\Controllers\Migration\RegistrarMigration::sf9pdf does not exist.  
[2025-07-14 08:29:25] local.ERROR: Failed to generate SF9 for student 10761: Method App\Http\Controllers\Migration\RegistrarMigration::sf9pdf does not exist.  
[2025-07-14 08:29:25] local.ERROR: Failed to generate SF9 for student 10877: Method App\Http\Controllers\Migration\RegistrarMigration::sf9pdf does not exist.  
[2025-07-14 08:29:25] local.ERROR: Failed to generate SF9 for student 10801: Method App\Http\Controllers\Migration\RegistrarMigration::sf9pdf does not exist.  
[2025-07-14 08:29:25] local.ERROR: Failed to generate SF9 for student 10880: Method App\Http\Controllers\Migration\RegistrarMigration::sf9pdf does not exist.  
[2025-07-14 08:29:25] local.ERROR: Failed to generate SF9 for student 10878: Method App\Http\Controllers\Migration\RegistrarMigration::sf9pdf does not exist.  
[2025-07-14 08:29:25] local.ERROR: Failed to generate SF9 for student 11257: Method App\Http\Controllers\Migration\RegistrarMigration::sf9pdf does not exist.  
[2025-07-14 08:29:25] local.ERROR: Failed to generate SF9 for student 11574: Method App\Http\Controllers\Migration\RegistrarMigration::sf9pdf does not exist.  
[2025-07-14 08:29:25] local.ERROR: Failed to generate SF9 for student 6983: Method App\Http\Controllers\Migration\RegistrarMigration::sf9pdf does not exist.  
[2025-07-14 08:29:25] local.ERROR: Failed to generate SF9 for student 6987: Method App\Http\Controllers\Migration\RegistrarMigration::sf9pdf does not exist.  
[2025-07-14 08:29:25] local.ERROR: Failed to generate SF9 for student 6989: Method App\Http\Controllers\Migration\RegistrarMigration::sf9pdf does not exist.  
[2025-07-14 08:29:25] local.ERROR: Failed to generate SF9 for student 6991: Method App\Http\Controllers\Migration\RegistrarMigration::sf9pdf does not exist.  
[2025-07-14 08:29:25] local.ERROR: Failed to generate SF9 for student 9249: Method App\Http\Controllers\Migration\RegistrarMigration::sf9pdf does not exist.  
[2025-07-14 08:29:25] local.ERROR: Failed to generate SF9 for student 9423: Method App\Http\Controllers\Migration\RegistrarMigration::sf9pdf does not exist.  
[2025-07-14 08:29:25] local.ERROR: Failed to generate SF9 for student 9425: Method App\Http\Controllers\Migration\RegistrarMigration::sf9pdf does not exist.  
[2025-07-14 08:29:25] local.ERROR: Failed to generate SF9 for student 9874: Method App\Http\Controllers\Migration\RegistrarMigration::sf9pdf does not exist.  
[2025-07-14 08:29:25] local.ERROR: Failed to generate SF9 for student 10009: Method App\Http\Controllers\Migration\RegistrarMigration::sf9pdf does not exist.  
[2025-07-14 08:29:25] local.ERROR: Failed to generate SF9 for student 10155: Method App\Http\Controllers\Migration\RegistrarMigration::sf9pdf does not exist.  
[2025-07-14 08:29:25] local.ERROR: Failed to generate SF9 for student 10154: Method App\Http\Controllers\Migration\RegistrarMigration::sf9pdf does not exist.  
[2025-07-14 08:29:25] local.ERROR: Failed to generate SF9 for student 10153: Method App\Http\Controllers\Migration\RegistrarMigration::sf9pdf does not exist.  
[2025-07-14 08:29:25] local.ERROR: Failed to generate SF9 for student 10209: Method App\Http\Controllers\Migration\RegistrarMigration::sf9pdf does not exist.  
[2025-07-14 08:29:25] local.ERROR: Failed to generate SF9 for student 10211: Method App\Http\Controllers\Migration\RegistrarMigration::sf9pdf does not exist.  
[2025-07-14 08:29:25] local.ERROR: Failed to generate SF9 for student 10387: Method App\Http\Controllers\Migration\RegistrarMigration::sf9pdf does not exist.  
[2025-07-14 08:29:25] local.ERROR: Failed to generate SF9 for student 10393: Method App\Http\Controllers\Migration\RegistrarMigration::sf9pdf does not exist.  
[2025-07-14 08:29:25] local.ERROR: Failed to generate SF9 for student 10870: Method App\Http\Controllers\Migration\RegistrarMigration::sf9pdf does not exist.  
[2025-07-14 08:29:25] local.ERROR: Failed to generate SF9 for student 10845: Method App\Http\Controllers\Migration\RegistrarMigration::sf9pdf does not exist.  
[2025-07-14 08:29:25] local.ERROR: Failed to generate SF9 for student 11527: Method App\Http\Controllers\Migration\RegistrarMigration::sf9pdf does not exist.  
[2025-07-14 08:29:25] local.ERROR: Failed to generate SF9 for student 11472: Method App\Http\Controllers\Migration\RegistrarMigration::sf9pdf does not exist.  
[2025-07-14 08:29:25] local.ERROR: Failed to generate SF9 for student 9608: Method App\Http\Controllers\Migration\RegistrarMigration::sf9pdf does not exist.  
[2025-07-14 08:29:25] local.ERROR: Failed to generate SF9 for student 9610: Method App\Http\Controllers\Migration\RegistrarMigration::sf9pdf does not exist.  
[2025-07-14 08:29:25] local.ERROR: Failed to generate SF9 for student 9715: Method App\Http\Controllers\Migration\RegistrarMigration::sf9pdf does not exist.  
[2025-07-14 08:29:25] local.ERROR: Failed to generate SF9 for student 9864: Method App\Http\Controllers\Migration\RegistrarMigration::sf9pdf does not exist.  
[2025-07-14 08:29:25] local.ERROR: Failed to generate SF9 for student 10565: Method App\Http\Controllers\Migration\RegistrarMigration::sf9pdf does not exist.  
[2025-07-14 08:29:25] local.ERROR: Failed to generate SF9 for student 5819: Method App\Http\Controllers\Migration\RegistrarMigration::sf9pdf does not exist.  
[2025-07-14 08:29:25] local.ERROR: Failed to generate SF9 for student 11415: Method App\Http\Controllers\Migration\RegistrarMigration::sf9pdf does not exist.  
[2025-07-14 08:29:25] local.ERROR: Failed to generate SF9 for student 9441: Method App\Http\Controllers\Migration\RegistrarMigration::sf9pdf does not exist.  
[2025-07-14 08:29:25] local.ERROR: Failed to generate SF9 for student 9151: Method App\Http\Controllers\Migration\RegistrarMigration::sf9pdf does not exist.  
[2025-07-14 08:29:25] local.ERROR: Failed to generate SF9 for student 9150: Method App\Http\Controllers\Migration\RegistrarMigration::sf9pdf does not exist.  
[2025-07-14 08:29:25] local.ERROR: Failed to generate SF9 for student 10522: Method App\Http\Controllers\Migration\RegistrarMigration::sf9pdf does not exist.  
[2025-07-14 08:29:25] local.ERROR: Failed to generate SF9 for student 10758: Method App\Http\Controllers\Migration\RegistrarMigration::sf9pdf does not exist.  
[2025-07-14 08:29:25] local.ERROR: Failed to generate SF9 for student 10764: Method App\Http\Controllers\Migration\RegistrarMigration::sf9pdf does not exist.  
[2025-07-14 08:29:25] local.ERROR: Failed to generate SF9 for student 7535: Method App\Http\Controllers\Migration\RegistrarMigration::sf9pdf does not exist.  
[2025-07-14 08:29:25] local.ERROR: Failed to generate SF9 for student 8919: Method App\Http\Controllers\Migration\RegistrarMigration::sf9pdf does not exist.  
[2025-07-14 08:29:25] local.ERROR: Failed to generate SF9 for student 8982: Method App\Http\Controllers\Migration\RegistrarMigration::sf9pdf does not exist.  
[2025-07-14 08:29:25] local.ERROR: Failed to generate SF9 for student 8968: Method App\Http\Controllers\Migration\RegistrarMigration::sf9pdf does not exist.  
[2025-07-14 08:29:25] local.ERROR: Failed to generate SF9 for student 9045: Method App\Http\Controllers\Migration\RegistrarMigration::sf9pdf does not exist.  
[2025-07-14 08:29:25] local.ERROR: Failed to generate SF9 for student 10041: Method App\Http\Controllers\Migration\RegistrarMigration::sf9pdf does not exist.  
[2025-07-14 08:29:25] local.ERROR: Failed to generate SF9 for student 10239: Method App\Http\Controllers\Migration\RegistrarMigration::sf9pdf does not exist.  
[2025-07-14 08:29:25] local.ERROR: Failed to generate SF9 for student 10523: Method App\Http\Controllers\Migration\RegistrarMigration::sf9pdf does not exist.  
[2025-07-14 08:29:25] local.ERROR: Failed to generate SF9 for student 10521: Method App\Http\Controllers\Migration\RegistrarMigration::sf9pdf does not exist.  
[2025-07-14 08:29:25] local.ERROR: Failed to generate SF9 for student 10520: Method App\Http\Controllers\Migration\RegistrarMigration::sf9pdf does not exist.  
[2025-07-14 08:29:25] local.ERROR: Failed to generate SF9 for student 10662: Method App\Http\Controllers\Migration\RegistrarMigration::sf9pdf does not exist.  
[2025-07-14 08:29:25] local.ERROR: Failed to generate SF9 for student 10661: Method App\Http\Controllers\Migration\RegistrarMigration::sf9pdf does not exist.  
[2025-07-14 08:29:25] local.ERROR: Failed to generate SF9 for student 10659: Method App\Http\Controllers\Migration\RegistrarMigration::sf9pdf does not exist.  
[2025-07-14 08:29:25] local.ERROR: Failed to generate SF9 for student 10609: Method App\Http\Controllers\Migration\RegistrarMigration::sf9pdf does not exist.  
[2025-07-14 08:29:25] local.ERROR: Failed to generate SF9 for student 10612: Method App\Http\Controllers\Migration\RegistrarMigration::sf9pdf does not exist.  
[2025-07-14 08:29:25] local.ERROR: Failed to generate SF9 for student 10618: Method App\Http\Controllers\Migration\RegistrarMigration::sf9pdf does not exist.  
[2025-07-14 08:29:25] local.ERROR: Failed to generate SF9 for student 10723: Method App\Http\Controllers\Migration\RegistrarMigration::sf9pdf does not exist.  
[2025-07-14 08:29:25] local.ERROR: Failed to generate SF9 for student 10754: Method App\Http\Controllers\Migration\RegistrarMigration::sf9pdf does not exist.  
[2025-07-14 08:29:25] local.ERROR: Failed to generate SF9 for student 10846: Method App\Http\Controllers\Migration\RegistrarMigration::sf9pdf does not exist.  
[2025-07-14 08:29:25] local.ERROR: Failed to generate SF9 for student 10930: Method App\Http\Controllers\Migration\RegistrarMigration::sf9pdf does not exist.  
[2025-07-14 08:29:25] local.ERROR: Failed to generate SF9 for student 10905: Method App\Http\Controllers\Migration\RegistrarMigration::sf9pdf does not exist.  
[2025-07-14 08:29:25] local.ERROR: Failed to generate SF9 for student 10906: Method App\Http\Controllers\Migration\RegistrarMigration::sf9pdf does not exist.  
[2025-07-14 08:29:25] local.ERROR: Failed to generate SF9 for student 10904: Method App\Http\Controllers\Migration\RegistrarMigration::sf9pdf does not exist.  
[2025-07-14 08:29:25] local.ERROR: Failed to generate SF9 for student 10898: Method App\Http\Controllers\Migration\RegistrarMigration::sf9pdf does not exist.  
[2025-07-14 08:29:25] local.ERROR: Failed to generate SF9 for student 10893: Method App\Http\Controllers\Migration\RegistrarMigration::sf9pdf does not exist.  
[2025-07-14 08:29:25] local.ERROR: Failed to generate SF9 for student 10863: Method App\Http\Controllers\Migration\RegistrarMigration::sf9pdf does not exist.  
[2025-07-14 08:29:25] local.ERROR: Failed to generate SF9 for student 11139: Method App\Http\Controllers\Migration\RegistrarMigration::sf9pdf does not exist.  
[2025-07-14 08:29:25] local.ERROR: Failed to generate SF9 for student 11206: Method App\Http\Controllers\Migration\RegistrarMigration::sf9pdf does not exist.  
[2025-07-14 08:29:25] local.ERROR: Failed to generate SF9 for student 11347: Method App\Http\Controllers\Migration\RegistrarMigration::sf9pdf does not exist.  
[2025-07-14 08:29:25] local.ERROR: Failed to generate SF9 for student 8906: Method App\Http\Controllers\Migration\RegistrarMigration::sf9pdf does not exist.  
[2025-07-14 08:29:25] local.ERROR: Failed to generate SF9 for student 7920: Method App\Http\Controllers\Migration\RegistrarMigration::sf9pdf does not exist.  
[2025-07-14 08:29:25] local.ERROR: Failed to generate SF9 for student 10562: Method App\Http\Controllers\Migration\RegistrarMigration::sf9pdf does not exist.  
[2025-07-14 08:29:25] local.ERROR: Failed to generate SF9 for student 10693: Method App\Http\Controllers\Migration\RegistrarMigration::sf9pdf does not exist.  
[2025-07-14 08:29:25] local.ERROR: Failed to generate SF9 for student 10722: Method App\Http\Controllers\Migration\RegistrarMigration::sf9pdf does not exist.  
[2025-07-14 08:29:25] local.ERROR: Failed to generate SF9 for student 10861: Method App\Http\Controllers\Migration\RegistrarMigration::sf9pdf does not exist.  
[2025-07-14 08:29:25] local.ERROR: Failed to generate SF9 for student 10858: Method App\Http\Controllers\Migration\RegistrarMigration::sf9pdf does not exist.  
[2025-07-14 08:29:25] local.ERROR: Failed to generate SF9 for student 10855: Method App\Http\Controllers\Migration\RegistrarMigration::sf9pdf does not exist.  
[2025-07-14 08:29:25] local.ERROR: Failed to generate SF9 for student 10984: Method App\Http\Controllers\Migration\RegistrarMigration::sf9pdf does not exist.  
[2025-07-14 08:29:25] local.ERROR: Failed to generate SF9 for student 11040: Method App\Http\Controllers\Migration\RegistrarMigration::sf9pdf does not exist.  
[2025-07-14 08:29:25] local.ERROR: Failed to generate SF9 for student 11082: Method App\Http\Controllers\Migration\RegistrarMigration::sf9pdf does not exist.  
[2025-07-14 08:29:25] local.ERROR: Failed to generate SF9 for student 11093: Method App\Http\Controllers\Migration\RegistrarMigration::sf9pdf does not exist.  
[2025-07-14 08:29:25] local.ERROR: Failed to generate SF9 for student 11086: Method App\Http\Controllers\Migration\RegistrarMigration::sf9pdf does not exist.  
[2025-07-14 08:29:25] local.ERROR: Failed to generate SF9 for student 10860: Method App\Http\Controllers\Migration\RegistrarMigration::sf9pdf does not exist.  
[2025-07-14 08:29:25] local.ERROR: Failed to generate SF9 for student 11140: Method App\Http\Controllers\Migration\RegistrarMigration::sf9pdf does not exist.  
[2025-07-14 08:29:25] local.ERROR: Failed to generate SF9 for student 11136: Method App\Http\Controllers\Migration\RegistrarMigration::sf9pdf does not exist.  
[2025-07-14 08:29:25] local.ERROR: Failed to generate SF9 for student 11176: Method App\Http\Controllers\Migration\RegistrarMigration::sf9pdf does not exist.  
[2025-07-14 08:29:25] local.ERROR: Failed to generate SF9 for student 11216: Method App\Http\Controllers\Migration\RegistrarMigration::sf9pdf does not exist.  
[2025-07-14 08:29:25] local.ERROR: Failed to generate SF9 for student 11237: Method App\Http\Controllers\Migration\RegistrarMigration::sf9pdf does not exist.  
[2025-07-14 08:29:25] local.ERROR: Failed to generate SF9 for student 11374: Method App\Http\Controllers\Migration\RegistrarMigration::sf9pdf does not exist.  
[2025-07-14 08:29:25] local.ERROR: Failed to generate SF9 for student 11391: Method App\Http\Controllers\Migration\RegistrarMigration::sf9pdf does not exist.  
[2025-07-14 08:29:25] local.ERROR: Failed to generate SF9 for student 5844: Method App\Http\Controllers\Migration\RegistrarMigration::sf9pdf does not exist.  
[2025-07-14 08:29:25] local.ERROR: Failed to generate SF9 for student 5838: Method App\Http\Controllers\Migration\RegistrarMigration::sf9pdf does not exist.  
[2025-07-14 08:29:25] local.ERROR: Failed to generate SF9 for student 5795: Method App\Http\Controllers\Migration\RegistrarMigration::sf9pdf does not exist.  
[2025-07-14 08:29:25] local.ERROR: Failed to generate SF9 for student 8052: Method App\Http\Controllers\Migration\RegistrarMigration::sf9pdf does not exist.  
[2025-07-14 08:29:25] local.ERROR: Failed to generate SF9 for student 8020: Method App\Http\Controllers\Migration\RegistrarMigration::sf9pdf does not exist.  
[2025-07-14 08:29:25] local.ERROR: Failed to generate SF9 for student 8025: Method App\Http\Controllers\Migration\RegistrarMigration::sf9pdf does not exist.  
[2025-07-14 08:29:25] local.ERROR: Failed to generate SF9 for student 7551: Method App\Http\Controllers\Migration\RegistrarMigration::sf9pdf does not exist.  
[2025-07-14 08:29:25] local.ERROR: Failed to generate SF9 for student 5853: Method App\Http\Controllers\Migration\RegistrarMigration::sf9pdf does not exist.  
[2025-07-14 08:29:25] local.ERROR: Failed to generate SF9 for student 10121: Method App\Http\Controllers\Migration\RegistrarMigration::sf9pdf does not exist.  
[2025-07-14 08:29:25] local.ERROR: Failed to generate SF9 for student 10516: Method App\Http\Controllers\Migration\RegistrarMigration::sf9pdf does not exist.  
[2025-07-14 08:29:25] local.ERROR: Failed to generate SF9 for student 10771: Method App\Http\Controllers\Migration\RegistrarMigration::sf9pdf does not exist.  
[2025-07-14 08:29:25] local.ERROR: Failed to generate SF9 for student 10773: Method App\Http\Controllers\Migration\RegistrarMigration::sf9pdf does not exist.  
[2025-07-14 08:29:25] local.ERROR: Failed to generate SF9 for student 5837: Method App\Http\Controllers\Migration\RegistrarMigration::sf9pdf does not exist.  
[2025-07-14 08:29:25] local.ERROR: Failed to generate SF9 for student 11080: Method App\Http\Controllers\Migration\RegistrarMigration::sf9pdf does not exist.  
[2025-07-14 08:29:25] local.ERROR: Failed to generate SF9 for student 11095: Method App\Http\Controllers\Migration\RegistrarMigration::sf9pdf does not exist.  
[2025-07-14 08:29:25] local.ERROR: Failed to generate SF9 for student 5775: Method App\Http\Controllers\Migration\RegistrarMigration::sf9pdf does not exist.  
[2025-07-14 08:29:25] local.ERROR: Failed to generate SF9 for student 5848: Method App\Http\Controllers\Migration\RegistrarMigration::sf9pdf does not exist.  
[2025-07-14 08:29:25] local.ERROR: Failed to generate SF9 for student 5712: Method App\Http\Controllers\Migration\RegistrarMigration::sf9pdf does not exist.  
[2025-07-14 08:29:25] local.ERROR: Failed to generate SF9 for student 9155: Method App\Http\Controllers\Migration\RegistrarMigration::sf9pdf does not exist.  
[2025-07-14 08:29:25] local.ERROR: Failed to generate SF9 for student 10197: Method App\Http\Controllers\Migration\RegistrarMigration::sf9pdf does not exist.  
[2025-07-14 08:29:25] local.ERROR: Failed to generate SF9 for student 10210: Method App\Http\Controllers\Migration\RegistrarMigration::sf9pdf does not exist.  
[2025-07-14 08:29:25] local.ERROR: Failed to generate SF9 for student 6369: Method App\Http\Controllers\Migration\RegistrarMigration::sf9pdf does not exist.  
[2025-07-14 08:29:25] local.ERROR: Failed to generate SF9 for student 10535: Method App\Http\Controllers\Migration\RegistrarMigration::sf9pdf does not exist.  
[2025-07-14 08:29:25] local.ERROR: Failed to generate SF9 for student 10479: Method App\Http\Controllers\Migration\RegistrarMigration::sf9pdf does not exist.  
[2025-07-14 08:29:25] local.ERROR: Failed to generate SF9 for student 10446: Method App\Http\Controllers\Migration\RegistrarMigration::sf9pdf does not exist.  
[2025-07-14 08:29:25] local.ERROR: Failed to generate SF9 for student 10475: Method App\Http\Controllers\Migration\RegistrarMigration::sf9pdf does not exist.  
[2025-07-14 08:29:25] local.ERROR: Failed to generate SF9 for student 10558: Method App\Http\Controllers\Migration\RegistrarMigration::sf9pdf does not exist.  
[2025-07-14 08:29:25] local.ERROR: Failed to generate SF9 for student 10554: Method App\Http\Controllers\Migration\RegistrarMigration::sf9pdf does not exist.  
[2025-07-14 08:29:25] local.ERROR: Failed to generate SF9 for student 10541: Method App\Http\Controllers\Migration\RegistrarMigration::sf9pdf does not exist.  
[2025-07-14 08:29:25] local.ERROR: Failed to generate SF9 for student 10684: Method App\Http\Controllers\Migration\RegistrarMigration::sf9pdf does not exist.  
[2025-07-14 08:29:25] local.ERROR: Failed to generate SF9 for student 10688: Method App\Http\Controllers\Migration\RegistrarMigration::sf9pdf does not exist.  
[2025-07-14 08:29:25] local.ERROR: Failed to generate SF9 for student 10767: Method App\Http\Controllers\Migration\RegistrarMigration::sf9pdf does not exist.  
[2025-07-14 08:29:25] local.ERROR: Failed to generate SF9 for student 10765: Method App\Http\Controllers\Migration\RegistrarMigration::sf9pdf does not exist.  
[2025-07-14 08:29:25] local.ERROR: Failed to generate SF9 for student 10759: Method App\Http\Controllers\Migration\RegistrarMigration::sf9pdf does not exist.  
[2025-07-14 08:29:25] local.ERROR: Failed to generate SF9 for student 10853: Method App\Http\Controllers\Migration\RegistrarMigration::sf9pdf does not exist.  
[2025-07-14 08:29:25] local.ERROR: Failed to generate SF9 for student 10844: Method App\Http\Controllers\Migration\RegistrarMigration::sf9pdf does not exist.  
[2025-07-14 08:29:25] local.ERROR: Failed to generate SF9 for student 10884: Method App\Http\Controllers\Migration\RegistrarMigration::sf9pdf does not exist.  
[2025-07-14 08:29:25] local.ERROR: Failed to generate SF9 for student 10985: Method App\Http\Controllers\Migration\RegistrarMigration::sf9pdf does not exist.  
[2025-07-14 08:29:25] local.ERROR: Failed to generate SF9 for student 10907: Method App\Http\Controllers\Migration\RegistrarMigration::sf9pdf does not exist.  
[2025-07-14 08:29:25] local.ERROR: Failed to generate SF9 for student 10888: Method App\Http\Controllers\Migration\RegistrarMigration::sf9pdf does not exist.  
[2025-07-14 08:29:25] local.ERROR: Failed to generate SF9 for student 10883: Method App\Http\Controllers\Migration\RegistrarMigration::sf9pdf does not exist.  
[2025-07-14 08:29:25] local.ERROR: Failed to generate SF9 for student 10882: Method App\Http\Controllers\Migration\RegistrarMigration::sf9pdf does not exist.  
[2025-07-14 08:29:25] local.ERROR: Failed to generate SF9 for student 11009: Method App\Http\Controllers\Migration\RegistrarMigration::sf9pdf does not exist.  
[2025-07-14 08:29:25] local.ERROR: Failed to generate SF9 for student 11096: Method App\Http\Controllers\Migration\RegistrarMigration::sf9pdf does not exist.  
[2025-07-14 08:29:25] local.ERROR: Failed to generate SF9 for student 11016: Method App\Http\Controllers\Migration\RegistrarMigration::sf9pdf does not exist.  
[2025-07-14 08:29:25] local.ERROR: Failed to generate SF9 for student 11525: Method App\Http\Controllers\Migration\RegistrarMigration::sf9pdf does not exist.  
[2025-07-14 08:29:25] local.ERROR: The file "C:\laragon\www\es_ldcu2\storage\app/zip/SIBUGAY_TECHNICAL_INSTITUTE_INC__SF9_Reports.zip" does not exist {"userId":1,"exception":"[object] (Symfony\\Component\\HttpFoundation\\File\\Exception\\FileNotFoundException(code: 0): The file \"C:\\laragon\\www\\es_ldcu2\\storage\\app/zip/SIBUGAY_TECHNICAL_INSTITUTE_INC__SF9_Reports.zip\" does not exist at C:\\laragon\\www\\es_ldcu2\\vendor\\symfony\\http-foundation\\File\\File.php:36)
[stacktrace]
#0 C:\\laragon\\www\\es_ldcu2\\vendor\\symfony\\http-foundation\\BinaryFileResponse.php(93): Symfony\\Component\\HttpFoundation\\File\\File->__construct('C:\\\\laragon\\\\www\\\\...')
#1 C:\\laragon\\www\\es_ldcu2\\vendor\\symfony\\http-foundation\\BinaryFileResponse.php(52): Symfony\\Component\\HttpFoundation\\BinaryFileResponse->setFile('C:\\\\laragon\\\\www\\\\...', 'attachment', false, true)
#2 C:\\laragon\\www\\es_ldcu2\\vendor\\laravel\\framework\\src\\Illuminate\\Routing\\ResponseFactory.php(165): Symfony\\Component\\HttpFoundation\\BinaryFileResponse->__construct('C:\\\\laragon\\\\www\\\\...', 200, Array, true, 'attachment')
#3 C:\\laragon\\www\\es_ldcu2\\app\\Http\\Controllers\\Migration\\RegistrarMigration.php(638): Illuminate\\Routing\\ResponseFactory->download('C:\\\\laragon\\\\www\\\\...')
#4 C:\\laragon\\www\\es_ldcu2\\vendor\\laravel\\framework\\src\\Illuminate\\Routing\\Controller.php(54): App\\Http\\Controllers\\Migration\\RegistrarMigration->downloadSf9MasterlistBatch(Object(Illuminate\\Http\\Request))
#5 C:\\laragon\\www\\es_ldcu2\\vendor\\laravel\\framework\\src\\Illuminate\\Routing\\ControllerDispatcher.php(45): Illuminate\\Routing\\Controller->callAction('downloadSf9Mast...', Array)
#6 C:\\laragon\\www\\es_ldcu2\\vendor\\laravel\\framework\\src\\Illuminate\\Routing\\Route.php(219): Illuminate\\Routing\\ControllerDispatcher->dispatch(Object(Illuminate\\Routing\\Route), Object(App\\Http\\Controllers\\Migration\\RegistrarMigration), 'downloadSf9Mast...')
#7 C:\\laragon\\www\\es_ldcu2\\vendor\\laravel\\framework\\src\\Illuminate\\Routing\\Route.php(176): Illuminate\\Routing\\Route->runController()
#8 C:\\laragon\\www\\es_ldcu2\\vendor\\laravel\\framework\\src\\Illuminate\\Routing\\Router.php(681): Illuminate\\Routing\\Route->run()
#9 C:\\laragon\\www\\es_ldcu2\\vendor\\laravel\\framework\\src\\Illuminate\\Pipeline\\Pipeline.php(130): Illuminate\\Routing\\Router->Illuminate\\Routing\\{closure}(Object(Illuminate\\Http\\Request))
#10 C:\\laragon\\www\\es_ldcu2\\vendor\\laravel\\framework\\src\\Illuminate\\Routing\\Middleware\\SubstituteBindings.php(41): Illuminate\\Pipeline\\Pipeline->Illuminate\\Pipeline\\{closure}(Object(Illuminate\\Http\\Request))
#11 C:\\laragon\\www\\es_ldcu2\\vendor\\laravel\\framework\\src\\Illuminate\\Pipeline\\Pipeline.php(171): Illuminate\\Routing\\Middleware\\SubstituteBindings->handle(Object(Illuminate\\Http\\Request), Object(Closure))
#12 C:\\laragon\\www\\es_ldcu2\\vendor\\laravel\\framework\\src\\Illuminate\\Foundation\\Http\\Middleware\\VerifyCsrfToken.php(78): Illuminate\\Pipeline\\Pipeline->Illuminate\\Pipeline\\{closure}(Object(Illuminate\\Http\\Request))
#13 C:\\laragon\\www\\es_ldcu2\\vendor\\laravel\\framework\\src\\Illuminate\\Pipeline\\Pipeline.php(171): Illuminate\\Foundation\\Http\\Middleware\\VerifyCsrfToken->handle(Object(Illuminate\\Http\\Request), Object(Closure))
#14 C:\\laragon\\www\\es_ldcu2\\vendor\\laravel\\framework\\src\\Illuminate\\View\\Middleware\\ShareErrorsFromSession.php(49): Illuminate\\Pipeline\\Pipeline->Illuminate\\Pipeline\\{closure}(Object(Illuminate\\Http\\Request))
#15 C:\\laragon\\www\\es_ldcu2\\vendor\\laravel\\framework\\src\\Illuminate\\Pipeline\\Pipeline.php(171): Illuminate\\View\\Middleware\\ShareErrorsFromSession->handle(Object(Illuminate\\Http\\Request), Object(Closure))
#16 C:\\laragon\\www\\es_ldcu2\\vendor\\laravel\\framework\\src\\Illuminate\\Session\\Middleware\\StartSession.php(56): Illuminate\\Pipeline\\Pipeline->Illuminate\\Pipeline\\{closure}(Object(Illuminate\\Http\\Request))
#17 C:\\laragon\\www\\es_ldcu2\\vendor\\laravel\\framework\\src\\Illuminate\\Pipeline\\Pipeline.php(171): Illuminate\\Session\\Middleware\\StartSession->handle(Object(Illuminate\\Http\\Request), Object(Closure))
#18 C:\\laragon\\www\\es_ldcu2\\vendor\\laravel\\framework\\src\\Illuminate\\Cookie\\Middleware\\AddQueuedCookiesToResponse.php(37): Illuminate\\Pipeline\\Pipeline->Illuminate\\Pipeline\\{closure}(Object(Illuminate\\Http\\Request))
#19 C:\\laragon\\www\\es_ldcu2\\vendor\\laravel\\framework\\src\\Illuminate\\Pipeline\\Pipeline.php(171): Illuminate\\Cookie\\Middleware\\AddQueuedCookiesToResponse->handle(Object(Illuminate\\Http\\Request), Object(Closure))
#20 C:\\laragon\\www\\es_ldcu2\\vendor\\laravel\\framework\\src\\Illuminate\\Cookie\\Middleware\\EncryptCookies.php(67): Illuminate\\Pipeline\\Pipeline->Illuminate\\Pipeline\\{closure}(Object(Illuminate\\Http\\Request))
#21 C:\\laragon\\www\\es_ldcu2\\vendor\\laravel\\framework\\src\\Illuminate\\Pipeline\\Pipeline.php(171): Illuminate\\Cookie\\Middleware\\EncryptCookies->handle(Object(Illuminate\\Http\\Request), Object(Closure))
#22 C:\\laragon\\www\\es_ldcu2\\vendor\\laravel\\framework\\src\\Illuminate\\Pipeline\\Pipeline.php(105): Illuminate\\Pipeline\\Pipeline->Illuminate\\Pipeline\\{closure}(Object(Illuminate\\Http\\Request))
#23 C:\\laragon\\www\\es_ldcu2\\vendor\\laravel\\framework\\src\\Illuminate\\Routing\\Router.php(683): Illuminate\\Pipeline\\Pipeline->then(Object(Closure))
#24 C:\\laragon\\www\\es_ldcu2\\vendor\\laravel\\framework\\src\\Illuminate\\Routing\\Router.php(658): Illuminate\\Routing\\Router->runRouteWithinStack(Object(Illuminate\\Routing\\Route), Object(Illuminate\\Http\\Request))
#25 C:\\laragon\\www\\es_ldcu2\\vendor\\laravel\\framework\\src\\Illuminate\\Routing\\Router.php(624): Illuminate\\Routing\\Router->runRoute(Object(Illuminate\\Http\\Request), Object(Illuminate\\Routing\\Route))
#26 C:\\laragon\\www\\es_ldcu2\\vendor\\laravel\\framework\\src\\Illuminate\\Routing\\Router.php(613): Illuminate\\Routing\\Router->dispatchToRoute(Object(Illuminate\\Http\\Request))
#27 C:\\laragon\\www\\es_ldcu2\\vendor\\laravel\\framework\\src\\Illuminate\\Foundation\\Http\\Kernel.php(170): Illuminate\\Routing\\Router->dispatch(Object(Illuminate\\Http\\Request))
#28 C:\\laragon\\www\\es_ldcu2\\vendor\\laravel\\framework\\src\\Illuminate\\Pipeline\\Pipeline.php(130): Illuminate\\Foundation\\Http\\Kernel->Illuminate\\Foundation\\Http\\{closure}(Object(Illuminate\\Http\\Request))
#29 C:\\laragon\\www\\es_ldcu2\\vendor\\laravel\\framework\\src\\Illuminate\\Foundation\\Http\\Middleware\\TransformsRequest.php(21): Illuminate\\Pipeline\\Pipeline->Illuminate\\Pipeline\\{closure}(Object(Illuminate\\Http\\Request))
#30 C:\\laragon\\www\\es_ldcu2\\vendor\\laravel\\framework\\src\\Illuminate\\Pipeline\\Pipeline.php(171): Illuminate\\Foundation\\Http\\Middleware\\TransformsRequest->handle(Object(Illuminate\\Http\\Request), Object(Closure))
#31 C:\\laragon\\www\\es_ldcu2\\vendor\\laravel\\framework\\src\\Illuminate\\Foundation\\Http\\Middleware\\TransformsRequest.php(21): Illuminate\\Pipeline\\Pipeline->Illuminate\\Pipeline\\{closure}(Object(Illuminate\\Http\\Request))
#32 C:\\laragon\\www\\es_ldcu2\\vendor\\laravel\\framework\\src\\Illuminate\\Pipeline\\Pipeline.php(171): Illuminate\\Foundation\\Http\\Middleware\\TransformsRequest->handle(Object(Illuminate\\Http\\Request), Object(Closure))
#33 C:\\laragon\\www\\es_ldcu2\\vendor\\laravel\\framework\\src\\Illuminate\\Foundation\\Http\\Middleware\\ValidatePostSize.php(27): Illuminate\\Pipeline\\Pipeline->Illuminate\\Pipeline\\{closure}(Object(Illuminate\\Http\\Request))
#34 C:\\laragon\\www\\es_ldcu2\\vendor\\laravel\\framework\\src\\Illuminate\\Pipeline\\Pipeline.php(171): Illuminate\\Foundation\\Http\\Middleware\\ValidatePostSize->handle(Object(Illuminate\\Http\\Request), Object(Closure))
#35 C:\\laragon\\www\\es_ldcu2\\vendor\\laravel\\framework\\src\\Illuminate\\Foundation\\Http\\Middleware\\CheckForMaintenanceMode.php(63): Illuminate\\Pipeline\\Pipeline->Illuminate\\Pipeline\\{closure}(Object(Illuminate\\Http\\Request))
#36 C:\\laragon\\www\\es_ldcu2\\vendor\\laravel\\framework\\src\\Illuminate\\Pipeline\\Pipeline.php(171): Illuminate\\Foundation\\Http\\Middleware\\CheckForMaintenanceMode->handle(Object(Illuminate\\Http\\Request), Object(Closure))
#37 C:\\laragon\\www\\es_ldcu2\\vendor\\fideloper\\proxy\\src\\TrustProxies.php(57): Illuminate\\Pipeline\\Pipeline->Illuminate\\Pipeline\\{closure}(Object(Illuminate\\Http\\Request))
#38 C:\\laragon\\www\\es_ldcu2\\vendor\\laravel\\framework\\src\\Illuminate\\Pipeline\\Pipeline.php(171): Fideloper\\Proxy\\TrustProxies->handle(Object(Illuminate\\Http\\Request), Object(Closure))
#39 C:\\laragon\\www\\es_ldcu2\\vendor\\laravel\\framework\\src\\Illuminate\\Pipeline\\Pipeline.php(105): Illuminate\\Pipeline\\Pipeline->Illuminate\\Pipeline\\{closure}(Object(Illuminate\\Http\\Request))
#40 C:\\laragon\\www\\es_ldcu2\\vendor\\laravel\\framework\\src\\Illuminate\\Foundation\\Http\\Kernel.php(145): Illuminate\\Pipeline\\Pipeline->then(Object(Closure))
#41 C:\\laragon\\www\\es_ldcu2\\vendor\\laravel\\framework\\src\\Illuminate\\Foundation\\Http\\Kernel.php(110): Illuminate\\Foundation\\Http\\Kernel->sendRequestThroughRouter(Object(Illuminate\\Http\\Request))
#42 C:\\laragon\\www\\es_ldcu2\\public\\index.php(55): Illuminate\\Foundation\\Http\\Kernel->handle(Object(Illuminate\\Http\\Request))
#43 C:\\laragon\\www\\es_ldcu2\\server.php(21): require_once('C:\\\\laragon\\\\www\\\\...')
#44 {main}
"} 
